:020000040800F2
:10000000000002209DD20008EDD20008EDD20008C9
:10001000EDD20008EDD20008EDD20008000000008B
:10002000000000000000000000000000EDD2000809
:10003000EDD2000800000000EDD20008B7B60008BD
:10004000EDD20008EDD20008EDD20008EDD2000894
:10005000EDD20008EDD20008ADB70008B3B7000834
:10006000B9B70008BFB70008C5B70008EDD200084F
:10007000EDD20008EDD20008EDD20008EDD2000864
:10008000EDD20008EDD20008EDD20008EDD2000854
:10009000EDD20008EDD20008EDD20008CBB7000881
:1000A000E5B00008FDAF0008F9B0000821B0000875
:1000B00035B0000849B000085DB00008654D000883
:1000C000714D00087D4D0008894D0008EDD20008F3
:1000D000EDD200087DC5000895C50008B1C500082F
:1000E000F3B70008EDD20008EDD200080DB100080A
:1000F000ADB0000821B10008D1B00008EDD2000871
:10010000EDD20008EDD2000871B00008EDD2000871
:10011000CDC50008E5C5000885B0000899B0000805
:10012000EDD20008EDD20008EDD20008EDD20008B3
:10013000EDD200080000000000000000EDD2000831
:10014000EDD20008EDD20008EDD20008EDD2000893
:10015000EDD20008EDD20008EDD20008FDC5000880
:10016000954D0008A14D0008EDD20008EDD2000821
:10017000EDD20008EDD20008EDD20008000000002A
:1001800000000000EDD200080000000000000000A8
:10019000EDD200080000000000000000EDD20008D1
:1001A000000000000000000000000000EDD2000888
:1001B000EDD20008EDD20008EDD20008EDD2000823
:0401C000EDD2000874
:1001D000034613F8012B002AFBD1181A0138704787
:1001E00001F0FF01102A2BDB10F0070F08D010F8E8
:1001F000013B013A8B422DD010F0070F42B3F6D1EC
:10020000F0B441EA012141EA014122F007047FF004
:1002100000070023F0E80256083C85EA010586EA5B
:10022000010685FA47F5A3FA87F586FA47F6A5FA97
:1002300087F68EB9EED1F0BC01F0FF0102F00702A3
:1002400032B110F8013B013A83EA010313B1F8D14E
:100250000020704701387047002D06BF354603382F
:10026000073815F0010F07D1013015F4807F02BF68
:10027000013015F4C03F0130F0BC0138704700BFB9
:1002800081F0004102E000BF83F0004330B54FEA47
:1002900041044FEA430594EA050F08BF90EA020FB4
:1002A0001FBF54EA000C55EA020C7FEA645C7FEA47
:1002B000655C00F0E2804FEA5454D4EB5555B8BF6A
:1002C0006D420CDD2C4480EA020281EA030382EADB
:1002D000000083EA010180EA020281EA0303362D6D
:1002E00088BF30BD11F0004F4FEA01314FF4801C40
:1002F0004CEA113102D0404261EB410113F0004F52
:100300004FEA03334CEA133302D0524263EB430308
:1003100094EA050F00F0A780A4F10104D5F1200EA6
:100320000DDB02FA0EFC22FA05F2801841F1000101
:1003300003FA0EF2801843FA05F359410EE0A5F1D5
:1003400020050EF1200E012A03FA0EFC28BF4CF006
:10035000020C43FA05F3C01851EBE37101F00045BC
:1003600007D54FF0000EDCF1000C7EEB00006EEBC9
:100370000101B1F5801F1BD3B1F5001F0CD3490853
:100380005FEA30004FEA3C0C04F101044FEA4452AA
:1003900012F5800F80F09A80BCF1004F08BF5FEA31
:1003A000500C50F1000041EB045141EA050130BD11
:1003B0005FEA4C0C404141EB0101013C28BFB1F523
:1003C000801FE9D291F0000F04BF01460020B1FA6E
:1003D00081F308BF2033A3F10B03B3F120020CDA41
:1003E0000C3208DD02F1140CC2F10C0201FA0CF01F
:1003F00021FA02F10CE002F11402D8BFC2F1200C84
:1004000001FA02F120FA0CFCDCBF41EA0C01904039
:10041000E41AA2BF01EB0451294330BD6FEA040482
:100420001F3C1CDA0C340EDC04F11404C4F120026D
:1004300020FA04F001FA02F340EA030021FA04F37F
:1004400045EA030130BDC4F10C04C4F1200220FAD6
:1004500002F001FA04F340EA0300294630BD21FA14
:1004600004F0294630BD94F0000F83F4801306BFDA
:1004700081F480110134013D4EE77FEA645C18BFCE
:100480007FEA655C29D094EA050F08BF90EA020F65
:1004900005D054EA000C04BF1946104630BD91EA5D
:1004A000030F1EBF0021002030BD5FEA545C05D160
:1004B0004000494128BF41F0004130BD14F580049F
:1004C0003CBF01F5801130BD01F0004545F0FE4113
:1004D00041F470014FF0000030BD7FEA645C1ABF48
:1004E000194610467FEA655C1CBF0B46024650EA7F
:1004F000013406BF52EA033591EA030F41F40021AB
:1005000030BD00BF90F0000F04BF0021704730B530
:100510004FF4806404F132044FF000054FF0000105
:1005200050E700BF90F0000F04BF0021704730B5C6
:100530004FF4806404F1320410F0004548BF40429B
:100540004FF000013EE700BF42004FEAE2014FEAF0
:1005500031014FEA02701FBF12F07F4393F07F4FCB
:1005600081F06051704732F07F4208BF704793F0CE
:100570007F4F04BF41F40021704730B54FF46074E1
:1005800001F0004521F000411CE700BF50EA0102E4
:1005900008BF704730B54FF000050AE050EA01028D
:1005A00008BF704730B511F0004502D5404261EBFD
:1005B00041014FF4806404F132045FEA915C3FF43E
:1005C000D8AE4FF003025FEADC0C18BF03325FEADB
:1005D000DC0C18BF033202EBDC02C2F1200300FA8C
:1005E00003FC20FA02F001FA03FE40EA0E0021FAB1
:1005F00002F11444BDE600BF70B54FF0FF0C4CF49F
:10060000E06C1CEA11541DBF1CEA135594EA0C0F50
:1006100095EA0C0F00F0DEF82C4481EA030621EA8B
:100620004C5123EA4C5350EA013518BF52EA0335C6
:1006300041F4801143F4801338D0A0FB02CE4FF078
:100640000005E1FB02E506F00042E0FB03E54FF0A8
:100650000006E1FB03569CF0000F18BF4EF0010EA0
:10066000A4F1FF04B6F5007F64F5407404D25FEA9C
:100670004E0E6D4146EB060642EAC62141EA55514F
:100680004FEAC52040EA5E504FEACE2EB4F1FD0C91
:1006900088BFBCF5E06F1ED8BEF1004F08BF5FEA0F
:1006A000500E50F1000041EB045170BD06F00046C1
:1006B00046EA010140EA020081EA0301B4EB5C046E
:1006C000C2BFD4EB0C0541EA045170BD41F4801166
:1006D0004FF0000E013C00F3AB8014F1360FDEBF8B
:1006E000002001F0004170BDC4F10004203C35DA67
:1006F0000C341BDC04F11404C4F1200500FA05F3EA
:1007000020FA04F001FA05F240EA020001F000428A
:1007100021F0004110EBD37021FA04F642EB060100
:100720005EEA430E08BF20EAD37070BDC4F10C042A
:10073000C4F1200500FA04F320FA05F001FA04F2EE
:1007400040EA020001F0004110EBD37041F10001DA
:100750005EEA430E08BF20EAD37070BDC4F12005E5
:1007600000FA05F24EEA020E20FA04F301FA05F24D
:1007700043EA020321FA04F001F0004121FA04F2F5
:1007800020EA020000EBD3705EEA430E08BF20EAC5
:10079000D37070BD94F0000F0FD101F000464000FF
:1007A00041EB010111F4801F08BF013CF7D041EA81
:1007B000060195F0000F18BF704703F00046520085
:1007C00043EB030313F4801F08BF013DF7D043EA56
:1007D0000603704794EA0C0F0CEA135518BF95EA0C
:1007E0000C0F0CD050EA410618BF52EA4306D1D193
:1007F00081EA030101F000414FF0000070BD50EAB2
:10080000410606BF1046194652EA430619D094EA3B
:100810000C0F02D150EA013613D195EA0C0F05D125
:1008200052EA03361CBF104619460AD181EA030179
:1008300001F0004141F0FE4141F470014FF0000031
:1008400070BD41F0FE4141F4780170BD70B54FF0CC
:10085000FF0C4CF4E06C1CEA11541DBF1CEA13554C
:1008600094EA0C0F95EA0C0F00F0A7F8A4EB05042E
:1008700081EA030E52EA03354FEA013100F0888025
:100880004FEA03334FF0805545EA131343EA1263EE
:100890004FEA022245EA111545EA10654FEA0026A3
:1008A0000EF000419D4208BF964244F1FD0404F55C
:1008B000407402D25B084FEA3202B61A65EB0305B8
:1008C0005B084FEA32024FF480104FF4002CB6EB75
:1008D000020E75EB030E22BFB61A754640EA0C00F5
:1008E0005B084FEA3202B6EB020E75EB030E22BF35
:1008F000B61A754640EA5C005B084FEA3202B6EB76
:10090000020E75EB030E22BFB61A754640EA9C0034
:100910005B084FEA3202B6EB020E75EB030E22BF04
:10092000B61A754640EADC0055EA060E18D04FEAC2
:10093000051545EA16754FEA06164FEAC30343EA62
:1009400052734FEAC2025FEA1C1CC0D111F4801F2F
:100950000BD141EA00014FF000004FF0004CB6E728
:1009600011F4801F04BF01430020B4F1FD0C88BFC7
:10097000BCF5E06F3FF6AFAEB5EB030C04BFB6EBD2
:10098000020C5FEA500C50F1000041EB045170BDC5
:100990000EF0004E4EEA113114EB5C04C2BFD4EBF2
:1009A0000C0541EA045170BD41F480114FF0000E76
:1009B000013C90E645EA060E8DE60CEA135594EAF2
:1009C0000C0F08BF95EA0C0F3FF43BAF94EA0C0FF5
:1009D0000AD150EA01347FF434AF95EA0C0F7FF46A
:1009E00025AF104619462CE795EA0C0F06D152EABE
:1009F00003353FF4FDAE1046194622E750EA4106A2
:100A000018BF52EA43067FF4C5AE50EA41047FF4B2
:100A10000DAF52EA43057FF4EBAE12E74FF0FF3C17
:100A200006E000BF4FF0010C02E000BF4FF0010CE8
:100A30004DF804CD4FEA410C7FEA6C5C4FEA430C61
:100A400018BF7FEA6C5C1BD001B050EA410C0CBFB0
:100A500052EA430C91EA030F02BF90EA020F002012
:100A6000704710F1000F91EA030F58BF994208BF79
:100A700090422CBFD8176FEAE37040F00100704736
:100A80004FEA410C7FEA6C5C02D150EA013C07D18D
:100A90004FEA430C7FEA6C5CD6D152EA033CD3D0D8
:100AA0005DF8040B704700BF8446104662468C46D2
:100AB0001946634600E000BF01B5FFF7B7FF002805
:100AC00048BF10F1000F01BD4DF808EDFFF7F4FF2E
:100AD0000CBF012000205DF808FB00BF4DF808EDB9
:100AE000FFF7EAFF34BF012000205DF808FB00BFDC
:100AF0004DF808EDFFF7E0FF94BF012000205DF8FE
:100B000008FB00BF4DF808EDFFF7CEFF94BF0120B2
:100B100000205DF808FB00BF4DF808EDFFF7C4FFAB
:100B200034BF012000205DF808FB00BF4FEA410CF4
:100B30007FEA6C5C02D150EA013C0AD14FEA430CD7
:100B40007FEA6C5C02D152EA033C02D14FF0000014
:100B500070474FF0010070474FEA410212F5001252
:100B600015D211D56FF47873B3EB625212D94FEAF4
:100B7000C12343F0004343EA505311F0004F23FADE
:100B800002F018BF404270474FF00000704750EA33
:100B9000013005D111F0004008BF6FF000407047F0
:100BA0004FF00000704700BF4A0011D212F500124A
:100BB00011D20DD56FF47873B3EB62520ED44FEAB5
:100BC000C12343F0004343EA505323FA02F0704735
:100BD0004FF00000704750EA013002D14FF0FF3073
:100BE00070474FF0000070474FEA4102B2F1E04316
:100BF00024BFB3F5001CDCF1FE5C0DD901F0004C04
:100C00004FEAC0024CEA5070B2F1004F40EB830053
:100C100008BF20F00100704711F0804F21D113F17F
:100C20003872BCBF01F00040704741F480114FEAB8
:100C30005252C2F11802C2F1200C10FA0CF320FA41
:100C400002F018BF40F001004FEAC1234FEAD3235E
:100C500003FA0CFC40EA0C0023FA02F34FEA4303C8
:100C6000CCE77FEA625307D150EA01331EBF4FF051
:100C7000FE4040F44000704701F0004040F0FE406C
:100C800040F40000704700BF53B94AB9002908BFBB
:100C900000281CBF4FF0FF314FF0FF3000F00CB8C0
:100CA000ADF1080C6DE904CE0EF00EFADDF804E0AB
:100CB000DDE9022304B07047704700BF10B5054C52
:100CC000237833B9044B13B10448AFF300800123F8
:100CD000237010BD8801002000000000C8F3000848
:100CE00008B5034B1BB103490348AFF3008008BDAF
:100CF000000000008C010020C8F3000870B500F16E
:100D000018060D463146044606F042FC2946304698
:100D1000012206F031FC2046BDE8704006F072BCAE
:100D20002DE9F0472DED048BDFF8A8815E4D9FED96
:100D30005F9ADFED5F8A5AA7D7E9006784B0C246A1
:100D40004FF000090024B6EE008A07EE909AF8EE04
:100D5000E77A09F1010917EE900AFFF7F5FB324631
:100D60003B46FFF749FC2B462246FFF76FFDFFF796
:100D70003BFF00EE100A0DF0EBF9F0EE687AE0EEC2
:100D8000097AB9F1190F77EE887AFCEEE77A17EE57
:100D9000903A2AF8023BD8D10521C2200CF0EEFA95
:100DA0000521C5200CF0EAFA424B00220192196B92
:100DB00041F400111963196B01F4001101910199BB
:100DC0000292196C41F000511964196C01F0005144
:100DD0000291029903921A6C374942F010021A6488
:100DE0001B6C364A03F010030393039B136823F034
:100DF000010313600B6823F480530B60304BD3F86E
:100E0000882022F00102C3F88820D3F8882012F04D
:100E10000102FAD14FF4006088604FF47461D96028
:100E20002849C3F890101921C3F89480C3F88C1096
:100E3000C3F89C20244AC3F8882008F003FF1D4B08
:100E4000224A9B6813F4E05F1C4B4FF0000118BF6F
:100E50004000B0FBF2F2541E9962B0FBF2F0DC628B
:100E60001B4A596220245C6001245C611060124AB4
:100E700011604FF40061916041F205011160104969
:100E8000D1F888202243C1F888201A6822431A60CA
:100E900004B0BDEC048BBDE8F08700BFAFF3008069
:100EA000182D4454FB211940000039407BA49E4476
:100EB000000000450038024000740040001000406F
:100EC0000060024008740040402D020E40420F00B6
:100ED000A0030020A40300202DE9F84F002540F6D0
:100EE000FF79DFF8F4802E46AA462C46CB46112720
:100EF000C5200CF02DFAD8F82C3082B29345C3F3FC
:100F00000B0328BF934616FA80F69442B5FBF7F020
:100F100000EB001038BF1446281A994528BF99469F
:100F200001309A4505F1070538BF9A460CF07EFB63
:100F3000B5F5E06FDCD1A4EB0B0307EE903A9FED23
:100F40001D7A9FED1D6A1D4BF8EEE77A67EE877AF2
:100F5000C7EE866A07EE906AFBEECC7AC3ED006AB4
:100F600067EE877A164B87EE867AF6EE007A83ED87
:100F7000007A144BF4EEE76AA3F80090124BF1EEFE
:100F800010FAA3F800A013DDDFED107AB4EEE77AD3
:100F9000F1EE10FA0CDDDFED0E7AB4EEE77AF1EE49
:100FA00010FA4CBF012300230A4A1370BDE8F88FE2
:100FB0000023F9E73333534000F07F4574000020ED
:100FC000700000206C000020940300203333333F76
:100FD00066662640960300200074004070B5064601
:100FE0002025002430460CF0B3F9013D0444F9D12A
:100FF00007EE904A9FED057A9FED050AFBEEED7A2C
:1010000067EE877A87EE800A70BD00BF33335340A6
:1010100000F07F4508B5C120FFF7E0FFDFED087A5B
:10102000B4EEE70AF1EE10FA09DDDFED067AB4EE70
:10103000E70AF1EE10FA44BF034B83ED000A08BD46
:101040003333B33E6666263F4800002008B5C32010
:101050002DED028BFFF7C2FFDFED517A514B9FED73
:10106000528A83ED000AB0EEC07AB4EE677AF1EEF0
:1010700010FA00F29280F0EE047AB4EEE70AF1EE94
:1010800010FA00F18A80F1EE027AB4EEE70AF1EE8E
:1010900010FA00F382809FED457ADFED457A20EE6D
:1010A000077A60EE277AE0EE077A9FED427A77EED4
:1010B000C77AF4EEC87AF1EE10FA48BFF0EE487A3B
:1010C0003D4BC120C3ED007AFFF788FF3B4BDFEDBE
:1010D0003C6A83ED000A3B4BD3ED007A3A4B30EE8D
:1010E000670ADFED3A7A20EE270ADFED397AB5EEAE
:1010F000C00AF1EE10FA58BFB0EE408A68EE277AC7
:10110000C02087EEA67ADFED337A83ED007AB2EE67
:10111000047AE8EE077A304BC3ED007AFFF75EFF02
:101120002E4BD3ED007A2E4BF4EE677AB3EE097AAC
:10113000F1EE10FA68BFF0EE477A77EEC77A9FEDCE
:10114000297AF7EE006AE7EE876ADFED277A80EE0C
:10115000267ADFED266A67EE277A67EE266A67EE63
:10116000677A66EE876AE7EE267ADFED216AE7EEB8
:10117000267AB6EE007A67EE877ADFED1E6AC3ED57
:10118000007A77EEA77A1C4B87EEA67A83ED007A79
:10119000FFF7A2FEBDEC028B08BDDFED187A8FE7EA
:1011A000FFFF7F7F3C00002000000000CD0C8CC4BE
:1011B0006672B345330788454000002028000020B0
:1011C0009A3A1946480000202C000020CDCCCC3E95
:1011D000002474492DB2813F3000002044000020DB
:1011E000380000200AD7A33C29DC7F43856B0543E8
:1011F000F658564400007A44340000200000C07FB6
:1012000008B5002107200CF023F902200CF00EFA9B
:10121000012107200CF01CF90A200CF007FA00212C
:1012200007200CF015F947F23052012108200CF08C
:1012300083F908B307EE900A9FED117AF8EE677A0A
:1012400067EE877AB6EE007A67EE877AB0EE007ABC
:10125000F4EEC77AF1EE10FA0ED49FED0A7AF4EEAE
:10126000477A9FED097AF1EE10FAC8BFF0EE477A9F
:10127000064BC3ED007A08BDDFED037AF8E700BF47
:10128000287E0C3D0000C8430000C07F24000020E1
:1012900010B54D4B2DED048B1B7886B05BB14B48E0
:1012A00005F0CEFA4A4B494883ED000A05F0DCFA16
:1012B000484B83ED000A484B1B782BB1474805F09B
:1012C000D3FA474B83ED000A464B1B7873B1464C6B
:1012D000204601F0B3FE48B1444B0022D4E902019C
:1012E000FFF7B4FAFFF780FC414B1860414B1B78C5
:1012F0006BB3414806F02FFA48B303A93E48DFED2F
:101300003F9A06F094F99DED049A9DED058AB0EEA2
:10131000490AF0EE480A0CF0BFFE394BDDED038AB6
:1013200020EE290AF1EE688A83ED000A28EE080A09
:10133000A9EE090A0CF0B2FEF0EE400AB0EE680A1F
:101340000CF0AAFE2F4B20EE290A83ED000A2E4B4B
:101350001B78ABB32D4803AB02AA01A906F0CFFC62
:1013600070B3DDED017ADFED2A5A9FED2A6AB8EEFF
:10137000677ADDED027AB8EE670A37EE657A30EE0D
:10138000650ADDED037A20EE060AF2EE006A27EE2A
:10139000067A20EE260AF8EE677A27EE267A77EEAE
:1013A000E57A20EE000A67EE867AA7EE070A67EE76
:1013B000A67AA7EEA70A0CF071FE174B83ED000A80
:1013C00006B0BDEC048B10BDCB010020040300204F
:1013D000200000201C000020CA010020F002002094
:1013E00018000020C9010020F00100200000594031
:1013F00014000020C8010020D0010020E12E654229
:10140000100000200C000020C70100204C0000202C
:1014100000000048000000370800002008B50A4816
:1014200005F026FD0848002105F078FD064805F086
:1014300097FC064B00280CBF002201221A7002BF45
:10144000034B044A1A6008BD18030020C60100209F
:10145000440000200000C07FF7B5264E264D3378AB
:10146000044663B9254A2B701368C31AB3F5FA6FA3
:101470000FD3106003B0BDE8F040FFF7CFBF2B786B
:101480001F4F43B91F49684605F077FD3C600123B3
:101490002B7003B0F0BD3B68C31AB3F5487FF8D397
:1014A0001848002105F00CFEDFED177A174BB4EE5B
:1014B000670AF1EE10FA0DD0DFED157AB4EEE70A07
:1014C000F1EE10FA06D4DFED137AB4EEE70AF1EE8E
:1014D00010FA0BDD104A1A60104A0023337013888B
:1014E00001331380054B1C600023D1E783ED000A14
:1014F0000B4BF8E7C6010020B0010020B40100202A
:10150000B8010020180300200000FEC244000020A3
:1015100000005CC20000FA420000C07FC40100204D
:10152000C0010020B4EE400AF1EE10FA10B50446F6
:1015300004D704490BF0D1FC204610BD0BF009FD87
:10154000FAE700BF40F4000838B5B4EE400AF1EE07
:1015500010FA2DED048BF0EE608AB0EE418AB0EE09
:10156000619A38D7FEF7CEFF1FA3D3E90023FFF718
:1015700043F8044619EE100A0D46FEF7E5FF024651
:101580000B4620462946FFF761F9FFF72DFB00EED9
:10159000100A0CF0DDFDDFED127A69EE277AE8EE35
:1015A000008A17EE900AFEF7CFFF02460B46204650
:1015B0002946FFF74BF9FFF717FB00EE100A0CF076
:1015C000C7FD9FED087A28EE078AF0EE407AB0EE6C
:1015D000680AA8EE270ABDEC048B38BDAFF3008083
:1015E0001F856B3EEC51383E182D4454FB211940A9
:1015F0001FB53023CDE900330292044B0A46014661
:10160000034804F030FA05B05DF804FB34FB000831
:101610004C030020000000002DE9F04F2DED048B5D
:10162000594E5948594F83B0002103F0CBFF4FF07A
:10163000FF353046022100247561F47604F045FC44
:10164000534B5449336130460BF0E0FA52496FF086
:10165000F823C6E90413304650490BF0D7FA304658
:10166000012104F032FC4FF048134D493046C6E9E1
:1016700004350BF0CBFA4B4B33614B494B4B736149
:1016800030460BF0C3FA07231F20CDE900306F224C
:1016900030468C230A2103F0A3FF0FF2E409D9E9B5
:1016A00000898725002630230022CDE90032364804
:1016B0009FED3F8A1C220A2104F0C5FD4FF6FF7200
:1016C0001C210A20FFF794FF2846FEF72BFF424615
:1016D0004B46FEF791FF32463B46FFF7B7F8FFF760
:1016E00083FA08EE900AB0EE680A0CF0F9FCB3EE4B
:1016F000059AA0EE098A4FF4FC6A4FF0030BB0EE96
:10170000680A0CF025FDDFED2B7A1F48CDF804A008
:10171000E0EE097A34222221BDEEC88AFDEEE77A96
:101720000F3517EE903A1BB2009318EE103A1BB229
:1017300003F097FF40F2FF73CDE900B3124823B2E4
:1017400071220C2104F07FFD37200BF061FF0B3478
:10175000B5F5A57FA4B2A6D1CDE900BA0A48882381
:1017600071220C2104F06FFD4FF4AF7003B0BDEC9B
:10177000048BBDE8F04F0BF04BBF00BFAFF3008010
:10178000182D4454FB2109404C0300200080664082
:10179000480019005DF400084E002F0076F40008A0
:1017A00062F40008480054006AF40008E007E0070B
:1017B000000008420000504273B504460D461D4823
:1017C0001C4E002103F0FEFE1A48012104F07DFBAF
:1017D0004FF00413336118496FF0F82330467361FA
:1017E0000BF0FBF9154A4FF01F13C6E90423691CDF
:1017F0000A2230460BF04CFA2F2130460BF0F1F95B
:101800000A22062130460BF052FA1F23009330467D
:10181000A0230E22002104F078FD09496FF01F1368
:10182000C6E904133046214602B0BDE870400BF013
:10183000D4B900BF4C03002072F400088B000400F0
:10184000040013002DE9F0410F4C884605460121A4
:1018500020461E46174604F038FB4FF0FF33636105
:101860002DB2042341462046238265820BF0B5F950
:101870004623E682A6822382658239462046BDE859
:10188000F0410BF0A5B900BF4C03002073B50D4C1F
:101890001F230D46064600937422A02320460021F4
:1018A00004F033FD2046012104F00FFB064BE582D6
:1018B00031462046A582236102B0BDE870400BF09E
:1018C0008CB900BF4C0300200400770013B51F241F
:1018D000164800940C234922302103F02BFF1348B3
:1018E000009418234922302103F024FF0F4800946C
:1018F00024234922302103F01DFF49231A460B48B7
:1019000000940C2104F001FD08480094492325228D
:10191000302104F03AFD4FF6FF7300930348022391
:101920004922302104F072F802B010BD4C030020AF
:10193000F0B52DED028B324F324E83B0044651B9D3
:101940000191B6F900300093B7F900302E484922D2
:10195000302103F086FEFFF7B9FF4FF4B472122373
:10196000B4FBF3F3B3FBF2F002FB1030FEF7CAFD59
:1019700021A3D3E90023FEF73FFE0022234BDFED36
:10198000248AFEF763FFFFF72FF908EE100AB0EE86
:10199000480A0CF0A5FBDFED1F7AE0EE287AB0EEE6
:1019A000480AFDEEE77A17EE903A1DB20CF0D0FB34
:1019B000DFED197A1448E0EE287A49223021FDEE55
:1019C000E77A17EE903A1CB24FF4FC63CDE900437E
:1019D0002B4603F046FE40F2FF7300930A480123B2
:1019E0002246294604F012F83D80348003B0BDEC55
:1019F000028BF0BDAFF30080182D4454FB21094049
:101A000006000020040000204C03002000806640F7
:101A100000000C42000040420000924238B50446EB
:101A2000FFF754FF20462F4C2F4D0121FFF780FF79
:101A30000121204604F049FA2C4A2D4B2D4920461D
:101A4000C4E904230BF0C9F82B4B2C492361204631
:101A50000BF0C3F82A4B2B491B68002B0CBF4FF42B
:101A6000FC634FF47843E382A382274B2361274B27
:101A7000204618BF19460BF0B0F82B78002B0CBF8E
:101A80004FF478434FF4FC63E382A382204B23613D
:101A9000204B022193ED000A20460BF0C7F91E49A6
:101AA00020460BF09AF82A781C49534283F4784375
:101AB0009BB2E382A3821A4B23611A4B2046002A71
:101AC00008BF19460BF089F82B7833B116484FF44C
:101AD000FC61BDE83840FFF7D9BE14484FF47841A7
:101AE000F7E700BF4C030020960300205E002700AC
:101AF000E007E007C2F400085E003600CBF40008FF
:101B00009C03002084F400085E0045007AF400087D
:101B10005E00540074000020D3F400088BF4000829
:101B20005E00630094F400089FF40008B3F400081A
:101B30002DE9F04F2DED088B97B005AC9FED949AF1
:101B4000DFED94AA9FED94BAA246002507EE905AC5
:101B5000F8EEE77AB0EE4B7AA7EEAA7A8F4F9FEDB8
:101B60008C8ADFED8FBA17EE100AFEF7EDFC86A324
:101B7000D3E90023FEF740FD8A4B8046186889466A
:101B8000FEF7C0FCCDE90201BB460026F0EE489A04
:101B90003BF8023B304608EE903AFEF7C3FC424663
:101BA0004B46FEF729FDDDE90223FEF74FFEFFF766
:101BB0001BF80AEE100AF8EE688AB0EE4A0A0CF03A
:101BC0008FFA78EEEB8A0136E0EE289AB0EE4A0AF8
:101BD0000CF0BEFA192EA0EE688AD9D128EE080AB8
:101BE0000135A9EEA90A0CF059FAB4EEC90AF1EED2
:101BF00010FAC8BFB0EE409A112DAAEC010AA5D187
:101C000069489FED6A8A012104F05FF9664A684BD2
:101C1000136168494FF0FF3310461F2553610AF0E6
:101C2000DCFF614800958F234C22092104F06DFBF5
:101C30005D48009529232422092104F0A6FB4FF6D4
:101C4000E0730093242258482923502104F09DFB7F
:101C50004FF000084C2209264FF08F09B5EEC09ACC
:101C6000F1EE10FAC4BF94ED007AC7EE097A31465E
:101C700009FB08F64FEA261606F10906D8BF4B25E0
:101C800036B2C1BF67EE887AFDEEE77A17EE905A5A
:101C9000C5F14B05C8BFADB22DB2B8F1000F5FD191
:101CA00040F2FF730093404801232A46314608F171
:101CB000010803F0ABFEB8F1110F04F104044DD19B
:101CC000394C3D4B3D49236120464FF01F13636162
:101CD0000AF083FF3A4B3B49236120460AF07DFF1F
:101CE000394B3A49236120460AF077FF384B39498E
:101CF000236120464FF0FF33636100250AF06DFF3A
:101D00008F26652209214FF0180837F8023B0A2078
:101D1000A3F50063584348BF00F2FF7006FB05F9C6
:101D2000C012B9FBF8F909F109090FFA89F9C0F1F4
:101D300065041DB34FF4FC6ACDE9004A1A484B46CE
:101D4000013503F08EFC192D19D12348514617B0E7
:101D5000BDEC088BBDE8F04FFFF798BD2A467DE744
:101D600040F2FF73CDE900530F48334603F079FC8E
:101D7000B8F1080F94D14FF6E07393E7012522469E
:101D80004946C2E7AFF30080182D4454FB211940A7
:101D90000000000000007A440000FA46A40300207E
:101DA00000000045A00300204C030020000010426A
:101DB00004001F00F3F4000807004E000DF60008B1
:101DC0004A004E00D8F400088D004E00DBF40008F5
:101DD00004005900DEF40008E1F4000800000000EF
:101DE0002DE9F041934B2DED048B93F8008090B0DA
:101DF0000446B8F1000F00F0888306234FF4FA552B
:101E0000B0FBF5F5B5FBF3F203FB12558A4B1A68EC
:101E1000AA4211D1042A40F07883884A1368C31A71
:101E2000772B40F272830021106010B0BDEC048B60
:101E3000BDE8F041FFF77CBD814F1D600FCF0AAEBA
:101E40000FC697E8030010AB86E8030003EB850399
:101E5000E9B253F8180CFFF7AFFC042D00F25A83D7
:101E6000DFE815F0050022010C02E8024E03754B75
:101E7000DFED751A9FED751ADFED750A93ED000A17
:101E80002046FFF761FB734BDFED731ADFED730A3A
:101E9000F0EE408A204693ED000AB1EE001AFFF7FB
:101EA00053FB6F4BB0EE408A93ED000AB4EE400A4C
:101EB000F1EE10FAC0F1AD806A4907A80BF00DF8F9
:101EC0004FF00008222068494FF4FC6307AAFFF78F
:101ED000B9FC07A80AF0B9FFB8F1000F05D004A8B3
:101EE0000AF0B3FF01A80AF0B0FFB0EE680A0121C2
:101EF00004A8FFF717FB04A907A80BF00FF85B492C
:101F000007A80BF073F85A4902464FF4FC633020DF
:101F1000FFF798FC07A80AF098FF04A80AF095FFBD
:101F2000544B022193ED000A04A8FFF7FBFA04A921
:101F300007A80AF0F3FF504907A80BF057F84F49DC
:101F400002464FF6E0733E20FFF77CFC07A80AF03C
:101F50007CFF04A80AF079FF494B022193ED000AA7
:101F600004A8FFF7DFFA04A907A80AF0D7FF45493C
:101F700007A80BF03BF8444902464FF6E0734C20AB
:101F8000FFF760FC07A80AF060FF04A80AF05DFFF5
:101F90003E4B022193ED000A04A8FFF7C3FA04A9FF
:101FA00007A80AF0BBFF3A4907A80BF01FF84FF447
:101FB000FC63024637495A20FFF744FC07A80AF0A1
:101FC00044FF04A80AF041FFB0EE480A012104A82A
:101FD000FFF7A8FA04A907A80AF0A0FF2E4907A84E
:101FE0000BF004F82D4902464FF4FC636820FFF71C
:101FF00029FC07A80AF029FF04A80AF026FF2848B0
:1020000040F2FF7110B0BDEC048BBDE8F041FFF76A
:102010003DBC01A80121FFF785FA01A904A80AF037
:102020007DFF204904A80AF0E1FF014607A80AF055
:1020300075FF47E7CC01002000000020AC01002024
:10204000E0F300084000002000D084463333B33F63
:10205000CDCC64412400002000204B460000F24219
:102060004400002002F5000809F5000843F40008C8
:102070000EF500083000002013F5000818F50008E0
:102080002C0000201EF5000821F500083400002077
:1020900027F500082EF5000833F5000837F500088D
:1020A0003BF5000806F50008B54B1D78002D00F043
:1020B000DF80B44B93ED000ADFEDB31A9FEDB31A46
:1020C000DFEDB30A2046FFF73FFAF0EE408A002D1D
:1020D00000F0D180AF4BDFEDB07A93ED007A87EE60
:1020E000270A2046DFEDAD1A9FEDAD1ADFEDAD0AF0
:1020F000FFF72AFA204668EE809AB0EE408AFEF793
:1021000001FA9BA3D3E90023FEF776FA9AA3D3E959
:102110000023FEF79BFBFEF767FD00EE100A0CF0B4
:1021200017F89FEDA17ADFEDA17AE0EE077A0121A1
:1021300004A89FED9F7AB0EE670ADFED9E7A60EE0D
:10214000277A87EE879AFFF7EDF904A907A80AF026
:10215000E5FE994907A80AF049FF4FF4FC630246DF
:1021600096492220FFF76EFB07A80AF06EFE04A82E
:102170000AF06BFEB0EE680A022104A8FFF7D2F95C
:1021800004A907A80AF0CAFE8D4907A80AF02EFF85
:102190004FF4FC6302468B493020FFF753FB07A83E
:1021A0000AF053FE04A80AF050FEB0EE480A0321DC
:1021B00004A8FFF7B7F904A907A80AF0AFFE8249FF
:1021C00007A80AF013FF4FF4FC6302467F493E2044
:1021D000FFF738FB07A80AF038FE04A80AF035FE1E
:1021E000B0EE690A022104A8FFF79CF904A907A828
:1021F0000AF094FE764907A80AF0F8FE4FF4FC6353
:10220000024674494C20FFF71DFB07A80AF01DFE8B
:1022100004A80AF01AFEB0EE490A012104A8FFF74B
:1022200081F904A907A80AF079FE6B4907A80AF00A
:10223000DDFE4FF4FC63024668495A20FFF702FBBB
:1022400007A80AF002FE04A80AF0FFFD644907A8E7
:102250000AF043FE634940F2FF7307AA6820FFF7C4
:10226000F1FA07A80AF0F1FD5F4840F2FF71C9E6F4
:102270009FED5E0A20E79FED5D0A32E75C495D4C09
:1022800007A80AF02AFE4FF4FC6307AA5A49242043
:10229000FFF7D8FA07A80AF0D8FD584907A80AF0AE
:1022A0001CFE57494FF4FC6307AA3220FFF7CAFA15
:1022B00007A80AF0CAFD534B2268534907A8002A11
:1022C00008BF19460AF009FE23685049002B0CBFCD
:1022D0004FF4FC634FF4784307AA4020FFF7B2FAAB
:1022E00007A80AF0B2FD4A4907A80AF0F6FD4FF424
:1022F000FC6307AA47494E20FFF7A4FA07A80AF093
:10230000A4FD454907A80AF0E8FD07AA43494FF490
:10231000FC635C20FFF796FA07A80AF096FD404B95
:10232000022193ED000A04A8FFF7FCF804A907A80E
:102330000AF0F4FD3B4907A80AF058FE3A4B3B4926
:102340001B78002B02460CBF4FF478434FF4FC631C
:102350006A20FFF777FA07A80AF077FD04A80AF0C9
:1023600074FD334840F2FF714CE600BFAFF30080CC
:10237000182D4454FB211940000000000046DE40A7
:10238000CB0100202000002000B0B346CDCCCC3CD7
:102390003D0A3F411C00002000007A4400A00C468A
:1023A000A69BC43B8B6CE73D9A99993ECDCCA44249
:1023B0000000C842CDCC664253F5000856F500082F
:1023C0005EF5000861F5000869F500086CF5000885
:1023D00074F5000877F500087DF5000881F5000820
:1023E00088F5000890F5000897F500080000C07F08
:1023F000AFF500089C030020BBF50008C2F50008FB
:10240000D0F50008F7F400087EF40008D6F50008BF
:10241000DAF50008E3F50008E7F50008F0F5000834
:1024200074000020D3F400089603002005F600088D
:10243000F4F500083B4907A80AF04FFD4FF4FC6390
:1024400007AA39492220FFF7FDF907A80AF0FDFC89
:10245000364907A80AF041FD4FF4FC6307AA344946
:102460002E20FFF7EFF907A80AF0EFFC2D4907A887
:102470000AF033FD4FF4FC6307AA2E493A20FFF718
:10248000E1F907A80AF0E1FC2B4907A80AF025FDAD
:102490004FF4FC6307AA29494620FFF7D3F907A8A0
:1024A0000AF0D3FC264907A80AF017FD4FF4FC6395
:1024B00007AA24495220FFF7C5F907A80AF0C5FC6E
:1024C0001F4907A80AF009FD4FF4FC6307AA1E493B
:1024D0005E20FFF7B7F907A80AF0B7FC1B4907A869
:1024E0000AF0FBFC1A494FF4FC6307AA6A20FFF7C5
:1024F000A9F907A80AF0A9FC164840F2FF7181E586
:102500002046FFF78BFA144B1C6010B0BDEC048B17
:10251000BDE8F08110B0BDEC048BBDE8F041FFF7E1
:1025200007BB00BF17F600080AF6000810F60008FF
:102530000EF900081EF6000826F6000877F50008D8
:10254000ACF400082EF6000835F600083CF600084A
:1025500046F600084AF60008AC01002070B50646B1
:102560002DED028B15480D462221B0EE408A14460F
:102570000AF037FB314611480AF02FFB10490F488B
:102580000AF02BFBB4EE488AF1EE10FA0CD70D4995
:102590000A480AF022FB74B9BDEC028B0748BDE87B
:1025A00070402C210AF01DBB2946B0EE480A0348B2
:1025B0000AF03CFCEFE7BDEC028B70BDDC060020AE
:1025C000F8F600085EF60008092810B5044603D89E
:1025D000054830210AF005FB21460348BDE81040BC
:1025E0000A220AF057BB00BFDC060020632810B5A2
:1025F000044609D8084830210AF0F3FA092C03D818
:10260000054830210AF0EDFA21460348BDE81040A4
:102610000A220AF03FBB00BFDC060020F8B52449BF
:10262000044624480AF0D9FA1C232348B4FBF0F0EE
:10263000B0FBF3F203FB12000130FFF7C5FF54219A
:102640001C480AF0CEFA18221C4BB4FBF3F3B3FB80
:10265000F2F002FB1030FFF7B7FF3C253A21154896
:102660000AF0BFFA4EF66023B4FBF3F3B3FBF5F0C8
:1026700005FB1030FFF7A8FF3A210E480AF0B1FA27
:102680004FF47A77B4FBF7F6B6FBF5F005FB106074
:10269000FFF79AFF2E2107480AF0A3FA07FB16401E
:1026A000FFF7A4FFBDE8F84002485A210AF099BAA2
:1026B00063F60008DC060020005C260580EE36008C
:1026C0002DE9F843B54BB64CB64F2DED068BD3ED47
:1026D000009AB54B97ED00AA93ED009A2378054632
:1026E000002B00F01D82B14BD3ED007AF4EE677A37
:1026F000F1EE10FA80F114829FEDAD7AAD4BC7EE8A
:10270000878A93ED008AB4EE688AF1EE10FA80F1C0
:102710000C8228EE288AA849A848DFF88C83A84EA6
:102720000AF05BFAA74BA54819684A1C1A600A22EE
:102730000AF0B0FAA449A1480AF04FFA2846FFF778
:102740006DFFA2499D480AF048FA98ED000AA0489A
:1027500000220221FFF702FF9E4800220121B0EE75
:102760004A0AFFF7FBFE9C4800220321B0EE690AEB
:10277000FFF7F4FE994800220221B0EE490AFFF764
:10278000EDFE974B974893ED000A00220321FFF7D7
:10279000E5FE0122114696ED000A9348FFF7DEFEA2
:1027A000924986480AF019FA2378002B00F0C0817C
:1027B000804B93ED000A8E488E4DDFF8F092002298
:1027C0000221FFF7CBFE8C4800220321B0EE680AFD
:1027D000FFF7C4FEB0EE480A002288480321FFF745
:1027E000BDFE874975480AF0F8F9864973480AF032
:1027F000F4F9854971480AF0F0F9844B2978844A44
:102800006E48002918BF1A4611460AF0E6F98149B8
:102810006A480AF0E2F9D9F80030002B00F08B8109
:102820007D4966480AF0D9F9D9F8001063480A22B0
:102830000AF030FA794961480AF0CFF978495F48DF
:102840000AF0CBF9774B5D481988774B1B880A2231
:10285000C91A0AF02EFA754958480AF0BEF97449A7
:1028600056480AF0BAF9734B1B78002B40F0688188
:10287000714952480AF0B1F9704950480AF0ADF96F
:102880006F494E480AF0A9F96E494C480AF0A5F97B
:102890006D494A480AF0A1F9D7ED007AF4EE677A5B
:1028A000F1EE10FAC0F15681684944480AF095F9F2
:1028B000674B424893ED000A02210AF0B7FA6549D6
:1028C0003E480AF08AF964493C480AF086F96349AF
:1028D0003A480AF082F9624B624A1978624B3748EB
:1028E000002918BF1A4611460AF077F95F493348A4
:1028F0000AF073F921785B4B5D4C3048002918BF12
:10290000234619460AF069F95A492C480AF065F934
:10291000594B2A481978534B002918BF23461946AA
:102920000AF05BF9554925480AF057F9544B2348FA
:1029300019784C4B002918BF234619460AF04DF967
:1029400050491E480AF049F94F4B1C481978454B2D
:10295000002918BF234619460AF03FF94B4917488A
:102960004B4C0AF03AF9D6ED007A4A4B4A491348E3
:10297000F4EE677AF1EE10FA68BF19460AF02DF905
:1029800046490E480AF029F945490C480AF025F94C
:1029900044490A480AF021F92B7889E030000020E8
:1029A000CB010020400000202C0000201C00002053
:1029B00000007A4420000020C0F60008DC06002059
:1029C00024000020BC010020FBF600080AF70008E4
:1029D00023F700082FF7000839F7000842F700082E
:1029E0003400002048F7000855F700085EF700089B
:1029F0006AF700089603002072F700087AF70008CB
:102A000080F70008ACF70008B7F700086CF600087C
:102A10007EF60008D0F70008F6F7000815F8000861
:102A200039F80008940300206C00002056F80008D4
:102A30005FF80008C60100206BF80008A1F8000844
:102A4000B3F80008C0F80008DBF80008EBF800084D
:102A50003C0000205FF50008F9F8000812F90008B2
:102A6000CC010020A0F6000892F600081CF900082E
:102A700017F6000829F90008C901002036F90008F6
:102A8000C801002040F90008C701002053F90008E0
:102A900074000020A8F60008B0F6000861F90008EC
:102AA00091F90008C8F90008440000209C030020A8
:102AB000002B51D0334934480AF08FF8022194EDAD
:102AC000000A31480AF0B2F930492F480AF085F877
:102AD0002F492D480AF081F82E4B2B4819680A22FD
:102AE0000AF0D8F82C4928480AF077F80A22192168
:102AF00025480AF0DEF8294923480AF06EF8284BE9
:102B0000214819680A220AF0C5F826491E480AF029
:102B100064F8BDEC068B1C48BDE8F8430AF064B8C5
:102B2000DFED218AB0EE688AF5E59FED1F8AF2E5B8
:102B30009FED1D0A3FE61D4913480AF04EF879E65D
:102B4000D8ED007AF4EE677AF1EE10FA6CBF18490E
:102B500018498EE61849B3E618490B480AF03DF8C3
:102B600094ED000A084802210AF060F91449064869
:102B70000AF033F8134B044893ED000A02210AF0DF
:102B800055F9A5E7EDF90008DC060020F5F9000885
:102B900010FA0008A003002028FA000836FA0008FE
:102BA0009803002053FA00080000C07FFDF70008DA
:102BB0007EF8000890F80008C0F80008FAF900084C
:102BC00005FA00087000002007B50D230322CDE9A7
:102BD00000320A210B2306220F4803F011FF0F4891
:102BE000C42104F087FB0D490D4804F05FF8402133
:102BF0000C4803F0D8FD41210B4803F0D4FD0B48ED
:102C000000F076F90A48002343604361183003B0AE
:102C10005DF804EB04F0A8BC4C030020380300204E
:102C20001803002004030020F0020020F00100201F
:102C3000D001002008B5044803F0BCFDBDE8084001
:102C4000024803F0B7BD00BFF002002004030020DB
:102C500010B50AF0D9FC214A536813F4507F04469A
:102C600006D01F490B6801330B604FF47463D360C7
:102C70001C4A536B9B0406D51B490B6801330B6040
:102C80004FF400535363194809F030FD30B1174831
:102C900009F056FF7A2801D1FEF7BCF92046FEF76D
:102CA000DBFB134A1368E31AF92B06D91460FEF70D
:102CB000CDF9FEF7A5FAFEF7EBFA2046FFF790F8FC
:102CC0000C4A1368E31AB3F57A7F05D314602046E3
:102CD000BDE81040FFF7F4BC10BD00BF006002402B
:102CE0009C0300200074004098030020DC060020B4
:102CF000A8010020A401002038B540F213424FF48F
:102D0000E1315648564D574C09F0D2FE0C200AF0DE
:102D100001FBFEF705F8012107200AF02FFB002137
:102D200008200AF02BFB002107200AF091FB4E4BF4
:102D30004E499A6BC1F88420DB6BC1F888304B4850
:102D4000002101F05BFDFEF769FB40F2DC500AF068
:102D50005FFC4748022103F06DFE4548012103F066
:102D6000D5FD434A0023D376FEF756FC414B3F493D
:102D7000414801221A7003F0B0FD3C4928703F48D9
:102D800003F0ABFD2B78207013B13B4803F07BFDC3
:102D9000237813B1394803F076FD344A3848394C6A
:102DA000772100F009F900283BD0012303213448A2
:102DB000237000F089F90221314800F092F90221D4
:102DC0002F4800F09BF92E48022100F0A4F9274972
:102DD0002D482E4C6B22FDF791FF28B923492A4834
:102DE0006A22FDF78BFF28B301232748237004F0E4
:102DF00084FC254804F08AFC58B364200AF008FCDF
:102E00000121214804F071FC01211F4804F08FFCCE
:102E100004211D4804F093FC02211B4804F0D3FB5D
:102E200009E0124A1648762100F0C6F80028BCD105
:102E30002070CCE720700D49154804F0EAFE154BD0
:102E4000187010B1124804F0F4FEBDE83840FEF7E7
:102E5000E1B801200AF0DCFBCBE700BFDC06002074
:102E6000CB010020CA0100206C0D0108E003002006
:102E70004C030020CC01002004030020F0020020BD
:102E8000F0010020C9010020D0010020C80100206D
:102E90004C000020C70100201FB58DF80F000DF178
:102EA0000F000090012305480193006800F095FF92
:102EB00080F0010040B205B05DF804FBDC030020A7
:102EC0001FB50B460021CDE900218DF80F00064803
:102ED00001220DF10F01006800F0F2FF80F0010007
:102EE00040B205B05DF804FBDC0300200AF09EBB95
:102EF0000022C0E90422826182627047F0B52B4B48
:102F0000026989B01A602A4B42691A6000F13007E1
:102F1000284B43640546384600F036FC50B9384625
:102F200000F070FC3B46152202A9312000F048FA5F
:102F3000034610B1002009B0F0BD02AAFF2412F828
:102F4000011B082681EA0400C0094FEA440406F187
:102F5000FF3614BF1D200020E4B2490016F0FF0622
:102F6000C9B284EA0004EDD10133DBB2152BE6D1FE
:102F70003B4601220DF10701302000F021FAE44325
:102F80009DF80730E4B2A342D4D10028D2D1032364
:102F900085F8E63001204FF0807385F8E360A5F8EE
:102FA000E460AB6185F8E000C5E700BFDC0300200A
:102FB000D8030020ED2E00082DE9F04104460069F9
:102FC0000E46174610B1102108F00BF9656935B1AE
:102FD000284600F08CFF1421284608F002F94FF033
:102FE0000008C4F81480102008F0F9F83A460546A5
:102FF00031460F4F00F0C3FE2561012128463D6098
:1030000000F0DBFE88B1012384F83830094BE3631C
:10301000094B236484F830603B6884F83A8063632A
:103020002046BDE8F041FFF769BFBDE8F08100BF71
:10303000DC030020C12E0008992E00087FB5204B2C
:1030400002691A601F4B42691A6004460123427EDE
:1030500080F8E23084F8E130A37E002A14BF2420F7
:10306000042083B940F00200237EE27E9B0104F13C
:10307000300643EAC2133146184300F053FA28B130
:10308000002004B070BD40F01200EDE7012584F887
:10309000E050304600F0CDFC0028F1D132466946C0
:1030A000032000F03FFD0028EAD1DDE90023C4E958
:1030B0000023DDE902232846C4E90223E1E700BF3B
:1030C000DC030020D8030020052908D880F8E4108C
:1030D00011B941760120704701234376FAE70020B9
:1030E0007047052908D880F8E31011B981760120CE
:1030F000704701238376FAE700207047072908D834
:1031000080F8E51011B9017601207047012303769C
:10311000FAE700207047112903469DBF80F8E610AA
:103120000120D8760020704758B1C3684BB10369BD
:103130003BB143692BB14068B0FA80F0400940428E
:1031400070474FF0FF3070472DE9F04F2DED028BA7
:10315000834685B015461C468A46002900F0DF806C
:10316000002A00F0DC8010F0030F05D1002005B02C
:10317000BDEC028BBDE8F08F4868FDF7C3F9D4E9D8
:103180000023FDF781F802460B4606460F46FDF781
:1031900033FAD4E90423FDF72FFAD4E90223804659
:1031A000894630463946FDF727FA02460B46404627
:1031B0004946FDF76BF81BF0010F80468946C4E9CC
:1031C0001C89C5E90089D1D0FDF70EFD08EE100A73
:1031D00068EE088A18EE900AFDF7B6F968EE287ACC
:1031E000CDE9000117EE900AFDF7AEF9CDE9020135
:1031F000DAF80000FDF786F98B468246FDF7F4FC0D
:10320000D4E9082308EE100A49464046FDF7F4F9D0
:10321000D4E90623FDF73AF8D4E90A2306460F4617
:10322000DDE90001FDF7E8F902460B463046394674
:10323000FDF72CF8D4E90C2306460F46DDE9020120
:10324000FDF7DAF902460B4630463946FDF71EF81F
:1032500052465B46FDF7D0F9D4E9102382468B46EF
:1032600040464946FDF7C8F9D4E90E23FDF70EF8AC
:10327000D4E9122306460F46DDE90001FDF7BCF94B
:1032800002460B4630463946FDF700F8D4E91423D0
:1032900006460F46DDE90201FDF7AEF902460B4690
:1032A00030463946FCF7F2FF02460B465046594677
:1032B000FCF7ECFFD4E9182306460F464046494682
:1032C000FDF79AF9D4E91623FCF7E0FF68EE088AC7
:1032D000804618EE900A8946FDF736F902460B46FD
:1032E00040464946FDF788F968EE287A804617EE91
:1032F000900A8946FDF728F9D4E91A23FDF77CF9ED
:1033000002460B4640464946FCF7C0FF02460B46C4
:1033100030463946FCF7BAFFC5E9020126E74FF00F
:10332000FF3024E710B5044692B021494822684690
:103330000AF01CFB94F8B13073B194F8B330B7EED7
:10334000007A5BBBDFED1B6ADFED1B7AE7EE267AC6
:10335000FCEEE77A17EE903A94F8B2207AB194F83E
:10336000B420B7EE007AF2B9DFED126ADFED137A1E
:10337000E7EE267AFCEEE77A17EE902A134494F8EB
:10338000B62012A901EB8202EA3352F8482C9A4285
:1033900094BF6FF00200002012B010BD013B37EE69
:1033A000077ADBB2CDE7013A37EE077AD2B2DAE735
:1033B000F8F300080000FA440000C44300809C4376
:1033C0002DE9F04F83B0064600AF18461C46FFF7C4
:1033D000ABFE89469046054690BB89B3A07A94F827
:1033E00008C0C7F804D01044C31D23F00703ADEB99
:1033F000030DBCF1010FD4F80CA06368EB461BD0A1
:103400000246694646F08000D047607245450BD1C0
:1034100094F90900D7F804D0002818BF6FF006000F
:103420000C37BD46BDE8F08FA37A0BEB0502D35CE9
:1034300009F805300135E9E73046D0476072E7E723
:103440004FF0FF30ECE72DE9F843144652001E46DA
:10345000D31D23F0070300AF8046ADEB030D3046CC
:1034600089466946FFF760FEA0BBB8F1000F31D076
:10347000B9F1000F2ED084B3357A99F800308DF869
:1034800000304DB918F8053003F07F0308F8053017
:103490000135EDB2A542F5D3012C19D001234D1E03
:1034A00018F8030005F8130019F8030001F81300D9
:1034B00001339C42F4D83469736898F80000A0473F
:1034C0000028707218BF6FF00600BD46BDE8F88393
:1034D0002246F0E74FF0FF30F7E76FF00500F4E722
:1034E00037B5044623461B2001220DF1070194F84D
:1034F000B0508DF80600FFF763FF88B99DF80730DC
:103500002D0123F0300305F030052B438DF80730F3
:10351000012223460DF107010DF10600FFF793FF8D
:1035200003B030BDF7B5054608460E46FFF7FCFD73
:10353000002840F0268115F0060F29D01B200B46ED
:10354000012201A98DF80000FFF73AFF00BBAF0789
:103550000AD59DF8043096F8B12023F0010302F05B
:10356000010213438DF804306C070BD596F8B23086
:103570009DF804205B0003F0020322F002021343D3
:103580008DF804303346012201A96846FFF75BFF3E
:1035900015F0F00F73D0002871D10422ADF80000AF
:1035A0008DF8020033460DEB02011C206F46FFF739
:1035B00007FF002863D115F0300F00F0DD80E8062A
:1035C00096F8B4200AD59DF8043096F8B31023F08D
:1035D000070301F007010B438DF80430A90609D554
:1035E0009DF80430D20023F0380302F03802134370
:1035F0008DF804301C238DF8003001242A0617D5DD
:1036000096F8B63004F108020DEB02019DF8052092
:10361000112B88BF112322F01F0288BF86F8B63015
:10362000134301F8043C601C1D2301F8083CC4B29C
:103630006B0614D504F108030DEB030196F8B530C1
:103640009DF807205B0003F00E0322F00E021343E7
:1036500001F8043C601C1F2301F8083CC4B296F832
:10366000B030032B05D13046FFF75CFE002840F058
:1036700085803346224601A93846FFF7E4FE15F45B
:10368000E16F48D0002846D119203346012269460F
:103690008DF80400FFF794FE00283CD1EF0596F862
:1036A000B80096F8B91096F8BA200AD59DF80030FF
:1036B00096F8B74023F0010304F0010423438DF88A
:1036C0000030AC0509D59DF80030400023F002031E
:1036D00000F0020003438DF80030680509D59DF81D
:1036E0000030890023F0040301F004010B438DF83E
:1036F0000030290709D59DF80030920123F04003DE
:1037000002F0400213438DF800303346012269462F
:1037100001A8FFF798FE15F4C05F2BD050BB1A200C
:103720003346012201A996F8BB7096F8BC408DF88B
:103730000000FFF745FEE8B92A0509D59DF80430D9
:103740007F0023F0020307F002073B438DF80430AB
:10375000EB0409D59DF80430A40023F0040304F021
:10376000040423438DF804303346012201A968463E
:10377000FFF769FE03B0F0BD04463FE76FF00200BB
:103780007DE74FF0FF30F5E737B57E238DF8043045
:10379000B62304468DF80530FFF7C6FC78BB2346F8
:1037A00001220DF106010320FFF70AFE9DF8063005
:1037B000DB0600D520B16FF00305284603B030BD0D
:1037C000234601220DF1050101A8FFF73CFE054645
:1037D0000028F2D1636961684FF4FA609847234684
:1037E00001220DF107010220FFF7EAFD9DF80730E5
:1037F00003F07E030343DBB2002BDED0DBE74FF0A8
:10380000FF35DAE730B589B0002304468DF807307C
:10381000FFF78AFC002840F0DA80237A013B18BFCA
:103820000123A372012223460DF10701FFF7C8FD12
:103830000546002840F0C8809DF80730502B02D084
:10384000602B40F0C78023702046FFF79DFF0546A0
:10385000002840F0B9800146152202A80AF02BF892
:103860002346152202A93120FFF7AAFD0546BDF81F
:103870000800A4F89000FCF745FE584B0022FCF726
:10388000BBFEC4E90601BDF80A00A4F89200FCF7EB
:1038900039FE534B0022FCF7AFFEC4E908019DF945
:1038A0000C0084F89400FCF73DFE4E4B0022FCF720
:1038B000A3FEC4E90A01BDF90D00A4F89600A0F525
:1038C0008040FCF72FFE484B0022FCF795FEC4E930
:1038D0000C01BDF90F00A4F89800A0F58040FCF79A
:1038E00021FE424B0022FCF787FEC4E90E019DF940
:1038F000110084F89A00FCF715FE3D4B0022FCF7FE
:103900007BFEC4E910019DF9120084F89B00FCF7CE
:1039100009FE384B0022FCF76FFEC4E91201BDF826
:103920001300A4F89C00FCF7EDFD334B0022FCF7DC
:1039300063FEC4E91401BDF81500A4F89E00FCF76D
:10394000E1FD2E4B0022FCF757FEC4E916019DF95C
:10395000170084F8A000FCF7E5FD294B0022FCF7D6
:103960004BFEC4E918019DF9180084F8A100FCF78A
:10397000D9FD00224FF07C53FCF73EFEC4E91A014A
:10398000BDF91900A4F8A200FCF7CCFD154B0022EC
:10399000FCF732FEC4E91C019DF91B0084F8A40069
:1039A000FCF7C0FD0F4B0022FCF726FEC4E91E0108
:1039B0009DF91C0084F8A500FCF7B4FD114B002212
:1039C000FCF71AFEC4E92001284609B030BD4FF0CB
:1039D000FF35F9E76FF00105F6E700BF0000704022
:1039E0000000103E0000F03C0000B03E0000203E11
:1039F0000000F03D0000A03D000020400000903F8E
:103A00000000703F0000E03B10B504460846FFF799
:103A10008BFB58B954B10B46012221461B20FFF7FE
:103A2000CFFC2378C3F30113237010BD4FF0FF3098
:103A3000FBE773B50546FFF777FB00286FD12946F2
:103A40000DF1020095F8B060FFF7DEFF9DF802303F
:103A50000446E3B11B202B46012201A98DF8030087
:103A6000FFF7AEFC044668B99DF8043023F030033C
:103A70008DF8043001222B4601A90DF10300FFF758
:103A8000E2FC04466B69696841F288309847CCBB18
:103A9000032E3DD104222B460DEB02011C20FFF723
:103AA0008FFC9DF8043003F00702C3F3C20385F8CE
:103AB000B4309DF8053085F8B32003F01F0385F876
:103AC000B6309DF80730C3F3420385F8B53004469D
:103AD000C0B92846FFF726FCB8B92846FFF700FD15
:103AE000044678B92B46012201A90220FFF768FCA1
:103AF000044638B99DF8043013F0040F0CBF044697
:103B00006FF00404204602B070BD6FF00204F9E7C4
:103B1000012EF7D12846FFF7E3FC0446F2E74FF009
:103B2000FF34EFE7F0B585B0002307461046CDE936
:103B300002330E4615460093ADF80430FFF7F4FA51
:103B400030BB29B31346694606220420FFF738FC30
:103B5000E0B99DF802309DF801209DF805401B0456
:103B600043EA02239DF80020134302939DF804309A
:103B7000240444EA03249DF8033032461C4302A97E
:103B800005F1180338460394FFF7DEFA05B0F0BDDF
:103B90004FF0FF30FAE730B50025C0E90015C281CB
:103BA0009DF810109DF80C20856141748274037497
:103BB00030BDF0B5C389847B85B005460068ADF89B
:103BC0000C300E4617464FEA132E40B16B7C019322
:103BD00003AB0093012300F000F905B0F0BD686865
:103BE00058B395F80CC06B7CBCF1030F0BD10133BB
:103BF0002EF0010E00938DF80CE08DF80D4003AB14
:103C000000F06DFAE9E7BCF1000F08D104F07F0481
:103C10008DF80C4000933A4603AB3146F0E7BCF117
:103C2000020F02D164F07F04F2E7BCF1010FF1D181
:103C300004F07F0444F04004EAE7A8680028CCD0F0
:103C400000920B466A7C03A900F08AF8C5E7F0B43D
:103C500003460C4602B9027C042A13D803F113016F
:103C60009C610D46D018984202D1F0BCFFF7A1BF6D
:103C70009F7CE6B227B92E70240A01350138F2E79D
:103C80008674F9E70020F0BC7047F0B50B46857BE1
:103C900085B004461146C2890068ADF80C20170AA9
:103CA00040B10022CDE9001203A9627C00F008F9BE
:103CB00005B0F0BD606820B3267B627C032E0DD179
:103CC000FF24CDE9001447F001078DF80C708DF842
:103CD0000D50013203A900F024FAE9E73EB965F07E
:103CE0007F058DF80C50FF24CDE90014F2E7022E79
:103CF00002D105F07F05F4E7012EF4D165F03F0510
:103D0000EFE7A0680028D3D00091627C03A900F0FF
:103D100018F8CDE738B502220D4600F1130104462C
:103D2000FFF7B3FF38B1A37C33B9237D1B022B808F
:103D3000E27C13432B8038BDE37C1B022B80227D69
:103D4000F7E730B4047CBDF8085034B1846824B17E
:103D50000295A446406930BC6047002030BC7047E3
:103D600030B4047CBDF8085034B1C46824B1029565
:103D7000A446406930BC6047002030BC70474260B8
:103D80000022027220220170C2607047037A10B5CF
:103D9000044663B1606821780368DB6A984760680D
:103DA00003685B6B9847B0FA80F0400910BD0121B1
:103DB00000F003F80028EDD1F8E738B50446406874
:103DC0000368DB690D4698470120207225B1204623
:103DD000BDE83840FFF7DABF38BD2DE9F843DDE92B
:103DE00008961F46C368154632449A4204468846E0
:103DF00002D90020BDE8F883406821780368DB6AB7
:103E0000984786B9606803682A465B6841469847C8
:103E1000A842EED16068036839461B6B9847B0FA38
:103E200080F04009E6E7B9F1000FEBD06068036865
:103E300032465B6849469847B042DAD1E2E72DE95D
:103E4000F04105464068144602680F46966B297893
:103E5000E2B2B047844210D100261FFA86F8A0458E
:103E600006F1010602D30120BDE8F081686803680D
:103E70005B69984707F80800EFE70020F4E72DE9B1
:103E8000F84307468846164699460025B54202D3B0
:103E90000120BDE8F883FB68741B9C4228BF1C46C8
:103EA000331BAB428CBF002309F00103224608EB11
:103EB00005013846FFF7C3FF0028EAD02544E5E7AF
:103EC00073B51D460023CDE900339DF81C30069ED6
:103ED0000446FFF782FF40B10123324629462046BF
:103EE00002B0BDE87040FFF7CABF02B070BD10B5A8
:103EF0000446406810B1082107F073F9204610BD50
:103F00002DE9F74F044600680F46134628B10368B1
:103F10001B6903B0BDE8F04F1847227B91F8008081
:103F20004E4D002A14BF4FF0800B4FF0010B0BEAEF
:103F30000808B8FA88F8CB18A2680093B5FBF2F528
:103F40004FEA5818EDB2009BBB4202D103B0BDE866
:103F5000F08F97F800A05E464FF0000915B1284693
:103F600009F064FB637B13F0FD0F36D194F9100068
:103F7000421C07D00AEA0601003918BF0121414559
:103F800026D1884694F90F00012109F061FA15B194
:103F9000284609F04BFB94F91100431C04D009F0AA
:103FA0008FFA08B146EA090994F90F00002109F0D7
:103FB0004FFA237B002B4ED17600F6B2002ECDD1E6
:103FC00094F91130013318BF87F800900137BAE730
:103FD000019109F03DFA0199D3E7032B24D194F91B
:103FE0001000411C03D00AEA060109F031FA94F9E5
:103FF0000F00002109F02CFA15B1284609F016FB34
:1040000094F90F00012109F023FA15B1284609F0AF
:104010000DFB94F91100431CCBD009F051FA002894
:10402000C7D046EA0909C4E794F90F00012109F055
:104030000FFA15B1284609F0F9FA94F91000421C5C
:1040400003D00AEA060109F003FA94F90F000021EF
:1040500009F0FEF9DDE77608B0E700BF20A1070010
:1040600007B501228DF807100DF10701FFF748FF92
:104070009DF8070003B05DF804FB0346006810B428
:1040800040B102685B68D46993E8060023465DF896
:10409000044B18475DF8044B7047006810B1036883
:1040A0001B6A1847704790F90E00431C02D0C9B232
:1040B00009F0CEB9704710B50446FFF7DEFF204681
:1040C0000021BDE81040FFF7EEBF10B50121044606
:1040D000FFF7E9FF2046BDE81040FFF7DEBF2DE9FE
:1040E000F0411C4606460D461746FFF7E4FF069BC7
:1040F00004EB0308444508D12F44BD420BD13046A0
:10410000FFF7E3FF0120BDE8F08114F8011B304602
:10411000FFF7A6FFEEE715F8011B3046FFF7A0FFFB
:10412000EBE72DE9F0410D4617469DF81C80064649
:104130001C46FFF7C0FF2F44BD4209D1069BE5187E
:10414000AC420BD13046FFF7C0FF0120BDE8F08143
:1041500015F8011B3046FFF783FFEDE74146304677
:10416000FFF77EFF04F8010BEAE7002070470368C1
:1041700010B49C6B0123A4465DF8044B60470123F7
:10418000994080F824300023817643847047036887
:1041900001211B6B1847028BC08A101A7047C28A14
:1041A000018B914288BF0169034683BF885C01325D
:1041B000DA824FF0FF307047028BC38A9A4286BF83
:1041C0000269D05C4FF0FF30704738B504462830A4
:1041D00000F00CFCE06918B109F046FA0023E36135
:1041E00020690025258410B109F03EFA2561A582D9
:1041F00038BD000038B5044600F12805284600F017
:1042000045FC94F8BE304BB92846054900F03EFD08
:1042100028460449BDE8384000F031BD38BD00BF34
:104220002942000823450008806DD0F8DC302BB10E
:1042300000234384D0F8E030D43018477047012A77
:1042400002D1016000207047022A05D0032AF9D06C
:10425000002AF7D10260F5E70B680360F2E7036814
:104260001847012A02D1016000207047022A05D0B8
:10427000032AF9D0002AF7D10260F5E70B68036042
:10428000F2E7036808681847836810B5044613B15D
:10429000032201469847204610BD000030B587B084
:1042A000024602AB002002900590C3E9010021B153
:1042B0000291114905911149049193E8030002F11B
:1042C000D404CDE9000194E8030083E80300DDE9AC
:1042D000000184E803000499D2F8DC000490C2F8DD
:1042E000DC10D2F8E0000599C2F8E01005901846FD
:1042F000FFF7CAFF07B030BD5F4200083F42000829
:1043000030B587B0024602AB002002900590C3E9A9
:10431000010021B10291114905911149049193E8DD
:10432000030002F1C404CDE9000194E8030083E82E
:104330000300DDE9000184E803000499D2F8CC0011
:104340000490C2F8CC10D2F8D0000599C2F8D01071
:1043500005901846FFF798FF07B030BD834200086C
:104360006342000870B54FF47A730E460021C0E92D
:104370000113034615462B4A43F8C42B0446C0F8E4
:10438000C4109C22C3E90111C0E93411C0E93611FF
:10439000C0F8E010283009F08EFAF3B2332B19D8A8
:1043A000214A52F8233006F4E0661E43EBB2332B69
:1043B000C4F8846022D81C4A52F8233005F4E06522
:1043C0001D430023C4F88850E36123842361A38242
:1043D000204670BD06F0C002C02A0CD1CF2B0AD8EF
:1043E000124B06F03F0206F4E06653F822200E4B13
:1043F00053F82230D9E74FF0FF36D7E705F0C00277
:10440000C02A0CD1CF2B0AD8084B05F03F0205F487
:10441000E06553F82220044B53F82230D0E74FF0E8
:10442000FF35CEE75CFC00086C0D01082C0D01087F
:1044300038B50546074B45F8D43B0446FFF7C5FEA3
:104440002846FFF721FF04F1C400FFF71DFF2046B7
:1044500038BD00BF5CFC000838B5838A8B42054636
:104460000C4609D2202938BF20240069214609F0D2
:10447000D3F910B12861AC8238BDFEE72DE9F843CD
:10448000984690F8BE309DF820509DF82490044640
:104490000F461646002B39D01146FFF7DDFF85B1D8
:1044A00023683946DB6A20469847032D28BF032539
:1044B000013DEDB2FF2D23681DD11B6B002120466D
:1044C0009847B9F1000F1ED14FF42A03B5B2790015
:1044D000A36522692B4601F0FE0104F1280000F0DB
:1044E00017FB002398421CBF1E463546E3822583F6
:1044F0003046BDE8F883E90028FA01F11B68C9B22B
:1045000020469847D4E74FF02A43DFE71846F0E704
:1045100007B5019300230093FFF7B0FF03B05DF8E8
:1045200004FB73B5846D866ED4F8CC300546E3B1D8
:10453000E28A238B9A4218D331462046FFF78CFF3C
:104540002069324605F1740109F010FA0023E38274
:10455000D4F8CC30268301960BB90AF031FFD4F899
:10456000D03001A904F1C400984702B070BDB1F584
:10457000806F70B505460C4610D8038C99420AD955
:1045800020290E4638BF2026C069314609F044F97B
:1045900018B1E8612E84204670BDFEE70024FAE7DA
:1045A00013B590F824308DF8071004467BB1418C88
:1045B0000131FFF7DCFF40B1638CE2699DF8071021
:1045C000D154638C01336384012002B010BD0122F9
:1045D0000DF10701283000F081FAB0FA80F04009AF
:1045E000F3E770B590F8243004460E46154693B1B3
:1045F000418C1144FFF7BBFF10B90025284670BD60
:10460000638CE0692A461844314609F0AFF9638C9F
:104610002B446384F2E792B2283000F05FFA00285E
:10462000EBD1EBE70346006918B19A8A002109F043
:1046300042B970470346C06918B11A8C002109F0CD
:104640003AB9704738B50446C9B94FF42A03A3658F
:1046500094F8BE30B3B1638CE269A17E04F1280006
:1046600000F0BCFA042828BF0420C5B22046FFF79A
:10467000E1FF0023638484F82430284638BD4FF0DE
:104680002A43E4E70425F8E738B504460025C58247
:104690000583FFF7C7FF65842046FFF7CBFF38BDD2
:1046A0002DE9F0410446D0F8840008F073FD0021A4
:1046B00008F064FED4F88430190641D4C3F3031221
:1046C000254E264D56F8222003F00F03126955F8A7
:1046D000233093433DD0D4F8880008F05BFD0121DE
:1046E00008F04CFE1427D4F8883013F080082AD143
:1046F000C3F3031203F00F0356F8222055F82330BA
:104700001B0493610A2008F091FFD4F888301A0640
:104710001CD4C3F3031203F00F0356F8222055F8FC
:10472000233093610A2008F081FF013FDBD1D4F8E8
:10473000880008F02FFD3946BDE8F04108F01EBEA4
:1047400000231B69FFDE00239B61FBE7C8F818808C
:10475000F8E7BDE8F08100BF84000020580401089C
:104760002DE9F04104460025C58205831F460E460B
:104770009046FFF757FF6584A5762046FFF75AFF5E
:10478000D4F8DC30C4F8804033B104F1D401032202
:1047900008469847C4E937550023012E84F8243091
:1047A0004FEA460384F825300CBF0123002384F828
:1047B000BE3084F8BF8084F8C07002D12046FFF775
:1047C0006FFF04F1280594F825200949284600F0D8
:1047D0002FF894F8BE304BB92846064900F056FA37
:1047E00028460549BDE8F04100F049BABDE8F0812E
:1047F000A086010029420008234500080A4600233C
:104800000121FFF7ADBF0021FFF7F8BF00231A46D3
:10481000FFF7A6BF02480F220E21FFF7A3BD00BF7E
:10482000E00300200148FFF703BE00BFE0030020C3
:10483000F0B50D4685B016460446002800F0BF804E
:104840006049C06D07F01EF95F490746206E07F00A
:1048500019F90146002F00F0B280002800F0AF8067
:10486000384607F036F92060002800F0A880574B42
:10487000984204F104075ED11F2384F864300023BA
:104880000193534B1A6C42F400121A641A6C02F42E
:1048900000120192019A1A6A42F400121A621A6A0C
:1048A00022F400121A62202384F86530494B1F60FD
:1048B0004549206E07F0CEF84249E06D07F0CAF88E
:1048C000454B21689D4274D9444B9D4203D9444BCA
:1048D0009D4288BF00234FF480420025C4E90113A4
:1048E0004FF48043C4E9053594F8973094F9640097
:1048F000E5619B01236294F8983084F84150DB0114
:1049000063620221C4E903262A4603F029FE94F9D2
:10491000640003F057FE94F965002A46022103F073
:104920001FFE94F9650003F04DFE384603F070FF5A
:10493000002840D0FEE72B4B98424FF000031BD1DC
:1049400002932122224B84F864201A6C42F48002E4
:104950001A641A6C02F480020292029A1A6A42F4F1
:1049600080021A621A6A22F480021A62222384F8F0
:104970006530184B5F609BE71B4A904298D10393C8
:10498000134B1A6C42F400021A641A6C02F400020F
:104990000392039A1A6A42F400021A621A6A22F413
:1049A00000021A6244F64813A4F86430094B9F6071
:1049B0007EE7002291E70223A06684F8953005B0D7
:1049C000F0BD00BFC80A01088C0A0108005400406D
:1049D00000380240C4040020A0860100801A0600AE
:1049E00040420F0000580040005C004010B50446F3
:1049F00090F9640003F0F4FD94F9650003F0F0FD14
:104A0000201D03F0AEFF206E032106F089FFE06D4C
:104A1000032106F085FF2368184A93420DD1184BF5
:104A20001A6A42F400121A621A6A22F400121A6216
:104A30001A6C22F400121A6410BD124A93420CD16F
:104A40000F4B1A6A42F480021A621A6A22F4800238
:104A50001A621A6C22F48002EDE70B4A9342EBD102
:104A6000074B1A6A42F400021A621A6A22F4000220
:104A70001A621A6C22F40002DDE700BF0054004005
:104A80000038024000580040005C0040104B994242
:104A900010B5044606D90F4B994203D90E4B9942E3
:104AA00088BF00232068026822F001020260A36030
:104AB000074B994294BF002101218903E160201D29
:104AC00003F0A6FE2268136843F00103136010BDD3
:104AD000A0860100801A060040420F00202A30B54F
:104AE00014D800239CB2A24207D890F89430134403
:104AF000DBB280F89430002030BD90F89440CD5C5B
:104B00001C440444013384F87450EBE70120F3E7BC
:104B10002DE9F34705460F469046994603F0BAFA49
:104B20000024D5F830A006460435CDF800A04B4649
:104B300042463946284604F041F8022806D103F0DF
:104B4000A9FA841B642CF0D906201FE008BB03F0EF
:104B5000A1FA0646284604F09BFF202809D0632CC2
:104B600007D803F097FA841B284604F094FF002826
:104B7000F0D0284604F08FFF632C0CD882060AD4AC
:104B800043070AD4003818BF0120800002B0BDE8F6
:104B9000F0870420FAE70520F8E70320F6E710B5D0
:104BA00064230446043003F0F5FE022810D00328E5
:104BB00006D090B194F84130202B18BF042004E0B7
:104BC00094F84130202B18BF052008BF022004E0D4
:104BD00094F84130202B18BF062010BD2DE9F34773
:104BE00004460E4691461F4603F054FA80463FB9EC
:104BF00001223146204602B0BDE8F047FFF7CFBFA3
:104C0000D4F830A000250434CDF800A03B464A4635
:104C10003146204603F06AFF022807D103F03AFA32
:104C2000A0EB0805642DEFD906201FE008BB03F0B8
:104C300031FA0646204604F02BFF202809D0632DC8
:104C400007D803F027FA851B204604F024FF00282C
:104C5000F0D0204604F01FFF632D0CD882060AD442
:104C600043070AD4003818BF0120800002B0BDE815
:104C7000F0870420FAE70520F8E70320F6E720B1E3
:104C800019B1C166043004F095B8704720B119B16C
:104C90000167043004F08EB8704770B590F8913019
:104CA000012B04460D46A0F1040609D1436E3BB129
:104CB000836E30469847022384F891300023636660
:104CC0008DB9E36E84F891501BB184F89050304652
:104CD000984794F8902004F1700120462023BDE805
:104CE000704003F0F1BF00230122636684F8912035
:104CF000616E7431314420460423BDE8704004F0F5
:104D00001EB810B590F89130012B044604D1436EC3
:104D100013B1836E04389847022384F8913000233E
:104D200063662046BDE8104004F044B8436E1F2B74
:104D3000DEBF436E0133436690F89130012BDAB247
:104D400005D1416E70310423014403F0F8BF704770
:104D5000002380F89030704790F892300BB104F047
:104D600029B87047014B186804F0A4B9C4040020A6
:104D7000014B186804F0F0BDC4040020014B5868D2
:104D800004F098B9C4040020014B586804F0E4BD55
:104D9000C4040020014B986804F08CB9C4040020BE
:104DA000014B986804F0D8BDC404002070477047D8
:104DB0007047043000F09ABA93B204300A4600F00B
:104DC000E7BA10B57821044606F00BFA204610BD6C
:104DD00007B50B68026F9A4205D1436F4A6853408A
:104DE00033F07F4312D00B6803678B88A0F87430D0
:104DF0008B7980F876304B798A790092003B0A797A
:104E0000096818BF0123043000F026F903B05DF8EB
:104E100004FB07B5CDE900126946FFF7D9FF03B0DF
:104E20005DF804FB2DE9F0411C46484B0360484BFC
:104E300003670D464FF480730021A0F874301646C6
:104E400080F8761007465C220430DDF8188008F000
:104E500032FDF3B2332B28D83E4A52F8233006F401
:104E6000E0661E43EBB2332B3E6632D8394A52F825
:104E7000233005F4E0651D43E3B2332B7D663CD857
:104E8000344A52F8233004F4E0641C435FFA88F299
:104E9000332ABC6645D82F4951F8222008F4E06334
:104EA0001343FB663846BDE8F08106F0C002C02A15
:104EB0000CD1CF2B0AD8284B06F03F0206F4E0664F
:104EC00053F82220234B53F82230CAE74FF0FF3625
:104ED000C8E705F0C002C02A0CD1CF2B0AD81E4B60
:104EE00005F03F0205F4E06553F82220194B53F812
:104EF0002230C0E74FF0FF35BEE704F0C002C02A01
:104F00000CD1CF2B0AD8144B04F03F0204F4E06418
:104F100053F822200F4B53F82230B6E74FF0FF34FE
:104F2000B4E708F0C003C02B0CD1CF2A0AD80A4B33
:104F300008F03F0253F82210064A08F4E06352F8E2
:104F40002120ADE74FF0FF33ABE700BFACFC00081A
:104F500000093D006C0D01082C0D010807B5084B38
:104F6000009300224FF480738DF8061080F85520CE
:104F70006946ADF80430FFF72BFF03B05DF804FB82
:104F800000093D000021FFF7E9BF07B5002A8DF8B1
:104F900007100DF107014FF001030CBF0A46002274
:104FA000043000F0F5F99DF8070003B05DF804FB4C
:104FB0000022FFF7EABF13B590F87530ADF8061080
:104FC000044613B149BAADF80610002A0DF10601E6
:104FD0004FF002030CBF0A460022201D00F0D8F952
:104FE00094F8753023B1BDF806305BBAADF80630E1
:104FF000BDF8060002B010BD0022FFF7DCBF0000C4
:1050000007B5342300930C220D230B210248FFF730
:1050100009FF03B05DF804FBD00400200A4A0346F0
:10502000106883B1094A934201D104F01BBE084ABB
:10503000934201D104F006BE064A9342FAD002F52B
:1050400078429342F1D07047B00000200030014018
:1050500000380040003C00402DE9F04F0E4685B07E
:1050600015461F460446002800F0EC809449006E67
:1050700006F008FD93498146E06D06F003FD924974
:105080008346606E06F0FEFC90498046A06E06F0F6
:10509000F9FC8246B9F1000F00F0D480BBF1000F9B
:1050A00000F0D080B8F1000F00F0CC80594648469F
:1050B00006F00FFD51468146404606F00AFD0146C6
:1050C0008046484606F005FDA065B9F1000F00F0E6
:1050D000B980B8F1000F00F0B580002800F0B28070
:1050E0007749206E06F0B6FC7649E06D06F0B2FC1A
:1050F0007549606E06F0AEFC636E012D8CBF012118
:10510000022113F0800840F0D880C3F30310704AE6
:1051100003F00F0352F820206E48D2F80CC050F86C
:10512000233093FAA3F0B0FA80F04FF0030E400062
:1051300093FAA3F3B3FA83F30EFA00F05B002CEAC0
:10514000000001FA03F30343D360A06E5F4906F049
:1051500081FC614BA06D98424FF0000313D1009386
:105160005E4B5A6C42F480525A645A6C02F480527C
:105170000092009A5A6A42F480525A625A6A22F4A1
:1051800080525A6215E0564A90425ED10193534BC9
:105190001A6C42F480421A641A6C02F48042019242
:1051A000019A1A6A42F480421A621A6A22F4804210
:1051B0001A62A36E20605A1C0CBF4FF400734FF4A8
:1051C0008023A3619DF83830002B14BF00234FF4D7
:1051D00082736360FFF722FFB6EB500F61D2B6EB2C
:1051E000900F60D2B6EBD00F5FD2B6EB101F5ED23D
:1051F000B6EB501F5DD2B6EB901F5CD2B6EBD01F62
:105200002CBF30233823E3613DB1022D05D0013D91
:1052100018BF01256D004FF00108072287F0010734
:1052200000239740C4E90873A360A362E262E360CD
:10523000C4E90458204605F050F9A26D136843F004
:105240004003136005B0BDE8F08F264A904212D1AA
:105250000293224B1A6C42F400421A641A6C02F454
:1052600000420292029A1A6A42F400421A621A6AD0
:1052700022F400429CE71C4A90429AD10393174BB8
:105280005A6C42F400525A645A6C02F4005203926F
:10529000039A5A6A42F400525A625A6A22F400523D
:1052A0006FE70023AFE70823ADE71023ABE7182330
:1052B000A9E72023A7E72823A5E70023DB68FFDE73
:1052C000D00501087C05010810050108B00401089B
:1052D00084000020580401080030014000380240DA
:1052E00000380040003C00400034014010B5044646
:1052F00018B305F04FF9A36D204A93420DD1204B0E
:105300005A6A42F480525A625A6A22F480525A62AD
:105310005A6C22F480525A640FE01A4A93420DD11B
:10532000174B1A6A42F480421A621A6A22F48042C7
:105330001A621A6C22F480421A6410BD124A934217
:105340000CD10F4B1A6A42F400421A621A6A22F414
:1053500000421A621A6C22F40042EDE70B4A9342B3
:10536000EBD1074B5A6A42F400525A625A6A22F44D
:1053700000525A625A6C22F40052CCE700300140CD
:105380000038024000380040003C0040003401403A
:105390002DE9F0410D4616461C4633B3876D02F0E9
:1053A00079FE8046BB689907FCD5D5B115F8013B5D
:1053B0003B73BB68DA07FCD53B7B0EB106F8013BBB
:1053C00002F068FEA0EB0800B0F57A7F04F1FF342C
:1053D00009D2002CE6D12046BB681B06FCD4BDE8F0
:1053E000F081FF23E4E70120F6E70220F7E77047AA
:1053F0002DE9F04F85B01D46BDF93840BDF83C3071
:105400000093A4EB0208A5EB0109B8F1000FB8BFA7
:10541000C8F10008B9F1000FB8BFC9F10009C845CB
:10542000174616468246A4462A460B4605DC224607
:105430003B462C460F4665463146A74208DC1E46D1
:10544000134632462E460D46314626463C463746E2
:105450009B1A3E1B83EAE372A2EBE372C6F3C033EE
:10546000B0B203FA86F68D42B4BF01234FF0FF338A
:105470000190029276100393BC4202DD05B0BDE8B4
:10548000F08FDAF80030C845D3F818B0009BC7BFDA
:10549000224629462A4621465046D847029BF61AFC
:1054A000B3B236B2002E05DA039A1544019A1344BA
:1054B0002DB21EB2013424B2DEE7704710B4046886
:1054C0002469A4465DF8044B604730B40468BDF815
:1054D00008500295A46BA44630BC604730B4046801
:1054E000BDF808500295E46BA44630BC604770B428
:1054F000BDF90C50BDF810600468CDE90356246C6A
:10550000A44670BC60472DE9F3411C460368BDF812
:1055100020805B6905461646013C34440F4624B2A0
:1055200098472B68CDF8048000949C6A28463B4637
:1055300032463946A0472B68DB6A284602B0BDE8F0
:10554000F04118472DE9F3411D460368BDF820805E
:105550005B69044617460E4698472268CDE90078F5
:105560006B1E3344956A20461BB23A463146A84723
:105570002368DB6A204602B0BDE8F04118472DE9F8
:10558000F3471E460368BDF928805B69BDF82C907F
:105590000C460546174698472644B4422B6805DB5F
:1055A000DB6A284602B0BDE8F0471847CDF8009006
:1055B000D3F820A0214643463A4628460134D04736
:1055C00024B2EAE713B502680191B0F90E10009118
:1055D000146CB0F90C3000221146A04702B010BD87
:1055E0002DE9F3471D460368BDF82C805B69BDF9C2
:1055F000289004460F46164698472368CDF8008049
:10560000D3F824A032462B4639462046D04723689B
:10561000CDF8008009F1FF323244D3F824A0394696
:105620002B46204612B2D0472368CDF80080D3F82D
:1056300020A032464B4639462046D047013D2368DC
:10564000CDF80080E91920461D6A32464B4609B262
:10565000A8472368DB6A204602B0BDE8F047184738
:1056600070472DE9F74399421546BDF92860BDF80A
:105670002C90026807460C46984611D1B542D8BF17
:105680003346CDF82890DCBF2E461D466B1C956B2B
:105690009B1B1BB23246AC4603B0BDE8F0436047EB
:1056A000B5420FD19942D8BF1C46CDF82890D66B91
:1056B000D8BF88460134A4EB080423B22A464146E9
:1056C000B446E9E7536998473B68CDE90069384635
:1056D0009E6A2A4643462146B0473B68DB6A384605
:1056E00003B0BDE8F043184701F003038376B0F937
:1056F0000830B0F90A20C9075EBF194613460A46AA
:105700008281C3817047000030B54281C281074A5F
:10571000074D0181002481814FF0FF31C0E905125E
:105720004460056004610477046230BD010100013A
:10573000E8FC00082DE9F04F9FB287B01E46C7F184
:1057400001031BB20193C7EBC7335B001BB2049389
:105750000368BDF840505B69044691468846984707
:105760001FFA89F30293236817FA89F2D3F818A075
:1057700012B22B4641462046D0471FFA89F3DA1B66
:10578000236812B2D3F818A041462B462046D047D2
:105790001FFA88F30093236817FA88F1D3F818A04A
:1057A0004A462B4609B22046D047009BD91B2368A6
:1057B0004A469F6909B22B462046B8470023039307
:1057C000039BB34206DB2368DB6A204607B0BDE8D3
:1057D000F04F1847019B002B0ADB049B02331AB2DF
:1057E0000492019A12FA83F3013E1BB236B201937E
:1057F000039B01331FFA83F81BB20393019B03EB56
:10580000480301331BB20193009B03EB080A029B80
:1058100013FA86F223680FFA8AFA12B29F69059288
:105820002B4651462046B847009B059AA3EB080932
:1058300023680FFA89F99F6949462B462046B847E5
:105840001FFA86FB029B5F46DA1B236812B2D3F86D
:1058500018B005922B4651462046D8472368059A32
:10586000D3F818A049462B462046D047009B03EBAF
:105870000709029B03EB080B23680FFA89F90FFA5B
:105880008BFBD3F818A05A462B4649462046D047F2
:10589000009BDF1B23683FB2D3F818A05A462B4663
:1058A00039462046D047029BA3EB080823680FFA2D
:1058B00088F8D3F818A042462B4649462046D047E0
:1058C00023684246D3F8189039462B462046C847ED
:1058D00076E72DE9F04F8BB01C46BDF858300493A5
:1058E000A3B2C3F10105C3EBC3335B001BB2079343
:1058F000BDF95430039101339BB29DF850100593CC
:1059000093B206939A460023029301F00103089391
:10591000DDF814B001F0020380462DB20993029B1A
:10592000A34202DB0BB0BDE8F08F002D6CDB079BC0
:1059300002331AB2661E15FA83F336B207921DB20D
:10594000029F01371FFA87F93BB205EB4905013584
:105950009E4202932DB22ADB089B93B104980699CC
:105960000090059BD8F80000B2B203EB42038A1AFC
:105970000399006A494407461BB212B209B2404675
:10598000B847099B9BB10699059B04980090B2B259
:1059900003EB42038A1A0399D8F80000A1EB09012E
:1059A0001BB2D0F8209012B209B24046C847A642B6
:1059B00020D0089B73B1039B049A1919D8F80030C2
:1059C0000092D3F820900FFA8AF20FFA8BF309B203
:1059D0004046C847099B6BB1039B049A191BD8F832
:1059E000003000921C6A0FFA8AF20FFA8BF309B2A8
:1059F0004046A0470AF1FF331FFA83FA0BF1020376
:105A00001FFA83FB34468AE7264699E72DE9F043DF
:105A10001F46036885B004465B69BDF830800D46BB
:105A200016469847BAB22168CDF80080530001337A
:105A3000B21AD1F82090204629461BB212B2C847AC
:105A400003230022CDE9003220463B46CDF80880F2
:105A500032462946FFF73DFF2368DB6A204605B042
:105A6000BDE8F04318472DE9F04F89B0CDE90312A6
:105A70000593BDF8503006930368BDF948905B6903
:105A8000BDF94CA00446984719F1070348BF09F136
:105A90000E030026DB100293B0463546049B03EB51
:105AA00008020FFA88F39A4512B226DD002301930B
:105AB000059B03EB060B17E059070BBFDB106D00CE
:105AC0001BF80350EDB22B060BD5039B01990792EF
:105AD000591823689B6909B21F462046069BB847A0
:105AE000079A019B01330193BDF904304B45E3DB79
:105AF000029B08F101081E44D0E72368DB6A2046B8
:105B000009B0BDE8F04F18472DE9F04F93B01F469C
:105B10000292026ABDF87030BDF874809DF878502A
:105B20009DF87C40039383460E46002A40F0C080D7
:105B3000B0F90C308B4240F34181B0F90E30029A3B
:105B4000934240F33B81062315FB0313002B40F3E4
:105B5000358102EBC403002B40F33081037F1BB976
:105B6000AF2F84BF0137FFB2DBF8003058465B69C6
:105B700098470522099200220492924ABDF808A093
:105B800007EB8703D3180D93049A0D9B9B5C069338
:105B9000BDF810300793B3B2059302FB05F313FA77
:105BA00086F31BB2089308230A932BB20B9323B2FC
:105BB0004FF000090C93069ADBF80030D20751D55C
:105BC000012D1FFA89F23ED1012C3CD19B69079926
:105BD00005981F46039B5244014412B209B258462D
:105BE000B847069B5B0806930A9B013B09F1010934
:105BF00013F0FF034FFA89F90A93DCD1049F0137B0
:105C00007BB20493099B013B13F0FF030993BBD1C3
:105C1000039B43450FD0012DDBF8003039D1012C17
:105C200037D10599CDF8008005311C6A029A082306
:105C300009B25846A047DBF80030DB6A584613B07B
:105C4000BDE8F04F18470399019114FB02F252444A
:105C50000C990091DB6908991F4612B20B9B5846BC
:105C6000B847BEE7039A4245BBD0012D1FFA89F21F
:105C700009D1012C07D19B69079905981F46524409
:105C800001444346A9E714FB02F25244CDF80480D4
:105C9000DEE70599CDF8048005EB8502E4001144A8
:105CA0000094DC69029A2B4609B25846A047C2E725
:105CB000137A516812680B92FF1AFFB201EBC70307
:105CC00031F8372004929A7893F905A00792DA7890
:105CD00093F90630089345EA0403012B87BF089B1C
:105CE00006930023CDE9053303680C925B6988BFF6
:105CF000CDF814A09847B3B2002710931AFA86F390
:105D0000B946B84611930C9B984594D2BDF808301B
:105D10000993069B029A434413FB04F313FA82F39C
:105D20002AB21BB20E9222B20A9300263B460F9271
:105D300029E05A1CD2B25B070D9207D1049B04994B
:105D40000B9A01339BB212F80190049319F0800F63
:105D500012D0012DDBF800301FD1012C1DD1DDE95F
:105D600008120A441199D3F818A0039B42447118F1
:105D700012B209B25846D0474FEA490901360D9B85
:105D80005FFA89F9F6B2079A9642D2D3174408F11E
:105D90000108FFB25FFA88F8B5E7059A9119109AE1
:105DA00001FB0521039A01920F9A0092D3F81CA0DF
:105DB0000A9A0E9B09B25846D047DDE713B0BDE8FA
:105DC000F08F00BF38FD0008F0B5026A85B00446C8
:105DD0000B46002A34D10A2908D1438A0282427E26
:105DE00003EBC2036382012005B0F0BD0D29FAD098
:105DF000E17E007E657E71B1B4F91060062110FB72
:105E00000161B4F90C60B142C1BFB4F91210228231
:105E100001EBC5026282CDE90205E28A0192A28A03
:105E20000092B4F91220B4F910102046FFF76CFE6E
:105E3000237E228A03EB430302EB43032382D2E750
:105E40000A2907D100230382417E127B438A01FB8A
:105E50000233C7E70D29C6D0117A8B42C3D3907A9B
:105E60009842C0D35568591AC9B205EBC105A97843
:105E700029B3E87818B3E07E267E677E90B195F965
:105E800005000844B4F9101006FB0011B4F90C0029
:105E9000814207DD00202082B4F91210127B02FB40
:105EA00007126282CDE90267E28A0192A28A009219
:105EB000B4F91220B4F910102046FFF725FE297915
:105EC000227E238A01FB0233B8E7012938BF012172
:105ED000017641767047002107F0BABA012107F038
:105EE000B7BA002107F0B4BA012107F0B1BA002116
:105EF00007F0AEBA012107F0ABBA002107F0A8BA4B
:105F0000012107F0A5BA000038B512B2044609B263
:105F10001D46FFF7F9FB104B2360012384F8343052
:105F20009DF91C3084F835309DF9103084F83730F5
:105F30000023A363A38723649DF9183084F82630D7
:105F40009DF9143084F8243084F836509DF92030BF
:105F500084F82530204638BD40020108F8B5424B90
:105F6000044690F93600002914BF0F461F4600284A
:105F7000164607DB012107F001FA94F936000121EA
:105F800007F066FA94F93700012107F0F7F994F960
:105F90003700012107F05CFA94F834506DBB606A59
:105FA000A762012384F82D30036884F82C60DB6A33
:105FB00084F82E502663984794F93500002851DB69
:105FC000012107F0DBF994F93500012107F040FACF
:105FD000642007F01DFB94F93500002107F038FA22
:105FE000642007F015FB94F93500012107F030FA21
:105FF000BDE8F840C82007F00BBB012D1BD194F978
:106000002400294607F0BAF994F92400002107F08A
:106010001FFA94F92600294607F0B0F994F92600F2
:10602000002107F015FA94F925000028C4DB0021AF
:1060300007F0A4F9C0E794F92500012107F09EF9C3
:1060400094F92500012107F003FA94F926000028AD
:10605000B2DB012107F092F994F92600012107F043
:10606000F7F9A9E7F8BD00BF0024F40010B490F8D8
:106070003420034642B9406A0268D469D3E90A125F
:1060800023465DF8044B18475DF8044B704710B584
:106090000446FFF7EBFF94F93600002803DBBDE868
:1060A0001040FFF72ABF10BD90F834301BB9406A8A
:1060B00003681B6A1847704710B5044690F936000C
:1060C000002801DBFFF71CFF2046FFF7EDFF10BDA6
:1060D00010B50446002190F9250007F0B9F994F9AC
:1060E00025000121BDE8104007F0B2B92DE9F041CB
:1060F00005460E4614468AB190F834304FEA11280E
:10610000CFB26BB9686A036841469B689847686A72
:10611000036839469B689847013CF3D1BDE8F0819C
:10612000012B1ED1B046102718F4004F95F924001A
:1061300014D0FFF7D9FE95F92600013FFFF7CEFEF8
:106140004FEA480895F92600BFB2FFF7C4FE1FFAD0
:1061500088F8002FE8D1013CE4D1DFE7FFF7C1FE6A
:10616000E9E7B845DAD02846FFF7B2FF013CFAD19B
:10617000D4E72DE9F3411D46BDF8203000930368B4
:10618000BDF92070D3F85480BDF82460ABB292B250
:1061900089B20446C04705FB07F23146204602B0EB
:1061A000BDE8F041FFF7A2BF2DE9F341BDF9204062
:1061B000002B45D0002C43D0002B05DA013111FA19
:1061C00083F15B4209B21BB2B0F90C608E4237DD3D
:1061D000002C05DA013212FA84F2644212B224B2BF
:1061E000B0F90E5095422BDD01EB03081FFA88F839
:1061F00008F1FF3C0FFA8CFCBCF1000F20DB02EB36
:10620000040E1FFA8EFE0EF1FF373FB2002F17DB90
:106210000029BCBF0FFA88F30021002ABCBF0FFA87
:106220008EF400226645DCBF761A33B2BD42DCBF75
:10623000AD1A2CB2BDF82450CDE90045FFF799FF07
:1062400002B0BDE8F0812DE9F7438046BDF9287022
:10625000BDF82C900C4615461E46002B52D0002F40
:1062600050D0002B05DA013414FA83F45E4224B2D4
:1062700036B2B8F90C20A24244DD002F05DA013510
:1062800015FA87F57F422DB23FB2B8F90E30AB4216
:1062900038DD04EB060E1FFA8EFE0EF1FF3000B261
:1062A00000282FDB05EB070C1FFA8CFC0CF1FF31EB
:1062B00009B2002926DB002CBCBF0FFA8EF60024A1
:1062C000002DBCBF0FFA8CF700258242DCBF121BE9
:1062D00016B28B42DCBF5B1B1FB2D8F800304046C1
:1062E0005B69984733464046CDE900792A46214606
:1062F000FFF73FFFD8F80030DB6A404603B0BDE847
:10630000F043184703B0BDE8F0832DE9F341171EB1
:10631000BDF8208006460C461D4633DBB0F90E3032
:10632000BB422FDD002D2DD005DA013414FA85F49F
:106330006D4224B22DB2B6F90C30A34222DD6119B0
:1063400089B24A1E12B2002A1CDB002CBCBF0DB25F
:1063500000249342DCBF1B1B1DB2336830465B69CF
:1063600098470123009330462B46CDF804803A46E7
:106370002146FFF7FEFE3368DB6A304602B0BDE817
:10638000F041184702B0BDE8F0812DE9F3410F1E3E
:10639000BDF82080064614461D4631DBB0F90C30AE
:1063A000BB422DDD002D2BD005DA013414FA85F423
:1063B0006D4224B22DB2B6F90E30A34220DD611930
:1063C00089B24A1E12B2002A1ADB002CBCBF0DB2E1
:1063D00000249342DCBF1B1B1DB2336830465B694F
:1063E00098473046CDE90058012322463946FFF749
:1063F000C0FE3368DB6A304602B0BDE8F0411847A2
:1064000002B0BDE8F081002A73B525DBB0F90E407B
:10641000944221DD002B1FD005DA013111FA83F1FE
:106420005B4209B21BB2B0F90C408C4214DDCE18AD
:10643000B6B2751E2DB2002D0EDB0029BCBF33B2E3
:106440000021AC42DCBF641A23B2BDF818400194AD
:1064500001240094FFF78DFE02B070BD73B50029D2
:1064600025DBB0F90C408C4221DD002B1FD005DA72
:10647000013212FA83F25B4212B21BB2B0F90E4043
:10648000944214DDD618B6B2751E2DB2002D0EDB67
:10649000002ABCBF33B20022AC42DCBFA41A23B234
:1064A000BDF81840CDE900340123FFF762FE02B0C9
:1064B00070BD70B590F8343004460D462BB9406A73
:1064C0000368BDE870409B681847012B18D1082667
:1064D0002B0694F9240010D5FFF706FD94F9260049
:1064E000FFF7FCFC013E94F92600FFF7F4FC6D0079
:1064F00016F0FF06EDB2EBD170BDFFF7F2FCEDE751
:10650000FFF7E6FDF8E738B504460D4690F9370089
:10651000FFF7EDFC20462946FFF7CBFF94F9370043
:10652000BDE83840FFF7E6BC036870B55B690D460F
:106530000446984755B194F83C102046FFF7E3FF16
:1065400023682046DB6ABDE87040184794F83D1088
:10655000F3E770B590F8343005460C465BB9406AF5
:106560000368090A9B689847686A0368E1B29B68F8
:10657000BDE870401847012B18D11026230495F967
:10658000240010D5FFF7B0FC95F92600FFF7A6FC14
:10659000013E95F92600FFF79EFC640016F0FF0609
:1065A000A4B2EBD170BDFFF79CFCEDE7FFF790FDC7
:1065B000F8E773B5002904461D4617DBB0F90C3027
:1065C0008B4213DD002A11DBB0F90E3093420DDD52
:1065D000066801230093766D92B289B2B0472946CE
:1065E000204602B0BDE87040FFF7B3BF02B070BDF7
:1065F0002DE9F3410D1E044616461F4620DBB0F977
:106600000C30AB421CDD002A1ADBB0F90E3093428D
:1066100016DD03685B699847226801230093D2F86E
:106620005480A9B2B2B22046C04720463946FFF78F
:1066300090FF2368DB6A204602B0BDE8F0411847AE
:1066400002B0BDE8F081F8B504460E4615461F4677
:10665000FFF70CFD94F93600002801DBFFF74DFC35
:1066600094F93700FFF743FC31462046FFF721FF3E
:1066700094F93700FFF73EFC0026B74209DC94F995
:106680003600002801DBFFF73BFC2046FFF70CFD3E
:10669000F8BD94F83430022B09D194F8273033B187
:1066A00035F8021B2046FFF754FF0136E5E715F8E1
:1066B000011B2046FFF7FDFEF7E7F8B504460E463E
:1066C00015461F46FFF7D2FC94F93600002801DB7F
:1066D000FFF713FC94F93700FFF709FC3146204619
:1066E000FFF7E7FE94F93700FFF704FC0026B742F6
:1066F00009DC94F93600002801DBFFF701FC204695
:10670000FFF7D2FCF8BD94F83430022B09D194F88D
:10671000273033B135F8021B2046FFF71AFF013648
:10672000E5E715F8011B2046FFF7C3FEF7E770B554
:1067300090F8343004460D46BBB9406A0368090E30
:106740009B689847606A0368C5F307419B68984750
:10675000606A0368C5F307219B689847606A03680D
:10676000E9B29B68BDE870401847012B18D120267C
:10677000002D94F9240010DAFFF7B6FB94F92600F7
:10678000FFF7ACFB013E94F92600FFF7A4FB16F0DF
:10679000FF064FEA4505EBD170BDFFF7A2FBEDE721
:1067A000FFF796FCF8E700220260C2600022417108
:1067B0000261704710B50446006810B1102104F062
:1067C00010FD204610BD10B501238AB0CDE900337D
:1067D0000223016804461A4603A8FDF7DCF90DF10F
:1067E0000A0103A8FDF796FA2071BDF80A00C00857
:1067F00080000AB010BD30B5012593B0CDE9005539
:10680000044601680223052204A8FDF7C4F9A16823
:10681000022204A8FDF71BFACDE9005502232168E6
:1068200004220BA8FDF7B7F90DF10E010BA8FDF737
:1068300071FA2071BDF90E0013B030BD00000000E8
:1068400008B5FFF7C0FFF9F76DFE05A3D3E90023F4
:10685000F9F7D2FEFAF7C8F900EE100A08BD00BF3A
:10686000FCA9F1D24D62503F10B50446FFF7C3FFBB
:1068700094ED030A07EE900AB8EE400AF8EEE77AC4
:1068800087EE800A10BD30B54FF480520A2391B0D4
:106890000125C0E902234FF080430361CDE9005593
:1068A000044601680223052202A8FDF774F9A168D5
:1068B000022202A8FDF7CBF9CDE900550223216899
:1068C000002209A8FDF767F9022243F69F1109A8E3
:1068D000FDF7BDF9207111B030BD70B505680446F3
:1068E0000E4645B9102004F07AFC6179054632461F
:1068F000FDF745FA256028460121FDF75EFA0546B9
:1069000010B12046FFF7BFFF284670BD37B5002302
:106910008DF8073090F8473090F8444003F0FB05BD
:1069200001F00302012D82761AD189070ED40321CA
:1069300080F84510032A5DD0012A38D0022B19D1E6
:10694000C0238DF80730A02380221AE0022A80F8A5
:106950004550EFD1022BF6D0042B10D008221FE0B7
:10696000022AF7D0032AE7D1022B41D0042B41D1D0
:10697000602321E0042B12D1C0238DF80730A0231F
:106980005022C38190F845308281048743870123D8
:106990000DF107023621FFF756FE03B030BDC822C5
:1069A000012B8DF8072020D0062BE8D0CBE7022B57
:1069B0000DD0042B11D1A0238DF80730A023502235
:1069C000838190F84530C28144870387DFE7A023A5
:1069D0008DF80730A0238022F2E7A822012B8DF842
:1069E000072009D0062BE9D0F4E780231A46C8E730
:1069F0006023EDE76822F1E780231A46E0E7000014
:106A000030B587B04FF0FF3504959DF92C500395B4
:106A10009DF928500092CDE90135A0220B46802136
:106A2000044600F0D5F8024B2360204607B030BD85
:106A3000A002010837B50D462E49044600F00DF9B5
:106A4000062D45D8DFE805F0042444442E24360002
:106A50002949204600F0DCF84FF48173A4F8443053
:106A60002649204600F0D4F8022D01D0042D34D15F
:106A7000C0238DF807300DF107020123362120468F
:106A8000FFF7E1FD236884F847501B6B00212CE0E1
:106A90004FF08013E3601A49204600F0B9F840F245
:106AA0000233DBE7174BE3601749204600F0B0F8EC
:106AB0001823D3E7134BE3601449204600F0A8F8ED
:106AC0004FF48D73A4F8443042F22013A387C7E734
:106AD0000F49204600F09CF8C2E7052DD2D123686B
:106AE00001221B6B84F847200221204603B0BDE839
:106AF000304018476603010859030108F8020108ED
:106B00003F030108A00050003203010823030108DD
:106B10004C0301080A460649002A18BF114642F2F2
:106B200021028287016490F84620FFF717BA00BF60
:106B30000048E80170B5068FBDF810503144468F0B
:106B4000324413FA81F615FA82F5013E044646EA0C
:106B50000146013D2A2145EA0245FFF7D4FC3146B2
:106B60002046FFF7E4FD20462B21FFF7CCFC294609
:106B70002046FFF7DCFD20462C21BDE87040FFF7E2
:106B8000C2BC07B501F00301002302298DF80730CC
:106B900090F8442090F84530817606D0032915D02E
:106BA00001290DD0C0218DF80710028743870123EA
:106BB0000DF107023621FFF746FD03B05DF804FB37
:106BC000A0218DF8071042870387F0E76021F8E7DE
:106BD00030B587B004469DF9385004959DF934507E
:106BE00003959DF9305002959DF92C5001959DF922
:106BF00028500095FFF788F9044B236020460023B6
:106C0000A4F8443084F8463007B030BDAC03010826
:106C10002DE9F04111F8015B06460DB9BDE8F081A0
:106C20004C7801F1020804F07F0709783B464246A0
:106C30003046FFF742FD230608EB07010AD518F896
:106C40000700FF2801F1010408BF4FF4FA7006F0B5
:106C5000DFFC2146013DEDB2DFE738B503680D46A4
:106C60001B6D0021044698472DB129462046BDE8FA
:106C70003840FFF7CDBF38BD054A4FF01061C0E97D
:106C800000120022FF21C0E90222C0E9061270476B
:106C90000101010009220023C270034AC160037090
:106CA00042600372704700BF0101010010B5034646
:106CB0000C46FFF7E1FF18462146FFF7EBFF10BD3A
:106CC00043781BB18078002106F0C2BB704743783F
:106CD0001BB18078012106F0BBBB704708784228C1
:106CE0000FD8272806D8102818BF22280CBF01204B
:106CF00000207047044B2838C0B2C34003F00100A5
:106D000070470020704700BF0100080410B50C4612
:106D10002046072100F080FBE3791B1A58425841B6
:106D200010BDF8B5C379934204460F46154615D9F0
:106D3000C06800F0D8FA0026E0680122394600F069
:106D400003FB58B1F3B29D4204D139462046FFF708
:106D5000DDFF20B90136F3B2AB42EDD90020F8BD1A
:106D6000C079704738B504460D46C06800F0EEF9AA
:106D7000E0688DB900F0B3FA0022B421E06800F0B9
:106D800069FAE06800F047FA0546E06800F0DEF9CD
:106D9000B5FA85F0400938BD294600F08EFAEBE7D8
:106DA0000A44914201D10120704711F8013B002BA8
:106DB000F7D00020704770B50446C0680E461546EF
:106DC00000F0C4F9B8B13146E06800F076FAE06846
:106DD0000022BE2100F03EFA6E1E0835E06800F089
:106DE00059FA06F8010FAE42F8D1E06800F0AEF9AA
:106DF000431E5842584170BD38B505461446FFF74A
:106E0000DAFF68B1092221462846FFF7C9FF40B9D9
:106E10000821204600F000FB237A1B1A58425841F3
:106E200038BD0020FCE71FB50B78102B0C4617D09F
:106E300001AAFFF7E1FF78B122789DF808303B2ADC
:106E400001D11A060CD45F2B0CD007D81F2B0BD006
:106E50003F2B14BF00200A2004B010BD7F2B05D1AA
:106E60000C20F9E70B20F7E70920F5E70020F3E70E
:106E700073B5044603250026E06800F034FAE67195
:106E80002672322006F0C4FBE0680122694600F059
:106E90005BFA38B9E3791BB9013D15F0FF05EBD179
:106EA00002B070BD69462046FFF730FF0028EBD0E6
:106EB000E3790133E37169462046FFF70FFF0028AD
:106EC000E2D0237A0133237223782BB92046FFF7CF
:106ED00049FF08B10123237069462046FFF7A3FF4D
:106EE000E378834238BFE070CEE7000010F5DC5F46
:106EF000C6BF00EE100ABAEEEC0A9FED010A704719
:106F00000000FEC20938C0B202289ABF024B33F813
:106F1000100040F2EE207047040401080171704730
:106F200008B5C06800F077F9431E5842584108BDC3
:106F300070B504461546637908467BB123786BB972
:106F400040F2ED262046FFF7EBFFA8B906F05CFB08
:106F5000401BB04210D806F009F9F3E7FFF7D2FF63
:106F600005462046FFF7ACFE284606F051FB2046BA
:106F7000BDE87040FFF7ABBE70BD38B50C460123CD
:106F800003600546C86800F0E1F8E06800F0A7F982
:106F90002278E068442100F05DF906F035FB2379A2
:106FA000686002461BB1E1782046FFF7C1FF284622
:106FB00038BD000030B592F901300978264C55787B
:106FC000002BA8BF00243B29137819D192F90400A3
:106FD000002815DAD8070BD59378D90738D49A0743
:106FE00038D413F0040F1D4B1D4818BF184630BD90
:106FF000DB0003F4FC6343EAC52343EA0400F6E73D
:10700000D80040EAC520282940EA040010D1502BBE
:1070100007D1052DEBD19279124B0C2A08BF1846E7
:10702000E5E7FF2BE3D1104B072D08BF1846DEE73D
:107030001029DCD1D1790029D9D093790B4A02EA01
:10704000C002CB1A203ADB0193FBF1F31344D4E7DF
:107050000748CCE70748CAE70000F8FF0082FFFFB7
:1070600080E4FFFF8082FFFF0083FFFF80FF0700B7
:107070000081FFFF8081FFFFF0B5044685B00D461B
:107080001646002701AA29462046FFF7B5FE30B173
:1070900001AA29462046FFF78DFF05B0F0BD013754
:1070A000FBB29E42EED20148F7E700BF80E4FFFF4B
:1070B00008B5FFF7E1FFBDE80840FFF717BF000084
:1070C00013B50A4669460446FFF72BFE30B100228D
:1070D00069462046FFF7ECFF02B010BD9FED010AA4
:1070E000FAE700BF0000FEC203065CBF084BC0F316
:1070F000031200F00F0058BF53F82220054B48BF81
:10710000002253F8203009B1936170471B04FBE75C
:107110008400002058040108030602D500231B69DF
:10712000FFDE084BC0F3031200F00F0053F82220DB
:10713000054B126953F8203093430CBF0120002007
:10714000704700BF840000205804010838B5056866
:1071500072B60021284604F0E3FB62B67C240220CC
:1071600006F064FA2846FFF7D7FF08B372B600218D
:107170002846FFF7B9FF0121284604F0D1FB62B68B
:107180004FF4F07006F052FA72B60021284604F06F
:10719000C7FB462006F04AFA2846FFF7BDFF80F0FD
:1071A0000104E4B262B64FF4CD7006F03FFA03E09A
:1071B000013C14F0FF04D2D1204638BD11F001018A
:1071C00010B5046815D072B600212046FFF78CFF79
:1071D0000121204604F0A4FB0A2006F027FA012131
:1071E0002046FFF781FF62B63720BDE8104006F069
:1071F0001DBA72B62046FFF777FF0121204604F042
:107200008FFB412006F012FA01212046FFF76CFFA8
:1072100062B60520E9E710B5046872B60121204680
:1072200004F07EFB00212046FFF75EFF032006F0FE
:10723000FDF90021204604F073FB0A2006F0F6F960
:107240002046FFF769FF044662B6352006F0EEF9E6
:10725000204610BD2DE9F041044688461546082712
:10726000012608EA0601003918BF01212046FFF770
:10727000A5FF7600013FF6B2F3D14DB972B6206892
:10728000294604F04DFB20682946FFF72DFF62B622
:10729000BDE8F081F8B507460826002501243846E8
:1072A000FFF7B9FF43422340013E4FEA440445EA59
:1072B0000305E4B2F3D12846F8BD70B500220C46B0
:1072C00055210646FFF7C6FF651E073415F8011F56
:1072D00000223046FFF7BEFFA542F7D170BD002265
:1072E000CC21FFF7B7BF0023038283748360C360A0
:1072F0007047000038B50C4605460021204606F0D0
:107300003DF8332C0AD80E4B53F824302B60002361
:107310006B602846BDE83840FFF7E5BF04F0C003C6
:10732000C02B0AD1CF2C08D8064B04F03F0453F8E9
:107330002420034B53F82230E8E74FF0FF33E5E712
:107340006C0D01082C0D01082DE9F84F867C0446D0
:107350008A4615461EB9FFF7F9FE804620B900207F
:107360002082A074BDE8F88F65B33246F021204634
:10737000FFF770FF002746464546BB462046FFF70D
:107380004AFF81462046FFF746FFB9F1010F1CD1A5
:1073900001282CD1402DE2D984F810B0BBF1000FA8
:1073A00001D10123A374237A002BD8D0E31D0AF165
:1073B000FF310F3413F8012F01F8012F9C42F9D14E
:1073C0000120CFE72A46EC21D1E7E31948B9227C16
:1073D000AA420BD91A7A164209D1082D98BF6574B2
:1073E000AB461A7A22EA06021A7205E0F5D1E219D2
:1073F000C146137A33431372494620467600FFF79D
:10740000DDFE013516F0FF06EDB2B7D10137FFB250
:10741000082FBFD04646B1E710B5094C02460144DB
:1074200000208A4200D110BD12F8013B434003F016
:107430000F0004EB1313205C1B7C5840F1E700BFE6
:107440000A04010810B50446406848B10368DB6AC5
:107450009847606803685B6B9847B0FA80F0400912
:1074600010BD70B50446406816461D4698B10368C5
:10747000DB6A98476068036831461B689847606814
:10748000036829461B689847606803685B6B9847E8
:10749000B0FA80F0400970BD70B5044640681D46E2
:1074A0000368DB6A164698476068036831461B68C4
:1074B00098476068BDF81020036829465B689847C4
:1074C000606803685B6B9847003818BF0120404232
:1074D00070BD2DE9F0471D464368BDF820400646C3
:1074E0000F469046002B3BD14FF0FF30BDE8F087B0
:1074F000706803683946DB6A9847B9F1000F04D019
:107500007068036841461B689847706803685B6B46
:1075100098470028E8D170680368202CD3F8389089
:1075200022464FF0010328BF20223946C8471FFAE0
:1075300080FABAF1000FD7D015FA80F94D4508D17D
:10754000A4EB0A04A4B24FF00009002CD0D12046CD
:10755000CCE7706803685B69984705F8010BEDE7B5
:107560004FF00109F1E70000024A02600022426088
:10757000704700BF3404010808B50346084659683F
:1075800021B9586012B10368DB699847012008BD32
:1075900001600271704737B50446006805680093C2
:1075A000AD6813460A462179A84703B030BD37B508
:1075B0000446006805680093ED6813460A46217981
:1075C000A84703B030BD032938B504460D4607D897
:1075D000083000F01FF9B0FA80F02575400938BD79
:1075E0000020FCE713B500240DF1070108308DF8E9
:1075F000074000F08EF918B99DF8070002B010BDE1
:107600002046FBE710B504460068217903681B6833
:10761000984758B104F10801204600F0B3F820461D
:10762000FFF7E0FFA0F16B035842584110BD73B55E
:10763000002506460C46083069460095ADF8045012
:1076400000F01BF900284ED1337D032B4BD8DFE827
:1076500003F002172839BDF9000000F0ABF8BDF9BE
:10766000020084ED000A00F0A5F8BDF9040084EDE5
:10767000010A00F09FF884ED020A012002B070BDFB
:10768000BDF9000000F0BAF8BDF9020084ED000A6F
:1076900000F0B4F8BDF9040084ED010A00F0AEF882
:1076A000E9E7BDF9000000F091F8BDF9020084EDB2
:1076B000000A00F08BF8BDF9040084ED010A00F027
:1076C00085F8D8E7BDF9000000F08CF8BDF902009C
:1076D00084ED000A00F086F8BDF9040084ED010A8B
:1076E00000F080F8C7E70020C8E708B5083000F0D0
:1076F000E2F8B0FA80F0400908BD08B50121083071
:1077000000F00CF9B0FA80F0400908BD07B5083068
:107710000DF1070100F019F938B99DF80700C043D1
:1077200000F0010003B05DF804FB0020FAE708B5A3
:10773000083000F086F8B0FA80F0400908BD0B2947
:1077400008B506D8083000F083F9B0FA80F0400997
:1077500008BD0020FCE707B5083001A900F088F853
:1077600048B99DF8040000F00300C31E5842584178
:1077700003B05DF804FB0020FAE7FFF70CBFFFF74A
:1077800016BF0000024B0B60024B88604B607047D5
:107790007B7700087F77000810B4D0E90140A44649
:1077A0005DF8044B604710B404688068A4465DF837
:1077B000044B604707EE900A9FED030AF8EEE77A64
:1077C00027EE800A704700BF23DB793D07EE900A61
:1077D0009FED030AF8EEE77A27EE800A704700BFB4
:1077E00023DBF93D07EE900A9FED030AF8EEE77AF6
:1077F00027EE800A704700BF23DB793E07EE900A30
:107800009FED030AF8EEE77A27EE800A704700BF83
:1078100023DBF93E37B501230D4601AA10210446AA
:10782000FFF7BAFF58B99DF8043065F383038DF86C
:10783000043001AA012310212046FFF7B4FF03B052
:1078400030BD37B501230D4601AA12210446FFF7CA
:10785000A3FF58B99DF8043065F386138DF8043002
:1078600001AA012312212046FFF79DFF03B030BD7E
:107870000A4601231E21FFF78FBF13B506230C46CE
:107880006A462821FFF788FF9DF801209DF8003007
:1078900003EB022323809DF803209DF8023003EBC5
:1078A000022363809DF805209DF8043003EB02233A
:1078B000A38002B010BD37B501230D4601AA1821DF
:1078C0000446FFF769FF58B99DF8043065F341039A
:1078D0008DF8043001AA012318212046FFF763FF29
:1078E00003B030BD37B501230D4601AA1946044641
:1078F000FFF752FF58B99DF8043065F387138DF8F0
:107900000430012301AA19462046FFF74CFF03B0BB
:1079100030BD0A4601230F21FFF73EBF37B50123D3
:107920000D4601AA12210446FFF736FF58B99DF80B
:10793000043065F300038DF8043001AA01231221FD
:107940002046FFF730FF03B030BD13B501230C46CE
:1079500001AA1221FFF720FF9DF80430C3F30003B2
:10796000237002B010BD38B50D4602210446FFF762
:10797000B9FF98B901232A4646212046FFF70CFF9C
:1079800060B90123EA1847212046FFF705FF28B90F
:1079900001462046BDE83840FFF7A4BF38BD37B5E3
:1079A0000C4602210546FFF79DFF50B9012301AAAD
:1079B0005F212846FFF7F0FE18B901462846FFF779
:1079C00091FF9DF80430C3F3C103022B04D0032BB5
:1079D00002D05A1E53425341237003B030BD37B515
:1079E0000D4602210446FFF77DFF78B9012301AA65
:1079F00005212046FFF7D0FE40B901462046FFF79B
:107A000071FF9DF80430C3F300132B7003B030BD39
:107A100037B50D4602210446FFF764FFB0B90123D4
:107A200001AA60212046FFF7B7FE78B99DF804301F
:107A3000C3F30113022B04D0032B02D05A1E53426E
:107A400053412B7000212046FFF74CFF03B030BD9F
:107A500073B50D4601A90446FFF785FF002840F0E5
:107A600098809DF80420C2F34001C2F300030B4349
:107A7000C2F380010B43C2F3C0010B43C2F30011F8
:107A80000B43C2F340110B43C2F380110B4343EA93
:107A9000D2139DF80520C2F300010B43C2F340014D
:107AA0000B43C2F380010B43C2F3C0010B43C2F38B
:107AB00000110B43C2F340110B43C2F380110B437F
:107AC00043EAD213DB070ED50DF101012046FFF783
:107AD00066FF00285DD19DF80130032B03D8DFE855
:107AE00003F01E23282D2E4600230DF1020120460F
:107AF0008DF80230FFF773FF9DF80230012B46D15D
:107B00000DF103012046FFF783FF002841D19DF8C6
:107B10000330032B1AD8DFE803F0162E3236012D7E
:107B20002E4638BF0126DFE7022D2E4638BF02263B
:107B3000DAE7032D2E4638BF0326D5E7042D2E465F
:107B400038BF0426D0E7012D38BF01252E4601237A
:107B50006A4610212046FFF71FFED0B99DF800307D
:107B600066F307138DF800306A4601231021204682
:107B7000FFF719FE0DE0022D38BF0225E6E7032DC1
:107B800038BF0325E2E7042D38BF0425DEE70028CF
:107B9000DDD002B070BD30B4A1F10904032C18D8B7
:107BA000DFE804F0020B0F13047F00F11C052243F1
:107BB0002A708BB130BC00F0D0B9447F00F11D05B4
:107BC000F5E7847F00F11E05F1E7C47F00F11F0592
:107BD000EDE7002030BC70470120FBE713B5002320
:107BE0000DF107022F2104468DF8073000F01AF935
:107BF00030B9A3690BB104209847002002B010BD32
:107C00009DF80730302BF9D0A369002BF5D0032065
:107C1000F2E710B5044600F09BF928B9A3690BB14F
:107C200001209847002010BD2046BDE81040FFF716
:107C3000D5BF38B580220A2101230446FFF7ABFFE8
:107C40000023054623776377A377E3770F2005F0BA
:107C5000DFFC284638BD0000437FC3F3400203F039
:107C60000103013B03EB4203DBB2022B9ABF024A42
:107C700032F81300642070474404010808B5FFF788
:107C8000EBFF4FF44873B3FBF0F08000013008BD08
:107C90002DE9F3418846174600211D466A46072311
:107CA00000910446CDF8031000F062F8064600B3D8
:107CB000BDF800309DF80640BDF802105BBAA2097D
:107CC0009BB242EA8303BDF80420C8F8003049BAE9
:107CD00052BAC4F3011389B292B2C4F3810443EAE5
:107CE000810344EA82043B602C60304602B0BDE868
:107CF000F081A369002BF8D004209847F5E72DE91F
:107D0000F843994601230F46904609211A46044636
:107D1000FFF741FF064650B9237F23F00103237785
:107D2000A3690BB1042098473046BDE8F88320468C
:107D3000FFF7A4FF0546012005F06AFC013D012282
:107D400008212046ADB200F048F908B9002DF2D163
:107D5000237F23F00103237742464B4639462046D2
:107D6000FFF796FF002D0CBF002600F00106DBE7B1
:107D70002DE9F047457D0446884616461F461DB34B
:107D8000034653F8080B0268D2F81C9093E80600EB
:107D9000C8472079002105F05BFB2068036848F0A4
:107DA00080019B689847206803683A461B69314602
:107DB00098472079012105F04BFB206803681B6A76
:107DC00098472846BDE8F087006903683021DB6AE0
:107DD00098472069036841461B68984720690368F3
:107DE0005B6B9847B0FA80F5206903683A46DB6B15
:107DF000302198476D095FFA80F906EB070A56FAB9
:107E000080F8564501D0464505D14F4514BF0025A1
:107E100005F00105D5E7206903685B69984706F816
:107E2000010BEEE72DE9F041457D04460E4617466D
:107E30001DB3034653F8080B0268D2F81C8093E880
:107E40000600C0472079002105F002FB2068036886
:107E500046F080019B6898472068036800219B6872
:107E6000984738702079012105F0F2FA20680368FC
:107E70001B6A98472846BDE8F081006903683021F5
:107E8000DB6A98472069036831461B689847206978
:107E900003685B6B9847B0FA80F52069036801229C
:107EA000DB6B30219847C6B2012E4FEA551504D13D
:107EB000206903685B6998473870012E14BF00255C
:107EC00005F00105D6E737B5457D04462DB30346D9
:107ED00053F8080B0268D56993E80600A847207993
:107EE000002105F0B5FA20680368AF219B68984728
:107EF0002068036800219B68984701210546207986
:107F000005F0A6FA206803681B6A9847A5F13003BC
:107F10005D425D41284603B030BD006903683021F1
:107F2000DB6A9847206903685B6B98470028F1D1AA
:107F30000DF107022F2120468DF80750FFF772FF41
:107F40009DF80730302B14BF002500F00105E1E754
:107F5000002242750161FFF7B6BF2DE9F041457D72
:107F600004460F4616460DB3034653F8080B026845
:107F7000D2F81C8093E80600C0472079002105F064
:107F800067FA2068036839469B6898472068036849
:107F900031469B6898472079012105F059FA2068FD
:107FA00003681B6A98472846BDE8F08100690368AA
:107FB0003021DB6A98472069036839461B68984777
:107FC0002069036831461B689847206903685B6B2A
:107FD0009847B0FA80F56D09E5E713B5002314461C
:107FE0000DF107028DF80730FFF71CFF9DF80730F1
:107FF00004EA0300003818BF012002B010BD70472A
:1080000038B50E4B1A784FF47A73B3FBF2F30C4A7F
:1080100005461068B0FBF3F000F0F4FA044658B9D6
:108020000F2D09D8024629464FF0FF3000F098FA8C
:10803000044B20461D6038BD0120FCE7780000207D
:10804000B00000207C00002008B50B4B1A6842F4F9
:1080500000721A601A6842F480621A601A6842F468
:1080600080721A60032000F069FA0020FFF7C8FF51
:10807000FFF7C5FF002008BD003C0240034A044B47
:1080800011681B780B441360704700BF480500203F
:1080900078000020014B1868704700BF4805002099
:1080A00038B50446002800F09B80056C25B903F024
:1080B00065F9656484F83C50236CDB0600F18E8022
:1080C000236C23F4885323F0020343F00203236458
:1080D000444B5A6822F440325A605A6861680A4335
:1080E0005A60236821695A6822F480725A605A687B
:1080F00042EA01225A605A68A16822F040725A602E
:108100005A680A435A609A68E16822F400629A60E9
:108110009A680A439A603449A26A8A4252D099689E
:1081200021F07061996099680A439A609A68E16ADF
:1081300022F040529A609A680A439A609A6822F044
:1081400002029A609A68217E42EA41029A6094F89B
:108150002020002A3ED05A68616A42F400625A60C8
:108160005A6822F460425A605A68013942EA413240
:108170005A60DA6AE16922F47002DA62DA6A013975
:1081800042EA0152DA629A6822F400729A609A68AE
:1081900094F8301042EA41229A609A68616922F4A8
:1081A00080629A609A68002042EA81229A60606444
:1081B000236C23F0030343F001032364002384F8BA
:1081C0003C3038BD9A6822F070629A609A6822F05A
:1081D0004052B2E75A6822F40062C9E70120EDE795
:1081E0000120EEE7002301400100000F38B50446EE
:1081F000A0B1036C43F00203036403689A6822F0A1
:1082000001029A609D6815F0010503D103F0FEF8A4
:1082100065642564002084F83C0038BD0120FCE73B
:1082200082B00023019390F83C30012B69D00123E8
:1082300080F83C3003689A68D2070BD59A68D1075A
:108240001AD4036C43F010030364436C43F001033E
:1082500043644CE09A682C4942F001029A602B4A30
:108260001268B2FBF1F202EB42020192019A002A7B
:10827000E4D0019A013AF8E7026C22F4E06222F0BD
:10828000010242F4807202645A68520541BF026CD6
:1082900022F4405242F480520264026C12F4805282
:1082A0001CBF426C22F006024264002280F83C208F
:1082B0006FF022021A60164A516811F01F0F15491B
:1082C0001CD18B4207D001F580718B420CD15268D2
:1082D00012F01F0F0BD19A6812F0405F07D19A6815
:1082E00042F080429A6002E00B498B4202D00020AB
:1082F00002B07047526812F0100FEBE78B42F6D1D4
:10830000E9E70220F4E700BF40420F00B000002080
:1083100000230140002001400022014090F83C3041
:10832000012B14D003689A6822F001029A609B68BE
:10833000DB0707D4036C23F4885323F0010343F0D5
:1083400001030364002380F83C3018467047022084
:10835000704703689A68520570B504460D460BD500
:108360009B68DE0508D5036C43F0200303640023FB
:1083700080F83C30012070BDFFF78CFE0646236874
:108380001A6891070CD56FF012021A60226C42F441
:10839000007222649A6812F0405F17D00020EAE76A
:1083A000681CEDD065B923681B6813F00203E6D1A1
:1083B000226C84F83C3042F0040222640320DAE7A5
:1083C000FFF768FE801BA842EDD8D8E7227E002A7E
:1083D000E4D1DA6A12F4700F02D09B685A05DDD43A
:1083E000236C23F480732364236CDB04D6D4236CC6
:1083F00043F001032364D1E70368D86C70470000A1
:10840000F7B50023019390F83C30012B054600F0AE
:108410008680012380F83C3008682B688E68092824
:1084200084B233D904EB4402DF681E3A4FF0070CE4
:108430000CFA02FC27EA0C07DF60DF6806FA02F29A
:108440003A43DA604968062901EB81022DD8596B5D
:10845000053A1F26964021EA06015963596B04FA32
:1084600002F20A435A632F4A93420AD1122837D1A3
:108470002D4B5A6822F400025A605A6842F4800276
:108480005A60002085F83C0003B0F0BD1A6900EB8B
:10849000400C072707FA0CF722EA07021A611A694B
:1084A00006FA0CF616431E61CCE70C294FF01F01AB
:1084B0000BD81E6B233A914026EA01011963196B10
:1084C00004FA02F20A431A63CDE7DE6A413A9140A8
:1084D00026EA0101D962D96A94400C43DC62C2E702
:1084E000124B984201D01128CBD10F4B5A6822F47D
:1084F00080025A605A6842F400025A600B4B98425C
:10850000BFD10B4B0B4A1B68B3FBF2F30A22534358
:108510000193019B002BB4D0019B013BF8E70220A3
:10852000B2E700BF0020014000230140120000100C
:10853000B000002040420F00006C70470749CA6835
:1085400022F4E0620302120403F4E063120C13430A
:1085500043F0BF6343F40033CB60704700ED00E0AD
:10856000164B30B5DC68C4F30224C4F10703251DA3
:10857000042B28BF0423062D4FF0FF358CBF033C8E
:10858000002405FA03F321EA0303A54022EA0502C9
:10859000A340002843EA0203ACBF00F16040084A50
:1085A0004FEA0313B8BF00F00F00DBB2AABF00F51B
:1085B0006140135480F8003330BD00BF00ED00E08F
:1085C00014ED00E0002807DB044A4109012300F014
:1085D0001F00834042F82130704700BF00E100E0F7
:1085E00000280CDB4309064900F01F00203301225C
:1085F000824041F82320BFF34F8FBFF36F8F704746
:1086000000E100E00138B0F1807F0BD24FF0E023B1
:10861000054A5861F02182F8231000200722986152
:108620001A6170470120704700ED00E0002808DB68
:108630004309044900F01F0001226033824041F8E1
:108640002320704700E100E0704708B5FFF7FCFF0A
:1086500008BD704710B5044650B1437903F0FF02DE
:1086600013B90271FFF7F5FF01236371002010BDFC
:108670000120FCE710B5044640B10223037102F06B
:108680009BFF002020616071207110BD0120FCE77C
:1086900010B5012358B1046801F01001226803FAF3
:1086A00001F122EA010222600371002010BD184688
:1086B000FCE770B50446866DFFF7ECFC94F83530A6
:1086C000022B054606D0802363650120002384F831
:1086D000343070BD23681A6822F016021A605A6995
:1086E00022F080025A61226C0AB9A26C1AB11A688F
:1086F00022F008021A601A6822F001021A60236848
:10870000186810F0010007D1E26D3F239340B36079
:10871000012384F83530D9E7FFF7BCFC401B05285E
:10872000EDD920230320636584F83500CEE790F867
:108730003530022B03D08023436501207047026847
:10874000052380F83530136823F0010313600020FF
:10875000704790F835007047044A5169014208B5E6
:1087600002D0506103F00CF808BD00BF003C01408E
:108770002DE9F84606460F4691461D464FEA114A36
:108780003368BAF1010F39D15C6927EA0404A4B255
:10879000B4FA84F46409A14501D0002024E06A1CE5
:1087A000EFD0FFF777FC089BC01AA84201D8002D34
:1087B000E6D1BAF1010F336818D15B6927EA0303E8
:1087C0009BB2B3FA83F35B099945D9D100232022E8
:1087D000336386F83D2086F83E30326C86F83C30B4
:1087E00042F0200232640120BDE8F8869B69DB4339
:1087F000C3F3400383F00103DBB2E5E79C69E44384
:10880000C4F3400484F00104E4B2C4E770470000FC
:1088100070B5044608B9012070BD90F83D3003F0F2
:10882000FF021BB980F83C20FFF7F0FF242384F8F7
:108830003D3023681A6822F001021A601A6842F477
:1088400000421A601A6822F400421A6001F0FAF934
:108850003F4B65689D4294BF3E4B3F4B98428CBF57
:1088600000230123002BD6D12268394E51683B4B9F
:10887000B0FBF3F321F03F011943B542516088BFCB
:108880004FF49676116A88BF734321F03F0184BF8D
:108890004FF47A76B3FBF6F301330B431362D169DD
:1088A000431E2B4821F44F41854221F0FF0132D86D
:1088B0006D0040F6FC70B3FBF5F30133034242D088
:1088C000C3F30B031943D161D4E9073011680343A3
:1088D00021F0C0010B4313609168D4E9030321F434
:1088E0000341034321F0FF010B439360D4E90530BA
:1088F000D168034321F0FF010B43D360136843F0B9
:108900000103136000202023206484F83D3020639D
:1089100084F83E0080E7A06850B905EB4505B3FB3D
:10892000F5F30133C3F30B037BB143F40043C9E711
:1089300019206843B3FBF0F30133C3F30B0323B1F6
:1089400043F44043BEE70423BCE70123BAE700BF7A
:10895000A08601007F841E00FF083D0040420F00FA
:10896000704710B5044698B10268242380F83D3062
:10897000136823F001031360FFF7F2FF0020206467
:1089800084F83C0084F83D00206384F83E0010BD6C
:108990000120FCE72DE9FF4704461F468946924621
:1089A000FFF778FB94F83D30202B054603D00220DA
:1089B00004B0BDE8F08700904A49192301222046FF
:1089C000FFF7D6FE0028F2D194F83C30012BEED010
:1089D000012384F83C3023681A68D2075EBF1A6806
:1089E00042F001021A601A6822F400621A6024231D
:1089F00084F83D3000263C4B266409F0FE09E36212
:108A00002268136843F4807313604FF001113B46F2
:108A1000009500222046FFF7ABFE236838B11B68A3
:108A2000DB0544BF4FF4007323640320C0E7C3F8A1
:108A30001090FFF72FFB2268536952690546C3F374
:108A40004003C2F380224FF0A00894F83D10A02903
:108A500001D013431DD020684FF0200884F83D80DA
:108A6000436913F0020F036843F40073036025D0D9
:108A7000002303934369039383690393039B194979
:108A80000095192301222046FFF772FE88B10120CC
:108A90008EE7FFF7FFFA401BB84200D80FB984F801
:108AA0003D80226853695269C3F34003C2F38022B8
:108AB000CBE784F83D8084F83C0079E76FF480636D
:108AC000436108490095192301222046FFF750FE13
:108AD0000028DCD10136564592D384F83D8084F8D5
:108AE0003C00D4E7020010000000FFFFF7B50025AE
:108AF00004460095019594F83D500898202D02D029
:108B0000022003B0F0BD25682E68B60503D40828FE
:108B100001D001281BD1284E46F2A8173668B6FBB3
:108B2000F7F619277E430196019E013E0196019EAC
:108B300056B92023266384F83D3084F83E60236CC8
:108B400043F020032364DBE7AE69B707ECD494F865
:108B50003C60012ED4D02E68F6075EBF2E6846F02A
:108B600001062E602E6826F400662E60212684F809
:108B70003D60102684F83E60002626646385638D80
:108B8000E06261642385236B0093009B6262112B7A
:108B900005D1B0F52A0F02D0B0F12A4F03D12B68CE
:108BA00043F480732B60002084F83C006B6843F42E
:108BB000E0636B60A5E700BFB0000020F7B50025BB
:108BC00004460095019594F83D500898202D02D058
:108BD000022003B0F0BD25682E68B60503D408282E
:108BE00001D001281BD1374E46F2A8173668B6FBD4
:108BF000F7F619277E430196019E013E0196019EDC
:108C000056B92023266384F83D3084F83E60236CF7
:108C100043F020032364DBE7AE69B707ECD494F894
:108C20003C60012ED4D0012684F83C602E68F60703
:108C30005EBF2E6846F001062E602E6826F40066A0
:108C40002E60222684F83D60102684F83E600026BF
:108C500026646385638DE06261642385236B0093E2
:108C6000638D62629BB2022B24D1202801D0102890
:108C700020D1009B122B2B681DD123F480632B6025
:108C80002B6843F400632B604FF44072009B122B5F
:108C900005D1B0F52A0F02D0B0F12A4F03D12B68CD
:108CA00043F480732B60002084F83C006B6813430E
:108CB0006B608EE72B6843F480632B604FF4E062B7
:108CC000E4E700BFB000002037B5044690F83D004F
:108CD00000F02800282830D100292CD0002A2AD0E2
:108CE00094F83C00012828D025682868C0075EBF9A
:108CF000286840F001002860286820F4006028609F
:108D0000292084F83D00202084F83E0000202064C3
:108D10006285628DE36201906B690193AB69019397
:108D200084F83C00019B6B68616243F4E063228538
:108D30006B6003B030BD0120FBE70220F9E737B5D7
:108D4000044690F83D0000F02800282830D1002982
:108D50002CD0002A2AD094F83C00012828D025687D
:108D60002868C0075EBF286840F0010028602868B6
:108D700020F4006028602A2084F83D00202084F838
:108D80003E00002020646285628DE36201906B6981
:108D90000193AB69019384F83C00019B6B686162AD
:108DA00043F4E06322856B6003B030BD0120FBE734
:108DB0000220F9E790F83D30202B14D1282380F8C9
:108DC0003D3003681A68D2075EBF1A6842F001029C
:108DD0001A601A6842F480621A605A6842F440725B
:108DE0005A600020704702207047704770477047F4
:108DF00090F83D2008B5036DD2B283B9C36C026808
:108E0000012B836C05D1DBB21361036D0233036563
:108E100008BDC3F307231361036D0133F7E7036D47
:108E2000012B03D1836C0268DBB2F4E7036D022BE4
:108E30002FD1222A05D10268136843F4807313608E
:108E4000EAE7438D9BB263B1212A0AD1436A0268E3
:108E500013F8011B11614362438D013B9BB24385B3
:108E6000D6E7438D9BB2002BD2D1212AD0D1026804
:108E7000516821F4E0615160116841F400711160A2
:108E80002022036380F83D2080F83E30FFF7AFFFDB
:108E9000BEE703685A69120644BF00221A61B7E7A9
:108EA0007047704737B5002301932D4B806B1B68CB
:108EB00090F83D2046F2A811B3FBF1F323214B4378
:108EC00001930368D2B2019941BB016C41F02001CA
:108ED0000164446B0CB10021E163816B09B1002591
:108EE000CD631D6825F480651D600025458504B1AE
:108EF000256501B10D65196821F00101196090F82F
:108F00003D10602911D1202380F83D30002380F8E6
:108F10003E300364FFF7C5FF03B030BD019901394E
:108F2000019119688905CED4D3E702F02802282AD6
:108F30000ED1196841F001011960196841F480618E
:108F400019600023036380F83D20FBF705FFE3E78A
:108F5000202380F83D30002380F83E30F5E700BF45
:108F6000B000002010B590F83D2090F83E30102B56
:108F7000D9B204460368D2B201D0402913D1222AC3
:108F800011D1196821F400611960596811F4006168
:108F900006D1602A1EBF202284F83D2084F83E10AE
:108FA0000022226307E002F028012829EDD10022E7
:108FB000226384F83D105A6812F400624FD05A6858
:108FC000606B22F400625A6090F83530012B374B09
:108FD0002BD00365FFF7ABFB50B12268606B1368C1
:108FE00023F001031360202384F83D30036D98477C
:108FF000236C19071FBF2268536823F4E063536092
:1090000094F83D30226C5207DBB20DD5282B0BD1E2
:10901000274BE362202200232363204684F83D206F
:1090200084F83E30FBF76DFE10BDA06B0365FFF7C3
:109030007EFB0028DCD023685A69510605D51A69E1
:10904000636A1A70636A013363622268A06B1368F3
:1090500023F001031360202384F83D30C6E794F821
:109060003D10602915D1202184F83D1022645A69F1
:10907000520605D51A69636A1A70636A013363621E
:109080002268136823F0010313602046FFF709FFED
:10909000AEE75A69500605D51A69636A1A70636AA1
:1090A000013363622046FBF757FEA1E7A58E000857
:1090B0000000FFFFF0B5036804465A68C66A90F8DE
:1090C0003E0094F83D1010288FB0C5B2C9B202D04E
:1090D000402D40F0DD829F69586910F0010F07D1E3
:1090E000B6F52A0F02D0B6F12A4F51D10FB0F0BD1C
:1090F00096054DD5E26AB2F52A0F0CD10122E26243
:1091000094F83E20402A11D1226D52B9626C02F0CF
:10911000FE021A61EAE7E26AB2F12A4FF0D10822B0
:10912000EDE7626C42F00102D2B2F2E72269B2F5D9
:10913000804F1AD194F83D20212A626C11D102F09F
:10914000FE021A61626B0AB1D26B2AB9A26B002AC5
:10915000CCD0D26B002AC9D05A6842F400625A605F
:10916000C4E742F00102D2B2EBE7226D32B9626C81
:10917000D21102F0060242F0F002CAE7226D012A83
:10918000B4D1626CD21102F0060242F0F102C0E7E3
:10919000060703D5960501D5626CE4E7860740F122
:1091A000E880960540F1E58094F83E10E26A256B70
:1091B00094F83D002228C9B240F0D380206D40B918
:1091C000402906D101905A6901929B690193019B44
:1091D0008CE7216D89B92069B0F5404F0DD102911E
:1091E0005A6902929A690292029A1A6842F480724B
:1091F0001A60236D0133236578E7618D89B251B917
:1092000003915A6903929A690392039A1A6842F485
:1092100000721A6019E0618D89B2012949D112F5F5
:10922000803F1BD11A6822F480621A605A6812F4D7
:1092300000620CD01A6822F480621A600022049244
:109240005A6904929B690493049B0023D3E7059217
:109250005A6905929A690592059AD7E7082A1CD09F
:10926000202A1AD0122D0DD1012A16D11A6822F403
:1092700080621A60002206925A6906929B690693E0
:10928000069BE2E7102AF1D8824941FA02F2D70799
:10929000ECD41A6842F48062EBE71A6822F4806228
:1092A0001A60002207925A6907929A690792079AF0
:1092B000ACE7618D89B2022930D1102A03D87649F2
:1092C000D140CE0715D4196821F48061196019685E
:1092D00041F40061196059680D0514D5202A1AD887
:1092E000072A0AD8012A0ED15A6842F480525A60DD
:1092F00009E0196841F48061ECE7A2F10801674ACE
:10930000CA40D007F0D4002208925A6908929B699B
:109310000893089B99E712F5803FE4E7196841F448
:10932000806119605968090510D5202A16D8072AC6
:1093300006D8012A0AD15A6842F480525A6005E0E0
:10934000A2F10801554ACA40D207F4D4002209927A
:109350005A6909929B690993099B76E712F5803F48
:10936000E8E700220A925A690A929B690A930A9BCB
:10937000BCE67F0740F194805E6836053FF5B6AEE7
:10938000070600F004063ED550053CD5002E3DD121
:1093900094F83D20258D94F83E10E06AD2B2C9B20F
:1093A000C5B9212A18D1082858D0202856D010F540
:1093B000803F53D05A6822F4E0625A60112323633D
:1093C000002384F83E30202384F83D302046FFF708
:1093D0000CFD8BE6212A05D040297FF487AE222A96
:1093E0007FF484AE628D92B21AB95A6822F4806218
:1093F000B5E694F83E20402A16D120460FB0BDE8CD
:10940000F040FFF7F5BC002E3FF470AE97057FF5F6
:109410006DAE212939D1E16A94F83D20212A7FF4EB
:1094200065AE628D92B24AB1626A12F8011B19618F
:109430006262638D013B9BB2638557E608290DD0BC
:1094400020290BD011F5803F08D0596821F4E06144
:1094500059601123236384F83E20B4E75A6822F44C
:10946000E0625A601A6842F400721A6000232022F7
:10947000236384F83D2094F83E2084F83E30402A4F
:109480002046A4D1FFF7B3FC30E6402D7FF42EAE8A
:10949000B3E700BFEBFFFEFF140001000101000174
:1094A00059680E053FF522AE450600F0040140F173
:1094B0008680500540F18380002940F0838094F835
:1094C0003D20222A7FF412AEE06A628D92B2032A16
:1094D00014D91A69636A1A70636A01336362638D0F
:1094E000013B9BB26385638D9BB2032B7FF4FEAD82
:1094F0002268536823F480635360F7E5E56A022D20
:109500003FF473AF012A3FF670AF7B4A0B911268AC
:1095100046F2A811B2FBF1F202EB82020B920B9A17
:10952000013A0B920B99D1B9226C42F020022264CD
:109530005A6822F4E0625A601A69636A1A70636AB0
:1095400001336362638D013B9BB26385202384F802
:109550003D30204684F83E10FBF7FEFBC6E51A6856
:1095600012F40072DBD1196821F480611960596826
:1095700021F4E06159601969636A1970636A013303
:109580006362638D013B9BB26385202384F83D3089
:1095900094F83E3084F83E20402B04D122632046CC
:1095A000FFF77EFCA2E5082801D0202801D1002386
:1095B00000E0122323632046FFF718FC96E50029FC
:1095C0003FF494AD92057FF591ADE26A608D616ADA
:1095D00080B2042809D15A6822F480625A601B695B
:1095E0000B70636A0133636223E7608D80B20328E6
:1095F0000CD15868042A20F480605860EFD0022A09
:10960000EDD01A6822F480621A60E8E7608D80B2BB
:109610000228E4D1042A33D007D8012A07D0022A2D
:109620002ED0186840F4007004E0102AF9D11868B0
:1096300020F4806018601B690B70616A4B1C6362C8
:10964000638D013B9BB2638523681B694B70636A22
:10965000216801336362638D013B9BB263854B6874
:1096600023F440734B60202384F83D3094F83E305F
:10967000402B4FF0000384F83E3005D123638EE782
:10968000186840F48060D5E7082A90D0202A8DE73A
:10969000206C18B35869002587072FD596052DD55E
:1096A000226C02B19D6994F83D2002F02802282A1C
:1096B00017D15A682F0622F480625A60C5F38001E0
:1096C00054BFE268A269002381F00101C9B284F8A5
:1096D0003C3092B22046FBF7E0FA07E59D695869F5
:1096E000DAE700220C9259690C919B690C930C9B50
:1096F00084F83C20FAE400BFB0000020C60640F128
:10970000B180950540F1AE8094F83D505A6822F43E
:10971000E0625A6000220D925A690D921A6842F076
:1097200001021A600D9A1A6822F480621A605A685F
:109730001005EDB220D505F0F702222A4AD1A06B20
:109740000268526892B26285628D92B21AB1226C3E
:1097500042F0040222645A6822F400625A60FEF762
:10976000F8FF012808D0A06B794B0365FEF7DFFFF7
:1097700010B1A06B036D9847638D9BB213B3236840
:109780005A69510709D51A69636A1A70636A013305
:109790006362638D013B9BB2638523685A695206FD
:1097A00009D51A69636A1A70636A01336362638D4B
:1097B000013B9BB26385638D9BB21BB1236C43F06D
:1097C00004032364236C13B320460FB0BDE8F040BC
:1097D000FFF7C8BB606B0268526892B26285628D07
:1097E00092B21AB1226C42F0040222645A6822F446
:1097F00000625A60FEF7ADFF0128BDD0606B544B8C
:109800000365FEF794FF0028B6D0606BB2E72A2DFF
:1098100006D12363282384F83D302046FBF786FADF
:1098200094F83D30282B0CD14A4BE36220220023D0
:109830002363204684F83D2084F83E30FBF761FA2C
:1098400054E4236B222B02D0222D7FF44FAC002353
:109850002022236384F83D2084F83E302046FBF725
:1098600065FA43E401F0F701212900F0040535D140
:10987000070627D5560525D53DBB94F83D00628DDA
:1098800092B2C0B2002A3FF431AC626A12F8015BB6
:109890001D616262628D013A92B26285628D92B2FE
:1098A000002A7FF423AC29287FF420AC5A6822F4E4
:1098B00080625A6028232163204684F83D30FBF7FC
:1098C00047FA13E4002D3FF411AC95057FF50EAC7B
:1098D000628D92B2002A3FF409ACA5E5400627D577
:1098E000510525D53DBB94F83D20618D89B2D2B29A
:1098F00000293FF4FBAB1969636A1970636A01338D
:109900006362638D013B9BB26385638D9BB2002BC9
:109910007FF4ECAB2A2A7FF4E9AB2268536823F486
:109920008063536022232363282384F83D3095E726
:10993000002D3FF4DBAB92057FF5D8AB628D92B280
:10994000002A3FF4D3AB1A69636A1A7049E600BF74
:10995000A58E00080000FFFFF8B503685F695E6828
:1099600090F83E2017F480750446D2B206D016F463
:1099700080751EBF6FF4807159610125B80506D549
:10998000F10542BF6FF4007145F002055961780599
:1099900036D5F10534D5608D94F83D10D4F830C03B
:1099A000202A80B2C9B25FD100285DD101F0F70052
:1099B000212804D0282957D1BCF1210F54D194F883
:1099C0003D20E16A0829D2B201D020292AD1282AD3
:1099D00028D12E4AE2625A6822F4E0625A606FF49B
:1099E00080625A611A6822F480621A600023202281
:1099F0002363204684F83D2084F83E30FBF781F94C
:109A00003A053FD5F3053DD523686FF4006245F074
:109A100008055A61236C1D4325642046BDE8F840C3
:109A2000FFF7A0BA212A1BD11849E1622263002165
:109A3000202284F83D2084F83E105A6822F4E06227
:109A40005A606FF480625A611A6822F480621A6068
:109A50005A69100648BF19612046FBF779F9CFE72C
:109A60006FF480625A61CBE76FF48061102A59610C
:109A700045F0040501D0402AC2D11A6842F40072B0
:109A80001A60BDE7002DC5D1F8BD00BF0000FFFF83
:109A900090F83D007047006C7047000037B5002318
:109AA0000193184B184D1A6C42F080521A641B6CCB
:109AB00003F080530193019B144B01221A64FEF7BB
:109AC000E9FA04466B68DA030BD5104B0E4D012200
:109AD0005A64FEF7DFFA04466B689B030AD5002040
:109AE00006E0FEF7D7FA001BB0F57A7FEAD903202B
:109AF00003B030BDFEF7CEFA001BB0F57A7FEBD98C
:109B0000F5E700BF003802400070004000000E4240
:109B10002DE9F0410D46044610B90120BDE8F08161
:109B2000434B1A6802F00F028A4228D321688F073C
:109B30002DD4C80740D43E4B1A6802F00F02AA4247
:109B400065D8226851076BD4130707D5394A2169B4
:109B5000936823F4604343EAC103936000F0A6FADC
:109B6000344B354A9B68C3F30313D35CD840334B63
:109B70001860334B1868FEF743FA0020CEE7CAB2EC
:109B80001A701B6803F00F038B42C6D1CEE7294B36
:109B900011F0040F1EBF9A6842F4E0529A600E075B
:109BA00042BF9A6842F460429A609A68A06822F0C4
:109BB000F00202439A60BCE762681E4B012A1CD186
:109BC0001B6813F4003FA8D01A4EB36823F00303B8
:109BD0001343B360FEF75EFA41F288380746B36874
:109BE000626803F00C03B3EB820FA4D0FEF752FAC5
:109BF000C01B4045F3D9032090E7911E01291B6843
:109C000002D813F0007FDEE713F0020FDBE7EAB2C1
:109C10001A701B6803F00F03AB427FF47EAF90E72E
:109C20000449E0688B6823F4E05303438B608BE7BF
:109C3000003C024000380240A0040108B0000020AF
:109C40007C000020044B054A9B68C3F38223D35C4D
:109C5000034A1068D8407047003802409804010851
:109C6000B0000020044B054A9B68C3F34233D35C29
:109C7000034A1068D8407047003802409804010831
:109C8000B000002003682DE9F74313F001060446F5
:109C90000BD0AE49866BD1F88C2022F0C0623243E3
:109CA000B6FA86F6C1F88C2076099A070CD5A74833
:109CB000E16BD0F88C2022F0C0520A43C0F88C200F
:109CC000002908BF46F0010613F0040512D09F4991
:109CD000256BD1F88C20B5F5801F22F4401242EAA2
:109CE000050218BFB5FA85F5C1F88C2012BF6D09C1
:109CF000002501261F0710D59448616BD0F88C20F1
:109D000022F440020A43B1F5800FC0F88C2000F025
:109D10006E81002908BF45F00105980633D5002360
:109D200001938A4B8A4F1A6C42F080521A641B6C62
:109D300003F080530193019B3B6843F480733B60C5
:109D4000FEF7A8F980463B68D90540F152817F4F64
:109D50003B6F13F4407340F05781236C03F440725F
:109D6000B2F5407F794A40F07481916823F07040E9
:109D700021F4F81120F4407001439160116FC3F396
:109D80000B030B4313672368D80642BF714B94F84B
:109D90005820C3F8E0212368190608D56B49E06C08
:109DA000D1F8942022F440020243C1F894205A06CC
:109DB00008D56649A06CD1F8942022F08062024355
:109DC000C1F89420DF050DD56048616DD0F894206E
:109DD00022F000620A43C0F89420B1F1006F08BF7E
:109DE00045F00105980508D55849606CD1F89420D4
:109DF00022F080520243C1F89420590540F12D8190
:109E00005249226DD1F8943023F000531343B2F13C
:109E1000005FC1F8943040F043814F4B4B4F00221C
:109E20009A66FEF737F906463B681A0100F11D8174
:109E30002268D30701D5A36B1BB1970715D5E36B38
:109E40009BB94249D1F88430D1F8840003F44033FF
:109E500000F07060034360680343A06843EA801326
:109E6000606943EA0073C1F88430560703D5236B59
:109E7000B3F5801F05D0100720D5636BB3F5800FB5
:109E80001CD13249D1F88430D1F8840003F4403336
:109E900000F0E040034360680343A06843EA801396
:109EA000206943EA0063C1F88430D1F88C00A36ACA
:109EB00020F01F00013B0343C1F88C3051051BD536
:109EC000236DB3F1005F17D120486668D0F8841085
:109ED000D0F8843003F0E0433343A668C1F3014176
:109EE000013143EA861343EA4163E16849080139D5
:109EF00043EA0143C0F88430120511D52369A268F2
:109F00001B0643EA821362681343626943EA0273E1
:109F1000E2685208013A43EA02430C4AC2F884302C
:109F20000D4B0A4F01229A66FEF7B4F806463B68CD
:109F30001B0140F1A180012D57D1074B034E002298
:109F40001A67FEF7A7F8054608E000BF0038024090
:109F500000700040001047420000474233689F00F5
:109F600000F1918021684D0701D5236B1BB10807D3
:109F70001AD5636BC3B94B4AA069D2F8883003F491
:109F800040330343E06943EA8013606A43EA0063B5
:109F9000C2F88830D2F88C30E06A23F4F8530138E4
:109FA00043EA0023C2F88C30CA0514D5636DB3F1BF
:109FB000006F10D13B49A269D1F8883003F070637B
:109FC0001343E26943EA8213226A5208013A43EAE0
:109FD0000243C1F88830344B324D01221A67FEF734
:109FE00059F804462B689B0054D5002009E001264F
:109FF00093E6FEF74FF8A0EB080002287FF6A3AE29
:10A00000032003B0BDE8F083226C02F44072934257
:10A010003FF4A3AE3B6F244A0121C2F8401E23F453
:10A0200040730021C2F8401E3B673B6FDA077FF5A3
:10A0300094AEFEF72FF841F2883980463B6F9B07BC
:10A040003FF58BAEFEF726F8A0EB08004845F5D9A2
:10A05000D6E7916821F4F8118FE6012E3FF4DDAECA
:10A06000B3F5006F7FF467AFD7E6FEF713F8801BF8
:10A0700002287FF6D9AEC3E7FEF70CF8801B022852
:10A080007FF655AFBCE7FEF705F8401B02287FF6C8
:10A0900065AFB5E7FDF7FEFF001B0228A2D9AFE7C9
:10A0A000012EDFE70038024000004742204908B592
:10A0B0008B6803F00C03082B07D00C2B20D01D4815
:10A0C0001D4A042B18BF104608BD4A684B684968F2
:10A0D00013F4800314BF17481748C1F3881118BF41
:10A0E000002302F03F02A1FB0001F6F7CDFD104B6B
:10A0F0005B68C3F3014301335B00B0FBF3F0E3E7BC
:10A100004A684B68496813F4800314BF09480A4839
:10A11000C1F3881118BF002302F03F02A1FB000128
:10A12000F6F7B2FD024B5B68C3F30273E5E700BFCD
:10A130000038024000127A000024F4002DE9F341B7
:10A140000446002831D00368DF0710D423689E0737
:10A1500067D42368190700F1B28023685A0700F119
:10A16000D280A369002B40F03981002034E0984B65
:10A170009A6802F00C02042A10D09A6802F00C02CD
:10A18000082A02D15B685D0208D4914B9A6802F0FC
:10A190000C020C2A0BD15A68510208D58C4B1B6853
:10A1A0009A03D3D56368002BD0D1012014E06268F4
:10A1B000B2F5803F13D11A6842F480321A60FDF77D
:10A1C00069FF834E054633689B03BFD4FDF762FFEA
:10A1D000401B6428F7D9032002B0BDE8F0817C4D14
:10A1E000B2F5A02F2B6807D143F480232B602B6896
:10A1F00043F480332B60E2E723F480332B602B6839
:10A2000023F480232B60002AD9D1FDF743FF0646B3
:10A210002B689F039AD5FDF73DFF801B6428F7D973
:10A22000D9E76B4B9A6812F00C0F10D09A6802F0C5
:10A230000C02082A02D15B685E0208D5644A936862
:10A2400003F00C030C2B11D153685D020ED4604A4D
:10A250001368990702D5E368012BA6D11368216919
:10A2600023F0F80343EAC103136072E7E268594B35
:10A27000B2B101221A60FDF70DFF554D06462B685D
:10A280009B0707D52B68226923F0F80343EAC20332
:10A290002B605EE7FDF7FEFE801B0228EFD99AE7F0
:10A2A0001A60FDF7F7FE4A4E054633689F077FF5B3
:10A2B00050AFFDF7EFFE401B0228F6D98BE762692D
:10A2C000444B82B10122C3F8802EFDF7E3FE404EDD
:10A2D0000546736F9B073FF540AFFDF7DBFE401B64
:10A2E0000228F6D977E7C3F8802EFDF7D3FE384E63
:10A2F0000546736F9F077FF530AFFDF7CBFE401B20
:10A300000228F6D967E7324B1A6C12F0805228D136
:10A3100001921A6C42F080521A641B6C03F0805355
:10A320000193019B01272C4D2B68D8051BD5A368F1
:10A33000274D012B27D12B6F43F001032B67FDF72E
:10A34000A9FE234E054641F28838336F9A0739D566
:10A35000002F3FF406AF1E4A136C23F080531364A2
:10A36000FFE60027DFE72B6843F480732B60FDF7DF
:10A3700091FE06462B68D905D9D4FDF78BFE801BCC
:10A380000228F7D927E7052B04D12B6F43F00403EC
:10A390002B67D0E72A6F22F001022A672A6F22F08A
:10A3A00004022A67002BCAD1FDF774FE41F28838F7
:10A3B00006462B6F9B07CBD5FDF76CFE801B4045F7
:10A3C000F7D908E7FDF766FE401B4045BDD902E717
:10A3D0000038024000004742007000403C4DAA682F
:10A3E00002F00C02082A41D0022B3A4B4FF0000237
:10A3F0001A662ED1FDF74EFE06462B68990122D42F
:10A40000D4E907321343626A43EA8213E26A43EAF9
:10A410000263226B43EA0273A26A5208013A43EADA
:10A4200002436B602B4B2A4D01221A66FDF732FE68
:10A4300004462B689A013FF598AEFDF72BFE001BF2
:10A440000228F6D9C7E6FDF725FE801B0228D4D9DD
:10A45000C1E6FDF71FFE04462B689B017FF585AE24
:10A46000FDF718FE001B0228F6D9B4E6012B3FF4D5
:10A470009CAE6B68E26903F4800191427FF495AE73
:10A48000216A03F03F028A427FF48FAE616A47F689
:10A49000C0721A40B2EB811F7FF487AEA26A5208E5
:10A4A00003F44031013AB1EB024F7FF47EAEE16A32
:10A4B00003F07062B2EB016F7FF477AE226B03F0B2
:10A4C000E043B3EB027F14BF0120002084E600BF0D
:10A4D0000038024000004742704710B5044600288B
:10A4E00055D0436A002B4ED14268B2F5827F00D02E
:10A4F000C3610023A36294F8513003F0FF0223B933
:10A5000084F850202046FFF7E7FF2168A068A26981
:10A51000022384F851300B6823F040030B6063681A
:10A5200000F4044003F482730343E06800F4006025
:10A530000343206900F002000343606900F001005A
:10A54000034302F400700343E06900F03800034362
:10A55000206A00F080000343A06A00F40050034327
:10A560000B60636A120C03F0100302F004021A433A
:10A570004A60CB6923F40063CB610020012360654E
:10A5800084F8513010BD0023C0E90433B1E7012045
:10A59000F8E7704710B5044680B10268022380F8DE
:10A5A0005130136823F040031360FFF7F2FF0020DF
:10A5B000606584F8500084F8510010BD0120FCE76C
:10A5C00070477047036870B5DD681E69B1070446BF
:10A5D0000DD5AA070BD56FF002021A61012202778E
:10A5E0009B699B0769D000F0F8FD00232377710772
:10A5F00010D56A070ED523686FF004021A61022293
:10A6000022779B6913F4407F20465CD000F0E5FD83
:10A610000023237733070FD528070DD523686FF064
:10A6200008021A6104222277DB699907204650D07C
:10A6300000F0D3FD00232377F20610D5EB060ED5EC
:10A6400023686FF010021A6108222277DB6913F485
:10A65000407F204643D000F0C0FD00232377F00761
:10A6600008D5E90706D523686FF001021A61204674
:10A6700000F090FD320608D52B0606D523686FF052
:10A6800080021A61204600F0B2F8700608D569060B
:10A6900006D523686FF040021A612046FFF791FF4C
:10A6A000B20622D5AB0620D523686FF020022046E3
:10A6B0001A61BDE8704000F099B800F08CFD2046AA
:10A6C000FFF77EFF91E700F086FD2046FFF778FF59
:10A6D0009EE700F080FD2046FFF772FFAAE700F03A
:10A6E0007AFD2046FFF76CFFB7E770BD274A036885
:10A6F000904212D0B0F1804F0FD0A2F57C42904230
:10A700000BD002F58062904207D002F58062904241
:10A7100003D002F57842904208D14A6823F07003D2
:10A720001343CA6823F44073134316E0184A904257
:10A73000F7D002F580629042F3D002F58062904239
:10A74000EFD0A2F598329042EBD002F580629042B1
:10A75000E7D002F580629042E3D04A6923F080039B
:10A7600013438A68C2620A688262084A904203D030
:10A7700002F58062904201D10A690263026842F0E8
:10A780000402026001224261036070470000014040
:10A790000040014010B5044630B390F83D3003F05E
:10A7A000FF021BB980F83C2001F00EFC0223206858
:10A7B00084F83D30211DFFF799FF012384F84630CE
:10A7C000002084F83E3084F83F3084F8403084F82C
:10A7D000413084F8423084F8433084F8443084F8BF
:10A7E000453084F83D3010BD0120FCE770477047CC
:10A7F000026802F10C0353E8003F23F490730C321B
:10A8000042E8003102680029F2D102F1140353E852
:10A81000003F23F0010302F1140C4CE80031002941
:10A82000F3D1036B012B0BD102F10C0353E8003F72
:10A8300023F0100302F10C0C4CE800310029F3D195
:10A84000202380F842300023036370470268C16808
:10A8500038B5136923F440530B43136105468368ED
:10A860000069D168034368690343E86921F416412C
:10A8700021F00C0103430B43D3605369A96923F40E
:10A8800040730B4353611F4B9A4203D003F580631F
:10A890009A4224D1FFF7E6F9EA691921B2F5004F8F
:10A8A000D5E90043A0FB01011CD1DA184FF00005E7
:10A8B00045EB0503F6F7E8F96422B0FBF2F102FB81
:10A8C0001103DB003233B3FBF2F303F007025B004A
:10A8D00002EB011203F4F8731344A36038BDFFF7D1
:10A8E000B1F9D9E79A009B0FF6F7CEF96422B0FBD5
:10A8F000F2F102FB11031B013233B3FBF2F303EB62
:10A900000113EAE700100140704710B5044648B350
:10A9100090F8413003F0FF021BB980F84020FFF7A8
:10A92000F3FF2268242384F84130D36823F40053D2
:10A93000D3602046FFF78AFF23681A6922F4904209
:10A940001A615A6922F02A025A61DA6842F4005206
:10A95000DA6000202023606484F8413084F84230BB
:10A96000606310BD0120FCE710B5044668B390F8A1
:10A97000413003F0FF021BB980F84020FFF7C4FF0D
:10A980002268242384F84130D36823F40053D36031
:10A990002046FFF75BFF23681A6922F490421A6190
:10A9A0005A6922F022025A615A6942F008025A6139
:10A9B000DA6842F40052DA6000202023606484F8F0
:10A9C000413084F84230606310BD0120FCE77047DD
:10A9D00010B50446A0B10268242380F84130D36842
:10A9E00023F40053D360FFF7F2FF0020606484F883
:10A9F000400084F8410084F842002063606310BD89
:10AA00000120FCE790F84130202B10D189B182B1B0
:10AA1000C28401628284016800232122436480F899
:10AA20004120CA6842F08002CA601846704702207E
:10AA300070470120704708B5806B0023C38501F083
:10AA40005FFD08BD704790F84230222B07B542D118
:10AA500081680268836AB1F5805F3FD1016900298E
:10AA60003FD15268C2F3080223F8022B8362C38DE0
:10AA7000013B9BB2C385002B2DD10268D16821F028
:10AA80002001D160D16821F48071D160516921F039
:10AA900001015161202280F842204363026B012AA8
:10AAA000026828D1036302F10C0353E8003F23F04E
:10AAB000100302F10C0C4CE800310029F3D11368AB
:10AAC000DB0605D501911368019353680193019B3F
:10AAD000818DFFF7B7FF03B05DF804FB39B9016959
:10AAE00029B95268D2B21A70836A0133BEE752683C
:10AAF00002F07F02F7E701F0FDFCECE703681A685B
:10AB000073B51607D9685D69044608D1960668D5FD
:10AB10008D0666D502B0BDE87040FFF794BF05F022
:10AB2000010001F4907505435BD0D60705D5CD052E
:10AB300042BF636C43F001036364530704D518B14B
:10AB4000636C43F002036364960704D518B1636C29
:10AB500043F004036364150707D501F020030343A2
:10AB60001EBF636C43F008036364636C002B32D038
:10AB7000920604D58B0602D52046FFF764FF2668AF
:10AB80007369626C03F0400302F0080253EA0205A5
:10AB9000204622D0FFF72CFE73695E0618D5226886
:10ABA00002F1140353E8003F23F04003143242E85B
:10ABB00000310029F3D1E06B50B1774B0365FDF70D
:10ABC000B6FD40B1E06B036D02B0BDE870401847C0
:10ABD000204601F095FC02B070BD01F091FC656467
:10ABE000F9E7206B012840F09B80D50640F1988062
:10ABF000C80640F19580002201921A6801925A68B5
:10AC00000192019A5A69A18D520656D5E06B0268ED
:10AC1000526892B2002A47D0914245D9E285C26972
:10AC2000B2F5807F36D003F10C0252E8002F22F4F7
:10AC3000807203F10C0040E800210029F3D103F1F8
:10AC4000140252E8002F22F0010203F1140040E840
:10AC500000210029F3D103F1140252E8002F22F061
:10AC6000400203F1140040E800210029F3D1202222
:10AC700084F84220216303F10C0252E8002F22F0F5
:10AC8000100203F10C0040E800210029F3D1E06B31
:10AC9000FDF70FFD02236363E38DA18DC91A89B20D
:10ACA0002046FFF7CFFE96E7914294D1C369B3F5F2
:10ACB000807F90D102236363F2E7E28DE08D80B262
:10ACC00092B2002887D0891A89B2002983D003F173
:10ACD0000C0252E8002F22F4907203F10C0545E8B3
:10ACE00000200028F3D103F1140252E8002F22F0D3
:10ACF000010203F1140545E800200028F3D12022C9
:10AD000084F84220206303F10C0252E8002F22F065
:10AD1000100203F10C0545E800200028F3D1C9E733
:10AD2000160628D50D0626D594F84120212A7FF451
:10AD300052AFA168226AB1F5805F17D12169A9B924
:10AD400032F8021BC1F3080159602262E28C013A19
:10AD500092B2E284002A7FF43EAFDA6822F08002E9
:10AD6000DA60DA6842F04002DA6034E7511C2162AE
:10AD700012785A60EAE750067FF52DAF4A067FF554
:10AD80002AAFDA6822F04002DA60202384F84130EA
:10AD9000204601F0B2FB1EE737AA000890F84030C9
:10ADA000012B11D00268242380F84130D36823F0AE
:10ADB0000C0343F00803D360202380F841300023C4
:10ADC00080F84030184670470220704790F84030B5
:10ADD000012B11D00268242380F84130D36823F07E
:10ADE0000C0343F00403D360202380F84130002398
:10ADF00080F84030184670470220704790F8412094
:10AE000090F8420010437047C28500238285026992
:10AE10004364222380F84230816203681AB1DA6801
:10AE200042F48072DA605A6942F001025A61DA68CB
:10AE300042F02002DA600020704770B590F842605E
:10AE4000202E07D141B13AB100240463FFF7DCFFA3
:10AE5000204670BD0220FCE70120FAE7836810B5A8
:10AE600004462BB10322014698470023C4E902336C
:10AE700010BD0000294A9042034633D0B0F1804F04
:10AE800032D0A2F57C42904230D002F580629042EE
:10AE90002ED002F5806290422CD002F58062904262
:10AEA0002AD002F58062904228D002F5704290428A
:10AEB00026D04FF6FF701A4A934223D0194A934284
:10AEC00022D0194A934221D0184A934220D0184ADE
:10AED00093421FD0174A93421ED04FF6FF739842F9
:10AEE0001BD1FEE70020E6E70120E7E70220E8E7C4
:10AEF0000320E9E70420EAE70520EBE70620ECE77A
:10AF00000720704708207047092070470A207047C3
:10AF10000B2070470C2070470D2070470000014047
:10AF2000004001400044014000480140001800403A
:10AF3000001C004000200040816D70B504460846AA
:10AF4000FFF798FF0546084600F0F0FE084A002388
:10AF500042F8253004F16406E36004F1B405B5421B
:10AF600004D0103D2846F9F78FF9F8E7204670BD68
:10AF70004C050020F8B504460846FFF77BFFA26D9C
:10AF80000D4602B1FEE71C49A56504F10C0341F82A
:10AF900020300E23C4E91732E460284600F0CEFDCD
:10AFA00004F1640604F1B40730461036FFF756FF8B
:10AFB000BE42F9D10023C4E900334FF6FF72C4E961
:10AFC0000C33C4E90E33C4E91033C4E90632C4E9D2
:10AFD0000833A36084F82C30A36484F84C3084F8E0
:10AFE0004D30636180232561A36204F11000BDE848
:10AFF000F840FFF7CFBB00BF4C05002010B5074C51
:10B00000206810B10430FFF7DDFA606A20B1BDE8B6
:10B0100010400430FFF7D6BA10BD00BF4C05002029
:10B02000034B186810B10430FFF7CCBA704700BF6B
:10B030004C050020034B586810B10430FFF7C2BA2A
:10B04000704700BF4C050020034B986810B10430D6
:10B05000FFF7B8BA704700BF4C050020034BD86813
:10B0600010B10430FFF7AEBA704700BF4C050020A6
:10B07000034B186910B10430FFF7A4BA704700BF42
:10B080004C050020034B586910B10430FFF79ABA01
:10B09000704700BF4C050020034B986910B1043085
:10B0A000FFF790BA704700BF4C05002010B5074C61
:10B0B000E06910B10430FFF785FA206B20B1BDE8DC
:10B0C00010400430FFF77EBA10BD00BF4C050020D1
:10B0D000034BD86910B10430FFF774BA704700BF52
:10B0E0004C050020034B186A10B10430FFF76ABA10
:10B0F000704700BF4C050020034B986A10B1043024
:10B10000FFF760BA704700BF4C050020034BD86AB8
:10B1100010B10430FFF756BA704700BF4C0500204D
:10B12000034B586B10B10430FFF74CBA704700BFA7
:10B130004C0500200022C0E90022C0E9022270472D
:10B14000F8B504460E4600F1640500F1B407284640
:10B150001035FFF7EFFFBD42F9D100232046A3656C
:10B160003146FFF707FF2046F8BD826810B50AB9DF
:10B1700004F026F9BDE81040C368184708B500B9C7
:10B18000FEE700F0D9FC0068C36E13B16430FFF72E
:10B19000ECFF08BDFFF7F2BF10B500B9FEE7037F73
:10B1A000013B072B10D8DFE803F004140F100F0F3A
:10B1B0000F12012400F0C0FC240100686434204414
:10B1C00083680BB1FFF7D1FF10BD0324F2E704241D
:10B1D000F0E70224EEE7FFF7DFBFFFF7DDBF02F085
:10B1E0003BBA02F041BA00000A490346086810B5AC
:10B1F0000344EFF30882934205D9074B0C221A60EF
:10B200004FF0FF3010BD054A054C121B9342F4D29B
:10B210000B60F7E7800000205809002000000220A2
:10B2200000040000FEE70000024B16221A604FF0F7
:10B23000FF307047580900200120704788B0002374
:10B2400007286ED8DFE800F004121F2C394653603F
:10B250000093354B35481A6B42F001021A631B6BA1
:10B2600003F001030093009B08B0704701932E4B3D
:10B270002F481A6B42F002021A631B6B03F00203A1
:10B280000193019BF0E70293274B2A481A6B42F087
:10B2900004021A631B6B03F004030293029BE3E7AF
:10B2A0000393214B24481A6B42F008021A631B6B6C
:10B2B00003F008030393039BD6E704931A4B1F483C
:10B2C0001A6B42F010021A631B6B03F01003049315
:10B2D000049BC9E70593144B19481A6B42F02002EE
:10B2E0001A631B6B03F020030593059BBCE70693D1
:10B2F0000D4B14481A6B42F040021A631B6B03F0AB
:10B3000040030693069BAFE70793074B0E481A6B63
:10B3100042F080021A631B6B03F080030793079BC4
:10B32000A2E70020A0E700BF003802400000024072
:10B330000004024000080240000C024000100240DD
:10B340000014024000180240001C024008B50449E5
:10B3500000F0BAFBC0F3C430122800D9FEE708BDE4
:10B36000400B0108A0F580500138022800D9FEE703
:10B37000014B53F8200070474C04010803681D4A34
:10B38000934284B013D1002301931B4B5A6C42F4B7
:10B3900080725A645B6C03F480730193019B174BBA
:10B3A0001868C30423D4164904B000F053BB154AEF
:10B3B00093420CD1002302930F4B5A6C42F400725B
:10B3C0005A645B6C03F400730293029BE7E70E4A36
:10B3D0009342E4D100230393074B5A6C42F48062FA
:10B3E0005A645B6C03F480630393039BD7E704B058
:10B3F000704700BF0020014000380240A400002038
:10B40000400B01080021014000220140114B12496C
:10B410005A6A42F480725A625A6A22F480725A62FC
:10B4200002688A4204D15A6C22F480725A647047CE
:10B430000A498A4207D15A6C22F400725A645A6C43
:10B4400022F40072F2E706498A42F0D15A6C22F4E3
:10B450008062EBE7003802400020014000210140FB
:10B4600000220140F0B599B0044648220E4606A8D5
:10B47000002102F020FA1022002102A802F01BFA9B
:10B480000023E204ADF80230019361D541F20303D9
:10B490009C425DD83A4B06932046FFF763FF07278F
:10B4A0000546082E65D00A2E66D0062E0CBF4FF03A
:10B4B000407300234FF48032CDE90723314A002343
:10B4C000CDE90933CDE910238DF830308DF83830CF
:10B4D0000F938DF84830169314938DF854302A4BFF
:10B4E000012606A80B960D961C60FCF7D9FD0028D6
:10B4F0003AD1CDE9047002A906A8CDE90256FCF7BD
:10B500007FFF002830D106A8FCF78AFE60BB0A2125
:10B5100006A8FCF71EFF38BB06A8FDF70DF883054B
:10B5200005D506A8FCF768FF80B2ADF8020006A8B2
:10B53000FCF7F4FEC0B906A8FCF758FEA0B9134A00
:10B54000536823F440035360BDF8020080B20CE05E
:10B550000F49204600F096FA01A906902046FFF711
:10B56000F5FE069B054613B9002019B0F0BD012772
:10B5700097E74FF000739DE74FF080739AE700BFA5
:10B58000002001400100000FA40000200023014022
:10B59000400B010808B5074900F096FAC0F3C43023
:10B5A000012802D0022802D0FEE7002008BD1020AA
:10B5B000FCE700BF1C0B01080268094B9A420DD141
:10B5C00003F5E2331A6A42F000521A621A6A22F054
:10B5D00000521A621A6C22F000521A64704700BFBF
:10B5E0000074004010B5094986B0044600F04AFADC
:10B5F000019048B12046FFF7CDFF014601A8FDF7B5
:10B6000047F801A8FDF736F806B010BD1C0B01087D
:10B61000F8B51349134F064600F034FAFFF72AFC39
:10B6200057F82030054673B9B420FFF7D8FD0C4910
:10B630000446304600F026FA01462046FFF780FD1A
:10B6400057F825301C601C6844B12046FFF774FC95
:10B650002046B421BDE8F840FFF7C3BDF8BD00BFE8
:10B66000D40701084C05002037B5FCF713FD4FF057
:10B67000E0250446AB690093FCF70CFDAB69019330
:10B680006969844201F101014FF47A7308D0019A8B
:10B690008A1A5A43B2FBF1F203FB002003B030BD1B
:10B6A000009A8A1A5A43B2FBF1F203FB0420F5E731
:10B6B000FCF7F0BC704708B5FCF7E0FCFCF7C5FFF1
:10B6C000FFF7F8FF08BD704784B0114B00220192CC
:10B6D000196C41F080511964196C01F0805101918D
:10B6E00001990292596C41F480415964596C01F4FA
:10B6F00080410291029903921A6B42F480521A63BC
:10B700001B6B03F480530393039B04B0704700BF8B
:10B71000003802400C4BD3F8FC20D2015EBFD3F8B6
:10B72000FC2042F08072C3F8FC20084B00225A60D3
:10B730001A6842F001021A6000BF00BF00BF5868DB
:10B74000B0FA80F04009704700ED00E0001000E022
:10B7500008B5FFF7B9FFFFF7DDFFFCF775FCFFF752
:10B76000B2FF00F057FFBDE808400148FCF772BF88
:10B77000A80000200023C0E90033C0E9023370476D
:10B780000023012803F101020AD11422DBB2534342
:10B79000054A181D1044816829B11A4413691847D5
:10B7A00040081346EDE77047840500200120FCF7B0
:10B7B000D3BF0220FCF7D0BF0420FCF7CDBF082088
:10B7C000FCF7CABF1020FCF7C7BF08B52020FCF764
:10B7D000C3FF4020FCF7C0FF8020FCF7BDFF4FF403
:10B7E0008070FCF7B9FFBDE808404FF40070FCF72B
:10B7F000B3BF38B506244FF48065A8B2FCF7ACFFA0
:10B80000013C4FEA4505F8D138BD0000344A1046E6
:10B8100008B5062300F8043BFFF7ACFF072302F14D
:10B8200018001375FFF7A6FF082302F12C0082F819
:10B830002830FFF79FFF092302F1400082F83C30D7
:10B84000FFF798FF0A2302F1540082F850301721C5
:10B85000FFF790FF02F1680082F86410FFF78AFF9B
:10B8600002F17C0082F87810FFF784FF02F190006B
:10B8700082F88C10FFF77EFF02F1A40082F8A0107E
:10B88000FFF778FF02F1B80082F8B4102821FFF723
:10B8900071FF02F1CC0082F8C810FFF76BFF02F1D4
:10B8A000E00082F8DC10FFF765FF02F1F40082F897
:10B8B000F010FFF75FFF02F5847082F80411FFF7C4
:10B8C00059FF02F58E7082F81811FFF753FFBDE89B
:10B8D000084002F5987082F82C11FFF74BBF00BFAB
:10B8E0008405002038B5054CA4F5A075143C201D36
:10B8F000F8F7CAFCAC42F9D138BD00BFC40600203D
:10B90000431C04D00C3151F80C3C5A1C01D10020CE
:10B910007047834201F10C01F5D10120704700000E
:10B92000F8B5441C07460D4600D1FEE700F00F02B3
:10B93000474BC0F3031053F82240FFF77FFC94FA03
:10B94000A4F2B2FA82F2034603218068520001FA9F
:10B9500002F294FAA4F1B1FA81F120EA020049005E
:10B9600003228A40024305F007069A60032E03D89B
:10B97000DFE806F0696B3603FEE7032294FAA4F1D0
:10B98000B1FA81F118684900032707FA01F120EAAA
:10B99000010094FAA4F1B1FA81F149008A40013E14
:10B9A0000243012E1A6005D85A6829074CBF22436A
:10B9B000A2435A6094FAA4F2B2FA82F2D96894FAD5
:10B9C000A4F452000320B4FA84F4C5F3011500FA7C
:10B9D00002F2640021EA0202A5401543DD60F8BDD1
:10B9E000C5F306217F2901D10222C7E7380716D502
:10B9F000220A92FAA2F0B0FA80F05F6A92FAA2F2FA
:10BA000080004FF00F0CB2FA82F20CFA00F09200B4
:10BA100027EA000001FA02F202435A62E4E794FACC
:10BA2000A4F2B2FA82F2186A92000F2707FA02F221
:10BA300020EA020094FAA4F2B2FA82F29200914053
:10BA400001431962D0E7002298E7012296E700BF80
:10BA500058040108431C06D17047834202D189680B
:10BA6000FFF75EBF0C310B685A1CF6D1FEE70B687E
:10BA70005A1C01D100207047834201D148687047A9
:10BA80000C31F4E7431C01D0FFF7F1BF00207047F1
:10BA90004B6813B94FF0FF307047834201D10868FB
:10BAA00070470C31F4E708B1FFF7F2BF4FF0FF30F9
:10BAB000704703460868421C00D17047984201D184
:10BAC000886870470C31F5E7431C01D0FFF7F1BFE0
:10BAD000704703468B42084604D01BB100290CBFB7
:10BAE00018460020704700001049D1F8883043F410
:10BAF0007003C1F888300E4B1A6842F001021A60D8
:10BB000000229A601A6822F0847222F480321A604D
:10BB1000084A5A601A6822F480221A604FF47F02A1
:10BB2000DA604FF000638B60704700BF00ED00E00B
:10BB30000038024010300024043870476D4B9842A2
:10BB40008EB02AD1002300936B4B5A6C42F0010255
:10BB50005A645B6C03F001030093009B674B9842AF
:10BB60002AD100230593644B1A6C42F010021A6428
:10BB70001B6C03F010030593059B614B98422AD17F
:10BB800000230A935C4B5A6C42F480225A645B6C2B
:10BB900003F480230A930A9BA9E0B0F1804F2AD1D5
:10BBA00000230193544B1A6C42F001021A641B6C7F
:10BBB00003F001030193019B524B98422AD10023C9
:10BBC00006934D4B1A6C42F020021A641B6C03F072
:10BBD00020030693069B4C4B98422AD100230B93DB
:10BBE000454B1A6C42F040021A641B6C03F0400390
:10BBF0000B930B9B7BE0454B98422AD10023029389
:10BC00003D4B1A6C42F002021A641B6C03F00203F3
:10BC10000293029B3E4B98422AD100230793364B56
:10BC20005A6C42F002025A645B6C03F00203079301
:10BC3000079B384B98422AD100230C932E4B1A6C49
:10BC400042F080021A641B6C03F080030C930C9B7F
:10BC50004DE0314B98422AD100230393264B1A6CB6
:10BC600042F004021A641B6C03F004030393039B69
:10BC70002A4B98422BD1002308931F4B5A6C42F455
:10BC800080325A645B6C03F480330893089B244B26
:10BC900098422CD100230D93174B1A6C42F48072FA
:10BCA0001A641B6C03F480730D930D9B1FE01D4BF6
:10BCB00098427FF453AF002304930F4B1A6C42F069
:10BCC00008021A641B6C03F008030493049B164BD0
:10BCD00098427FF452AF00230993074B5A6C42F409
:10BCE00000325A645B6C03F400330993099B0EB075
:10BCF000704700BF000001400038024000100040C3
:10BD000000480140001400400018004000040040BA
:10BD100000040140001C00400008004000400140B9
:10BD200000200040000C004000440140384B984285
:10BD300014D1384A536C23F001035364364B9842B4
:10BD400014D1344A136C23F010031364334B98421C
:10BD500014D1304A536C23F4802357E0B0F1804F64
:10BD600015D12C4A136C23F0010313642C4B984219
:10BD700015D1284A136C23F020031364294B9842F1
:10BD800015D1244A136C23F0400313647047264BEB
:10BD9000984214D11F4A136C23F002031364234BFF
:10BDA000984214D11B4A536C23F002035364204B76
:10BDB000984214D1174A136C23F08003E5E71D4B1A
:10BDC000984214D1134A136C23F0040313641A4BE2
:10BDD000984214D10F4A536C23F480335364174BA9
:10BDE0009842D3D10B4A136C23F48073CDE7144BE4
:10BDF0009842A3D1074A136C23F008031364114B34
:10BE00009842A3D1034A536C23F400335364704720
:10BE1000000001400038024000100040004801408E
:10BE200000140040001800400004004000040140DD
:10BE3000001C00400008004000400140002000407D
:10BE4000000C004000440140431C3AD0294B98426A
:10BE50003AD018D8A3F54063984237D00BD8A3F551
:10BE60000063984234D003F58063984232D0B0F139
:10BE7000804F31D0FEE7204B98422FD003F58063EE
:10BE800098422DD0F6E71D4B98422DD00CD8A3F543
:10BE90006443984226D003F56043984226D0A3F528
:10BEA0006443984220D0E5E7154B98421ED003F535
:10BEB000806398421CD0A3F500639842DAD1182021
:10BEC00070476FF00D0070472B207047322070478D
:10BED0001D2070471E2070471C2070473620704779
:10BEE000372070472D2070472C207047192070474D
:10BEF0001A20704700180040001000400004014064
:10BF000000440140431C3AD02B4B98423AD01CD8F5
:10BF1000A3F58053984237D00BD8A3F5006398421D
:10BF200034D003F58063984232D0B0F1804F31D0E5
:10BF3000FEE7224B98422FD003F5806398422DD024
:10BF4000A3F5006398422BD0F2E71D4B984229D00D
:10BF50000CD8A3F58043984226D003F5806398421D
:10BF600024D0A3F56443984222D0E1E7154B9842D0
:10BF700020D003F580639842DAD11A2070476FF021
:10BF80000D0070472C207047322070471D207047ED
:10BF90001E2070471C207047372070472B207047A9
:10BFA00036207047182070471B2070472E2070479E
:10BFB0002D20704719207047001C004000140040DD
:10BFC000004001400044014038B504460068FFF7D6
:10BFD000B5FDFFF739FFD4E91312FCF7C1FA206869
:10BFE000FFF732FFFCF7EEFA22681046FFF78AFFF0
:10BFF00005461046FFF728FF85420BD02846D4E9B6
:10C000001312FCF7ADFA2068FFF77CFFBDE838405B
:10C01000FCF7D8BA38BD00000346006886B0D8B136
:10C02000534A90421AD102F59432516A41F01001FC
:10C030005162516A21F01001516200210091516C4E
:10C0400041F010015164526C02F010020092009A0B
:10C050002522A3F86420012006B07047454A90428B
:10C0600017D102F5FA32116A41F400311162116AF6
:10C0700021F40031116200210191116C41F4003171
:10C080001164126C02F400320192019A4FF493721F
:10C09000DFE7394A904217D102F5F832116A41F4CC
:10C0A00080211162116A21F4802111620021029124
:10C0B000116C41F480211164126C02F4802202920E
:10C0C000029A40F22722C4E72C4A904217D102F587
:10C0D000F632116A41F400211162116A21F4002143
:10C0E000116200210391116C41F400211164126C62
:10C0F00002F400220392039A4FF44D72A9E7204AFA
:10C10000904217D102F5F432116A41F480111162A4
:10C11000116A21F48011116200210491116C41F423
:10C1200080111164126C02F480120492049A40F29D
:10C1300035428EE7134A904217D102F59232516A86
:10C1400041F020015162516A21F020015162002129
:10C150000591516C41F020015164526C02F02002B3
:10C160000592059A40F2475273E7002074E700BF3A
:10C17000001001400044004000480040004C0040D6
:10C1800000500040001401402DE9F74F8B469246C5
:10C190000193814620B90025284603B0BDE8F08F01
:10C1A0004749406DFFF76EFC46490546D9F85800EF
:10C1B000FFF768FC44490646D9F85C00FFF762FCCB
:10C1C00042490446D9F86000FFF75CFC0746002DA1
:10C1D000E1D0D9F85820013201D0002EDBD0D9F8B7
:10C1E0005C20013201D0002CD5D0D9F8602001327A
:10C1F00001D0002FCFD031462846FFF76AFC024617
:10C20000C9F8000028B90146FFF763FC0246C9F8E7
:10C21000000021461046FFF75CFC3946C9F80000D3
:10C22000FFF757FCC9F800000028B4D02449D9F81A
:10C230005400FFF70FFC26B12249D9F85800FFF748
:10C2400009FC4846FFF7E8FE09F10408054634B149
:10C250001D49D9F85C00FFF7FDFB4FF4807437B13E
:10C260001A49D9F8600044F40074FFF7F3FB99F819
:10C270006510174A019B42F82180D9F8002099F9EE
:10C280006400C9F80CA0C9E9012B0C9AC9F8102068
:10C290000C22C9E906240022C9F81430C9F820206C
:10C2A0000121FCF75DF940463EB9FEF75DFB002831
:10C2B00014BF002505F001056EE7FEF726FBF6E743
:10C2C0005C070108E40601089C0601085406010801
:10C2D000C4060020036810B50446002B32D090F845
:10C2E0006520052A1FD8DFE802F003112E3B4855D0
:10C2F0002F4B596A41F010015962596A21F010011F
:10C300005962596C21F0100159640CE0284B196AEC
:10C3100041F400311962196A21F400311962196C73
:10C3200021F400311964234B53F82200FEF750FB2F
:10C33000214B94F8652093F86510914204BF0622C2
:10C3400083F8652010BD1A4B196A41F480211962E7
:10C35000196A21F480211962196C21F48021E1E726
:10C36000134B196A41F400211962196A21F4002162
:10C370001962196C21F40021D4E70D4B196A41F4BC
:10C3800080111962196A21F480111962196C21F463
:10C390008011C7E7064B596A41F020015962596A7A
:10C3A00021F020015962596C21F02001ACE700BF57
:10C3B00000380240C4060020B400002008B5074B36
:10C3C00090F8652053F82200FEF718FD00F02200D7
:10C3D000A0F122035842584108BD00BFC406002006
:10C3E00008B5074B90F8652053F82200FEF706FDCC
:10C3F00000F02100A0F121035842584108BD00BFC0
:10C40000C406002070B50E46054610B94FF0FF3047
:10C4100070BDFFF7D3FF04460028F7D1294601225B
:10C4200011F8663F337095F86500034B53F8200010
:10C43000FEF703FD2046EBE7C406002038B50D46A5
:10C440000446B8B1FFF7BAFFA0B994F96400E564F7
:10C45000FCF7C6F894F86500074B04F1660153F841
:10C4600020000122FEF7E9FC94F96400BDE83840A1
:10C47000FCF7A8B838BD00BFC406002038B5154683
:10C480000446B8B1016590F96400FCF7A9F8E36EC1
:10C49000B4F8761094F8650013FA81F1064BAAB24D
:10C4A00053F82000FEF7AEFA94F96400BDE8384076
:10C4B000FCF788B838BD00BFC406002048B1836DC2
:10C4C000013306D190F86520024B53F82200FEF7A5
:10C4D00065BC7047C406002048B1836D013306D1A6
:10C4E00090F86520024B53F82200FEF76FBC7047AE
:10C4F000C4060020836C04381847C36C04381847FE
:10C5000030B5044650F804391D6815F0010585B0B2
:10C5100012D0002200921A6800925B680093009B80
:10C52000FFF74CFF40BB012204F16201204605B039
:10C53000BDE83040FEF781BC196811F0020106D059
:10C5400001951A6801925B680193019BE8E71A68FC
:10C5500012F0040206D002911A6802925B680293FC
:10C56000029BDDE719680907DAD503921A6803927E
:10C570005B680393039BD3E705B030BD08B5252066
:10C58000FCF754F8024B1868BDE80840FEF7B6BA4D
:10C59000C406002008B52620FCF748F8034B58686D
:10C5A00018B1BDE80840FEF7A9BA08BDC4060020CE
:10C5B00008B52720FCF73AF8034B986818B1BDE896
:10C5C0000840FEF79BBA08BDC406002008B5342019
:10C5D000FCF72CF8024BD868BDE80840FEF78EBA8D
:10C5E000C406002008B53520FCF720F8024B186976
:10C5F000BDE80840FEF782BAC406002008B547200F
:10C60000FCF714F8024B5869BDE80840FEF776BA0B
:10C61000C4060020F0B50025ADB01422294603A8B9
:10C62000099501F048F95C22294615A801F043F963
:10C63000284B01951A6C42F080521A641B6C03F06F
:10C6400080530193019B244B02951A6842F44042A7
:10C650001A601B680A9503F440430293029B0A2365
:10C6600002240126089310270821B42308A8CDE945
:10C670000B67CDE90E45CDE91013CDE912440D96B7
:10C680001494FDF75BFD00B1FEE7FDF707FA00B17A
:10C69000FEE70F23CDE9033405904FF4A0524FF489
:10C6A0008053052103A8CDE90623FDF731FA00B137
:10C6B000FEE7C023239015A8CDE91734CDE919442E
:10C6C000159616971F96FDF7DDFA00B1FEE72DB01F
:10C6D000F0BD00BF0038024000700040036840F227
:10C6E00013421B6A184790F810017047B0F80831E0
:10C6F000B0F80421981A00F03F007047B0F80831F4
:10C70000B0F804219BB293421ABFD0F8FC30985C79
:10C710004FF0FF30704790F80631B0F80A01C0B210
:10C72000834227BFC3F13F03C018C01A00F1FF3096
:10C73000704707B503688DF807105B6801220DF19B
:10C740000701984703B05DF804FB13B50DF107012D
:10C750000446FFF757FE88B9B4F87430B4F8702077
:10C76000013303F03F03934208D0B4F87420A16E64
:10C770009DF8070092B28854A4F8743002B010BD3E
:10C78000B0F87620816F11FA82F202F03F0210B504
:10C79000A0F87620B0F87610B0F8722089B28A42FC
:10C7A0001AD0B0F87640B0F87610A4B24032121B1E
:10C7B000544289B204F03F0402F03F02C1F140014B
:10C7C00058BF62428A4228BF0A4682670349FFF780
:10C7D00055FE4FF0FF3010BD0020FCE781C7000878
:10C7E0002DE9F843036804469B6888461646984737
:10C7F00001232374D4F8EC30B4F806710133814678
:10C80000C7F1400709D194F8113133B1002384F8FE
:10C81000113104F19400FFF751FE236820469B6814
:10C8200098470028F9D03546BD4225D84D4523D834
:10C83000B4F80631D4F800015A19402A184430D807
:10C840002A46414601F092F82F46B4F806311D44BD
:10C8500005F03F05A4F8065104F194052846FFF7BA
:10C86000BFFD30B91649C4F80C713A462846FFF7A7
:10C8700005FE3046BDE8F8834F45236828BF4F4684
:10C880003A4641465B6820469847236820469B68A5
:10C890009847ED1BB844B4F806718146C7F14007CC
:10C8A000C2E7C3F140073A46414601F05FF8D4F8C9
:10C8B0000001EA1B08EB070101F058F8C5E700BFCB
:10C8C00081C70008C0F8F030009BC0F8F4309142F6
:10C8D00008BF4FF0FF3100F11403C0E93A21C0F85E
:10C8E000FC3000F154020023A0F80831C0E94023D5
:10C8F000A0F80A317047037C70B504460D46A3B119
:10C90000FBF7C8FB0646B4F80621B4F80A319BB21F
:10C910009A420AD0002DF8D0FBF7BCFB801B854261
:10C92000F1D8B4F80A31A4F8063170BD10B500236F
:10C93000044680F810314FF47A71FFF7DCFF04F100
:10C940009400FFF7C7FCB4F80431A4F8083110BD17
:10C950000021FFF7D0BF0000CBB2332B08D80E4A1E
:10C9600052F8233001F4E0611943C0F8EC1070472D
:10C9700001F0C002C02A0CD1CF2B0AD8074B01F01E
:10C980003F0201F4E06153F82220034B53F82230B8
:10C99000EAE74FF0FF31E8E76C0D01082C0D0108C4
:10C9A000CBB2332B08D80E4A52F8233001F4E061A1
:10C9B0001943C0F8E810704701F0C002C02A0CD13A
:10C9C000CF2B0AD8074B01F03F0201F4E06153F886
:10C9D0002220034B53F82230EAE74FF0FF31E8E71B
:10C9E0006C0D01082C0D010873B54FF47A731646CF
:10C9F0000022C0E901231D4B03604FF0FF33C0F854
:10CA0000EC301B4B984204460D4615D1CE21FFF762
:10CA1000A3FFCF21FFF7C4FF012E4FF0FF3308BF64
:10CA2000C4F8EC3000932046D4E93A214FF0FF33AC
:10CA3000FFF748FF02B070BD0E4B0F49DA6B0F4B8A
:10CA400053F82200FFF71EF8854202D1CE2120467E
:10CA5000DDE70B492846FFF726F80749C4F8EC0044
:10CA60002846FFF720F8C4F8E800D5E7440E01088F
:10CA7000DC0600202C0D01085C0701086C0D010884
:10CA8000E4060108D0F8EC30013310B504460ED1AD
:10CA90000368DB68984794F8113143B9012384F89F
:10CAA000113104F19400BDE81040FFF715BD10BD31
:10CAB0007FB502F00F03022B054614460CD05E1E14
:10CAC000734273419B0204F47062B2F5407F06D05A
:10CAD000B2F5806F05D0FEE74FF4C063F3E743BBC8
:10CAE000FEE71A1E18BF01221203E87CA5F81241C6
:10CAF000C5F814110390A87C0290687C019004F0A2
:10CB0000F004A4F130004442444105F1940664036A
:10CB100000943046FFF738FB85F8100158B12846DD
:10CB2000FFF7B0FF0549304604B0BDE87040FFF79D
:10CB300085BC0022D9E704B070BD00BF4BC7000818
:10CB400010B50446FFF79EFFB4F80821B4F804318D
:10CB500092B29A421FBFD4F8FC20D05C013303F09C
:10CB60003F0314BFA4F804314FF0FF3010BD0000A4
:10CB7000024903480022FFF737BF00BF00440040CE
:10CB8000DC0600202DE9F04106460D468F180C46C4
:10CB9000BC4202D1601BBDE8F0813368A0461B682F
:10CBA00018F8011B304698470028F3D04446EFE7B9
:10CBB00070B505460C46084649B1F3F709FB2B68EA
:10CBC0000246214628465B68BDE87040184770BDA4
:10CBD00003688A685B680968184708B5FFF7E8FFCB
:10CBE00008BD03681B68184708B50249FFF7E0FF56
:10CBF00008BD00BFE0FA000838B50546FFF7D8FFCA
:10CC000004462846FFF7F0FF204438BDFFF7F4BF85
:10CC1000F0B58BB00023012A0C468DF8243098BF64
:10CC20000A2209A9B4FBF2F602FB1645EBB2092D64
:10CC3000274694BF30333733DBB2BA4201F8013DA7
:10CC40003446EFD9FFF7B4FF0BB0F0BD2DE9F0414A
:10CC500007460E4614462AB90368BDE8F0411B6832
:10CC6000C9B218470A2A05D1002905DBBDE8F04101
:10CC7000FFF7CEBFD2B2F9E72D21FFF7B2FF224670
:10CC8000054671423846FFF7C3FF2844BDE8F081EE
:10CC9000FFF7DCBF10B42AB902685DF8044B1268D4
:10CCA000C9B210475DF8044BD2B2FFF7B1BFFFF72E
:10CCB000F1BFFFF7EFBF00002DE9F84F55EC104B27
:10CCC0000E1E074622462B4620462946B8BF02269E
:10CCD000F3F72CFF38B14C493846FFF769FF80461F
:10CCE0004046BDE8F88F25F00049484B4FF0FF3231
:10CCF00020464946F3F71AFF48B9444B4FF0FF323C
:10CD000020464946F3F7F4FE08B94149E4E7414BB0
:10CD10004FF0604220462946F3F7FEFE08B13E4937
:10CD2000DAE73E4B4FF0604220462946F3F7D6FE45
:10CD30000028F4D10022002320462946F3F7CEFE36
:10CD400000285AD02D213846FFF74BFF05F100434C
:10CD500082461D463249DFF8D0904FF0000B00208C
:10CD60004FF000085FFA8BF3B3420BF1010B46DB87
:10CD700002460B4620462946F3F788FA0D4604463C
:10CD8000F3F712FF8046F3F7BDFB02460B46204641
:10CD90002946F3F779FA0A2204460D4638464146F9
:10CDA000FFF736FF0AEB000826B11E493846FFF7A9
:10CDB000FFFE8044DFF870B04FF0000A013E8FD3D1
:10CDC0005B46524620462946F3F716FC0D460446BC
:10CDD000F3F7EAFE0A22014681463846FFF718FFBC
:10CDE00080444846F3F78EFB02460B462046294610
:10CDF000F3F74AFA04460D46E0E78246AAE74246C0
:10CE00004B46F3F723FDADE7E3FA0008FFFFEF7FA2
:10CE1000E7FA0008FFFFEF41EBFA0008FFFFEFC160
:10CE20000000E03FEFFA00080000244038B5044657
:10CE300010EE100A0D46F3F787FB41EC100B294664
:10CE40002046BDE83840FFF737BF10B504460068FC
:10CE500008B100F009FC204610BD10B5044600687A
:10CE600008B100F001FC0023C4E90133236010BDC8
:10CE700038B504460D460068013100F0CDFC10B114
:10CE8000C4E90005012038BD036810B5044613B19C
:10CE900043688B4207D22046FFF7EAFF20B1A36820
:10CEA0000BB922681370012010BD70B50E461146F3
:10CEB00004461546FFF7E8FF20B92046FFF7CDFFEF
:10CEC000204670BD2A4631462068A56000F04EFD20
:10CED0002268A3680021D154F2E738B50023C0E9E5
:10CEE0000033044683600D4639B10846F3F770F904
:10CEF000294602462046FFF7D8FF204638BD884223
:10CF000010B50B46044604D0096821B19A68FFF7B2
:10CF1000CCFF204610BDFFF7A0FFFAE710B50023B5
:10CF20000446C0E900338360FFF7E9FF204610BDE7
:10CF300038B505460C4649B10846F3F749F921468C
:10CF400002462846FFF7B1FF284638BDFFF785FFA8
:10CF5000FAE770B5044600230A298EB028BF0A21DB
:10CF6000C4E90033A36010EE100A0D468E1CF3F7DF
:10CF7000EBFA76B241EC100B01AA2946304600F0DC
:10CF800043F801462046FFF7D3FF20460EB070BDA0
:10CF9000F8B5044616460F4609B90020F8BD8AB117
:10CFA000856815442946FFF76FFF0028F5D0A36870
:10CFB000206832461844394600F0D8FC2368A56042
:10CFC00000225A550120E9E738B5054608460C46C7
:10CFD000F3F7FEF8214602462846BDE83840FFF741
:10CFE000D7BF09B1FFF7F0BF0846704710B5044638
:10CFF00021B92046FFF731FF204610BDFFF7F1FFB2
:10D000000028F6D0F8E700002DE9F04F59EC108B1E
:10D01000A7B005460F461446002300224046494665
:10D02000F3F75CFD064618B109F100439946012665
:10D0300047494FF0000A0020574571DC02460B4675
:10D0400040464946F3F722F902460B46CDE9022352
:10D05000F3F7AAFD8246002F6BD0DFF80C914FF05A
:10D06000000B4FF00008404649463A4B0022F3F7C8
:10D07000C3FA0BF1010B5F4580468946F3DC50464D
:10D08000F3F740FA02460B46DDE90201F3F7FCF83C
:10D0900042464B46F3F7B0FAF3F75EFD3B4600908D
:10D0A0005246002E43D02C49204600F093FB8122AB
:10D0B000002105A800F0FFFB002D2046BABF6D42FD
:10D0C00001260026F3F784F8A84225D280222021E9
:10D0D00005A800F0F0FB2046F3F77AF82D1A05F1C9
:10D0E00098030DEB0305002305F8843C56BB20464E
:10D0F000F3F76EF8013000F0AFFA2146054600F074
:10D100002DFC05A9204600F029FC2946204600F008
:10D11000DAFB284600F0A8FA204627B0BDE8F08FD9
:10D120000C4B0022F3F792FB0AF1010A84E70B494A
:10D13000BAE7024626B10A49204600F04BFBB6E7A3
:10D140000849F9E705A9204600F0BDFBE4E700BF68
:10D150000000E03F00002440F1FA0008F2FA000865
:10D16000FCFA0008FDFA00080000F03F704708B51F
:10D170000320FBF7E3F9BDE8084000F06BBA08B5FF
:10D18000AFF30080F5F7B8FDF5F762FDAFF300806F
:10D19000FAE70000034610F0800010B50DD1084AF0
:10D1A000D9B252F8044B8C4203D103F4E063184324
:10D1B00010BD01303428F4D1FAE73420F8E700BF7D
:10D1C0006C0D010810F0F00130B5024618D1C4B260
:10D1D00000F4E0632F4850F824000343C0B2332822
:10D1E00030D903F0C004C02C01D1CF2833D9A2F12B
:10D1F000D003022B94BF02F631704FF0FF3029E0CC
:10D2000000F0C003C02BF2D1C4B2CF2CEFD800F095
:10D210003F0500F4E0631F4850F825000343C0B207
:10D2200033280FD903F0C003C02BE0D1CF2CDED8B8
:10D23000184802F03F0402F4E06350F8240003436E
:10D24000C0B2D2E7144951F8200003F4E063184358
:10D25000431CCCD030BD03F03F030E4850F82340B0
:10D260000D4B53F8243041B9D1B250F8211011437D
:10D2700001F4E06143EA0100EAE702F0C001C029DD
:10D2800005D1D1B2CF2902D802F03F01EDE74FF42A
:10D29000E061EFE72C0D01086C0D0108DFF834D0D8
:10D2A000FEF722FC0C480D490D4A002302E0D45839
:10D2B000C4500433C4188C42F9D30A4A0A4C0023E0
:10D2C00001E013600432A242FBD300F021FBFFF720
:10D2D00056FF704700000220000000208801002057
:10D2E000AC120108880100205C090020FEE7914291
:10D2F0000FD008D9891A01238B40984208D30130F6
:10D30000C8400138704720B10130521A9040F8E708
:10D3100000207047431E1F2B0ED80C280DDC06285A
:10D320000DDD08280DDD0B28B4BF0A230C23064AA7
:10D330001060064A13607047FEE70C23F7E70623E8
:10D34000F5E70823F3E700BF340100203001002097
:10D3500010B5FFF737FF431C0AD0064C2168FEF7D3
:10D3600081F8054B21681A68BDE81040FFF7BFBF80
:10D37000002010BD3001002034010020C3B2332B47
:10D380002DE9F0410D462AD82C4A52F8233000F4FA
:10D39000E0641C43621C4ED0294EC4F3031704F012
:10D3A0000F0856F8273023FA08F3DB0710D5254974
:10D3B0002046FEF7A5FA18B32046FEF713F956F8F3
:10D3C0002730012202FA08F223EA020346F8273046
:10D3D000052D1FD8DFE805F01F2B25272D2900F08C
:10D3E000C002C02A27D1CF2B25D8174B00F03F020F
:10D3F00000F4E06453F82220104B53F82230C8E7C1
:10D4000012492046FEF77CFA0028D8D02046FEF7C5
:10D41000FFF8D4E7FEE700212046BDE8F041FEF723
:10D420007FBA1021F8E72021F6E70321F4E7012174
:10D43000F2E70921F0E7BDE8F08100BF6C0D0108BB
:10D44000F40700201C0B01082C0D0108D40701086B
:10D45000C3B2332B19D8164A52F8233000F4E060D7
:10D460001843421C10D003065CBF124BC0F30312DA
:10D4700000F00F0058BF53F822200F4B48BF002286
:10D4800053F8203091B19361704700F0C002C02A78
:10D49000FAD1CF2BF8D8094B00F03F0200F4E0603E
:10D4A00053F82220024B53F82230D9E71B04EAE755
:10D4B0006C0D010884000020580401082C0D01089F
:10D4C000C3B2332B19D8184A52F8233000F4E06065
:10D4D0001843421C22D0030622D4144BC0F303127B
:10D4E00000F00F0053F82220114B126953F820303E
:10D4F00093430CBF01200020704700F0C002C02AF7
:10D500000CD1CF2B0AD80B4B00F03F0200F4E060A7
:10D5100053F82220044B53F82230D9E700207047FB
:10D5200000231B69FFDE00BF6C0D01088400002092
:10D53000580401082C0D01082DE9F843C3B2332B20
:10D5400015460ED82D4A52F8233000F4E06003F05F
:10D550000F02184301241B0604FA02F412D5002618
:10D5600015E000F0C002C02A2DD1CF2B2BD8244BC0
:10D5700000F03F0200F4E06053F822201F4B53F804
:10D580002230E4E71F4BC0F3031053F8206000295A
:10D5900014BF2746002700F039F8FFB280463369F0
:10D5A0002340BB4212D033692340BB4217D100F065
:10D5B0002DF8814633692340BB4217D000F026F88E
:10D5C000A0EB090009E04FF40044C8E700F01EF8A2
:10D5D000A0EB0800A842E2D90020BDE8F88300F0E3
:10D5E00015F8A0EB0800A842DDD9F5E700F00EF829
:10D5F000A0EB0800A842DDD9EEE700BF6C0D0108E2
:10D600002C0D010884000020FEF752B8FEF72CB85C
:10D6100038B5044648B1FEF74BF80546FFF7A6FDBE
:10D62000FEF746F8431BA342F8D338BD0649074B23
:10D63000074A1B68B3FBF2F310B54C6843434A68D2
:10D64000121B9A42FBDB10BD001000E0B00000206E
:10D6500040420F00FEF77CB8024B0146186800F00C
:10D660002DB800BF38010020024B0146186800F0B9
:10D670008BB900BF3801002070B50F4E0C463168E1
:10D68000054611B900F02EF930602146284600F019
:10D6900029F9431C03D14FF0FF34204670BDC41C50
:10D6A00024F00304A042F8D0211A284600F01AF909
:10D6B0000130F2D1EFE700BF140800202DE9F84354
:10D6C000CD1C25F0030508350C2D38BF0C25002D89
:10D6D000064601DBA94204D90C2333600020BDE8D3
:10D6E000F883DFF8D48000F069F8D8F800301C46E1
:10D6F00044BB29463046FFF7BFFF431C044658D1C0
:10D70000D8F800402746002F43D1002C4BD0236887
:10D710003946304604EB030900F0E4F8814542D174
:10D7200021686D1A29463046FFF7A6FF01303AD02E
:10D7300023682B442360D8F800305A6862BBC8F8CD
:10D7400000700FE02268521B20D40B2A17D96119F0
:10D75000A342256018BF5960636808BFC8F800106D
:10D7600062514B60304600F02FF804F10B00231D8E
:10D7700020F00700C21A1CBF1B1AA350AFE7626853
:10D78000A3420CBFC8F800205A60EBE72346646848
:10D79000AEE73C467F68B6E71A465B68A342FBD11A
:10D7A00000235360DEE70C233360304600F00CF8B2
:10D7B00094E70560D6E700BF18080020014800F094
:10D7C000CBB800BF54090020014800F0C6B800BF24
:10D7D000540900200EB410B59DB01FAB0290069006
:10D7E0006FF000410A48079104910A4953F8042B4D
:10D7F0000591002402A9006801931B9400F06EF9C2
:10D80000029B1C701DB0BDE8104003B0704700BF04
:10D81000380100200802FFFF024B0A460146186843
:10D8200000F002B8380100202DE9F0410746144607
:10D830000D4621B9BDE8F0411146FFF73FBF2AB9B7
:10D8400000F0A2F825462846BDE8F08100F0D0FBA4
:10D850008442064602D8B4EB500FF4D8214638462D
:10D86000FFF72CFF804608B94546ECE7B442224654
:10D87000294628BF324600F079F82946384600F09C
:10D8800083F8F1E7884210B501EB020402D9844223
:10D89000234607D8431EA14207D011F8012B03F8F5
:10D8A000012FF8E70244824200D110BD13F8011D98
:10D8B00002F8011DF7E702440346934200D1704786
:10D8C00003F8011BF9E710B502461478134601323C
:10D8D000002CFAD1013B11F8012B03F8012F002A8B
:10D8E000F9D110BD38B5064D0023044608462B601B
:10D8F000FDF77AFC431C02D12B6803B1236038BDCD
:10D9000058090020014B1868704700BF38010020FB
:10D9100070B50D4B0D4D5B1B9C100026A64209D126
:10D9200001F052FD0A4D0B4B5B1B9C100026A642DA
:10D9300005D170BD55F8043B98470136EEE755F820
:10D94000043B98470136F2E7801201088012010873
:10D95000801201089C12010870477047034611F8B5
:10D96000012B03F8012B002AF9D170470A44914298
:10D9700000F1FF3300D1704710B511F8014B03F8E7
:10D98000014F9142F9D110BD38B50546002941D06B
:10D9900051F8043C0C1F002BB8BFE418FFF70EFF32
:10D9A0001D4A136833B9636014602846BDE83840E7
:10D9B000FFF70ABFA34208D9206821188B4201BF94
:10D9C00019685B6809182160EDE71A465B680BB1BE
:10D9D000A342FAD911685018A0420BD12068014423
:10D9E000501883421160E0D118685B6853600844A6
:10D9F0001060DAE702D90C232B60D6E720682118E3
:10DA00008B4204BF19685B68636004BF091821601A
:10DA10005460CAE738BD00BF180800202DE9F04760
:10DA20008E681F46BE4282460C469046334653D807
:10DA3000B1F90C0010F4906F2BD065692368096967
:10DA400005EB4505A3EB010905EBD5757B1C6D10B6
:10DA50004B44AB422A4684BF1D462A46430527D580
:10DA600011465046FFF72AFE064658B321694A463A
:10DA7000FFF77CFFA38923F4906343F08003A38125
:10DA8000266165614E44A5EB09052660A5603E460A
:10DA90003B461F4620683A464146FFF7F3FEA3681F
:10DAA0009B1BA36023683B4423600020BDE8F087F4
:10DAB0005046FFF7B9FE06460028E1D121695046DD
:10DAC000FFF762FF0C23CAF80030A38943F040033C
:10DAD000A3814FF0FF30E9E73E46DBE72DE9F04F49
:10DAE00098468B891B069DB007460D46144610D5F7
:10DAF0000B6973B94021FFF7E1FD2860286130B957
:10DB00000C233B604FF0FF301DB0BDE8F08F402389
:10DB10006B610023099320238DF82930CDF80C8008
:10DB20003023DFF89C818DF82A304FF0010923461D
:10DB30009A4613F8012B0AB1252AF9D1BAEB040B46
:10DB40000BD05B46224629463846FFF767FF013077
:10DB500000F0A780099A5A4409929AF80030002BE5
:10DB600000F09F8000234FF0FF32CDE905230AF13A
:10DB7000010A049307938DF853301A9354460522F3
:10DB800014F8011B4E48F2F72BFB049AD8B9D006C3
:10DB900044BF20238DF85330110744BF2B238DF849
:10DBA00053309AF800302A2B15D0079A544600209B
:10DBB0004FF00A0C214611F8013B303B092B4BD9A1
:10DBC000B0B1079214E0A0EB080309FA03F3134382
:10DBD0000493A246D2E7039B191D1B680391002BF7
:10DBE000BBBF5B4242F0020207930793B8BF0492A7
:10DBF00023782E2B0AD163782A2B32D1039B1A1D4E
:10DC00001B68039243EAE37302340593DFF8C0A074
:10DC1000217803225046F2F7E3FA38B1049BA0EBD7
:10DC20000A004022824013430134049314F8011B7C
:10DC300024488DF828100622F2F7D2FA002836D0B0
:10DC4000214B1BBB039B073323F0070308330393CC
:10DC5000099B334409936AE70CFB02320C4601200E
:10DC6000A8E700230134059319464FF00A0C20461B
:10DC700010F8012B303A092A03D9002BC6D00591A0
:10DC8000C4E70CFB012104460123F0E703AB00933A
:10DC90002A460E4B04A93846AFF30080421C0646C4
:10DCA000D6D1AB895B063FF52DAF09982CE703ABC6
:10DCB00000932A46054B04A9384600F079F8EDE7B1
:10DCC00001FB00080BFB0008000000001DDA000843
:10DCD00007FB00082DE9F047164698468A680B694D
:10DCE000DDF820909342B8BF1346336091F843208B
:10DCF00007460C460AB1013333602368990642BFD8
:10DD0000336802333360256815F0060506D104F147
:10DD1000190AE36832689B1AAB4226DC94F8433058
:10DD20002268003B18BF012392062BD404F1430262
:10DD300041463846C84701301ED02368226903F0A7
:10DD40000603042B02BFE5683368ED1AA3680CBF15
:10DD500025EAE57500259342C4BF9B1AED180026FD
:10DD60001A34B5421AD1002008E001235246414638
:10DD70003846C847013003D14FF0FF30BDE8F08787
:10DD80000135C6E7E1185A1C302081F843002244CF
:10DD900094F8451082F843100233C7E70123224666
:10DDA00041463846C8470130E6D00136D9E7000081
:10DDB0002DE9FF470F7E0C9E782F914680460C463A
:10DDC0009A4601F1430207D8622F0AD8002F00F0CB
:10DDD000D280582F00F0B78004F1420684F84270D8
:10DDE0003AE0A7F16303152BF6D801A151F823F00F
:10DDF00049DE00085DDE0008D9DD0008D9DD000835
:10DE0000D9DD0008D9DD00085DDE0008D9DD000895
:10DE1000D9DD0008D9DD0008D9DD00085DDF000884
:10DE200087DE000813DF0008D9DD0008D9DD00080F
:10DE30007FDF0008D9DD000887DE0008D9DD000893
:10DE4000D9DD00081BDF000833681A1D1B6832602B
:10DE500004F1420684F8423001239DE033682068D3
:10DE6000191D3160060601D51D6803E04506FBD586
:10DE7000B3F90050002D03DA2D236D4284F84330AE
:10DE800059480A2310E021683368080653F8045BF8
:10DE900002D4490648BFADB26F2F5348336059D101
:10DEA0000823002184F843106668A660002E05DB75
:10DEB00021682E4321F0040121604DD01646B5FBA8
:10DEC000F3F103FB1157C75D06F8017D2F46BB42F6
:10DED0000D46F4D9082B0BD12368DF0708D5236939
:10DEE00061689942DEBF302306F8013C06F1FF3637
:10DEF000921B2261CDF800A04B4603AA2146404662
:10DF0000FFF7E8FE01304CD14FF0FF3004B0BDE820
:10DF1000F087236843F0200323603448782784F88F
:10DF20004570236831681F0651F8045B02D45F0610
:10DF300048BFADB23160D90744BF43F0200323602E
:10DF40001DB11023ADE72848E9E7236823F020033B
:10DF50002360F6E70A23A4E71646BBE73368256883
:10DF60006169181D30602E061B6801D5196002E03A
:10DF70006806FBD51980002323611646BAE733688B
:10DF80001A1D32601E68626800213046F2F728F9D7
:10DF900008B1801B606063682361002384F843300C
:10DFA000A8E72369324649464046D0470130ABD006
:10DFB00023689B0713D4E068039B9842B8BF1846B8
:10DFC000A4E70123324649464046D04701309BD062
:10DFD0000135E36803995B1AAB42F2DCEBE70025FD
:10DFE00004F11906F5E700BF12FB000823FB000847
:10DFF00051F8043C181F002BBCBF0B58C0187047C9
:10E0000008B5062000F02CF80120FDF70BF91F29B8
:10E0100038B505460C4604D9162303604FF0FF308F
:10E0200038BDC26B12B152F821304BB9284600F00E
:10E0300031F8224601462846BDE8384000F018B8BD
:10E04000012B0AD0591C03D1162303600120E7E7F6
:10E05000002142F82410204698470020E0E7000005
:10E06000024B01461868FFF7D2BF00BF38010020FD
:10E0700038B5074D00230446084611462B60FDF7CE
:10E08000D3F8431C02D12B6803B1236038BD00BF15
:10E0900058090020FDF7D0B800F05EB908B52DEDA5
:10E0A000028BB0EE408A00F0FDF9B4EE488AF1EE42
:10E0B00010FA06D6DFED098AB4EEE88AF1EE10FA1E
:10E0C00002D4BDEC028B08BDFFF71CFC88EEA80A49
:10E0D000BDEC028B2123036008BD00BF00000000DF
:10E0E00010EE103A184923F000428A421AD9B2F1D0
:10E0F000FF4F02D330EE400A704700B583B0684648
:10E1000000F0D4F900F0030001289DED000ADDEDD8
:10E11000010A10D0022809D090B900F053F803B0DA
:10E120005DF804FBDFED090A00F04CB800F04AF896
:10E13000B1EE400AF3E700F0C7F8B1EE400AEEE7AF
:10E14000012000F0C1F8EAE7D80F493F00000000C5
:10E1500010EE103A194923F000428A421BD9B2F15D
:10E16000FF4F02D330EE400A704700B583B06846D7
:10E1700000F09CF900F0030001289DED000ADDEDA0
:10E18000010A13D002280BD098B9012000F09CF8A6
:10E1900003B05DF804FBDFED0A0A002000F094B83C
:10E1A000012000F091F8B1EE400AF1E700F00AF822
:10E1B000EEE700F007F8B1EE400AE9E7D80F493F73
:10E1C0000000000010EE103A23F00043B3F1485F66
:10E1D0002CD2FDEEC07A17EE903A002B60D060EEA4
:10E1E000007A9FED317A9FED315ADFED315A9FED84
:10E1F000316ADFED316AA7EE875A9FED307AE7EE9C
:10E20000855AA7EEA56AA7EE867AE7EE876A67EEDB
:10E21000A66A60EEC00AB6EE007AE7EEA60AB7EE8E
:10E22000000AD7EE870A30EE600A704760EE007A87
:10E230009FED1D7A9FED1D5ADFED1D5A9FED1D6A62
:10E24000DFED1D6A1E4AA7EE875A93429FED1B7AA7
:10E25000E5EE275AA5EEA76AA6EE277AE7EE276A2B
:10E2600066EEA76AD5D9174A934214D803F17F43C3
:10E2700007EE103AB7EE006A36EE476A60EEC00A63
:10E28000F6EE005A97EEA57AE7EEA60A37EE607A28
:10E2900036EE470A7047B6EE076AB5EE027AEDE74A
:10E2A000B7EE000A704700BF4ED747ADF6740F3186
:10E2B0007CF293B4010DD037ABAA2A3D610BB6BAFC
:10E2C0009999993E0000483F10EE103A23F0004320
:10E2D000B3F1485F04D2FDEEC07A17EE903A5BB31B
:10E2E00060EE007A9FED157ADFED155A9FED156A05
:10E2F000DFED156AE7EE875A9FED147AA5EEA76A5F
:10E3000020EE275AE6EE276AA6EEA77A30B9DFEDAF
:10E31000106AE7EE876AA6EE850A704727EE457A0F
:10E32000F6EE006AA0EEA67ADFED0A6AD7EE270ABB
:10E33000E5EE260A30EE600A704700BFD3C92E2FE3
:10E34000342FD7B21BEF3836010D50B98988083CFD
:10E35000ABAA2ABEABAA2A3E10B582B0CDED010A07
:10E36000019B23F00042B2F1FF4FF0EE407A30D82B
:10E3700010EE100A20F00041B1F1FF4F29D8B3F19F
:10E380007E5F3ED09C1704F0020444EAD07431B39F
:10E390007AB3B2F1FF4F3FD0B1F1FF4F29D0891AC4
:10E3A000B1F1F45F4FEAE15233DA002B41DA3C324B
:10E3B0003FDA9FED330A012C4DD0022C42D064B1DC
:10E3C0009FED307ADFED307A30EE070A30EE670AE3
:10E3D00003E09DED017A37EE270A02B010BD022C52
:10E3E0000CD09FED2A7A032C08BFB0EE470A02B08A
:10E3F00010BD00280ADB9FED260AEEE79FED220AFA
:10E40000EBE702B0BDE8104000F086B99FED210AAD
:10E41000E3E79FED1F0ACEE7B1F1FF4F04F1FF34B0
:10E4200020D0022C26D81C4B03EB840393ED000A6A
:10E43000D3E79DED017A87EE870A00F03FFA00F0FE
:10E440006BF9B8E79FED0F7ADFED0F7A30EE070A30
:10E4500037EEC00AC1E710EE103A03F1004300EEB8
:10E46000103ABAE7022C08D80C4B03EB840393ED67
:10E47000000AB2E79FED020AAFE79FED090AACE799
:10E48000000000002EBDBB33DB0F4940DB0F49C04D
:10E49000DB0FC93FDB0FC9BF700E01087C0E0108FE
:10E4A000DB0F493FB1EEC00A704700BF70B510EEF8
:10E4B000103A8B4A23F00044944286B0054671D945
:10E4C000884A94421E4624D823F00042002BDFEDF8
:10E4D000867A864922F00F02B0EE407A40F3E68059
:10E4E0008A4270EE677A09BF9FED817ADFED816A1B
:10E4F000DFED816A77EEC77A37EEE67A77EEC77A94
:10E5000080ED007A77EEE67AC0ED017A012006B060
:10E5100070BD7A4A944253D9B4F1FF4F49D2E21503
:10E52000863AA4EBC25307EE903ABDEEE77ADFEDF0
:10E53000746AB8EEC77A77EEC77A8DED037A67EE24
:10E54000A67ABDEEE77AB8EEC77A77EEC77A8DED98
:10E55000047A67EEA67AF5EE407AF1EE10FACDED88
:10E56000057A40F08E80B5EE407AF1EE10FA40F078
:10E570008A800123634901910221009103A8294661
:10E5800000F0A4F9002EC2DA95ED007AD5ED017AFB
:10E59000B1EE477AF1EE677A85ED007AC5ED017A42
:10E5A0004042B4E7002285ED000A4260002006B038
:10E5B00070BD70EE407AC0ED017AC0ED007AF5E7EB
:10E5C00000F07CF99FED507A9FED476AF6EE007AF5
:10E5D000E0EE077A9FED477AFDEEE77AF8EEE76A1C
:10E5E00017EE900AA6EEC60A1F2866EE877AB1EEED
:10E5F000666A30EE677A1EDC444A411E26F000430C
:10E6000052F8212023F0FF03934214D085ED007AC5
:10E6100030EE470A002E30EE670A85ED010ABFF69C
:10E6200076AFB1EE477AB1EE400A85ED007A85ED1E
:10E63000010A40426BE717EE103AC3F3C753C3EB2E
:10E64000D453082B4FEAE452E0DD9FED297A9FED89
:10E650002A5AF0EE405AE6EE075A70EE657AE6EE78
:10E66000077AD6EE857A35EEE77A17EE103AC3F3DD
:10E67000C753D21A192A08DCB0EE650A85ED007A74
:10E68000C6E7032376E7022374E79FED217A9FED27
:10E69000215AB0EE650AA6EE070A75EEC07AE6EEDC
:10E6A000077AD6EE857A30EE677AAFE78A4270EE67
:10E6B000277A09BF9FED0E7ADFED0E6ADFED0E6A55
:10E6C00077EE877A37EEA67A77EEC77A80ED007A12
:10E6D00077EEA67AC0ED017A4FF0FF3017E700BF62
:10E6E000D80F493FE3CB1640800FC93FD00FC93F39
:10E6F000004435374344353708A3852E800F4943FE
:10E7000000008043080F010884F9223F880E0108A9
:10E7100000A3852E32318D2438B510EE105A25F025
:10E720000044B4F1A14FF0EE407A07D3B4F1FF4FAB
:10E7300055D8002D77DD9FED4E0A38BD4D4B9C42DC
:10E740005CD8B4F1445F4DD34FF0FF3327EEA76A96
:10E750009FED495A9FED497ADFED495ADFED494A6D
:10E7600066EE066A5A1CA6EE857AE6EEA54A9FED8D
:10E77000465ADFED465AA7EE265AE4EEA65A9FED1A
:10E78000447ADFED444AA5EE267AE5EEA64A9FEDEF
:10E79000425ADFED425AA7EE265A9FED417AA4EE87
:10E7A000A67AE5EE265A27EE267AA5EE867A27EE99
:10E7B000877A3BD03B493C4A01EB8301D1ED006AAB
:10E7C00037EE667A02EB8303D3ED006A37EE677AA1
:10E7D000002D36EEC70AB0DAB1EE400A38BD30EE91
:10E7E000000A38BD9FED317A30EE077AF7EE006A05
:10E7F000B4EEE67AF1EE10FAA6DD38BD00F05EF870
:10E800002B4B9C4215D8A3F5D0039C4226D8F0EEA2
:10E81000007ABFEE007AA0EE277A002330EE270AB6
:10E82000C7EE007A92E79FED230A38BD37EEC70A9C
:10E8300038BD214B9C420BD8F7EE087AB7EE007A30
:10E84000A0EE277A022330EE670AC0EE077A7DE752
:10E85000BFEE007AC7EE007A032377E7F7EE007A7F
:10E8600030EE677A30EE270A0123C7EE007A6DE7B3
:10E87000DB0FC93FFFFFDF3ED769853C59DA4B3DCF
:10E8800021A215BD6BF16EBD356B883D95879DBD91
:10E890006E2EBA3D388EE3BD2549123EABAAAA3E84
:10E8A000CDCC4CBE2012010830120108CAF24971C9
:10E8B000FFFF973FDB0FC9BFFFFF1B4010EE103A71
:10E8C00023F0004300EE103A704700BF2DE9F04FEF
:10E8D0002DED048BDBB01C46944603930A46BA4BDD
:10E8E00068991CF1040F53F82170824604F1FF3936
:10E8F000C0F25682BCF1030348BF0CF10403DB10E5
:10E90000029301334FEAC30EACEB0E030593029B57
:10E9100017EB0900A3EB090316D401309FEDAB7A86
:10E92000699C18441EA9002BA4BF54F8235007EE7D
:10E93000905A03F10103ACBFF8EEE77AF0EE477AA4
:10E940008342E1EC017AEED1002FC0F2E28203991A
:10E950001EA800EB81004FEA81087E18002346AD17
:10E960004C460AEB8101B9F1000F80F2C8800134F6
:10E97000B44245F8043B00F10400F4D10DF1280B3A
:10E980000BEB8703CDE9062E043B9FED929ADFED5A
:10E99000908A059804930AEB080446AE0BEB8708AF
:10E9A0000097CDF820C00DEB8703002F93ED460AAA
:10E9B0004FEA870515DD73195A4660EE097AB0EE05
:10E9C000407AFDEEE77A73ED016AF8EEE77AB3423A
:10E9D000A7EEE87A37EEA60ABDEEC77AA2EC017A76
:10E9E000EBD1019000F002FBF4EE007AB0EE408A29
:10E9F00020EE270A00F0B0FAF2EE007AA0EE678A65
:10EA000001980028FDEEC89AF8EEE97A38EE678A98
:10EA100040F38280791EC0F108035BF821E04EFAD2
:10EA200003FC0CFA03F3AEEB030EC0F1070219EE80
:10EA3000903A4EFA02F26344002A09EE903A4BF8FB
:10EA400021E000F3AF80B5EE408AF1EE10FA74D108
:10EA5000009B9F420ADD5D44002355F8041D454597
:10EA600043EA0103F9D1002B40F00281009B013BF6
:10EA70005BF823207B1C9C46002A40F0F780049A18
:10EA8000012152F8045D0131002DFAD03944029D74
:10EA9000039A05EB030E0EF1804E699D0EF1FF3EC9
:10EAA0003A4405EB8E0E1EAD06EB830705EB82059F
:10EAB000DEED017AF8EEE77AB9F1000F0EF1040EFF
:10EAC000E5EC017ADFED417A09DB2A465346F3ECA7
:10EAD000016A32ED017AA342E6EE877AF7D10CF1B2
:10EAE000010C8C45E7EC017AE2DD0F465BE701346F
:10EAF000B442E5EC017A00F104003FF43FAFDFEDF2
:10EB0000337A83465346F3EC016A3BED017A8B423C
:10EB1000E6EE877AF7D1EAE700F09180F6EE007A28
:10EB2000B4EEE78AF1EE10FA80F22981B5EE408A60
:10EB3000F1EE10FA4FF000028AD09246DDE9062E7F
:10EB4000DDF820C00197AEEB0C00B0EE480A009F44
:10EB5000009200F04BFADFED1E6AB4EEE60AF1EE29
:10EB600010FADDE90023F0EE407AC0F29C819FEDBF
:10EB7000197A059920EE077A0831BDEEC77A05911A
:10EB8000B8EEC77A5C1CE7EE667ABDEEC77AFDEE9A
:10EB9000E77A17EE901A4BF8231017EE103A4BF85D
:10EBA00024307EE00133002F09EE903A40F39D813E
:10EBB00059464FF0000E51F8043B002B39D0C3F5F5
:10EBC000807341F8043C0CE06C1201080000000066
:10EBD000000080430000803B0B68C3F1FF0341F855
:10EBE000043B0EF1010E7745F6DC01239E4600281A
:10EBF0000BDD012800F0BB80022806D1791E5BF8EE
:10EC0000213003F03F0C4BF821C0022A7FF41BAFE8
:10EC1000B7EE000A734630EE488A002B3FF413AF7C
:10EC20000992019000F0E2F90198099A38EE408AC1
:10EC300009E70EF1010E7745BDDC9E46D7E77B1E46
:10EC40005BF82320D211002A7FF7FDAE19EE903A2F
:10EC5000002F03F1010309EE903AA9DC022A7FF4A8
:10EC6000F2AEF7EE007A37EEC88AECE619460EE708
:10EC70003B469246DDE905125C1EA1F108005BF8F7
:10EC80002410009F059061B903F18043013B0BEB19
:10EC90008303014653F8040D013C08390028F9D0DC
:10ECA000059105980092B7EE000A00F09FF9002C3C
:10ECB000009AB0EE407AC0F22281601C46AD5FED52
:10ECC0003B6A81000BEB800305EB800073ED017A5A
:10ECD000F8EEE77A5B4567EE877A27EE267A60EDF5
:10ECE000017AF3D10DF1C8080E1F2E44C646A44682
:10ECF0000025002F7DDBDFF85C92DFED957A304652
:10ED0000002307E0F9EC016AB0EC017A9F42E6EEDD
:10ED1000877A03DBAB4203F10103F3DD0CF1FF3C27
:10ED2000BCF1FF3FEEEC017A05F10105A6F1040606
:10ED3000E1D1689B022B6ADC002B36DC0ED1DFEDC3
:10ED4000847A414431ED017A414577EE877AF9D1F1
:10ED50005346002B40F0C680C2ED007A19EE903A7F
:10ED600003F007005BB0BDEC048BBDE8F08F791EAB
:10ED70005BF8213003F07F0C4BF821C045E719EE1A
:10ED8000903A002F03F1010309EE903AC8BF022226
:10ED90003FF70EAFF7EE007A37EEC88A022252E64E
:10EDA00000234FF0080E0293AEE5DDED327A9FEDC1
:10EDB000687A414471ED016A414537EE267AF9D10E
:10EDC0005346002B40F0848077EEC77A82ED007ABC
:10EDD00064B133A90123B1EC017A01339C4277EE8F
:10EDE000877AF8DA53460BB1F1EE677AC2ED017A11
:10EDF000B4E70CF1FF3C0023BCF1FF3F4EF8043BAD
:10EE000005F10105A6F104067FF473AF91E7689B55
:10EE1000032BA3D1002C00F08C8008EB840595ED2A
:10EE2000007AA0002B46294671ED017AF0EE476A80
:10EE300037EE277A414577EEC77A81ED007A77EE93
:10EE4000A67AC1ED017AEFD1012C72D095ED007A4E
:10EE500008F1040173ED017AF0EE476A37EE277A84
:10EE6000994277EEC77A83ED007A77EEA67AC3ED02
:10EE7000017AEFD1031DDFED367A434408F108082B
:10EE800033ED017A984577EE877AF9D15346DDED77
:10EE9000326A9DED337A73B9C2ED006A82ED017A70
:10EEA000C2ED027A5AE7FDEEC07A1C4617EE901AC0
:10EEB0004BF82310F5E6F1EE666AB1EE477AF1EE13
:10EEC000677AC2ED006A82ED017AC2ED027A45E707
:10EED000F1EE476A77EEC77AC2ED006A002C7FF444
:10EEE00078AF81E7F1EE677A36E7012815D002287E
:10EEF0007FF4B4AE0EF03F034BF82130AEE6689BD2
:10EF0000022B12DC002B17DC7FF428AFDFED107A28
:10EF10001EE7039B4FEA830830E50EF07F03022AC9
:10EF20004BF821307FF48FAD9BE6689B032B7FF479
:10EF300015AFDFED077AA9E75346DDED327A1BB155
:10EF40004FF0004313604FE7002313604EE700BF0C
:10EF5000000000004012010810EE102AC2F3C7534F
:10EF60007F3B162B22F000411BDC002B10461EDBE2
:10EF70001A4919410A4223D0DFED197A70EE277A37
:10EF8000F5EEC07AF1EE10FA1ADD002A04DA4FF439
:10EF9000000242FA03F3184420EA010300EE103A9B
:10EFA0007047B1F1FF4F0BD330EE000A7047DFED31
:10EFB0000C7A70EE277AF5EEC07AF1EE10FA00DCEA
:10EFC0007047002A02DB9FED070A704711B99FEDD9
:10EFD000060A7047BFEE000AF2E700BFFFFF7F009E
:10EFE000CAF24971000000000000008010EE103AE3
:10EFF00033F000411A4625D0B1F1FF4F1FD213F074
:10F00000FF4F20D1DFED297A294A60EE277A90421E
:10F0100017EE903A31DB4CF2503CC3F3C7516045D8
:10F020001A46A1F1190114DD002BDFED227A9FEDC4
:10F03000210AB8BFDFED207A27EE800A704730EE54
:10F04000000A704770474CF2503C60454FEAD1517E
:10F05000EADC0144FE29E7DC002915DC11F1160F7A
:10F0600019DB193122F0FF4242EAC15207EE902A21
:10F070009FED120A27EE800A7047DFED117A07EE46
:10F08000103A27EE270A704722F0FF4242EAC153A6
:10F0900000EE103A7047002BDFED097A9FED080A69
:10F0A000B8BFDFED087A27EE800A70470000004CF9
:10F0B000B03CFFFFCAF24971CAF249F100000033C7
:10F0C0006042A20D6042A28D2DE9F047089D0F46D7
:10F0D00004468C46002B48D18A42164661D9B2FAC2
:10F0E00082F34BB1C3F1200201FA03FC20FA02F2D1
:10F0F0009E4042EA0C0C9C404FEA164EB7B2BCFB55
:10F10000FEF1220C0EFB11CC42EA0C4201FB07F08F
:10F11000904209D9B21801F1FF3C80F0EE80904294
:10F1200040F2EB8002393244121AA4B2B2FBFEF074
:10F130000EFB102244EA024400FB07F7A74209D95C
:10F14000341900F1FF3280F0DA80A74240F2D78014
:10F150003444023840EA0140E41B00211DB1DC4088
:10F160000023C5E90043BDE8F0878B4206D90DB105
:10F17000C5E9000100210846BDE8F087B3FA83F134
:10F18000002948D1BB4202D3824200F20781841A8F
:10F1900067EB030201209446002DE4D0C5E9004C42
:10F1A000E1E7002A00F09280B2FA82F3002B40F0EF
:10F1B000A8808A1A4FEA164E1FFA86FC0121200CFD
:10F1C000B2FBFEF70EFB172240EA02420CFB07F0EF
:10F1D000904207D9B21807F1FF3802D2904200F2EC
:10F1E000E2804746121AA4B2B2FBFEF00EFB1022D8
:10F1F00044EA02440CFB00FCA44507D9341900F191
:10F20000FF3202D2A44500F2CB801046A4EB0C04DE
:10F2100040EA0740A2E7C1F120068B4022FA06FC33
:10F220004CEA030C07FA01F420FA06F3F7404FEA20
:10F230001C49234300FA01F81FFA8CFEB7FBF9F0D2
:10F240001C0C09FB107744EA074400FB0EF7A742A9
:10F2500002FA01F20AD91CEB040400F1FF3A80F033
:10F260009B80A74240F2988002386444E41B9FB21E
:10F27000B4FBF9F309FB134447EA044403FB0EFE15
:10F28000A64509D91CEB040403F1FF3780F0828006
:10F29000A6457FD9023B644443EA0040A4EB0E0438
:10F2A000A0FB02E7BC427346B94663D360D05DB1B0
:10F2B000B8EB030264EB090404FA06F622FA01F340
:10F2C0001E43CC40C5E9006400214CE762084808B1
:10F2D00042EAC1710B0C43EA00438AB242EA03429C
:10F2E000B3FBF6F1E407B4463746B6461F23B0FB3E
:10F2F000F6F0D21B41EA004161E7614614E710468F
:10F3000028E7C3F1200120FA01F29E4027FA01F11B
:10F310009F403A434FEA164E1FFA86FCB1FBFEF7B8
:10F320000EFB1710110C41EA004107FB0CF8884551
:10F3300004FA03F43AD9711807F1FF3001D2884575
:10F340001FD8A1EB0801B1FBFEF808FB0CF70EFB80
:10F35000181192B242EA0142BA422FD2B21808F111
:10F36000FF31C6D2BA42C4D2A8F102013244C0E78A
:10F37000F0459CD2BEEB020367EB0C070138B9469F
:10F3800095E7A6EB08084144B81EB1FBFEF808FB60
:10F390000CF7DCE73B467FE7504667E70846FBE6AD
:10F3A0003444023832E7023F32441BE7A1EB080144
:10F3B0003846B1FBFEF808FB0CF7C8E7414698E772
:10F3C00008B5FEF71DFE0000F8B500BFF8BC08BC8C
:10F3D0009E467047F8B500BFF8BC08BC9E46704713
:10F3E0008FFA00089BFA0008A8FA0008B7FA00088C
:10F3F000C5FA0008D4FA000888130000102700009E
:10F40000204E0000409C0000803801000071020086
:10F4100000E2040000C40900008813000010270067
:10F4200000204E0000409C00008038010000710266
:10F430000000E2040000C409000088130000102747
:10F440002D2D00204E545500547572623A20200034
:10F450004F5554204F462052414E4745004151558B
:10F4600041005041594C4F414400424F4F54494E86
:10F4700047004151554153445200444D41204641BB
:10F48000554C5400444D41204F4E005343414E4E85
:10F49000494E4700434845434B204C4F4F50005383
:10F4A0004F4E415220454E47494E45204143544915
:10F4B000564500434845434B204132202D3E2041D4
:10F4C000350034302E30206B487A0054494D3620B8
:10F4D0004F4E0020567070003430003438005458BD
:10F4E0000041435449564520444D4120425546462B
:10F4F0004552204646540053545245414D35204F05
:10F500004B0032352E3020430054454D50005455A9
:10F510005242002062617200505245535300206DE8
:10F5200000444550544800206D532F636D00434FF5
:10F530004E440020636D00414952004C495645201D
:10F540002B20444953504C41592046414C4C424198
:10F55000434B002025004241545445525900205647
:10F5600000564F4C544147450020410043555252EC
:10F57000454E5400205700504F57455200205768C1
:10F5800000454E45524759003335682032306D00F2
:10F59000454E445552450043414C43554C4154451A
:10F5A0004420444953504C41592044415441003473
:10F5B000302E30206B487A204357004F5554505519
:10F5C000540054494D3620312E3030304D487A00A9
:10F5D00054494D455200444D41004132202F2050A6
:10F5E000413400444143004135202F205043300036
:10F5F00041444300454C454354524943414C204209
:10F60000454E4348204C4F4F500053544D33320029
:10F61000535437373335204F4E4C494E45005345F0
:10F620004E534F5253004E4F4D494E414C0054588B
:10F6300020445350005258204453500054454C45E8
:10F640004D455452590055534200444953504C4182
:10F65000592044454D4F20535441545553006E7525
:10F660006C6C00313937302D30312D00524541441A
:10F6700059204135204C4F4F504241434B00524599
:10F6800041445920434F4E4E4543542041322D4171
:10F6900035004F4E4C494E452053543737333500D3
:10F6A0004F46464C494E45004E4F204543484F007B
:10F6B0004F4E4C494E4520414952204F4E4C590027
:10F6C0007B2276657273696F6E223A312C227479CF
:10F6D0007065223A2274656C656D65747279222CAE
:10F6E00022736F75726365223A2268617264776172
:10F6F0007265222C22736571223A002C2274696D86
:10F70000657374616D70223A2200222C2270617937
:10F710006C6F6164223A7B2273656E736F72732221
:10F720003A7B0074656D7065726174757265007402
:10F730007572626964697479007072657373757249
:10F740006500646570746800636F6E6475637469E6
:10F75000766974790064697374616E6365007D2CE9
:10F7600022706F776572223A7B00766F6C746167E6
:10F77000650063757272656E7400776174747300EE
:10F7800022656E65726779223A6E756C6C2C2273F5
:10F790006F63223A6E756C6C2C22636861726769C4
:10F7A0006E67223A66616C73657D2C002268656124
:10F7B0006C7468223A7B002253544D3332223A2231
:10F7C0004F4E4C494E45222C22414443223A2200BE
:10F7D000222C2254494D4552223A22414354495643
:10F7E000452054494D362031204D485A222C224480
:10F7F0004D41223A22004641554C54200041435489
:10F800004956452053545245414D352043495243B2
:10F81000554C415200222C22444143223A2241437A
:10F8200054495645204441433120504134204C4FE7
:10F830004F504241434B222C00224441435F5245EA
:10F84000474953544552223A224F4E4C494E452087
:10F850005350414E200020434F444553222C002258
:10F8600044533138423230223A22005343414E4E03
:10F87000494E4720413420312D57495245005741C8
:10F880004954494E4720413420312D5749524500B3
:10F890004F4E4C494E4520413420312D5749524559
:10F8A00000222C22544453223A224F4E4C494E45BA
:10F8B000222C00225052455353555245223A2200E1
:10F8C00044495245435420554E5341464520554ED8
:10F8D00043414C4942524154454400222C22545544
:10F8E00052424944495459223A22004F5554204F1C
:10F8F000462052414E47452000222C224C434422B0
:10F900003A225245504C41434544204259205446E6
:10F910005400222C22544654223A2200222C2249FE
:10F920004E41323139223A2200222C22424D5033AC
:10F930003930223A2200222C22494D55223A220007
:10F94000222C224D41474E45544F4D45544552229D
:10F950003A2200222C2248432D53523034223A229C
:10F9600000222C22493243223A2252454144592056
:10F97000425553222C2253454E534F5253223A2282
:10F980004F4E4C494E45205041525449414C222C37
:10F990000022555342223A224F4E4C494E452053A5
:10F9A000542D4C494E4B2053455249414C222C2258
:10F9B0005458223A224E4F5420434F4D4D495353F1
:10F9C000494F4E4544222C00225258223A224E4F93
:10F9D0005420434F4D4D495353494F4E4544222CDB
:10F9E000224C4F4F504241434B223A22004F4E4C43
:10F9F000494E45200020565050004E4F2053494755
:10FA00004E414C200020565050204D45414E200084
:10FA1000227D2C22656E67696E65223A7B227469AD
:10FA20006D6572487A223A002C22646D61427566D7
:10FA3000666572223A002C226370754C6F616422F5
:10FA40003A6E756C6C2C22756E64657272756E738D
:10FA5000223A007D2C226669726D77617265223AC6
:10FA600022417175615344522041726475696E6F11
:10FA70002073656E736F72206272696467652031EE
:10FA80002E372064656D6F2D544654227D7D0045D0
:10FA90004E5649524F4E4D454E5400504F574552C9
:10FAA0002053595354454D0057415645464F524DEA
:10FAB0002042454E43480053595354454D20484534
:10FAC000414C544800534F4E4152204143544956F3
:10FAD00049545900545820535045435452554D00F1
:10FAE0000D0A006E616E00696E66006F7666002E0C
:10FAF000002D256C642E25302A6C64002D256C6445
:10FB000000232D302B2000686C4C0065666745464D
:10FB10004700303132333435363738394142434487
:10FB20004546003031323334353637383961626317
:10FB300064656600000000000000000007F000009F
:10FB400000007FFE00000001FFFFC0000007FFFF74
:10FB5000E000001FFFFFF800003FFC03FC00007FF7
:10FB6000E0007E0000FF80001F0001FE0000078013
:10FB700003FC6000038003F8E00001C007F1F0001F
:10FB800000E00FE3980000E00FC7180000701FCEE0
:10FB90003C0000301F8C660000301F98CF0000181A
:10FBA0003F19990000183F39918000183F3132C049
:10FBB000000C3F332640000C3F332420000C3F3321
:10FBC0006410000C3F33641800043F332418000411
:10FBD0003F33240000043F31200000041F11320095
:10FBE000000C1F199000000C1F988800000C0F8853
:10FBF000C00000080FCC400000180FC420000018FF
:10FC000007E21000003003F30800003003F1800029
:10FC1000006001F8C00000E000FC200000C0007E91
:10FC200018000180003F80000700001FC0000E0088
:10FC3000000FF8003C000003FF87F0000001FFFF09
:10FC4000E00000003FFF0000000007F80000000097
:10FC5000000000000000000000000000A1450008B6
:10FC6000E34500086B4100088946000897410008F9
:10FC70009F410008B9410008074800080D480008E6
:10FC8000CB410008F54100087F41000845460008C7
:10FC90008F410008114500086F410008014300082A
:10FCA0009D4200080000000000000000B14D000867
:10FCB000C34D0008B14F0008F94F0008B94D0008C6
:10FCC000AF4D0008AF4D0008134E0008AD4D0008C1
:10FCD000AD4D0008AD4D0008854F0008B34D00083C
:10FCE0000000000000000000C95D000885CB00088E
:10FCF0006B410008EF53000800000000BB540008EF
:10FD0000BD540008EF540008CB540008DD5400082F
:10FD1000F1530008BB540008E9560008615600087A
:10FD200007550008455500087F550008C5550008CF
:10FD300063560008E155000800000000003E5B4FDC
:10FD40005B3E3E6B4F6B3E1C3E7C3E1C183C7E3C3B
:10FD5000181C577D571C1C5E7F5E1C00183C180049
:10FD6000FFE7C3E7FF0018241800FFE7DBE7FF30D9
:10FD7000483A060E2629792926407F050507407F47
:10FD800005253F5A3CE73C5A7F3E1C1C08081C1CBA
:10FD90003E7F14227F22145F5F005F5F06097F01B0
:10FDA0007F006689956A606060606094A2FFA2949B
:10FDB00008047E040810207E201008082A1C080869
:10FDC0001C2A08081E101010100C1E0C1E0C3038B7
:10FDD0003E3830060E3E0E06000000000000005FB8
:10FDE00000000007000700147F147F14242A7F2AD4
:10FDF0001223130864623649562050000807030096
:10FE0000001C2241000041221C002A1C7F1C2A08E1
:10FE1000083E080800807030000808080808000044
:10FE200060600020100804023E5149453E00427FB8
:10FE3000400072494949462141494D331814127F07
:10FE40001027454545393C4A4949314121110907A7
:10FE50003649494936464949291E00001400000028
:10FE600040340000000814224114141414140041FA
:10FE700022140802015909063E415D594E7C1211B7
:10FE8000127C7F494949363E414141227F414141EF
:10FE90003E7F494949417F090909013E414151736A
:10FEA0007F0808087F00417F41002040413F017FDB
:10FEB000081422417F404040407F021C027F7F04A3
:10FEC00008107F3E4141413E7F090909063E4151EC
:10FED000215E7F09192946264949493203017F01DC
:10FEE000033F4040403F1F2040201F3F4038403FDD
:10FEF000631408146303047804036159494D4300F3
:10FF00007F4141410204081020004141417F040229
:10FF100001020440404040400003070800205454C0
:10FF200078407F284444383844444428384444289E
:10FF30007F385454541800087E090218A4A49C78F1
:10FF40007F0804047800447D40002040403D007F4D
:10FF50001028440000417F40007C047804787C082D
:10FF60000404783844444438FC1824241818242401
:10FF700018FC7C08040408485454542404043F44E6
:10FF8000243C4040207C1C2040201C3C4030403C15
:10FF900044281028444C9090907C4464544C440075
:10FFA00008364100000077000000413608000201D9
:10FFB0000204023C2623263C1EA1A161123A4040C5
:10FFC000207A385454555921555579412254547842
:10FFD00042215554784020545579400C1E527212DB
:10FFE0003955555559395454545939555454580064
:10FFF00000457C410002457D420001457C407D1268
:020000040801F1
:1000000011127DF0282528F07C54554500205454C9
:100010007C547C0A097F4932494949323A44444474
:100020003A324A4848303A4141217A3A42402078AF
:10003000009DA0A07D3D4242423D3D4040403D3CB0
:1000400024FF2424487E4943662B2FFC2F2BFF09D5
:1000500029F620C0887E09032054547941000044C9
:100060007D413048484A32384040227A007A0A0AB4
:10007000727D0D19317D2629292F28262929292627
:1000800030484D4020380808080808080808382F6C
:1000900010C8ACBA2F102834FA00007B00000814F6
:1000A0002A142222142A14085500550055AA55AACC
:1000B00055AAFF55FF55FF000000FF00101010FF6C
:1000C00000141414FF001010FF00FF1010F010F0C7
:1000D000141414FC001414F700FF0000FF00FF14B8
:1000E00014F404FC141417101F10101F101F141404
:1000F000141F00101010F0000000001F101010104E
:100100001F10101010F010000000FF101010101041
:1001100010101010FF10000000FF140000FF00FF7F
:1001200000001F10170000FC04F41414171017141B
:1001300014F404F40000FF00F7141414141414143D
:10014000F700F7141414171410101F101F141414B0
:10015000F4141010F010F000001F101F0000001F1A
:1001600014000000FC140000F010F01010FF10FF4D
:10017000141414FF141010101F00000000F010FFE2
:10018000FFFFFFFFF0F0F0F0F0FFFFFF00000000C6
:1001900000FFFF0F0F0F0F0F3844443844FC4A4A4A
:1001A0004A347E02020606027E027E0263554941FF
:1001B000633844443C04407E201E2006027E020236
:1001C00099A5E7A5991C2A492A1C4C7201724C304A
:1001D0004A4D4D303048784830BC625A463D3E4921
:1001E0004949007E0101017E2A2A2A2A2A44445FC5
:1001F000444440514A444040444A51400000FF01B9
:1002000003E080FF000008086B6B083612362436C6
:10021000060F090F0600001818000000101000302B
:1002200040FF0101001F01011E00191D1712003CB3
:100230003C3C3C000000000000000000000000000A
:10024000C95D000885CB00086B410008EF5300082A
:10025000F16500088F600008B3650008A961000817
:100260005D64000807640008F1530008B9600008E5
:10027000E9560008296500088B6300080B63000835
:1002800047620008C555000863560008E15500089C
:10029000000000000000000000000000000000005E
:1002A000C95D000885CB00086B410008EF530008CA
:1002B000F16500088F600008B3650008A9610008B7
:1002C0005D64000807640008F1530008B960000885
:1002D0000D690008296500088B6300080B6300089E
:1002E00047620008C555000863560008E15500083C
:1002F000156B0008356B000804E010021C0712376C
:1003000032292D29252B3900010310E110031D0787
:10031000062E2C292D2E2E373F0000021013800AA6
:100320002980640321002A040000004F2B040000F0
:10033000009F022A040000004F2B040000009F02CF
:100340002A040000007F2B040000007F022A040022
:1003500000007F2B040000009F022A04000200819D
:100360002B04000100A00F0180961180FFB1030152
:100370002C2DB203012C2DB306012C2D012C2DB4F4
:100380000107C003A20284C101C5C2020A00C30260
:100390008A2AC4028AEEC5010E20003601C83A013D
:1003A000050000000000000000000000C95D00081A
:1003B00085CB00086B410008EF530008F165000889
:1003C0008F600008B3650008A96100085D6400083B
:1003D00007640008F1530008B9600008836B000847
:1003E000296500088B6300080B630008476200085A
:1003F000C555000863560008E1550008156B000854
:10040000356B00085E00BC007701005EBCE2613F16
:10041000DD83C29C7E20A3FD1F41009D23BE46DBE1
:1004200065F88C11AF32CA57E97400000000000073
:100430000000000045740008637400089974000807
:10044000D3740008C80090012003000012000010BF
:100450001100000012000000010000000200000076
:100460000400000008000000100000002000000050
:1004700040000000800000000001000000020000B9
:100480000004000000080000001000000020000030
:100490000040000000800000000000000102030492
:1004A0000000000000000000010203040607080924
:1004B00004000000003001401205000004010000AB
:1004C000003C0040120600000F0000000030014018
:1004D000120500000F010000003C00401206000061
:1004E000140000000038004012070000190000004E
:1004F00000380040120500001C00000000380040D9
:1005000012050000FFFFFFFF0000000000000000D8
:100510000500000000300140120500000900000045
:1005200000380040120500001300000000300140B8
:100530001205000013010000003C004012060000FC
:100540001A00000000380040120500001D000000E5
:10055000003800401205000027000000003800406D
:10056000120500002A000000003C004012060000B6
:10057000FFFFFFFF00000000000000000600000079
:10058000003001401205000014000000003001405E
:100590001205000014010000003C0040120600009B
:1005A0001E0000000038004012050000220000007C
:1005B00000380040120500002B000000003C004005
:1005C00012060000FFFFFFFF000000000000000017
:1005D000070000000030014012050000100000007C
:1005E000003C00401207000012000000003C0040E8
:1005F0001207000015000000003001401205000045
:1006000015010000003C0040120600001F00000021
:1006100000380040120500002100000000380040B2
:100620001207000021010000003C004012050000FC
:100630002300000000380040120500002C000000DC
:10064000003C004012060000FFFFFFFF000000001A
:1006500000000000000000000044004012070000FD
:100660000B00000000100140120700001000000005
:10067000004C0040120800001D000000004800402F
:10068000120700002900000000500040120700007F
:10069000FFFFFFFF0000000000000000010000005D
:1006A00000440040120700000C0000000010014050
:1006B000120700000F000000004C0040120800006C
:1006C0001E00000000480040120700002800000043
:1006D0000050004012070000FFFFFFFF0000000075
:1006E0000000000001000000004C00401208000063
:1006F0000300000000440040120700000A00000050
:100700000010014012070000170000000010014017
:1007100012070000250000000048004012070000FA
:100720002700000000140140120800002B00000008
:10073000004C0040120800002B010000004800405F
:1007400012070000320000000050004012080000B4
:10075000FFFFFFFF0000000000000000000000009D
:10076000004C00401208000002000000004400405D
:1007700012070000090000000010014012070000ED
:100780001600000000100140120700001A000000CF
:10079000004800401207000026000000001401403D
:1007A000120800002A000000004C0040120800005F
:1007B0002A01000000480040120700002C00000041
:1007C0000050004012080000FFFFFFFF0000000083
:1007D0000000000000000000000000401281000046
:1007E00000010000000C0040128200000100000027
:1007F000000000401201010001010000000C004057
:1008000012020100020000000000004012810100FD
:1008100002010000000C00401282010002020000F0
:10082000004001401283000003000000000000406F
:100830001201020003010000000C0040120202003D
:100840000302000000400140120301000500000007
:10085000000000401281000005010000000401407A
:100860001283100006000000000400401282000005
:1008700006010000001C0040128900000700000073
:100880000000014012811000070100000004004038
:100890001202010007020000000401401283100050
:1008A000070300000020004012890000080000003B
:1008B000000001401281000009000000000001401A
:1008C000120101000A000000000001401281010035
:1008D0000B00000000000140120102000F000000A8
:1008E00000000040128100001000000000000140E4
:1008F00012011100100100000004004012820100EA
:100900001002000000040140120311001100000059
:10091000000001401281110011010000000400409C
:1009200012020200110200000004014012831100B3
:10093000120000000000004012010200130000003D
:1009400000000040120101001400000000040040FB
:100950001282000015000000000400401202010095
:10096000160000000008004012820000170000007E
:1009700000080040120201001800000000000040C2
:1009800012810000180100000008004012820100DE
:10099000180200000044014012830000190000000A
:1009A0000000004012010100190100000008004091
:1009B00012020200190200000048014012830000E8
:1009C0001A00000000000040128101001D0000001C
:1009D00000000140128110001E00000000000140D4
:1009E000120111001E010000000401401203110059
:1009F0001E02000000180040128900001F000000C5
:100A000000000140128111001F010000000401409C
:100A1000128311001F02000000180040120901009B
:100A200026000000000400401282000026010000A1
:100A30000004014012830000270000000004004071
:100A4000120201002701000000040140120301000E
:100A5000280000000004004012820100280100006C
:100A6000000401401283010029000000000400403E
:100A700012020200290100000004014012030200DA
:100A8000FFFFFFFF00000000000000000800000062
:100A9000005C00400A040000160000000054004002
:100AA0000A04000018000000005400400A0400007E
:100AB0001A000000005800400A040000FFFFFFFF7A
:100AC000000000000000000013000000005800407B
:100AD0000A04000014000000005C00400A0400004A
:100AE00017000000005400400A0400001900000034
:100AF000005400400A04000029000000005C00408F
:100B00000A0400002C000000005800400A04000005
:100B1000FFFFFFFF000000000000000004000000D5
:100B200000740040038000000500000000740040D5
:100B300003000100FFFFFFFF0000000000000000B5
:100B40000000000000200140030000000001000040
:100B500000210140030000000002000000220140CB
:100B6000030000000100000000200140038000009D
:100B7000010100000021014003800000010200008B
:100B8000002201400380000002000000002001401C
:100B900003000100020100000021014003000100E8
:100BA00002020000002201400300010003000000D7
:100BB00000200140038001000301000000210140EA
:100BC00003800100030200000022014003800100B5
:100BD00004000000002001400300020004010000A6
:100BE0000021014003000200050000000020014038
:100BF0000380020005010000002101400380020083
:100C00000600000000200140030003000601000070
:100C10000021014003000300070000000020014004
:100C2000038003000701000000210140038003004E
:100C3000100000000020014003000400100100002B
:100C400000210140030004001100000000200140C9
:100C50000380040011010000002101400380040012
:100C600020000000002001400300050020010000DA
:100C70000021014003000500200200000022014085
:100C80000300050021000000002001400380050052
:100C90002101000000210140038005002102000025
:100CA00000220140038005002200000000200140D6
:100CB000030006002201000000210140030006009D
:100CC0002202000000220140030006002300000071
:100CD00000200140038006002301000000210140A4
:100CE000038006002302000000220140038006006A
:100CF0002400000000200140030007002401000040
:100D000000210140030007002500000000200140F1
:100D10000380070025010000002101400380070037
:100D2000FFFFFFFF00000000000000002E00000099
:100D30002F000000300000003100000032000000F1
:100D4000330000000B0000000C0000000D0000004C
:100D50001C0000001D00000023000000290000000E
:100D60002D00000000000000010000000300000052
:100D7000020000000A00000013000000150000003F
:100D8000140000001A000000080000000900000024
:100D90002700000016000000070000000600000009
:100DA0000500000019000000180000002A000000E3
:100DB0002C000000FFFFFFFF0D0000000E000000F0
:100DC0000F000000170000002D0000002E000000A2
:100DD0002F000000700000007100000022000000E1
:100DE000230000002B00000032000000290000005A
:100DF0002800000026000000250000000C00000074
:100E00000B0000001C000000FFFFFFFF12000000AD
:100E1000110000001F0000001E0000001D00000067
:100E20002400000000000000010000000400000099
:100E30001000000021000000200000000000000061
:100E40000000000033C70008E1C7000817C700080A
:100E500051C90008EDC6000841CB0008FDC60008D6
:100E6000DDC60008B1CA00082DC90008E7C60008A1
:100E700000000080DB0F4940DB0F49C0DB0F49BF9A
:100E8000E4CB1640E4CB16C0000FC93F000F494029
:100E900000CB9640000FC9400053FB4000CB1641E9
:100EA00000ED2F41000F49410031624100537B4169
:100EB000003A8A4100CB9641005CA34100EDAF416E
:100EC000007EBC41000FC94100A0D5410031E24184
:100ED00000C2EE410053FB4100F20342003A0A42D5
:100EE0000083104200CB164200141D42005C2342D6
:100EF00000A5294200ED2F4200363642007E3C42DA
:100F000000C74242000F4942A2000000F900000061
:100F1000830000006E0000004E000000440000004E
:100F20001500000029000000FC0000002700000060
:100F300057000000D1000000F50000003400000060
:100F4000DD000000C0000000DB00000062000000C7
:100F500095000000990000003C00000043000000E4
:100F60009000000041000000FE0000005100000061
:100F700063000000AB000000DE000000BB000000CA
:100F8000C500000061000000B70000002400000060
:100F90006E0000003A000000420000004D0000001A
:100FA000D2000000E0000000060000004900000040
:100FB0002E000000EA00000009000000D10000003F
:100FC000920000001C000000FE0000001D00000058
:100FD000EB0000001C000000B10000002900000030
:100FE000A70000003E000000E800000082000000B2
:100FF00035000000F50000002E000000BB000000DE
:101000004400000084000000E90000009C00000093
:101010007000000026000000B40000005F00000027
:101020007E00000041000000390000009100000037
:10103000D6000000390000008300000053000000CB
:1010400039000000F40000009C0000008400000053
:101050005F0000008B000000BD000000F9000000F0
:10106000280000003B0000001F000000F800000006
:1010700097000000FF000000DE00000005000000F7
:10108000980000000F000000EF0000002F0000009B
:10109000110000008B0000005A0000000A00000050
:1010A0006D0000001F0000006D0000003600000011
:1010B0007E000000CF00000027000000CB000000F1
:1010C00009000000B70000004F00000046000000CB
:1010D0003F000000660000009E0000005F0000006E
:1010E000EA0000002D00000075000000270000004D
:1010F000BA000000C7000000EB000000E50000009F
:10110000F10000007B0000003D000000070000002F
:1011100039000000F70000008A00000052000000C3
:1011200092000000EA0000006B000000FB000000DD
:101130005F000000B10000001F0000008D000000F3
:101140005D000000080000005600000003000000E1
:101150003000000046000000FC0000007B000000A2
:101160006B000000AB000000F0000000CF000000AA
:10117000BC000000200000009A000000F400000005
:10118000360000001D000000A9000000E300000080
:1011900091000000610000005E000000E600000019
:1011A0001B0000000800000065000000990000001E
:1011B000850000005F00000014000000A000000097
:1011C00068000000400000008D000000FF000000EB
:1011D000D8000000800000004D00000073000000F7
:1011E000270000003100000006000000060000009B
:1011F0001500000056000000CA0000007300000047
:10120000A8000000C900000060000000E20000002B
:101210007B000000C00000008C0000006B0000009C
:101220006937AC3168212233B40F14336821A233FB
:101230003863ED3EDA0F493F5E987B3FDA0FC93FD6
:101240000000C93F0000F0390000DA370000A23387
:101250000000842E0000502B0000C2270000D02286
:101260000000C41F0000C61B00004417040000005B
:08127000070000000900000066
:0812780058EFFE7F01000000A9
:101280006FD10008E10C0008C92B000815480008C0
:0C129000015000080DB8000871CB0008E8
:10129C00BD0C0008352C000825480008E5B80008EE
:1012AC00FFFFFFFF250030000000C07F0000C07F63
:1012BC000000C07F0000C07F0000C07F0000C07F26
:1012CC000000C07F0000C07F0000C07F0000C07F16
:1012DC000000C07F0000C07F0000C07F0000C07F06
:1012EC000000C07F0000C07F0000003F0000000035
:1012FC000000000000093D0000010000000000009B
:10130C00000000000000000000000000FF0F0000C3
:10131C000000C07F0000C07F010000001000000032
:10132C006009002000000240000402400008024056
:10133C00000C024000100240001402400018024051
:10134C00001C0240FFFFFFFF0030024000000000C5
:10135C000024F40000000000000000000000000069
:10136C000000000000000000000000000000000071
:10137C000000000000000000000000000000000061
:10138C000000000000000000000000000000000051
:10139C000000000000000000000000000000000041
:1013AC000000000000000000FFFFFFFFFFFFFFFF39
:1013BC00FFFFFFFFFFFFFFFF000600000000000023
:1013CC000000000000000000000000000000000011
:1013DC000A0000000A0000003C0100200000000090
:1013EC001C08002084080020EC08002000000000ED
:1013FC0000000000000000000000000000000000E1
:10140C0000000000000000000000000000000000D0
:10141C0000000000000000000000000000000000C0
:08142C000000000000000000B8
:040000050800D29D80
:00000001FF
