# MCU_ADC_CAPTURE: ADC3 sampling PA4 through the A2-A5 jumper, TIM8-triggered, DMA2
# capture 6 mode pulse rate 500000 Hz, vref 3.3 V ASSUMED, window RECT
# NOT an oscilloscope measurement
time_s,volts,adc_counts
0.000000e+0,1.65685,2056
2.000000e-6,1.65282,2051
4.000000e-6,1.66168,2062
6.000000e-6,1.66088,2061
8.000000e-6,1.64476,2041
1.000000e-5,1.65766,2057
1.200000e-5,1.66088,2061
1.400000e-5,1.64718,2044
1.600000e-5,1.65604,2055
1.800000e-5,1.65766,2057
2.000000e-5,1.65040,2048
2.200000e-5,1.64799,2045
2.400000e-5,1.66088,2061
2.600000e-5,1.66088,2061
2.800000e-5,1.65443,2053
3.000000e-5,1.66571,2067
3.200000e-5,1.65685,2056
3.400000e-5,1.65363,2052
3.600000e-5,1.66410,2065
3.800000e-5,1.65927,2059
4.000000e-5,1.65121,2049
4.200000e-5,1.66007,2060
4.400000e-5,1.66088,2061
4.600000e-5,1.64476,2041
4.800000e-5,1.65604,2055
5.000000e-5,1.66007,2060
5.200000e-5,1.64637,2043
5.400000e-5,1.65685,2056
5.600000e-5,1.66007,2060
5.800000e-5,1.64799,2045
6.000000e-5,1.65443,2053
6.200000e-5,1.66733,2069
6.400000e-5,1.65040,2048
6.600000e-5,1.65443,2053
6.800000e-5,1.66007,2060
7.000000e-5,1.65443,2053
7.200000e-5,1.65363,2052
7.400000e-5,1.66733,2069
7.600000e-5,1.65766,2057
7.800000e-5,1.65766,2057
8.000000e-5,1.66491,2066
8.200000e-5,1.65766,2057
8.400000e-5,1.65363,2052
8.600000e-5,1.66410,2065
8.800000e-5,1.65766,2057
9.000000e-5,1.65121,2049
9.200000e-5,1.66088,2061
9.400000e-5,1.66007,2060
9.600000e-5,1.64799,2045
9.800000e-5,1.65443,2053
1.000000e-4,1.65766,2057
1.020000e-4,1.64073,2036
1.040000e-4,1.65766,2057
1.060000e-4,1.66088,2061
1.080000e-4,1.64637,2043
1.100000e-4,1.65685,2056
1.120000e-4,1.65927,2059
1.140000e-4,1.64799,2045
1.160000e-4,1.65443,2053
1.180000e-4,1.66007,2060
1.200000e-4,1.65121,2049
1.220000e-4,1.65443,2053
1.240000e-4,1.66410,2065
1.260000e-4,1.65363,2052
1.280000e-4,1.65282,2051
1.300000e-4,1.66249,2063
1.320000e-4,1.64799,2045
1.340000e-4,1.65443,2053
1.360000e-4,1.67055,2073
1.380000e-4,1.65766,2057
1.400000e-4,1.64799,2045
1.420000e-4,1.66410,2065
1.440000e-4,1.65927,2059
1.460000e-4,1.65121,2049
1.480000e-4,1.66007,2060
1.500000e-4,1.66007,2060
1.520000e-4,1.64476,2041
1.540000e-4,1.65766,2057
1.560000e-4,1.66733,2069
1.580000e-4,1.65443,2053
1.600000e-4,1.66088,2061
1.620000e-4,1.65927,2059
1.640000e-4,1.65766,2057
1.660000e-4,1.65121,2049
1.680000e-4,1.66652,2068
1.700000e-4,1.65685,2056
1.720000e-4,1.65121,2049
1.740000e-4,1.66733,2069
1.760000e-4,1.65685,2056
1.780000e-4,1.65443,2053
1.800000e-4,1.66410,2065
1.820000e-4,1.65766,2057
1.840000e-4,1.65363,2052
1.860000e-4,1.66249,2063
1.880000e-4,1.66088,2061
1.900000e-4,1.64799,2045
1.920000e-4,1.66007,2060
1.940000e-4,1.66007,2060
1.960000e-4,1.64637,2043
1.980000e-4,1.65766,2057
2.000000e-4,1.66007,2060
2.020000e-4,1.64799,2045
2.040000e-4,1.65363,2052
2.060000e-4,1.65927,2059
2.080000e-4,1.64637,2043
2.100000e-4,1.65604,2055
2.120000e-4,1.66088,2061
2.140000e-4,1.65121,2049
2.160000e-4,1.65443,2053
2.180000e-4,1.66410,2065
2.200000e-4,1.65443,2053
2.220000e-4,1.65282,2051
2.240000e-4,1.66894,2071
2.260000e-4,1.65766,2057
2.280000e-4,1.65443,2053
2.300000e-4,1.66652,2068
2.320000e-4,1.65766,2057
2.340000e-4,1.65443,2053
2.360000e-4,1.66410,2065
2.380000e-4,1.66088,2061
2.400000e-4,1.65121,2049
2.420000e-4,1.66007,2060
2.440000e-4,1.66088,2061
2.460000e-4,1.64476,2041
2.480000e-4,1.65766,2057
2.500000e-4,1.66007,2060
2.520000e-4,1.64879,2046
2.540000e-4,1.65443,2053
2.560000e-4,1.66168,2062
2.580000e-4,1.65363,2052
2.600000e-4,1.65363,2052
2.620000e-4,1.66733,2069
2.640000e-4,1.65443,2053
2.660000e-4,1.65363,2052
2.680000e-4,1.66733,2069
2.700000e-4,1.65685,2056
2.720000e-4,1.65443,2053
2.740000e-4,1.66571,2067
2.760000e-4,1.66088,2061
2.780000e-4,1.65363,2052
2.800000e-4,1.66249,2063
2.820000e-4,1.65927,2059
2.840000e-4,1.65121,2049
2.860000e-4,1.66088,2061
2.880000e-4,1.66007,2060
2.900000e-4,1.64476,2041
2.920000e-4,1.65927,2059
2.940000e-4,1.65927,2059
2.960000e-4,1.64799,2045
2.980000e-4,1.65121,2049
3.000000e-4,1.66168,2062
3.020000e-4,1.76484,2190
3.040000e-4,2.02110,2508
3.060000e-4,2.19033,2718
3.080000e-4,2.21531,2749
3.100000e-4,2.11619,2626
3.120000e-4,1.90183,2360
3.140000e-4,1.60850,1996
3.160000e-4,1.33289,1654
3.180000e-4,1.15802,1437
3.200000e-4,1.07985,1340
3.220000e-4,1.15238,1430
3.240000e-4,1.36352,1692
3.260000e-4,1.62945,2022
3.280000e-4,1.90183,2360
3.300000e-4,2.12908,2642
3.320000e-4,2.22579,2762
3.340000e-4,2.17744,2702
3.360000e-4,2.01949,2506
3.380000e-4,1.76081,2185
3.400000e-4,1.45538,1806
3.420000e-4,1.22652,1522
3.440000e-4,1.09597,1360
3.460000e-4,1.09597,1360
3.480000e-4,1.24586,1546
3.500000e-4,1.50535,1868
3.520000e-4,1.77451,2202
3.540000e-4,2.02674,2515
3.560000e-4,2.20484,2736
3.580000e-4,2.22740,2764
3.600000e-4,2.10813,2616
3.620000e-4,1.89538,2352
3.640000e-4,1.59883,1984
3.660000e-4,1.32484,1644
3.680000e-4,1.14755,1424
3.700000e-4,1.08147,1342
3.720000e-4,1.15722,1436
3.740000e-4,1.37480,1706
3.760000e-4,1.65040,2048
3.780000e-4,1.90989,2370
3.800000e-4,2.13714,2652
3.820000e-4,2.22821,2765
3.840000e-4,2.16615,2688
3.860000e-4,1.99853,2480
3.880000e-4,1.73582,2154
3.900000e-4,1.43282,1778
3.920000e-4,1.20879,1500
3.940000e-4,1.09275,1356
3.960000e-4,1.09758,1362
3.980000e-4,1.26601,1571
4.000000e-4,1.52147,1888
4.020000e-4,1.79546,2228
4.040000e-4,2.05172,2546
4.060000e-4,2.20967,2742
4.080000e-4,2.20322,2734
4.100000e-4,2.08557,2588
4.120000e-4,1.86073,2309
4.140000e-4,1.57143,1950
4.160000e-4,1.29985,1613
4.180000e-4,1.13626,1410
4.200000e-4,1.08147,1342
4.220000e-4,1.17817,1462
4.240000e-4,1.41509,1756
4.260000e-4,1.68264,2088
4.280000e-4,1.95341,2424
4.300000e-4,2.16293,2684
4.320000e-4,2.22901,2766
4.340000e-4,2.15810,2678
4.360000e-4,1.96952,2444
4.380000e-4,1.68908,2096
4.400000e-4,1.40542,1744
4.420000e-4,1.19267,1480
4.440000e-4,1.08711,1349
4.460000e-4,1.12337,1394
4.480000e-4,1.30791,1623
4.500000e-4,1.56337,1940
4.520000e-4,1.84220,2286
4.540000e-4,2.08879,2592
4.560000e-4,2.21773,2752
4.580000e-4,2.20484,2736
4.600000e-4,2.06139,2558
4.620000e-4,1.81802,2256
4.640000e-4,1.50777,1871
4.660000e-4,1.25875,1562
4.680000e-4,1.11209,1380
4.700000e-4,1.08147,1342
4.720000e-4,1.21685,1510
4.740000e-4,1.45377,1804
4.760000e-4,1.72615,2142
4.780000e-4,2.00015,2482
4.800000e-4,2.18227,2708
4.820000e-4,2.22256,2758
4.840000e-4,2.12183,2633
4.860000e-4,1.92278,2386
4.880000e-4,1.62784,2020
4.900000e-4,1.35143,1677
4.920000e-4,1.16366,1444
4.940000e-4,1.07985,1340
4.960000e-4,1.13949,1414
4.980000e-4,1.36029,1688
5.000000e-4,1.62784,2020
5.020000e-4,1.90022,2358
5.040000e-4,2.12586,2638
5.060000e-4,2.22740,2764
5.080000e-4,2.17260,2696
5.100000e-4,2.01626,2502
5.120000e-4,1.74388,2164
5.140000e-4,1.44088,1788
5.160000e-4,1.20879,1500
5.180000e-4,1.09758,1362
5.200000e-4,1.10242,1368
5.220000e-4,1.26198,1566
5.240000e-4,1.52469,1892
5.260000e-4,1.80190,2236
5.280000e-4,2.05011,2544
5.300000e-4,2.21289,2746
5.320000e-4,2.21289,2746
5.340000e-4,2.08154,2583
5.360000e-4,1.85670,2304
5.380000e-4,1.55692,1932
5.400000e-4,1.28615,1596
5.420000e-4,1.12337,1394
5.440000e-4,1.08469,1346
5.460000e-4,1.19106,1478
5.480000e-4,1.42799,1772
5.500000e-4,1.70842,2120
5.520000e-4,1.96791,2442
5.540000e-4,2.16454,2686
5.560000e-4,2.23143,2769
5.580000e-4,2.13553,2650
5.600000e-4,1.93729,2404
5.620000e-4,1.65846,2058
5.640000e-4,1.36432,1693
5.660000e-4,1.16689,1448
5.680000e-4,1.08630,1348
5.700000e-4,1.13304,1406
5.720000e-4,1.33451,1656
5.740000e-4,1.60769,1995
5.760000e-4,1.87766,2330
5.780000e-4,2.11619,2626
5.800000e-4,2.22740,2764
5.820000e-4,2.18227,2708
5.840000e-4,2.01788,2504
5.860000e-4,1.75678,2180
5.880000e-4,1.45538,1806
5.900000e-4,1.22007,1514
5.920000e-4,1.09678,1361
5.940000e-4,1.10242,1368
5.960000e-4,1.25714,1560
5.980000e-4,1.51179,1876
6.000000e-4,1.79707,2230
6.020000e-4,2.04850,2542
6.040000e-4,2.21451,2748
6.060000e-4,2.21128,2744
6.080000e-4,2.07912,2580
6.100000e-4,1.85348,2300
6.120000e-4,1.55370,1928
6.140000e-4,1.28454,1594
6.160000e-4,1.12740,1399
6.180000e-4,1.07985,1340
6.200000e-4,1.19509,1483
6.220000e-4,1.44088,1788
6.240000e-4,1.71165,2124
6.260000e-4,1.97919,2456
6.280000e-4,2.17582,2700
6.300000e-4,2.22740,2764
6.320000e-4,2.13714,2652
6.340000e-4,1.92762,2392
6.360000e-4,1.63912,2034
6.380000e-4,1.35626,1683
6.400000e-4,1.16366,1444
6.420000e-4,1.08308,1344
6.440000e-4,1.13707,1411
6.460000e-4,1.35385,1680
6.480000e-4,1.63106,2024
6.500000e-4,1.89861,2356
6.520000e-4,2.12908,2642
6.540000e-4,2.22740,2764
6.560000e-4,2.17018,2693
6.580000e-4,1.99853,2480
6.600000e-4,1.73099,2148
6.620000e-4,1.42718,1771
6.640000e-4,1.19751,1486
6.660000e-4,1.08952,1352
6.680000e-4,1.10806,1375
6.700000e-4,1.28454,1594
6.720000e-4,1.55048,1924
6.740000e-4,1.82447,2264
6.760000e-4,2.07106,2570
6.780000e-4,2.21531,2749
6.800000e-4,2.19516,2724
6.820000e-4,2.05414,2549
6.840000e-4,1.80835,2244
6.860000e-4,1.50938,1873
6.880000e-4,1.24747,1548
6.900000e-4,1.11692,1386
6.920000e-4,1.09114,1354
6.940000e-4,1.22410,1519
6.960000e-4,1.47875,1835
6.980000e-4,1.75678,2180
7.000000e-4,2.01626,2502
7.020000e-4,2.20322,2734
7.040000e-4,2.22095,2756
7.060000e-4,2.10491,2612
7.080000e-4,1.88894,2344
7.100000e-4,1.58593,1968
7.120000e-4,1.31033,1626
7.140000e-4,1.14352,1419
7.160000e-4,1.07985,1340
7.180000e-4,1.17495,1458
7.200000e-4,1.41187,1752
7.220000e-4,1.68908,2096
7.240000e-4,1.95985,2432
7.260000e-4,2.16938,2692
7.280000e-4,2.22579,2762
7.300000e-4,2.14762,2665
7.320000e-4,1.94615,2415
7.340000e-4,1.65927,2059
7.360000e-4,1.36996,1700
7.380000e-4,1.16850,1450
7.400000e-4,1.07985,1340
7.420000e-4,1.13868,1413
7.440000e-4,1.35223,1678
7.460000e-4,1.61978,2010
7.480000e-4,1.89700,2354
7.500000e-4,2.12747,2640
7.520000e-4,2.22579,2762
7.540000e-4,2.17582,2700
7.560000e-4,2.00015,2482
7.580000e-4,1.72615,2142
7.600000e-4,1.43766,1784
7.620000e-4,1.20960,1501
7.640000e-4,1.08952,1352
7.660000e-4,1.10886,1376
7.680000e-4,1.29421,1606
7.700000e-4,1.55853,1934
7.720000e-4,1.83253,2274
7.740000e-4,2.08718,2590
7.760000e-4,2.21289,2746
7.780000e-4,2.19275,2721
7.800000e-4,2.05011,2544
7.820000e-4,1.79223,2224
7.840000e-4,1.48278,1840
7.860000e-4,1.24586,1546
7.880000e-4,1.09919,1364
7.900000e-4,1.08388,1345
7.920000e-4,1.24747,1548
7.940000e-4,1.50051,1862
7.960000e-4,1.76967,2196
7.980000e-4,2.04366,2536
8.000000e-4,2.20484,2736
8.020000e-4,2.20806,2740
8.040000e-4,2.08557,2588
8.060000e-4,1.85187,2298
8.080000e-4,1.54564,1918
8.100000e-4,1.28454,1594
8.120000e-4,1.12176,1392
8.140000e-4,1.08066,1341
8.160000e-4,1.19751,1486
8.180000e-4,1.44571,1794
8.200000e-4,1.72212,2137
8.220000e-4,2.00015,2482
8.240000e-4,2.18711,2714
8.260000e-4,2.22176,2757
8.280000e-4,2.11780,2628
8.300000e-4,1.90828,2368
8.320000e-4,1.60689,1994
8.340000e-4,1.32000,1638
8.360000e-4,1.14916,1426
8.380000e-4,1.08147,1342
8.400000e-4,1.17092,1453
8.420000e-4,1.40220,1740
8.440000e-4,1.68264,2088
8.460000e-4,1.96308,2436
8.480000e-4,2.16615,2688
8.500000e-4,2.23385,2772
8.520000e-4,2.14198,2658
8.540000e-4,1.94212,2410
8.560000e-4,1.65846,2058
8.580000e-4,1.36029,1688
8.600000e-4,1.15883,1438
8.620000e-4,1.08147,1342
8.640000e-4,1.14110,1416
8.660000e-4,1.35223,1678
8.680000e-4,1.64073,2036
8.700000e-4,1.90667,2366
8.720000e-4,2.12908,2642
8.740000e-4,2.23062,2768
8.760000e-4,2.17260,2696
8.780000e-4,1.97758,2454
8.800000e-4,1.71004,2122
8.820000e-4,1.40945,1749
8.840000e-4,1.18542,1471
8.860000e-4,1.09114,1354
8.880000e-4,1.13143,1404
8.900000e-4,1.31033,1626
8.920000e-4,1.59480,1979
8.940000e-4,1.87443,2326
8.960000e-4,2.10330,2610
8.980000e-4,2.22418,2760
9.000000e-4,2.19275,2721
9.020000e-4,2.00176,2484
9.040000e-4,1.74388,2164
9.060000e-4,1.45377,1804
9.080000e-4,1.20234,1492
9.100000e-4,1.08630,1348
9.120000e-4,1.12015,1390
9.140000e-4,1.27487,1582
9.160000e-4,1.54645,1919
9.180000e-4,1.84703,2292
9.200000e-4,2.08073,2582
9.220000e-4,2.20967,2742
9.240000e-4,2.20886,2741
9.260000e-4,2.04205,2534
9.280000e-4,1.77934,2208
9.300000e-4,1.49407,1854
9.320000e-4,1.23780,1536
9.340000e-4,1.09436,1358
9.360000e-4,1.10886,1376
9.380000e-4,1.25231,1554
9.400000e-4,1.49971,1861
9.420000e-4,1.80835,2244
9.440000e-4,2.06300,2560
9.460000e-4,2.20161,2732
9.480000e-4,2.20806,2740
9.500000e-4,2.07590,2576
9.520000e-4,1.81480,2252
9.540000e-4,1.51099,1875
9.560000e-4,1.27004,1576
9.580000e-4,1.10564,1372
9.600000e-4,1.08630,1348
9.620000e-4,1.24264,1542
9.640000e-4,1.49084,1850
9.660000e-4,1.77289,2200
9.680000e-4,2.04044,2532
9.700000e-4,2.20161,2732
9.720000e-4,2.20564,2737
9.740000e-4,2.08637,2589
9.760000e-4,1.84300,2287
9.780000e-4,1.53919,1910
9.800000e-4,1.27971,1588
9.820000e-4,1.11531,1384
9.840000e-4,1.07824,1338
9.860000e-4,1.21121,1503
9.880000e-4,1.46344,1816
9.900000e-4,1.74711,2168
9.920000e-4,2.01143,2496
9.940000e-4,2.19839,2728
9.960000e-4,2.22256,2758
9.980000e-4,2.10491,2612
1.000000e-3,1.87282,2324
1.002000e-3,1.57546,1955
1.004000e-3,1.29260,1604
1.006000e-3,1.12015,1390
1.008000e-3,1.08791,1350
1.010000e-3,1.19267,1480
1.012000e-3,1.43927,1786
1.014000e-3,1.73099,2148
1.016000e-3,1.98725,2466
1.018000e-3,2.18711,2714
1.020000e-3,2.22901,2766
1.022000e-3,2.10894,2617
1.024000e-3,1.87927,2332
1.026000e-3,1.60044,1986
1.028000e-3,1.31516,1632
1.030000e-3,1.12176,1392
1.032000e-3,1.09919,1364
1.034000e-3,1.18784,1474
1.036000e-3,1.41106,1751
1.038000e-3,1.71971,2134
1.040000e-3,1.98242,2460
1.042000e-3,2.16777,2690
1.044000e-3,2.23707,2776
1.046000e-3,2.13070,2644
1.048000e-3,1.90183,2360
1.050000e-3,1.61575,2005
1.052000e-3,1.33451,1656
1.054000e-3,1.13062,1403
1.056000e-3,1.08872,1351
1.058000e-3,1.17978,1464
1.060000e-3,1.38930,1724
1.062000e-3,1.69714,2106
1.064000e-3,1.97758,2454
1.066000e-3,2.15810,2678
1.068000e-3,2.22740,2764
1.070000e-3,2.13553,2650
1.072000e-3,1.90828,2368
1.074000e-3,1.61495,2004
1.076000e-3,1.34256,1666
1.078000e-3,1.13707,1411
1.080000e-3,1.07744,1337
1.082000e-3,1.18139,1466
1.084000e-3,1.39414,1730
1.086000e-3,1.67941,2084
1.088000e-3,1.97597,2452
1.090000e-3,2.16132,2682
1.092000e-3,2.22418,2760
1.094000e-3,2.14762,2665
1.096000e-3,1.92601,2390
1.098000e-3,1.62784,2020
1.100000e-3,1.34901,1674
1.102000e-3,1.14835,1425
1.104000e-3,1.06857,1326
1.106000e-3,1.17333,1456
1.108000e-3,1.39253,1728
1.110000e-3,1.66491,2066
1.112000e-3,1.95824,2430
1.114000e-3,2.15487,2674
1.116000e-3,2.21773,2752
1.118000e-3,2.14037,2656
1.120000e-3,1.93084,2396
1.122000e-3,1.63751,2032
1.124000e-3,1.35788,1685
1.126000e-3,1.15238,1430
1.128000e-3,1.07502,1334
1.130000e-3,1.16205,1442
1.132000e-3,1.40220,1740
1.134000e-3,1.67136,2074
1.136000e-3,1.95502,2426
1.138000e-3,2.16938,2692
1.140000e-3,2.22901,2766
1.142000e-3,2.14037,2656
1.144000e-3,1.93084,2396
1.146000e-3,1.63429,2028
1.148000e-3,1.34418,1668
1.150000e-3,1.15158,1429
1.152000e-3,1.08308,1344
1.154000e-3,1.15883,1438
1.156000e-3,1.38769,1722
1.158000e-3,1.67619,2080
1.160000e-3,1.94857,2418
1.162000e-3,2.15971,2680
1.164000e-3,2.23062,2768
1.166000e-3,2.14037,2656
1.168000e-3,1.92278,2386
1.170000e-3,1.63993,2035
1.172000e-3,1.34498,1669
1.174000e-3,1.13949,1414
1.176000e-3,1.09355,1357
1.178000e-3,1.17172,1454
1.180000e-3,1.38447,1718
1.182000e-3,1.68908,2096
1.184000e-3,1.95985,2432
1.186000e-3,2.16132,2682
1.188000e-3,2.23062,2768
1.190000e-3,2.14198,2658
1.192000e-3,1.90505,2364
1.194000e-3,1.62139,2012
1.196000e-3,1.34095,1664
1.198000e-3,1.13223,1405
1.200000e-3,1.08147,1342
1.202000e-3,1.18059,1465
1.204000e-3,1.39092,1726
1.206000e-3,1.68505,2091
1.208000e-3,1.98403,2462
1.210000e-3,2.16615,2688
1.212000e-3,2.22256,2758
1.214000e-3,2.14037,2656
1.216000e-3,1.90505,2364
1.218000e-3,1.60205,1988
1.220000e-3,1.33451,1656
1.222000e-3,1.13465,1408
1.224000e-3,1.08308,1344
1.226000e-3,1.19429,1482
1.228000e-3,1.41670,1758
1.230000e-3,1.69473,2103
1.232000e-3,1.98564,2464
1.234000e-3,2.17744,2702
1.236000e-3,2.21934,2754
1.238000e-3,2.12103,2632
1.240000e-3,1.89216,2348
1.242000e-3,1.58996,1973
1.244000e-3,1.31516,1632
1.246000e-3,1.13304,1406
1.248000e-3,1.08066,1341
1.250000e-3,1.18945,1476
1.252000e-3,1.44088,1788
1.254000e-3,1.72615,2142
1.256000e-3,1.99853,2480
1.258000e-3,2.19033,2718
1.260000e-3,2.22337,2759
1.262000e-3,2.10168,2608
1.264000e-3,1.86799,2318
1.266000e-3,1.57465,1954
1.268000e-3,1.27971,1588
1.270000e-3,1.12337,1394
1.272000e-3,1.09436,1358
1.274000e-3,1.19751,1486
1.276000e-3,1.45458,1805
1.278000e-3,1.75275,2175
1.280000e-3,2.01304,2498
1.282000e-3,2.18872,2716
1.284000e-3,2.21451,2748
1.286000e-3,2.09040,2594
1.288000e-3,1.84623,2291
1.290000e-3,1.55853,1934
1.292000e-3,1.27729,1585
1.294000e-3,1.10806,1375
1.296000e-3,1.09758,1362
1.298000e-3,1.22491,1520
1.300000e-3,1.47473,1830
1.302000e-3,1.78579,2216
1.304000e-3,2.03883,2530
1.306000e-3,2.19516,2724
1.308000e-3,2.21934,2754
1.310000e-3,2.08234,2584
1.312000e-3,1.81158,2248
1.314000e-3,1.52227,1889
1.316000e-3,1.26037,1564
1.318000e-3,1.09033,1353
1.320000e-3,1.10000,1365
1.322000e-3,1.25070,1552
1.324000e-3,1.49407,1854
1.326000e-3,1.80190,2236
1.328000e-3,2.06623,2564
1.330000e-3,2.20161,2732
1.332000e-3,2.20161,2732
1.334000e-3,2.05656,2552
1.336000e-3,1.78256,2212
1.338000e-3,1.48601,1844
1.340000e-3,1.24264,1542
1.342000e-3,1.09033,1353
1.344000e-3,1.10242,1368
1.346000e-3,1.28374,1593
1.348000e-3,1.53919,1910
1.350000e-3,1.83414,2276
1.352000e-3,2.09604,2601
1.354000e-3,2.21451,2748
1.356000e-3,2.19194,2720
1.358000e-3,2.02916,2518
1.360000e-3,1.75194,2174
1.362000e-3,1.44733,1796
1.364000e-3,1.21443,1507
1.366000e-3,1.08711,1349
1.368000e-3,1.12821,1400
1.370000e-3,1.30872,1624
1.372000e-3,1.58271,1964
1.374000e-3,1.85993,2308
1.376000e-3,2.11619,2626
1.378000e-3,2.22740,2764
1.380000e-3,2.17260,2696
1.382000e-3,1.99209,2472
1.384000e-3,1.71648,2130
1.386000e-3,1.40381,1742
1.388000e-3,1.17897,1463
1.390000e-3,1.08308,1344
1.392000e-3,1.13304,1406
1.394000e-3,1.33692,1659
1.396000e-3,1.62784,2020
1.398000e-3,1.90989,2370
1.400000e-3,2.13070,2644
1.402000e-3,2.23223,2770
1.404000e-3,2.15971,2680
1.406000e-3,1.95341,2424
1.408000e-3,1.67780,2082
1.410000e-3,1.37480,1706
1.412000e-3,1.15560,1434
1.414000e-3,1.09275,1356
1.416000e-3,1.16205,1442
1.418000e-3,1.37319,1704
1.420000e-3,1.67780,2082
1.422000e-3,1.95824,2430
1.424000e-3,2.16454,2686
1.426000e-3,2.23062,2768
1.428000e-3,2.13392,2648
1.430000e-3,1.91473,2376
1.432000e-3,1.62300,2014
1.434000e-3,1.33289,1654
1.436000e-3,1.12659,1398
1.438000e-3,1.07905,1339
1.440000e-3,1.19187,1479
1.442000e-3,1.41026,1750
1.444000e-3,1.72293,2138
1.446000e-3,2.00095,2483
1.448000e-3,2.17099,2694
1.450000e-3,2.22418,2760
1.452000e-3,2.11136,2620
1.454000e-3,1.85832,2306
1.456000e-3,1.56015,1936
1.458000e-3,1.29099,1602
1.460000e-3,1.10886,1376
1.462000e-3,1.08469,1346
1.464000e-3,1.23458,1532
1.466000e-3,1.46989,1824
1.468000e-3,1.77451,2202
1.470000e-3,2.05495,2550
1.472000e-3,2.20161,2732
1.474000e-3,2.21128,2744
1.476000e-3,2.07590,2576
1.478000e-3,1.81238,2249
1.480000e-3,1.50212,1864
1.482000e-3,1.24828,1549
1.484000e-3,1.09919,1364
1.486000e-3,1.09919,1364
1.488000e-3,1.27245,1579
1.490000e-3,1.53436,1904
1.492000e-3,1.81802,2256
1.494000e-3,2.09201,2596
1.496000e-3,2.21773,2752
1.498000e-3,2.18791,2715
1.500000e-3,2.02593,2514
1.502000e-3,1.75194,2174
1.504000e-3,1.43766,1784
1.506000e-3,1.20879,1500
1.508000e-3,1.08308,1344
1.510000e-3,1.11531,1384
1.512000e-3,1.30630,1621
1.514000e-3,1.59963,1985
1.516000e-3,1.88733,2342
1.518000e-3,2.11941,2630
1.520000e-3,2.23707,2776
1.522000e-3,2.17260,2696
1.524000e-3,1.97194,2447
1.526000e-3,1.69231,2100
1.528000e-3,1.38689,1721
1.530000e-3,1.16286,1443
1.532000e-3,1.09114,1354
1.534000e-3,1.15883,1438
1.536000e-3,1.37077,1701
1.538000e-3,1.66813,2070
1.540000e-3,1.94857,2418
1.542000e-3,2.14520,2662
1.544000e-3,2.22740,2764
1.546000e-3,2.13714,2652
1.548000e-3,1.90667,2366
1.550000e-3,1.60205,1988
1.552000e-3,1.34015,1663
1.554000e-3,1.13143,1404
1.556000e-3,1.07985,1340
1.558000e-3,1.20557,1496
1.560000e-3,1.43443,1780
1.562000e-3,1.72454,2140
1.564000e-3,2.01707,2503
1.566000e-3,2.18872,2716
1.568000e-3,2.21612,2750
1.570000e-3,2.09363,2598
1.572000e-3,1.85832,2306
1.574000e-3,1.53355,1903
1.576000e-3,1.27004,1576
1.578000e-3,1.10886,1376
1.580000e-3,1.07744,1337
1.582000e-3,1.24425,1544
1.584000e-3,1.51179,1876
1.586000e-3,1.79465,2227
1.588000e-3,2.06300,2560
1.590000e-3,2.21773,2752
1.592000e-3,2.19516,2724
1.594000e-3,2.03722,2528
1.596000e-3,1.77209,2199
1.598000e-3,1.46022,1812
1.600000e-3,1.21040,1502
1.602000e-3,1.10081,1366
1.604000e-3,1.11692,1386
1.606000e-3,1.29905,1612
1.608000e-3,1.59641,1981
1.610000e-3,1.88571,2340
1.612000e-3,2.11458,2624
1.614000e-3,2.23062,2768
1.616000e-3,2.18227,2708
1.618000e-3,1.97114,2446
1.620000e-3,1.69231,2100
1.622000e-3,1.39092,1726
1.624000e-3,1.15560,1434
1.626000e-3,1.07663,1336
1.628000e-3,1.16044,1440
1.630000e-3,1.35546,1682
1.632000e-3,1.66652,2068
1.634000e-3,1.95985,2432
1.636000e-3,2.14681,2664
1.638000e-3,2.22740,2764
1.640000e-3,2.13553,2650
1.642000e-3,1.89861,2356
1.644000e-3,1.59883,1984
1.646000e-3,1.32403,1643
1.648000e-3,1.11934,1389
1.650000e-3,1.07502,1334
1.652000e-3,1.21685,1510
1.654000e-3,1.44894,1798
1.656000e-3,1.75355,2176
1.658000e-3,2.03802,2529
1.660000e-3,2.19516,2724
1.662000e-3,2.20886,2741
1.664000e-3,2.08718,2590
1.666000e-3,1.82125,2260
1.668000e-3,1.51018,1874
1.670000e-3,1.25231,1554
1.672000e-3,1.09758,1362
1.674000e-3,1.10081,1366
1.676000e-3,1.26681,1572
1.678000e-3,1.54242,1914
1.680000e-3,1.82769,2268
1.682000e-3,2.09282,2597
1.684000e-3,2.22095,2756
1.686000e-3,2.17905,2704
1.688000e-3,2.00821,2492
1.690000e-3,1.73260,2150
1.692000e-3,1.41187,1752
1.694000e-3,1.18623,1472
1.696000e-3,1.08952,1352
1.698000e-3,1.13626,1410
1.700000e-3,1.34256,1666
1.702000e-3,1.64718,2044
1.704000e-3,1.92762,2392
1.706000e-3,2.14520,2662
1.708000e-3,2.23626,2775
1.710000e-3,2.14842,2666
1.712000e-3,1.92278,2386
1.714000e-3,1.63590,2030
1.716000e-3,1.33773,1660
1.718000e-3,1.13223,1405
1.720000e-3,1.08791,1350
1.722000e-3,1.19590,1484
1.724000e-3,1.41993,1762
1.726000e-3,1.73582,2154
1.728000e-3,2.01949,2506
1.730000e-3,2.17582,2700
1.732000e-3,2.21773,2752
1.734000e-3,2.09121,2595
1.736000e-3,1.82608,2266
1.738000e-3,1.52308,1890
1.740000e-3,1.25875,1562
1.742000e-3,1.08952,1352
1.744000e-3,1.10081,1366
1.746000e-3,1.27326,1580
1.748000e-3,1.52952,1898
1.750000e-3,1.83253,2274
1.752000e-3,2.09685,2602
1.754000e-3,2.21531,2749
1.756000e-3,2.18308,2709
1.758000e-3,2.01949,2506
1.760000e-3,1.73099,2148
1.762000e-3,1.41912,1761
1.764000e-3,1.18784,1474
1.766000e-3,1.08469,1346
1.768000e-3,1.12901,1401
1.770000e-3,1.35062,1676
1.772000e-3,1.64073,2036
1.774000e-3,1.92359,2387
1.776000e-3,2.15165,2670
1.778000e-3,2.23223,2770
1.780000e-3,2.13714,2652
1.782000e-3,1.91795,2380
1.784000e-3,1.61817,2008
1.786000e-3,1.32322,1642
1.788000e-3,1.12337,1394
1.790000e-3,1.09275,1356
1.792000e-3,1.19429,1482
1.794000e-3,1.44168,1789
1.796000e-3,1.76967,2196
1.798000e-3,2.02432,2512
1.800000e-3,2.19194,2720
1.802000e-3,2.22256,2758
1.804000e-3,2.07590,2576
1.806000e-3,1.80835,2244
1.808000e-3,1.50857,1872
1.810000e-3,1.23941,1538
1.812000e-3,1.08952,1352
1.814000e-3,1.11209,1380
1.816000e-3,1.28615,1596
1.818000e-3,1.54886,1922
1.820000e-3,1.86476,2314
1.822000e-3,2.10813,2616
1.824000e-3,2.21773,2752
1.826000e-3,2.17905,2704
1.828000e-3,1.98725,2466
1.830000e-3,1.68586,2092
1.832000e-3,1.38930,1724
1.834000e-3,1.17656,1460
1.836000e-3,1.07179,1330
1.838000e-3,1.15722,1436
1.840000e-3,1.38608,1720
1.842000e-3,1.66974,2072
1.844000e-3,1.96308,2436
1.846000e-3,2.17744,2702
1.848000e-3,2.22256,2758
1.850000e-3,2.11458,2624
1.852000e-3,1.88894,2344
1.854000e-3,1.57304,1952
1.856000e-3,1.28938,1600
1.858000e-3,1.12821,1400
1.860000e-3,1.09919,1364
1.862000e-3,1.22813,1524
1.864000e-3,1.50212,1864
1.866000e-3,1.80352,2238
1.868000e-3,2.05978,2556
1.870000e-3,2.21289,2746
1.872000e-3,2.20564,2737
1.874000e-3,2.01788,2504
1.876000e-3,1.75516,2178
1.878000e-3,1.44410,1792
1.880000e-3,1.19187,1479
1.882000e-3,1.08711,1349
1.884000e-3,1.13465,1408
1.886000e-3,1.32161,1640
1.888000e-3,1.62139,2012
1.890000e-3,1.91634,2378
1.892000e-3,2.13231,2646
1.894000e-3,2.22579,2762
1.896000e-3,2.15326,2672
1.898000e-3,1.92762,2392
1.900000e-3,1.62542,2017
1.902000e-3,1.34095,1664
1.904000e-3,1.13304,1406
1.906000e-3,1.08308,1344
1.908000e-3,1.21282,1505
1.910000e-3,1.44410,1792
1.912000e-3,1.74872,2170
1.914000e-3,2.03883,2530
1.916000e-3,2.19436,2723
1.918000e-3,2.21289,2746
1.920000e-3,2.07106,2570
1.922000e-3,1.80674,2242
1.924000e-3,1.48923,1848
1.926000e-3,1.23297,1530
1.928000e-3,1.09597,1360
1.930000e-3,1.10242,1368
1.932000e-3,1.29744,1610
1.934000e-3,1.57868,1959
1.936000e-3,1.86557,2315
1.938000e-3,2.12103,2632
1.940000e-3,2.22418,2760
1.942000e-3,2.16132,2682
1.944000e-3,1.96147,2434
1.946000e-3,1.66813,2070
1.948000e-3,1.36029,1688
1.950000e-3,1.15077,1428
1.952000e-3,1.08469,1346
1.954000e-3,1.16689,1448
1.956000e-3,1.40945,1749
1.958000e-3,1.72454,2140
1.960000e-3,1.99370,2474
1.962000e-3,2.18227,2708
1.964000e-3,2.22901,2766
1.966000e-3,2.09040,2594
1.968000e-3,1.82608,2266
1.970000e-3,1.53436,1904
1.972000e-3,1.24908,1550
1.974000e-3,1.09597,1360
1.976000e-3,1.11209,1380
1.978000e-3,1.26762,1573
1.980000e-3,1.54564,1918
1.982000e-3,1.86476,2314
1.984000e-3,2.10330,2610
1.986000e-3,2.21773,2752
1.988000e-3,2.18227,2708
1.990000e-3,1.98564,2464
1.992000e-3,1.67941,2084
1.994000e-3,1.38608,1720
1.996000e-3,1.16205,1442
1.998000e-3,1.07260,1331
2.000000e-3,1.16527,1446
2.002000e-3,1.39495,1731
2.004000e-3,1.69231,2100
2.006000e-3,1.97919,2456
2.008000e-3,2.19033,2718
2.010000e-3,2.22418,2760
2.012000e-3,2.09524,2600
2.014000e-3,1.85590,2303
2.016000e-3,1.53919,1910
2.018000e-3,1.25231,1554
2.020000e-3,1.10967,1377
2.022000e-3,1.10403,1370
2.024000e-3,1.25714,1560
2.026000e-3,1.53436,1904
2.028000e-3,1.84381,2288
2.030000e-3,2.08557,2588
2.032000e-3,2.22095,2756
2.034000e-3,2.18549,2712
2.036000e-3,1.98000,2457
2.038000e-3,1.69553,2104
2.040000e-3,1.39414,1730
2.042000e-3,1.16044,1440
2.044000e-3,1.07663,1336
2.046000e-3,1.17817,1462
2.048000e-3,1.39011,1725
2.050000e-3,1.68747,2094
2.052000e-3,1.99370,2474
2.054000e-3,2.17582,2700
2.056000e-3,2.22015,2755
2.058000e-3,2.10974,2618
2.060000e-3,1.84945,2295
2.062000e-3,1.53758,1908
2.064000e-3,1.27487,1582
2.066000e-3,1.10725,1374
2.068000e-3,1.09919,1364
2.070000e-3,1.26842,1574
2.072000e-3,1.53919,1910
2.074000e-3,1.83414,2276
2.076000e-3,2.09846,2604
2.078000e-3,2.22579,2762
2.080000e-3,2.17260,2696
2.082000e-3,1.97597,2452
2.084000e-3,1.69392,2102
2.086000e-3,1.38447,1718
2.088000e-3,1.15560,1434
2.090000e-3,1.09678,1361
2.092000e-3,1.16608,1447
2.094000e-3,1.39736,1734
2.096000e-3,1.71487,2128
2.098000e-3,1.99531,2476
2.100000e-3,2.17905,2704
2.102000e-3,2.22418,2760
2.104000e-3,2.09685,2602
2.106000e-3,1.83092,2272
2.108000e-3,1.52952,1898
2.110000e-3,1.25714,1560
2.112000e-3,1.08791,1350
2.114000e-3,1.10564,1372
2.116000e-3,1.28293,1592
2.118000e-3,1.55048,1924
2.120000e-3,1.86476,2314
2.122000e-3,2.11458,2624
2.124000e-3,2.21934,2754
2.126000e-3,2.16777,2690
2.128000e-3,1.97114,2446
2.130000e-3,1.66813,2070
2.132000e-3,1.36996,1700
2.134000e-3,1.15883,1438
2.136000e-3,1.08308,1344
2.138000e-3,1.17978,1464
2.140000e-3,1.43443,1780
2.142000e-3,1.72777,2144
2.144000e-3,2.00901,2493
2.146000e-3,2.20000,2730
2.148000e-3,2.21048,2743
2.150000e-3,2.07348,2573
2.152000e-3,1.81480,2252
2.154000e-3,1.50535,1868
2.156000e-3,1.21846,1512
2.158000e-3,1.09275,1356
2.160000e-3,1.12176,1392
2.162000e-3,1.29421,1606
2.164000e-3,1.58593,1968
2.166000e-3,1.89458,2351
2.168000e-3,2.11941,2630
2.170000e-3,2.22740,2764
2.172000e-3,2.15729,2677
2.174000e-3,1.93165,2397
2.176000e-3,1.62623,2018
2.178000e-3,1.34418,1668
2.180000e-3,1.12498,1396
2.182000e-3,1.07905,1339
2.184000e-3,1.21685,1510
2.186000e-3,1.45780,1809
2.188000e-3,1.76645,2192
2.190000e-3,2.05495,2550
2.192000e-3,2.20564,2737
2.194000e-3,2.20484,2736
2.196000e-3,2.04527,2538
2.198000e-3,1.76806,2194
2.200000e-3,1.45055,1800
2.202000e-3,1.20557,1496
2.204000e-3,1.08791,1350
2.206000e-3,1.12418,1395
2.208000e-3,1.34579,1670
2.210000e-3,1.64073,2036
2.212000e-3,1.92520,2389
2.214000e-3,2.15810,2678
2.216000e-3,2.23062,2768
2.218000e-3,2.12103,2632
2.220000e-3,1.88894,2344
2.222000e-3,1.58593,1968
2.224000e-3,1.28132,1590
2.226000e-3,1.10886,1376
2.228000e-3,1.09758,1362
2.230000e-3,1.23941,1538
2.232000e-3,1.51502,1880
2.234000e-3,1.83253,2274
2.236000e-3,2.07912,2580
2.238000e-3,2.21612,2750
2.240000e-3,2.19839,2728
2.242000e-3,1.99692,2478
2.244000e-3,1.70037,2110
2.246000e-3,1.40703,1746
2.248000e-3,1.16366,1444
2.250000e-3,1.07663,1336
2.252000e-3,1.17978,1464
2.254000e-3,1.39575,1732
2.256000e-3,1.69875,2108
2.258000e-3,1.99853,2480
2.260000e-3,2.18549,2712
2.262000e-3,2.20967,2742
2.264000e-3,2.09201,2596
2.266000e-3,1.82769,2268
2.268000e-3,1.50051,1862
2.270000e-3,1.24103,1540
2.272000e-3,1.10242,1368
2.274000e-3,1.10403,1370
2.276000e-3,1.29905,1612
2.278000e-3,1.58432,1966
2.280000e-3,1.87766,2330
2.282000e-3,2.12747,2640
2.284000e-3,2.22901,2766
2.286000e-3,2.14681,2664
2.288000e-3,1.93407,2400
2.290000e-3,1.62462,2016
2.292000e-3,1.32645,1646
2.294000e-3,1.12821,1400
2.296000e-3,1.08952,1352
2.298000e-3,1.20154,1491
2.300000e-3,1.59802,1983
2.302000e-3,1.66088,2061
2.304000e-3,1.65040,2048
2.306000e-3,1.64960,2047
2.308000e-3,1.66813,2070
2.310000e-3,1.65766,2057
2.312000e-3,1.65201,2050
2.314000e-3,1.66813,2070
2.316000e-3,1.65443,2053
2.318000e-3,1.64557,2042
2.320000e-3,1.66733,2069
2.322000e-3,1.66007,2060
2.324000e-3,1.65524,2054
2.326000e-3,1.66733,2069
2.328000e-3,1.66652,2068
2.330000e-3,1.64557,2042
2.332000e-3,1.65846,2058
2.334000e-3,1.65927,2059
2.336000e-3,1.64396,2040
2.338000e-3,1.65766,2057
2.340000e-3,1.66168,2062
2.342000e-3,1.65040,2048
2.344000e-3,1.65363,2052
2.346000e-3,1.66571,2067
2.348000e-3,1.65121,2049
2.350000e-3,1.65363,2052
2.352000e-3,1.65927,2059
2.354000e-3,1.65201,2050
2.356000e-3,1.64879,2046
2.358000e-3,1.66894,2071
2.360000e-3,1.65685,2056
2.362000e-3,1.65201,2050
2.364000e-3,1.66894,2071
2.366000e-3,1.65040,2048
2.368000e-3,1.65201,2050
2.370000e-3,1.66571,2067
2.372000e-3,1.65282,2051
2.374000e-3,1.65443,2053
2.376000e-3,1.66733,2069
2.378000e-3,1.65282,2051
2.380000e-3,1.65201,2050
2.382000e-3,1.66652,2068
2.384000e-3,1.65363,2052
2.386000e-3,1.65363,2052
2.388000e-3,1.66330,2064
2.390000e-3,1.65685,2056
2.392000e-3,1.65604,2055
2.394000e-3,1.66330,2064
2.396000e-3,1.65846,2058
2.398000e-3,1.65201,2050
2.400000e-3,1.66168,2062
2.402000e-3,1.65685,2056
2.404000e-3,1.64718,2044
2.406000e-3,1.65927,2059
2.408000e-3,1.65766,2057
2.410000e-3,1.64799,2045
2.412000e-3,1.66007,2060
2.414000e-3,1.66007,2060
2.416000e-3,1.64315,2039
2.418000e-3,1.65604,2055
2.420000e-3,1.65685,2056
2.422000e-3,1.64799,2045
2.424000e-3,1.65282,2051
2.426000e-3,1.65766,2057
2.428000e-3,1.65121,2049
2.430000e-3,1.65524,2054
2.432000e-3,1.65443,2053
2.434000e-3,1.65040,2048
2.436000e-3,1.64960,2047
2.438000e-3,1.66330,2064
2.440000e-3,1.65363,2052
2.442000e-3,1.65282,2051
2.444000e-3,1.66652,2068
2.446000e-3,1.65443,2053
2.448000e-3,1.65363,2052
2.450000e-3,1.66410,2065
2.452000e-3,1.65524,2054
2.454000e-3,1.65443,2053
2.456000e-3,1.66491,2066
2.458000e-3,1.66491,2066
2.460000e-3,1.65282,2051
2.462000e-3,1.66168,2062
2.464000e-3,1.66007,2060
2.466000e-3,1.65040,2048
2.468000e-3,1.65927,2059
2.470000e-3,1.65766,2057
2.472000e-3,1.64637,2043
2.474000e-3,1.65524,2054
2.476000e-3,1.66168,2062
2.478000e-3,1.64154,2037
2.480000e-3,1.65524,2054
2.482000e-3,1.66088,2061
2.484000e-3,1.64718,2044
2.486000e-3,1.65443,2053
2.488000e-3,1.65846,2058
2.490000e-3,1.64476,2041
2.492000e-3,1.64557,2042
2.494000e-3,1.66088,2061
2.496000e-3,1.64315,2039
2.498000e-3,1.65443,2053
2.500000e-3,1.66168,2062
2.502000e-3,1.64718,2044
2.504000e-3,1.64960,2047
2.506000e-3,1.65766,2057
2.508000e-3,1.64879,2046
2.510000e-3,1.65363,2052
2.512000e-3,1.66168,2062
2.514000e-3,1.64637,2043
2.516000e-3,1.64799,2045
2.518000e-3,1.66168,2062
2.520000e-3,1.65363,2052
2.522000e-3,1.65443,2053
2.524000e-3,1.66974,2072
2.526000e-3,1.65766,2057
2.528000e-3,1.64718,2044
2.530000e-3,1.65846,2058
2.532000e-3,1.65040,2048
2.534000e-3,1.65282,2051
2.536000e-3,1.67055,2073
2.538000e-3,1.66652,2068
2.540000e-3,1.65040,2048
2.542000e-3,1.66007,2060
2.544000e-3,1.65524,2054
2.546000e-3,1.65363,2052
2.548000e-3,1.66491,2066
2.550000e-3,1.65766,2057
2.552000e-3,1.65121,2049
2.554000e-3,1.65685,2056
2.556000e-3,1.65846,2058
2.558000e-3,1.65443,2053
2.560000e-3,1.65846,2058
2.562000e-3,1.65766,2057
2.564000e-3,1.64234,2038
2.566000e-3,1.65685,2056
2.568000e-3,1.66007,2060
2.570000e-3,1.64315,2039
2.572000e-3,1.65766,2057
2.574000e-3,1.66007,2060
2.576000e-3,1.64637,2043
2.578000e-3,1.65443,2053
2.580000e-3,1.65927,2059
2.582000e-3,1.64879,2046
2.584000e-3,1.65524,2054
2.586000e-3,1.66974,2072
2.588000e-3,1.65121,2049
2.590000e-3,1.65524,2054
2.592000e-3,1.66974,2072
2.594000e-3,1.65363,2052
2.596000e-3,1.65201,2050
2.598000e-3,1.66733,2069
2.600000e-3,1.64718,2044
2.602000e-3,1.65282,2051
2.604000e-3,1.66410,2065
2.606000e-3,1.65524,2054
2.608000e-3,1.65524,2054
2.610000e-3,1.66330,2064
2.612000e-3,1.65766,2057
2.614000e-3,1.65040,2048
2.616000e-3,1.66007,2060
2.618000e-3,1.65604,2055
2.620000e-3,1.64557,2042
2.622000e-3,1.65524,2054
2.624000e-3,1.65766,2057
2.626000e-3,1.64879,2046
2.628000e-3,1.66330,2064
2.630000e-3,1.65766,2057
2.632000e-3,1.64315,2039
2.634000e-3,1.65766,2057
2.636000e-3,1.65685,2056
2.638000e-3,1.64557,2042
2.640000e-3,1.65443,2053
2.642000e-3,1.65927,2059
2.644000e-3,1.65604,2055
2.646000e-3,1.65363,2052
2.648000e-3,1.66410,2065
2.650000e-3,1.64960,2047
2.652000e-3,1.65363,2052
2.654000e-3,1.65766,2057
2.656000e-3,1.64960,2047
2.658000e-3,1.65201,2050
2.660000e-3,1.66088,2061
2.662000e-3,1.65604,2055
2.664000e-3,1.65363,2052
2.666000e-3,1.66330,2064
2.668000e-3,1.65282,2051
2.670000e-3,1.65282,2051
2.672000e-3,1.66652,2068
2.674000e-3,1.64879,2046
2.676000e-3,1.64879,2046
2.678000e-3,1.66491,2066
2.680000e-3,1.65927,2059
2.682000e-3,1.66168,2062
2.684000e-3,1.66168,2062
2.686000e-3,1.65685,2056
2.688000e-3,1.65363,2052
2.690000e-3,1.66330,2064
2.692000e-3,1.65846,2058
2.694000e-3,1.65363,2052
2.696000e-3,1.66168,2062
2.698000e-3,1.65927,2059
2.700000e-3,1.65524,2054
2.702000e-3,1.66249,2063
2.704000e-3,1.65766,2057
2.706000e-3,1.65363,2052
2.708000e-3,1.66007,2060
2.710000e-3,1.65846,2058
2.712000e-3,1.65121,2049
2.714000e-3,1.65846,2058
2.716000e-3,1.66249,2063
2.718000e-3,1.65363,2052
2.720000e-3,1.65927,2059
2.722000e-3,1.65846,2058
2.724000e-3,1.64718,2044
2.726000e-3,1.65685,2056
2.728000e-3,1.66491,2066
2.730000e-3,1.64396,2040
2.732000e-3,1.65604,2055
2.734000e-3,1.66168,2062
2.736000e-3,1.63832,2033
2.738000e-3,1.65282,2051
2.740000e-3,1.65927,2059
2.742000e-3,1.64637,2043
2.744000e-3,1.65201,2050
2.746000e-3,1.66007,2060
2.748000e-3,1.64799,2045
2.750000e-3,1.65040,2048
2.752000e-3,1.66571,2067
2.754000e-3,1.65524,2054
2.756000e-3,1.65443,2053
2.758000e-3,1.66733,2069
2.760000e-3,1.65604,2055
2.762000e-3,1.65040,2048
2.764000e-3,1.66813,2070
2.766000e-3,1.65604,2055
2.768000e-3,1.65121,2049
2.770000e-3,1.66571,2067
2.772000e-3,1.66007,2060
2.774000e-3,1.64396,2040
2.776000e-3,1.66007,2060
2.778000e-3,1.65846,2058
2.780000e-3,1.64234,2038
2.782000e-3,1.65685,2056
2.784000e-3,1.65846,2058
2.786000e-3,1.64476,2041
2.788000e-3,1.65766,2057
2.790000e-3,1.66007,2060
2.792000e-3,1.64154,2037
2.794000e-3,1.65282,2051
2.796000e-3,1.66168,2062
2.798000e-3,1.65040,2048
2.800000e-3,1.65363,2052
2.802000e-3,1.66652,2068
2.804000e-3,1.65040,2048
2.806000e-3,1.65604,2055
2.808000e-3,1.66813,2070
2.810000e-3,1.65443,2053
2.812000e-3,1.65121,2049
2.814000e-3,1.66491,2066
2.816000e-3,1.65524,2054
2.818000e-3,1.65201,2050
2.820000e-3,1.66652,2068
2.822000e-3,1.65685,2056
2.824000e-3,1.64557,2042
2.826000e-3,1.66168,2062
2.828000e-3,1.65766,2057
2.830000e-3,1.64396,2040
2.832000e-3,1.65685,2056
2.834000e-3,1.65685,2056
2.836000e-3,1.64637,2043
2.838000e-3,1.65443,2053
2.840000e-3,1.66330,2064
2.842000e-3,1.64799,2045
2.844000e-3,1.65524,2054
2.846000e-3,1.66571,2067
2.848000e-3,1.64799,2045
2.850000e-3,1.65363,2052
2.852000e-3,1.66330,2064
2.854000e-3,1.65443,2053
2.856000e-3,1.65121,2049
2.858000e-3,1.66652,2068
2.860000e-3,1.65766,2057
2.862000e-3,1.65363,2052
2.864000e-3,1.66410,2065
2.866000e-3,1.65604,2055
2.868000e-3,1.65282,2051
2.870000e-3,1.66007,2060
2.872000e-3,1.65927,2059
2.874000e-3,1.64718,2044
2.876000e-3,1.65766,2057
2.878000e-3,1.66330,2064
2.880000e-3,1.64718,2044
2.882000e-3,1.65685,2056
2.884000e-3,1.65927,2059
2.886000e-3,1.64637,2043
2.888000e-3,1.65363,2052
2.890000e-3,1.66491,2066
2.892000e-3,1.64637,2043
2.894000e-3,1.65121,2049
2.896000e-3,1.66168,2062
2.898000e-3,1.65040,2048
2.900000e-3,1.65282,2051
2.902000e-3,1.65927,2059
2.904000e-3,1.65201,2050
2.906000e-3,1.65040,2048
2.908000e-3,1.66652,2068
2.910000e-3,1.64637,2043
2.912000e-3,1.65121,2049
2.914000e-3,1.66894,2071
2.916000e-3,1.65685,2056
2.918000e-3,1.64799,2045
2.920000e-3,1.66249,2063
2.922000e-3,1.65846,2058
2.924000e-3,1.65040,2048
2.926000e-3,1.66168,2062
2.928000e-3,1.65846,2058
2.930000e-3,1.64234,2038
2.932000e-3,1.65927,2059
2.934000e-3,1.66007,2060
2.936000e-3,1.64315,2039
2.938000e-3,1.65363,2052
2.940000e-3,1.65927,2059
2.942000e-3,1.64557,2042
2.944000e-3,1.64960,2047
2.946000e-3,1.65927,2059
2.948000e-3,1.64799,2045
2.950000e-3,1.65524,2054
2.952000e-3,1.66088,2061
2.954000e-3,1.65201,2050
2.956000e-3,1.65201,2050
2.958000e-3,1.66571,2067
2.960000e-3,1.65363,2052
2.962000e-3,1.65363,2052
2.964000e-3,1.66491,2066
2.966000e-3,1.65040,2048
2.968000e-3,1.64879,2046
2.970000e-3,1.66330,2064
2.972000e-3,1.66571,2067
2.974000e-3,1.64879,2046
2.976000e-3,1.65363,2052
2.978000e-3,1.65685,2056
2.980000e-3,1.64557,2042
2.982000e-3,1.65604,2055
2.984000e-3,1.65846,2058
2.986000e-3,1.64234,2038
2.988000e-3,1.65363,2052
2.990000e-3,1.66088,2061
2.992000e-3,1.64799,2045
2.994000e-3,1.65201,2050
2.996000e-3,1.65282,2051
2.998000e-3,1.64637,2043
3.000000e-3,1.64879,2046
3.002000e-3,1.66007,2060
3.004000e-3,1.65363,2052
3.006000e-3,1.65040,2048
3.008000e-3,1.66491,2066
3.010000e-3,1.65604,2055
3.012000e-3,1.64960,2047
3.014000e-3,1.66088,2061
3.016000e-3,1.65443,2053
3.018000e-3,1.65443,2053
3.020000e-3,1.66007,2060
3.022000e-3,1.65927,2059
3.024000e-3,1.64234,2038
3.026000e-3,1.65685,2056
3.028000e-3,1.66249,2063
3.030000e-3,1.64476,2041
3.032000e-3,1.65604,2055
3.034000e-3,1.66491,2066
3.036000e-3,1.64154,2037
3.038000e-3,1.65040,2048
3.040000e-3,1.65846,2058
3.042000e-3,1.64718,2044
3.044000e-3,1.64799,2045
3.046000e-3,1.66330,2064
3.048000e-3,1.65121,2049
3.050000e-3,1.64879,2046
3.052000e-3,1.67377,2077
3.054000e-3,1.65524,2054
3.056000e-3,1.65040,2048
3.058000e-3,1.66168,2062
3.060000e-3,1.65443,2053
3.062000e-3,1.65524,2054
3.064000e-3,1.66249,2063
3.066000e-3,1.65524,2054
3.068000e-3,1.65121,2049
3.070000e-3,1.65604,2055
3.072000e-3,1.65766,2057
3.074000e-3,1.64396,2040
3.076000e-3,1.65766,2057
3.078000e-3,1.65766,2057
3.080000e-3,1.64637,2043
3.082000e-3,1.65201,2050
3.084000e-3,1.65766,2057
3.086000e-3,1.65121,2049
3.088000e-3,1.65121,2049
3.090000e-3,1.66652,2068
3.092000e-3,1.65121,2049
3.094000e-3,1.65121,2049
3.096000e-3,1.66330,2064
3.098000e-3,1.65846,2058
3.100000e-3,1.65201,2050
3.102000e-3,1.65927,2059
3.104000e-3,1.64879,2046
3.106000e-3,1.64315,2039
3.108000e-3,1.65685,2056
3.110000e-3,1.65685,2056
3.112000e-3,1.64557,2042
3.114000e-3,1.65040,2048
3.116000e-3,1.65604,2055
3.118000e-3,1.65040,2048
3.120000e-3,1.65040,2048
3.122000e-3,1.66652,2068
3.124000e-3,1.65201,2050
3.126000e-3,1.65121,2049
3.128000e-3,1.66410,2065
3.130000e-3,1.65685,2056
3.132000e-3,1.65040,2048
3.134000e-3,1.65927,2059
3.136000e-3,1.65685,2056
3.138000e-3,1.64799,2045
3.140000e-3,1.65927,2059
3.142000e-3,1.65766,2057
3.144000e-3,1.64234,2038
3.146000e-3,1.65363,2052
3.148000e-3,1.65846,2058
3.150000e-3,1.64396,2040
3.152000e-3,1.65604,2055
3.154000e-3,1.65927,2059
3.156000e-3,1.64879,2046
3.158000e-3,1.65766,2057
3.160000e-3,1.66330,2064
3.162000e-3,1.65363,2052
3.164000e-3,1.65040,2048
3.166000e-3,1.66491,2066
3.168000e-3,1.65363,2052
3.170000e-3,1.65766,2057
3.172000e-3,1.66410,2065
3.174000e-3,1.65443,2053
3.176000e-3,1.64960,2047
3.178000e-3,1.65604,2055
3.180000e-3,1.65927,2059
3.182000e-3,1.64154,2037
3.184000e-3,1.65443,2053
3.186000e-3,1.65685,2056
3.188000e-3,1.64718,2044
3.190000e-3,1.65685,2056
3.192000e-3,1.65927,2059
3.194000e-3,1.65040,2048
3.196000e-3,1.65121,2049
3.198000e-3,1.66007,2060
3.200000e-3,1.65040,2048
3.202000e-3,1.65201,2050
3.204000e-3,1.66410,2065
3.206000e-3,1.65524,2054
3.208000e-3,1.65201,2050
3.210000e-3,1.66652,2068
3.212000e-3,1.66168,2062
3.214000e-3,1.65121,2049
3.216000e-3,1.66410,2065
3.218000e-3,1.65363,2052
3.220000e-3,1.65201,2050
3.222000e-3,1.65524,2054
3.224000e-3,1.66007,2060
3.226000e-3,1.64476,2041
3.228000e-3,1.65604,2055
3.230000e-3,1.65846,2058
3.232000e-3,1.64234,2038
3.234000e-3,1.65604,2055
3.236000e-3,1.65685,2056
3.238000e-3,1.64637,2043
3.240000e-3,1.65201,2050
3.242000e-3,1.65846,2058
3.244000e-3,1.65040,2048
3.246000e-3,1.65363,2052
3.248000e-3,1.66088,2061
3.250000e-3,1.65040,2048
3.252000e-3,1.65282,2051
3.254000e-3,1.66330,2064
3.256000e-3,1.65524,2054
3.258000e-3,1.65121,2049
3.260000e-3,1.66410,2065
3.262000e-3,1.65604,2055
3.264000e-3,1.65363,2052
3.266000e-3,1.65201,2050
3.268000e-3,1.65524,2054
3.270000e-3,1.64557,2042
3.272000e-3,1.65685,2056
3.274000e-3,1.65766,2057
3.276000e-3,1.64154,2037
3.278000e-3,1.65282,2051
3.280000e-3,1.66007,2060
3.282000e-3,1.64637,2043
3.284000e-3,1.65201,2050
3.286000e-3,1.65604,2055
3.288000e-3,1.65282,2051
3.290000e-3,1.65040,2048
3.292000e-3,1.66652,2068
3.294000e-3,1.65363,2052
3.296000e-3,1.65201,2050
3.298000e-3,1.66733,2069
3.300000e-3,1.65846,2058
3.302000e-3,1.65363,2052
3.304000e-3,1.65685,2056
3.306000e-3,1.65927,2059
3.308000e-3,1.64476,2041
3.310000e-3,1.65766,2057
3.312000e-3,1.66007,2060
3.314000e-3,1.64476,2041
3.316000e-3,1.65524,2054
3.318000e-3,1.65766,2057
3.320000e-3,1.64476,2041
3.322000e-3,1.65282,2051
3.324000e-3,1.65846,2058
3.326000e-3,1.65040,2048
3.328000e-3,1.65282,2051
3.330000e-3,1.66088,2061
3.332000e-3,1.65282,2051
3.334000e-3,1.64718,2044
3.336000e-3,1.66007,2060
3.338000e-3,1.65524,2054
3.340000e-3,1.65040,2048
3.342000e-3,1.66168,2062
3.344000e-3,1.65766,2057
3.346000e-3,1.64799,2045
3.348000e-3,1.65363,2052
3.350000e-3,1.66007,2060
3.352000e-3,1.64799,2045
3.354000e-3,1.65604,2055
3.356000e-3,1.66088,2061
3.358000e-3,1.64234,2038
3.360000e-3,1.65524,2054
3.362000e-3,1.66330,2064
3.364000e-3,1.64718,2044
3.366000e-3,1.65363,2052
3.368000e-3,1.66088,2061
3.370000e-3,1.64879,2046
3.372000e-3,1.65363,2052
3.374000e-3,1.65846,2058
3.376000e-3,1.65040,2048
3.378000e-3,1.65201,2050
3.380000e-3,1.66571,2067
3.382000e-3,1.65282,2051
3.384000e-3,1.65040,2048
3.386000e-3,1.67458,2078
3.388000e-3,1.65524,2054
3.390000e-3,1.65040,2048
3.392000e-3,1.66813,2070
3.394000e-3,1.65524,2054
3.396000e-3,1.65121,2049
3.398000e-3,1.66330,2064
3.400000e-3,1.65766,2057
3.402000e-3,1.65121,2049
3.404000e-3,1.66088,2061
3.406000e-3,1.66652,2068
3.408000e-3,1.65040,2048
3.410000e-3,1.66088,2061
3.412000e-3,1.66007,2060
3.414000e-3,1.64315,2039
3.416000e-3,1.65363,2052
3.418000e-3,1.65927,2059
3.420000e-3,1.64396,2040
3.422000e-3,1.65524,2054
3.424000e-3,1.65846,2058
3.426000e-3,1.65040,2048
3.428000e-3,1.65040,2048
3.430000e-3,1.66088,2061
3.432000e-3,1.65040,2048
3.434000e-3,1.65040,2048
3.436000e-3,1.66652,2068
3.438000e-3,1.65121,2049
3.440000e-3,1.64396,2040
3.442000e-3,1.66491,2066
3.444000e-3,1.65443,2053
3.446000e-3,1.65363,2052
3.448000e-3,1.66007,2060
3.450000e-3,1.65685,2056
3.452000e-3,1.64396,2040
3.454000e-3,1.65766,2057
3.456000e-3,1.65685,2056
3.458000e-3,1.64234,2038
3.460000e-3,1.65846,2058
3.462000e-3,1.65927,2059
3.464000e-3,1.64799,2045
3.466000e-3,1.65363,2052
3.468000e-3,1.65846,2058
3.470000e-3,1.65040,2048
3.472000e-3,1.65363,2052
3.474000e-3,1.66249,2063
3.476000e-3,1.65363,2052
3.478000e-3,1.65282,2051
3.480000e-3,1.66652,2068
3.482000e-3,1.64718,2044
3.484000e-3,1.65121,2049
3.486000e-3,1.66491,2066
3.488000e-3,1.65524,2054
3.490000e-3,1.65201,2050
3.492000e-3,1.65846,2058
3.494000e-3,1.66491,2066
3.496000e-3,1.65363,2052
3.498000e-3,1.65766,2057
3.500000e-3,1.66168,2062
3.502000e-3,1.64234,2038
3.504000e-3,1.65685,2056
3.506000e-3,1.65282,2051
3.508000e-3,1.64718,2044
3.510000e-3,1.65201,2050
3.512000e-3,1.66007,2060
3.514000e-3,1.65685,2056
3.516000e-3,1.65040,2048
3.518000e-3,1.66733,2069
3.520000e-3,1.65282,2051
3.522000e-3,1.65201,2050
3.524000e-3,1.66491,2066
3.526000e-3,1.65685,2056
3.528000e-3,1.65201,2050
3.530000e-3,1.66410,2065
3.532000e-3,1.65604,2055
3.534000e-3,1.65363,2052
3.536000e-3,1.65846,2058
3.538000e-3,1.65766,2057
3.540000e-3,1.64879,2046
3.542000e-3,1.65685,2056
3.544000e-3,1.65927,2059
3.546000e-3,1.64154,2037
3.548000e-3,1.66007,2060
3.550000e-3,1.65927,2059
3.552000e-3,1.64476,2041
3.554000e-3,1.65524,2054
3.556000e-3,1.65927,2059
3.558000e-3,1.65121,2049
3.560000e-3,1.65201,2050
3.562000e-3,1.66974,2072
3.564000e-3,1.65363,2052
3.566000e-3,1.65201,2050
3.568000e-3,1.67136,2074
3.570000e-3,1.65524,2054
3.572000e-3,1.65282,2051
3.574000e-3,1.66410,2065
3.576000e-3,1.65524,2054
3.578000e-3,1.65121,2049
3.580000e-3,1.66168,2062
3.582000e-3,1.65685,2056
3.584000e-3,1.64799,2045
3.586000e-3,1.65766,2057
3.588000e-3,1.65927,2059
3.590000e-3,1.64234,2038
3.592000e-3,1.65443,2053
3.594000e-3,1.65685,2056
3.596000e-3,1.64557,2042
3.598000e-3,1.65443,2053
3.600000e-3,1.65604,2055
3.602000e-3,1.64960,2047
3.604000e-3,1.65363,2052
3.606000e-3,1.66571,2067
3.608000e-3,1.65524,2054
3.610000e-3,1.64960,2047
3.612000e-3,1.66652,2068
3.614000e-3,1.65363,2052
3.616000e-3,1.65201,2050
3.618000e-3,1.66330,2064
3.620000e-3,1.65766,2057
3.622000e-3,1.65927,2059
3.624000e-3,1.66088,2061
3.626000e-3,1.66088,2061
3.628000e-3,1.64637,2043
3.630000e-3,1.65685,2056
3.632000e-3,1.65846,2058
3.634000e-3,1.64396,2040
3.636000e-3,1.65685,2056
3.638000e-3,1.66007,2060
3.640000e-3,1.64637,2043
3.642000e-3,1.65443,2053
3.644000e-3,1.65040,2048
3.646000e-3,1.64637,2043
3.648000e-3,1.65363,2052
3.650000e-3,1.65685,2056
3.652000e-3,1.64879,2046
3.654000e-3,1.65121,2049
3.656000e-3,1.65604,2055
3.658000e-3,1.65524,2054
3.660000e-3,1.65040,2048
3.662000e-3,1.66813,2070
3.664000e-3,1.65282,2051
3.666000e-3,1.65282,2051
3.668000e-3,1.66330,2064
3.670000e-3,1.65685,2056
3.672000e-3,1.66007,2060
3.674000e-3,1.66491,2066
3.676000e-3,1.66007,2060
3.678000e-3,1.65040,2048
3.680000e-3,1.66410,2065
3.682000e-3,1.65846,2058
3.684000e-3,1.65282,2051
3.686000e-3,1.66007,2060
3.688000e-3,1.65927,2059
3.690000e-3,1.64718,2044
3.692000e-3,1.65443,2053
3.694000e-3,1.65604,2055
3.696000e-3,1.64315,2039
3.698000e-3,1.65443,2053
3.700000e-3,1.65846,2058
3.702000e-3,1.63670,2031
3.704000e-3,1.65363,2052
3.706000e-3,1.65846,2058
3.708000e-3,1.64073,2036
3.710000e-3,1.65363,2052
3.712000e-3,1.65766,2057
3.714000e-3,1.64315,2039
3.716000e-3,1.65524,2054
3.718000e-3,1.65604,2055
3.720000e-3,1.64879,2046
3.722000e-3,1.65121,2049
3.724000e-3,1.66652,2068
3.726000e-3,1.65040,2048
3.728000e-3,1.65363,2052
3.730000e-3,1.67458,2078
3.732000e-3,1.65524,2054
3.734000e-3,1.65443,2053
3.736000e-3,1.66652,2068
3.738000e-3,1.65524,2054
3.740000e-3,1.65040,2048
3.742000e-3,1.67297,2076
3.744000e-3,1.65685,2056
3.746000e-3,1.65363,2052
3.748000e-3,1.66088,2061
3.750000e-3,1.65846,2058
3.752000e-3,1.64234,2038
3.754000e-3,1.65685,2056
3.756000e-3,1.66088,2061
3.758000e-3,1.65040,2048
3.760000e-3,1.65927,2059
3.762000e-3,1.65766,2057
3.764000e-3,1.65040,2048
3.766000e-3,1.65685,2056
3.768000e-3,1.65766,2057
3.770000e-3,1.64960,2047
3.772000e-3,1.65201,2050
3.774000e-3,1.66007,2060
3.776000e-3,1.65040,2048
3.778000e-3,1.65282,2051
3.780000e-3,1.66491,2066
3.782000e-3,1.65282,2051
3.784000e-3,1.65201,2050
3.786000e-3,1.66652,2068
3.788000e-3,1.65604,2055
3.790000e-3,1.65040,2048
3.792000e-3,1.66491,2066
3.794000e-3,1.65443,2053
3.796000e-3,1.64960,2047
3.798000e-3,1.66168,2062
3.800000e-3,1.66007,2060
3.802000e-3,1.65040,2048
3.804000e-3,1.66088,2061
3.806000e-3,1.65121,2049
3.808000e-3,1.65040,2048
3.810000e-3,1.66168,2062
3.812000e-3,1.65685,2056
3.814000e-3,1.64637,2043
3.816000e-3,1.65443,2053
3.818000e-3,1.65846,2058
3.820000e-3,1.64476,2041
3.822000e-3,1.65443,2053
3.824000e-3,1.65927,2059
3.826000e-3,1.64315,2039
3.828000e-3,1.65443,2053
3.830000e-3,1.65121,2049
3.832000e-3,1.64799,2045
3.834000e-3,1.65201,2050
3.836000e-3,1.65766,2057
3.838000e-3,1.65040,2048
3.840000e-3,1.65363,2052
3.842000e-3,1.66249,2063
3.844000e-3,1.64960,2047
3.846000e-3,1.65201,2050
3.848000e-3,1.66330,2064
3.850000e-3,1.65201,2050
3.852000e-3,1.65201,2050
3.854000e-3,1.66733,2069
3.856000e-3,1.65121,2049
3.858000e-3,1.65201,2050
3.860000e-3,1.65846,2058
3.862000e-3,1.65282,2051
3.864000e-3,1.65201,2050
3.866000e-3,1.66491,2066
3.868000e-3,1.65604,2055
3.870000e-3,1.65040,2048
3.872000e-3,1.66733,2069
3.874000e-3,1.65846,2058
3.876000e-3,1.65040,2048
3.878000e-3,1.66330,2064
3.880000e-3,1.65443,2053
3.882000e-3,1.65363,2052
3.884000e-3,1.66007,2060
3.886000e-3,1.66007,2060
3.888000e-3,1.64396,2040
3.890000e-3,1.65846,2058
3.892000e-3,1.66168,2062
3.894000e-3,1.64396,2040
3.896000e-3,1.66007,2060
3.898000e-3,1.66007,2060
3.900000e-3,1.64557,2042
3.902000e-3,1.65685,2056
3.904000e-3,1.65846,2058
3.906000e-3,1.65121,2049
3.908000e-3,1.65443,2053
3.910000e-3,1.65846,2058
3.912000e-3,1.65040,2048
3.914000e-3,1.65121,2049
3.916000e-3,1.66249,2063
3.918000e-3,1.65363,2052
3.920000e-3,1.65040,2048
3.922000e-3,1.66733,2069
3.924000e-3,1.65121,2049
3.926000e-3,1.65121,2049
3.928000e-3,1.66974,2072
3.930000e-3,1.65121,2049
3.932000e-3,1.65524,2054
3.934000e-3,1.66249,2063
3.936000e-3,1.65685,2056
3.938000e-3,1.65201,2050
3.940000e-3,1.66330,2064
3.942000e-3,1.65524,2054
3.944000e-3,1.64637,2043
3.946000e-3,1.66007,2060
3.948000e-3,1.65927,2059
3.950000e-3,1.64476,2041
3.952000e-3,1.65363,2052
3.954000e-3,1.65685,2056
3.956000e-3,1.64476,2041
3.958000e-3,1.65524,2054
3.960000e-3,1.65685,2056
3.962000e-3,1.64879,2046
3.964000e-3,1.65524,2054
3.966000e-3,1.65927,2059
3.968000e-3,1.64234,2038
3.970000e-3,1.65201,2050
3.972000e-3,1.66007,2060
3.974000e-3,1.65040,2048
3.976000e-3,1.65282,2051
3.978000e-3,1.65927,2059
3.980000e-3,1.65121,2049
3.982000e-3,1.65282,2051
3.984000e-3,1.66571,2067
3.986000e-3,1.65443,2053
3.988000e-3,1.65201,2050
3.990000e-3,1.66491,2066
3.992000e-3,1.66007,2060
3.994000e-3,1.65443,2053
3.996000e-3,1.65766,2057
3.998000e-3,1.65685,2056
4.000000e-3,1.65040,2048
4.002000e-3,1.65685,2056
4.004000e-3,1.66652,2068
4.006000e-3,1.65040,2048
4.008000e-3,1.65766,2057
4.010000e-3,1.66249,2063
4.012000e-3,1.64396,2040
4.014000e-3,1.65685,2056
4.016000e-3,1.66410,2065
4.018000e-3,1.64557,2042
4.020000e-3,1.65846,2058
4.022000e-3,1.66168,2062
4.024000e-3,1.64637,2043
4.026000e-3,1.65524,2054
4.028000e-3,1.66894,2071
4.030000e-3,1.65121,2049
4.032000e-3,1.65685,2056
4.034000e-3,1.66491,2066
4.036000e-3,1.65121,2049
4.038000e-3,1.65040,2048
4.040000e-3,1.66894,2071
4.042000e-3,1.65040,2048
4.044000e-3,1.64960,2047
4.046000e-3,1.67619,2080
4.048000e-3,1.65524,2054
4.050000e-3,1.65121,2049
4.052000e-3,1.66410,2065
4.054000e-3,1.65443,2053
4.056000e-3,1.65201,2050
4.058000e-3,1.66007,2060
4.060000e-3,1.65685,2056
4.062000e-3,1.65363,2052
4.064000e-3,1.66249,2063
4.066000e-3,1.66007,2060
4.068000e-3,1.64799,2045
4.070000e-3,1.65846,2058
4.072000e-3,1.65766,2057
4.074000e-3,1.64315,2039
4.076000e-3,1.65524,2054
4.078000e-3,1.65846,2058
4.080000e-3,1.65121,2049
4.082000e-3,1.65685,2056
4.084000e-3,1.66249,2063
4.086000e-3,1.64718,2044
4.088000e-3,1.64960,2047
4.090000e-3,1.66974,2072
4.092000e-3,1.65363,2052
4.094000e-3,1.65201,2050
4.096000e-3,1.66330,2064
4.098000e-3,1.66007,2060
4.100000e-3,1.65282,2051
4.102000e-3,1.66088,2061
4.104000e-3,1.65685,2056
4.106000e-3,1.64557,2042
4.108000e-3,1.65846,2058
4.110000e-3,1.65766,2057
4.112000e-3,1.64396,2040
4.114000e-3,1.65363,2052
4.116000e-3,1.65685,2056
4.118000e-3,1.64637,2043
4.120000e-3,1.64637,2043
4.122000e-3,1.65927,2059
4.124000e-3,1.64557,2042
4.126000e-3,1.65443,2053
4.128000e-3,1.65121,2049
4.130000e-3,1.64799,2045
4.132000e-3,1.65040,2048
4.134000e-3,1.66168,2062
4.136000e-3,1.66168,2062
4.138000e-3,1.65040,2048
4.140000e-3,1.66894,2071
4.142000e-3,1.65201,2050
4.144000e-3,1.65201,2050
4.146000e-3,1.66491,2066
4.148000e-3,1.65604,2055
4.150000e-3,1.65524,2054
4.152000e-3,1.66974,2072
4.154000e-3,1.65766,2057
4.156000e-3,1.65282,2051
4.158000e-3,1.65846,2058
4.160000e-3,1.65766,2057
4.162000e-3,1.64557,2042
4.164000e-3,1.66330,2064
4.166000e-3,1.65927,2059
4.168000e-3,1.64073,2036
4.170000e-3,1.66330,2064
4.172000e-3,1.66168,2062
4.174000e-3,1.64315,2039
4.176000e-3,1.65685,2056
4.178000e-3,1.65604,2055
4.180000e-3,1.64476,2041
4.182000e-3,1.64799,2045
4.184000e-3,1.66007,2060
4.186000e-3,1.64396,2040
4.188000e-3,1.65524,2054
4.190000e-3,1.66491,2066
4.192000e-3,1.64718,2044
4.194000e-3,1.65443,2053
4.196000e-3,1.65927,2059
4.198000e-3,1.65201,2050
4.200000e-3,1.65040,2048
4.202000e-3,1.66652,2068
4.204000e-3,1.65363,2052
4.206000e-3,1.64799,2045
4.208000e-3,1.66249,2063
4.210000e-3,1.65685,2056
4.212000e-3,1.65121,2049
4.214000e-3,1.66088,2061
4.216000e-3,1.65685,2056
4.218000e-3,1.64637,2043
4.220000e-3,1.65685,2056
4.222000e-3,1.65685,2056
4.224000e-3,1.64315,2039
4.226000e-3,1.65685,2056
4.228000e-3,1.65524,2054
4.230000e-3,1.64637,2043
4.232000e-3,1.65201,2050
4.234000e-3,1.65766,2057
4.236000e-3,1.64315,2039
4.238000e-3,1.65363,2052
4.240000e-3,1.66007,2060
4.242000e-3,1.65363,2052
4.244000e-3,1.66088,2061
4.246000e-3,1.66652,2068
4.248000e-3,1.65846,2058
4.250000e-3,1.65201,2050
4.252000e-3,1.66168,2062
4.254000e-3,1.65443,2053
4.256000e-3,1.65201,2050
4.258000e-3,1.65846,2058
4.260000e-3,1.66088,2061
4.262000e-3,1.64637,2043
4.264000e-3,1.65685,2056
4.266000e-3,1.65121,2049
4.268000e-3,1.64315,2039
4.270000e-3,1.65524,2054
4.272000e-3,1.65766,2057
4.274000e-3,1.64799,2045
4.276000e-3,1.65040,2048
4.278000e-3,1.65766,2057
4.280000e-3,1.65201,2050
4.282000e-3,1.65040,2048
4.284000e-3,1.66652,2068
4.286000e-3,1.65040,2048
4.288000e-3,1.65040,2048
4.290000e-3,1.66571,2067
4.292000e-3,1.65443,2053
4.294000e-3,1.65040,2048
4.296000e-3,1.66571,2067
4.298000e-3,1.65846,2058
4.300000e-3,1.65282,2051
4.302000e-3,1.66491,2066
4.304000e-3,1.65604,2055
4.306000e-3,1.65201,2050
4.308000e-3,1.66007,2060
4.310000e-3,1.65766,2057
4.312000e-3,1.65201,2050
4.314000e-3,1.66088,2061
4.316000e-3,1.65846,2058
4.318000e-3,1.64476,2041
4.320000e-3,1.66007,2060
4.322000e-3,1.65766,2057
4.324000e-3,1.64637,2043
4.326000e-3,1.65201,2050
4.328000e-3,1.65846,2058
4.330000e-3,1.64557,2042
4.332000e-3,1.65524,2054
4.334000e-3,1.66088,2061
4.336000e-3,1.65040,2048
4.338000e-3,1.64960,2047
4.340000e-3,1.66491,2066
4.342000e-3,1.65363,2052
4.344000e-3,1.65040,2048
4.346000e-3,1.66733,2069
4.348000e-3,1.65201,2050
4.350000e-3,1.65282,2051
4.352000e-3,1.66733,2069
4.354000e-3,1.65766,2057
4.356000e-3,1.65363,2052
4.358000e-3,1.66249,2063
4.360000e-3,1.65685,2056
4.362000e-3,1.65040,2048
4.364000e-3,1.66168,2062
4.366000e-3,1.65846,2058
4.368000e-3,1.64960,2047
4.370000e-3,1.65846,2058
4.372000e-3,1.66007,2060
4.374000e-3,1.64718,2044
4.376000e-3,1.65443,2053
4.378000e-3,1.66007,2060
4.380000e-3,1.64315,2039
4.382000e-3,1.65443,2053
4.384000e-3,1.65524,2054
4.386000e-3,1.64234,2038
4.388000e-3,1.65685,2056
4.390000e-3,1.65685,2056
4.392000e-3,1.65201,2050
4.394000e-3,1.65040,2048
4.396000e-3,1.66652,2068
4.398000e-3,1.65121,2049
4.400000e-3,1.65121,2049
4.402000e-3,1.66491,2066
4.404000e-3,1.65524,2054
4.406000e-3,1.66330,2064
4.408000e-3,1.66330,2064
4.410000e-3,1.65766,2057
4.412000e-3,1.65201,2050
4.414000e-3,1.66088,2061
4.416000e-3,1.65685,2056
4.418000e-3,1.64799,2045
4.420000e-3,1.65685,2056
4.422000e-3,1.66088,2061
4.424000e-3,1.64315,2039
4.426000e-3,1.65685,2056
4.428000e-3,1.65282,2051
4.430000e-3,1.64234,2038
4.432000e-3,1.65685,2056
4.434000e-3,1.65685,2056
4.436000e-3,1.64476,2041
4.438000e-3,1.65040,2048
4.440000e-3,1.66813,2070
4.442000e-3,1.64799,2045
4.444000e-3,1.65121,2049
4.446000e-3,1.65846,2058
4.448000e-3,1.64879,2046
4.450000e-3,1.65282,2051
4.452000e-3,1.65927,2059
4.454000e-3,1.65121,2049
4.456000e-3,1.65040,2048
4.458000e-3,1.66571,2067
4.460000e-3,1.65443,2053
4.462000e-3,1.65282,2051
4.464000e-3,1.66733,2069
4.466000e-3,1.65121,2049
4.468000e-3,1.65121,2049
4.470000e-3,1.66330,2064
4.472000e-3,1.65685,2056
4.474000e-3,1.65040,2048
4.476000e-3,1.66410,2065
4.478000e-3,1.65604,2055
4.480000e-3,1.65282,2051
4.482000e-3,1.66491,2066
4.484000e-3,1.65685,2056
4.486000e-3,1.65040,2048
4.488000e-3,1.65846,2058
4.490000e-3,1.65846,2058
4.492000e-3,1.63993,2035
4.494000e-3,1.64879,2046
4.496000e-3,1.66088,2061
4.498000e-3,1.64396,2040
4.500000e-3,1.65685,2056
4.502000e-3,1.65604,2055
4.504000e-3,1.65040,2048
4.506000e-3,1.65121,2049
4.508000e-3,1.66168,2062
4.510000e-3,1.65040,2048
4.512000e-3,1.65201,2050
4.514000e-3,1.67377,2077
4.516000e-3,1.65524,2054
4.518000e-3,1.65443,2053
4.520000e-3,1.66330,2064
4.522000e-3,1.65685,2056
4.524000e-3,1.64718,2044
4.526000e-3,1.65846,2058
4.528000e-3,1.65846,2058
4.530000e-3,1.64315,2039
4.532000e-3,1.65443,2053
4.534000e-3,1.65766,2057
4.536000e-3,1.63993,2035
4.538000e-3,1.65121,2049
4.540000e-3,1.66007,2060
4.542000e-3,1.65040,2048
4.544000e-3,1.65443,2053
4.546000e-3,1.66330,2064
4.548000e-3,1.65201,2050
4.550000e-3,1.65363,2052
4.552000e-3,1.66410,2065
4.554000e-3,1.65524,2054
4.556000e-3,1.64879,2046
4.558000e-3,1.66652,2068
4.560000e-3,1.65524,2054
4.562000e-3,1.65363,2052
4.564000e-3,1.66330,2064
4.566000e-3,1.65685,2056
4.568000e-3,1.64960,2047
4.570000e-3,1.66249,2063
4.572000e-3,1.66007,2060
4.574000e-3,1.64960,2047
4.576000e-3,1.66007,2060
4.578000e-3,1.65604,2055
4.580000e-3,1.64476,2041
4.582000e-3,1.65524,2054
4.584000e-3,1.66007,2060
4.586000e-3,1.64315,2039
4.588000e-3,1.65524,2054
4.590000e-3,1.65201,2050
4.592000e-3,1.64476,2041
4.594000e-3,1.65443,2053
4.596000e-3,1.65766,2057
4.598000e-3,1.64718,2044
4.600000e-3,1.65040,2048
4.602000e-3,1.66249,2063
4.604000e-3,1.65040,2048
4.606000e-3,1.65040,2048
4.608000e-3,1.66813,2070
4.610000e-3,1.65201,2050
4.612000e-3,1.65121,2049
4.614000e-3,1.66652,2068
4.616000e-3,1.65443,2053
4.618000e-3,1.65040,2048
4.620000e-3,1.66571,2067
4.622000e-3,1.66007,2060
4.624000e-3,1.65363,2052
4.626000e-3,1.66330,2064
4.628000e-3,1.65846,2058
4.630000e-3,1.64960,2047
4.632000e-3,1.65685,2056
4.634000e-3,1.66007,2060
4.636000e-3,1.64234,2038
4.638000e-3,1.65846,2058
4.640000e-3,1.65524,2054
4.642000e-3,1.64557,2042
4.644000e-3,1.65201,2050
4.646000e-3,1.65927,2059
4.648000e-3,1.65201,2050
4.650000e-3,1.65040,2048
4.652000e-3,1.66571,2067
4.654000e-3,1.65121,2049
4.656000e-3,1.65040,2048
4.658000e-3,1.66733,2069
4.660000e-3,1.65282,2051
4.662000e-3,1.65927,2059
4.664000e-3,1.65604,2055
4.666000e-3,1.65766,2057
4.668000e-3,1.65121,2049
4.670000e-3,1.66088,2061
4.672000e-3,1.65685,2056
4.674000e-3,1.64315,2039
4.676000e-3,1.66007,2060
4.678000e-3,1.65846,2058
4.680000e-3,1.64960,2047
4.682000e-3,1.66168,2062
4.684000e-3,1.65766,2057
4.686000e-3,1.64557,2042
4.688000e-3,1.65363,2052
4.690000e-3,1.65846,2058
4.692000e-3,1.66088,2061
4.694000e-3,1.65282,2051
4.696000e-3,1.66330,2064
4.698000e-3,1.65040,2048
4.700000e-3,1.64315,2039
4.702000e-3,1.66652,2068
4.704000e-3,1.65121,2049
4.706000e-3,1.65121,2049
4.708000e-3,1.66088,2061
4.710000e-3,1.65685,2056
4.712000e-3,1.65282,2051
4.714000e-3,1.65927,2059
4.716000e-3,1.65846,2058
4.718000e-3,1.64637,2043
4.720000e-3,1.66007,2060
4.722000e-3,1.65766,2057
4.724000e-3,1.64476,2041
4.726000e-3,1.65201,2050
4.728000e-3,1.65766,2057
4.730000e-3,1.65685,2056
4.732000e-3,1.65363,2052
4.734000e-3,1.66007,2060
4.736000e-3,1.64879,2046
4.738000e-3,1.65201,2050
4.740000e-3,1.66330,2064
4.742000e-3,1.65363,2052
4.744000e-3,1.65040,2048
4.746000e-3,1.66733,2069
4.748000e-3,1.65443,2053
4.750000e-3,1.65201,2050
4.752000e-3,1.65443,2053
4.754000e-3,1.65604,2055
4.756000e-3,1.65201,2050
4.758000e-3,1.65766,2057
4.760000e-3,1.65927,2059
4.762000e-3,1.64073,2036
4.764000e-3,1.65443,2053
4.766000e-3,1.66007,2060
4.768000e-3,1.64396,2040
4.770000e-3,1.65685,2056
4.772000e-3,1.65604,2055
4.774000e-3,1.64799,2045
4.776000e-3,1.65201,2050
4.778000e-3,1.65927,2059
4.780000e-3,1.64718,2044
4.782000e-3,1.65282,2051
4.784000e-3,1.66652,2068
4.786000e-3,1.65443,2053
4.788000e-3,1.65363,2052
4.790000e-3,1.66491,2066
4.792000e-3,1.65685,2056
4.794000e-3,1.65040,2048
4.796000e-3,1.66088,2061
4.798000e-3,1.65685,2056
4.800000e-3,1.64637,2043
4.802000e-3,1.66168,2062
4.804000e-3,1.66007,2060
4.806000e-3,1.64315,2039
4.808000e-3,1.65282,2051
4.810000e-3,1.65846,2058
4.812000e-3,1.64557,2042
4.814000e-3,1.65443,2053
4.816000e-3,1.65766,2057
4.818000e-3,1.65201,2050
4.820000e-3,1.65121,2049
4.822000e-3,1.66491,2066
4.824000e-3,1.65524,2054
4.826000e-3,1.65040,2048
4.828000e-3,1.66652,2068
4.830000e-3,1.65443,2053
4.832000e-3,1.65363,2052
4.834000e-3,1.66007,2060
4.836000e-3,1.65604,2055
4.838000e-3,1.65121,2049
4.840000e-3,1.65766,2057
4.842000e-3,1.66088,2061
4.844000e-3,1.64557,2042
4.846000e-3,1.65766,2057
4.848000e-3,1.65685,2056
4.850000e-3,1.64476,2041
4.852000e-3,1.65363,2052
4.854000e-3,1.66088,2061
4.856000e-3,1.64476,2041
4.858000e-3,1.65363,2052
4.860000e-3,1.65201,2050
4.862000e-3,1.64637,2043
4.864000e-3,1.65282,2051
4.866000e-3,1.65040,2048
4.868000e-3,1.65040,2048
4.870000e-3,1.65040,2048
4.872000e-3,1.67216,2075
4.874000e-3,1.65524,2054
4.876000e-3,1.65040,2048
4.878000e-3,1.66813,2070
4.880000e-3,1.65282,2051
4.882000e-3,1.65282,2051
4.884000e-3,1.66330,2064
4.886000e-3,1.65846,2058
4.888000e-3,1.65121,2049
4.890000e-3,1.66088,2061
4.892000e-3,1.66491,2066
4.894000e-3,1.64960,2047
4.896000e-3,1.65846,2058
4.898000e-3,1.65766,2057
4.900000e-3,1.64154,2037
4.902000e-3,1.65363,2052
4.904000e-3,1.66007,2060
4.906000e-3,1.64396,2040
4.908000e-3,1.65685,2056
4.910000e-3,1.65766,2057
4.912000e-3,1.64637,2043
4.914000e-3,1.64557,2042
4.916000e-3,1.65927,2059
4.918000e-3,1.64637,2043
4.920000e-3,1.65040,2048
4.922000e-3,1.65927,2059
4.924000e-3,1.64799,2045
4.926000e-3,1.65846,2058
4.928000e-3,1.66974,2072
4.930000e-3,1.65282,2051
4.932000e-3,1.65524,2054
4.934000e-3,1.66249,2063
4.936000e-3,1.65604,2055
4.938000e-3,1.65040,2048
4.940000e-3,1.66571,2067
4.942000e-3,1.65685,2056
4.944000e-3,1.65282,2051
4.946000e-3,1.66330,2064
4.948000e-3,1.65766,2057
4.950000e-3,1.64718,2044
4.952000e-3,1.65846,2058
4.954000e-3,1.65766,2057
4.956000e-3,1.64154,2037
4.958000e-3,1.65685,2056
4.960000e-3,1.65846,2058
4.962000e-3,1.64718,2044
4.964000e-3,1.66088,2061
4.966000e-3,1.65766,2057
4.968000e-3,1.64557,2042
4.970000e-3,1.65121,2049
4.972000e-3,1.65846,2058
4.974000e-3,1.65040,2048
4.976000e-3,1.65201,2050
4.978000e-3,1.66410,2065
4.980000e-3,1.65282,2051
4.982000e-3,1.65121,2049
4.984000e-3,1.66491,2066
4.986000e-3,1.66330,2064
4.988000e-3,1.65443,2053
4.990000e-3,1.66974,2072
4.992000e-3,1.65766,2057
4.994000e-3,1.65363,2052
4.996000e-3,1.65846,2058
4.998000e-3,1.65363,2052
5.000000e-3,1.64476,2041
5.002000e-3,1.65685,2056
5.004000e-3,1.66007,2060
5.006000e-3,1.64154,2037
5.008000e-3,1.65685,2056
5.010000e-3,1.66168,2062
5.012000e-3,1.64557,2042
5.014000e-3,1.65363,2052
5.016000e-3,1.66168,2062
5.018000e-3,1.64718,2044
5.020000e-3,1.65201,2050
5.022000e-3,1.66330,2064
5.024000e-3,1.65040,2048
5.026000e-3,1.65443,2053
5.028000e-3,1.66491,2066
5.030000e-3,1.65201,2050
5.032000e-3,1.65604,2055
5.034000e-3,1.66894,2071
5.036000e-3,1.65363,2052
5.038000e-3,1.65040,2048
5.040000e-3,1.66652,2068
5.042000e-3,1.65201,2050
5.044000e-3,1.65121,2049
5.046000e-3,1.67216,2075
5.048000e-3,1.65685,2056
5.050000e-3,1.65282,2051
5.052000e-3,1.66410,2065
5.054000e-3,1.65363,2052
5.056000e-3,1.65121,2049
5.058000e-3,1.65927,2059
5.060000e-3,1.65685,2056
5.062000e-3,1.64799,2045
5.064000e-3,1.66088,2061
5.066000e-3,1.66088,2061
5.068000e-3,1.64396,2040
5.070000e-3,1.65524,2054
5.072000e-3,1.65443,2053
5.074000e-3,1.64396,2040
5.076000e-3,1.65363,2052
5.078000e-3,1.65766,2057
5.080000e-3,1.64718,2044
5.082000e-3,1.65685,2056
5.084000e-3,1.66330,2064
5.086000e-3,1.65121,2049
5.088000e-3,1.65201,2050
5.090000e-3,1.66894,2071
5.092000e-3,1.65201,2050
5.094000e-3,1.65282,2051
5.096000e-3,1.66491,2066
5.098000e-3,1.65685,2056
5.100000e-3,1.64879,2046
5.102000e-3,1.66330,2064
5.104000e-3,1.65524,2054
5.106000e-3,1.65121,2049
5.108000e-3,1.66168,2062
5.110000e-3,1.65604,2055
5.112000e-3,1.64879,2046
5.114000e-3,1.65443,2053
5.116000e-3,1.65766,2057
5.118000e-3,1.64476,2041
5.120000e-3,1.65524,2054
5.122000e-3,1.65685,2056
5.124000e-3,1.64154,2037
5.126000e-3,1.65685,2056
5.128000e-3,1.65766,2057
5.130000e-3,1.64476,2041
5.132000e-3,1.65363,2052
5.134000e-3,1.65604,2055
5.136000e-3,1.65201,2050
5.138000e-3,1.64799,2045
5.140000e-3,1.66571,2067
5.142000e-3,1.65282,2051
5.144000e-3,1.65282,2051
5.146000e-3,1.66652,2068
5.148000e-3,1.65363,2052
5.150000e-3,1.65040,2048
5.152000e-3,1.66571,2067
5.154000e-3,1.65604,2055
5.156000e-3,1.65201,2050
5.158000e-3,1.65685,2056
5.160000e-3,1.66088,2061
5.162000e-3,1.64396,2040
5.164000e-3,1.65363,2052
5.166000e-3,1.65766,2057
5.168000e-3,1.65282,2051
5.170000e-3,1.65282,2051
5.172000e-3,1.66330,2064
5.174000e-3,1.64396,2040
5.176000e-3,1.65201,2050
5.178000e-3,1.66491,2066
5.180000e-3,1.65201,2050
5.182000e-3,1.65282,2051
5.184000e-3,1.66813,2070
5.186000e-3,1.65363,2052
5.188000e-3,1.65363,2052
5.190000e-3,1.67458,2078
5.192000e-3,1.65604,2055
5.194000e-3,1.65443,2053
5.196000e-3,1.66330,2064
5.198000e-3,1.65604,2055
5.200000e-3,1.65040,2048
5.202000e-3,1.66168,2062
5.204000e-3,1.65846,2058
5.206000e-3,1.64960,2047
5.208000e-3,1.66088,2061
5.210000e-3,1.66007,2060
5.212000e-3,1.64396,2040
5.214000e-3,1.65443,2053
5.216000e-3,1.65846,2058
5.218000e-3,1.64557,2042
5.220000e-3,1.65363,2052
5.222000e-3,1.65685,2056
5.224000e-3,1.64799,2045
5.226000e-3,1.65363,2052
5.228000e-3,1.66168,2062
5.230000e-3,1.65363,2052
5.232000e-3,1.64960,2047
5.234000e-3,1.66652,2068
5.236000e-3,1.65363,2052
5.238000e-3,1.65121,2049
5.240000e-3,1.65685,2056
5.242000e-3,1.66733,2069
5.244000e-3,1.65524,2054
5.246000e-3,1.67055,2073
5.248000e-3,1.65927,2059
5.250000e-3,1.64879,2046
5.252000e-3,1.65524,2054
5.254000e-3,1.65846,2058
5.256000e-3,1.64234,2038
5.258000e-3,1.65685,2056
5.260000e-3,1.66088,2061
5.262000e-3,1.63832,2033
5.264000e-3,1.65443,2053
5.266000e-3,1.65685,2056
5.268000e-3,1.64637,2043
5.270000e-3,1.65363,2052
5.272000e-3,1.66007,2060
5.274000e-3,1.65201,2050
5.276000e-3,1.65040,2048
5.278000e-3,1.66571,2067
5.280000e-3,1.65443,2053
5.282000e-3,1.65040,2048
5.284000e-3,1.66330,2064
5.286000e-3,1.65846,2058
5.288000e-3,1.65201,2050
5.290000e-3,1.66410,2065
5.292000e-3,1.65604,2055
5.294000e-3,1.65040,2048
5.296000e-3,1.66330,2064
5.298000e-3,1.66007,2060
5.300000e-3,1.65363,2052
5.302000e-3,1.66168,2062
5.304000e-3,1.65846,2058
5.306000e-3,1.64879,2046
5.308000e-3,1.65685,2056
5.310000e-3,1.65846,2058
5.312000e-3,1.64396,2040
5.314000e-3,1.66007,2060
5.316000e-3,1.65846,2058
5.318000e-3,1.64234,2038
5.320000e-3,1.64879,2046
5.322000e-3,1.65846,2058
5.324000e-3,1.64557,2042
5.326000e-3,1.65201,2050
5.328000e-3,1.65927,2059
5.330000e-3,1.64396,2040
5.332000e-3,1.66007,2060
5.334000e-3,1.66330,2064
5.336000e-3,1.64799,2045
5.338000e-3,1.65524,2054
5.340000e-3,1.66491,2066
5.342000e-3,1.65443,2053
5.344000e-3,1.65201,2050
5.346000e-3,1.66571,2067
5.348000e-3,1.65524,2054
5.350000e-3,1.65282,2051
5.352000e-3,1.66652,2068
5.354000e-3,1.65766,2057
5.356000e-3,1.65282,2051
5.358000e-3,1.65766,2057
5.360000e-3,1.65846,2058
5.362000e-3,1.64396,2040
5.364000e-3,1.65927,2059
5.366000e-3,1.65685,2056
5.368000e-3,1.64799,2045
5.370000e-3,1.65766,2057
5.372000e-3,1.65927,2059
5.374000e-3,1.64960,2047
5.376000e-3,1.65282,2051
5.378000e-3,1.65846,2058
5.380000e-3,1.64396,2040
5.382000e-3,1.65363,2052
5.384000e-3,1.65604,2055
5.386000e-3,1.65685,2056
5.388000e-3,1.65363,2052
5.390000e-3,1.66491,2066
5.392000e-3,1.65524,2054
5.394000e-3,1.65121,2049
5.396000e-3,1.66733,2069
5.398000e-3,1.65121,2049
5.400000e-3,1.65363,2052
5.402000e-3,1.66007,2060
5.404000e-3,1.65766,2057
5.406000e-3,1.65766,2057
5.408000e-3,1.66410,2065
5.410000e-3,1.66007,2060
5.412000e-3,1.64960,2047
5.414000e-3,1.65927,2059
5.416000e-3,1.65685,2056
5.418000e-3,1.64557,2042
5.420000e-3,1.65685,2056
5.422000e-3,1.66088,2061
5.424000e-3,1.64315,2039
5.426000e-3,1.65443,2053
5.428000e-3,1.65524,2054
5.430000e-3,1.64476,2041
5.432000e-3,1.65363,2052
5.434000e-3,1.65685,2056
5.436000e-3,1.64799,2045
5.438000e-3,1.65040,2048
5.440000e-3,1.66733,2069
5.442000e-3,1.65201,2050
5.444000e-3,1.65040,2048
5.446000e-3,1.66813,2070
5.448000e-3,1.65201,2050
5.450000e-3,1.65201,2050
5.452000e-3,1.66652,2068
5.454000e-3,1.65443,2053
5.456000e-3,1.65040,2048
5.458000e-3,1.66571,2067
5.460000e-3,1.65363,2052
5.462000e-3,1.65201,2050
5.464000e-3,1.66652,2068
5.466000e-3,1.65604,2055
5.468000e-3,1.65524,2054
5.470000e-3,1.66007,2060
5.472000e-3,1.65846,2058
5.474000e-3,1.64879,2046
5.476000e-3,1.66007,2060
5.478000e-3,1.65604,2055
5.480000e-3,1.64476,2041
5.482000e-3,1.65201,2050
5.484000e-3,1.65766,2057
5.486000e-3,1.64557,2042
5.488000e-3,1.65363,2052
5.490000e-3,1.65927,2059
5.492000e-3,1.64476,2041
5.494000e-3,1.66088,2061
5.496000e-3,1.65927,2059
5.498000e-3,1.64637,2043
5.500000e-3,1.65524,2054
5.502000e-3,1.65604,2055
5.504000e-3,1.65040,2048
5.506000e-3,1.65121,2049
5.508000e-3,1.66330,2064
5.510000e-3,1.65040,2048
5.512000e-3,1.65282,2051
5.514000e-3,1.66168,2062
5.516000e-3,1.65443,2053
5.518000e-3,1.65282,2051
5.520000e-3,1.66652,2068
5.522000e-3,1.65282,2051
5.524000e-3,1.65040,2048
5.526000e-3,1.66733,2069
5.528000e-3,1.65685,2056
5.530000e-3,1.65443,2053
5.532000e-3,1.66168,2062
5.534000e-3,1.65766,2057
5.536000e-3,1.64154,2037
5.538000e-3,1.65604,2055
5.540000e-3,1.65927,2059
5.542000e-3,1.64073,2036
5.544000e-3,1.65685,2056
5.546000e-3,1.65604,2055
5.548000e-3,1.65201,2050
5.550000e-3,1.65685,2056
5.552000e-3,1.65685,2056
5.554000e-3,1.64879,2046
5.556000e-3,1.65040,2048
5.558000e-3,1.65766,2057
5.560000e-3,1.64718,2044
5.562000e-3,1.65201,2050
5.564000e-3,1.66330,2064
5.566000e-3,1.65201,2050
5.568000e-3,1.65443,2053
5.570000e-3,1.66652,2068
5.572000e-3,1.65604,2055
5.574000e-3,1.65201,2050
5.576000e-3,1.66571,2067
5.578000e-3,1.65363,2052
5.580000e-3,1.65363,2052
5.582000e-3,1.66491,2066
5.584000e-3,1.65766,2057
5.586000e-3,1.65201,2050
5.588000e-3,1.66249,2063
5.590000e-3,1.66249,2063
5.592000e-3,1.65121,2049
5.594000e-3,1.66168,2062
5.596000e-3,1.65282,2051
5.598000e-3,1.64799,2045
5.600000e-3,1.65685,2056
5.602000e-3,1.66652,2068
5.604000e-3,1.64557,2042
5.606000e-3,1.65443,2053
5.608000e-3,1.66088,2061
5.610000e-3,1.64154,2037
5.612000e-3,1.65685,2056
5.614000e-3,1.65766,2057
5.616000e-3,1.64799,2045
5.618000e-3,1.65040,2048
5.620000e-3,1.65846,2058
5.622000e-3,1.65685,2056
5.624000e-3,1.65201,2050
5.626000e-3,1.66894,2071
5.628000e-3,1.65040,2048
5.630000e-3,1.65201,2050
5.632000e-3,1.66330,2064
5.634000e-3,1.65121,2049
5.636000e-3,1.65201,2050
5.638000e-3,1.66894,2071
5.640000e-3,1.65282,2051
5.642000e-3,1.65363,2052
5.644000e-3,1.65282,2051
5.646000e-3,1.65524,2054
5.648000e-3,1.65201,2050
5.650000e-3,1.65766,2057
5.652000e-3,1.65846,2058
5.654000e-3,1.64718,2044
5.656000e-3,1.66813,2070
5.658000e-3,1.66007,2060
5.660000e-3,1.64637,2043
5.662000e-3,1.65846,2058
5.664000e-3,1.65846,2058
5.666000e-3,1.64476,2041
5.668000e-3,1.66007,2060
5.670000e-3,1.66007,2060
5.672000e-3,1.64476,2041
5.674000e-3,1.65282,2051
5.676000e-3,1.66974,2072
5.678000e-3,1.65201,2050
5.680000e-3,1.65443,2053
5.682000e-3,1.66330,2064
5.684000e-3,1.65201,2050
5.686000e-3,1.65040,2048
5.688000e-3,1.66894,2071
5.690000e-3,1.65201,2050
5.692000e-3,1.65443,2053
5.694000e-3,1.66571,2067
5.696000e-3,1.65604,2055
5.698000e-3,1.65201,2050
5.700000e-3,1.66168,2062
5.702000e-3,1.65685,2056
5.704000e-3,1.65040,2048
5.706000e-3,1.65927,2059
5.708000e-3,1.65443,2053
5.710000e-3,1.63993,2035
5.712000e-3,1.66007,2060
5.714000e-3,1.65766,2057
5.716000e-3,1.64396,2040
5.718000e-3,1.65363,2052
5.720000e-3,1.65846,2058
5.722000e-3,1.64476,2041
5.724000e-3,1.65443,2053
5.726000e-3,1.65685,2056
5.728000e-3,1.64960,2047
5.730000e-3,1.66491,2066
5.732000e-3,1.66330,2064
5.734000e-3,1.65443,2053
5.736000e-3,1.64960,2047
5.738000e-3,1.66652,2068
5.740000e-3,1.65282,2051
5.742000e-3,1.65201,2050
5.744000e-3,1.66491,2066
5.746000e-3,1.65766,2057
5.748000e-3,1.65121,2049
5.750000e-3,1.66168,2062
5.752000e-3,1.65363,2052
5.754000e-3,1.65121,2049
5.756000e-3,1.66330,2064
5.758000e-3,1.65524,2054
5.760000e-3,1.65282,2051
5.762000e-3,1.66007,2060
5.764000e-3,1.66330,2064
5.766000e-3,1.65363,2052
5.768000e-3,1.65927,2059
5.770000e-3,1.65846,2058
5.772000e-3,1.64799,2045
5.774000e-3,1.65766,2057
5.776000e-3,1.65846,2058
5.778000e-3,1.64476,2041
5.780000e-3,1.65524,2054
5.782000e-3,1.65846,2058
5.784000e-3,1.65524,2054
5.786000e-3,1.65685,2056
5.788000e-3,1.66088,2061
5.790000e-3,1.64557,2042
5.792000e-3,1.65363,2052
5.794000e-3,1.66410,2065
5.796000e-3,1.64799,2045
5.798000e-3,1.65201,2050
5.800000e-3,1.66007,2060
5.802000e-3,1.64960,2047
5.804000e-3,1.65282,2051
5.806000e-3,1.66168,2062
5.808000e-3,1.65121,2049
5.810000e-3,1.65201,2050
5.812000e-3,1.66491,2066
5.814000e-3,1.65524,2054
5.816000e-3,1.65040,2048
5.818000e-3,1.67055,2073
5.820000e-3,1.65846,2058
5.822000e-3,1.64960,2047
5.824000e-3,1.66330,2064
5.826000e-3,1.65524,2054
5.828000e-3,1.65121,2049
5.830000e-3,1.65766,2057
5.832000e-3,1.65846,2058
5.834000e-3,1.64234,2038
5.836000e-3,1.65927,2059
5.838000e-3,1.65685,2056
5.840000e-3,1.64315,2039
5.842000e-3,1.65604,2055
5.844000e-3,1.65685,2056
5.846000e-3,1.64557,2042
5.848000e-3,1.65201,2050
5.850000e-3,1.65846,2058
5.852000e-3,1.65040,2048
5.854000e-3,1.65524,2054
5.856000e-3,1.66733,2069
5.858000e-3,1.65282,2051
5.860000e-3,1.64476,2041
5.862000e-3,1.66410,2065
5.864000e-3,1.65443,2053
5.866000e-3,1.65040,2048
5.868000e-3,1.66652,2068
5.870000e-3,1.65201,2050
5.872000e-3,1.66007,2060
5.874000e-3,1.66491,2066
5.876000e-3,1.65443,2053
5.878000e-3,1.65363,2052
5.880000e-3,1.65766,2057
5.882000e-3,1.65766,2057
5.884000e-3,1.64396,2040
5.886000e-3,1.65685,2056
5.888000e-3,1.65685,2056
5.890000e-3,1.64637,2043
5.892000e-3,1.66088,2061
5.894000e-3,1.65846,2058
5.896000e-3,1.65363,2052
5.898000e-3,1.65201,2050
5.900000e-3,1.66571,2067
5.902000e-3,1.65121,2049
5.904000e-3,1.65201,2050
5.906000e-3,1.66491,2066
5.908000e-3,1.65766,2057
5.910000e-3,1.65201,2050
5.912000e-3,1.66249,2063
5.914000e-3,1.64960,2047
5.916000e-3,1.65121,2049
5.918000e-3,1.65927,2059
5.920000e-3,1.65604,2055
5.922000e-3,1.64315,2039
5.924000e-3,1.65363,2052
5.926000e-3,1.66652,2068
5.928000e-3,1.64718,2044
5.930000e-3,1.65282,2051
5.932000e-3,1.66007,2060
5.934000e-3,1.64557,2042
5.936000e-3,1.65443,2053
5.938000e-3,1.65766,2057
5.940000e-3,1.65121,2049
5.942000e-3,1.65040,2048
5.944000e-3,1.66249,2063
5.946000e-3,1.66410,2065
5.948000e-3,1.65121,2049
5.950000e-3,1.66733,2069
5.952000e-3,1.65201,2050
5.954000e-3,1.65201,2050
5.956000e-3,1.66410,2065
5.958000e-3,1.65363,2052
5.960000e-3,1.65040,2048
5.962000e-3,1.67055,2073
5.964000e-3,1.65443,2053
5.966000e-3,1.65121,2049
5.968000e-3,1.66330,2064
5.970000e-3,1.65282,2051
5.972000e-3,1.65201,2050
5.974000e-3,1.66491,2066
5.976000e-3,1.65443,2053
5.978000e-3,1.64718,2044
5.980000e-3,1.66652,2068
5.982000e-3,1.65443,2053
5.984000e-3,1.65040,2048
5.986000e-3,1.66410,2065
5.988000e-3,1.65443,2053
5.990000e-3,1.64879,2046
5.992000e-3,1.66168,2062
5.994000e-3,1.65604,2055
5.996000e-3,1.65040,2048
5.998000e-3,1.66088,2061
6.000000e-3,1.65685,2056
6.002000e-3,1.64476,2041
6.004000e-3,1.65846,2058
6.006000e-3,1.65685,2056
6.008000e-3,1.64396,2040
6.010000e-3,1.66088,2061
6.012000e-3,1.65927,2059
6.014000e-3,1.64476,2041
6.016000e-3,1.65927,2059
6.018000e-3,1.65846,2058
6.020000e-3,1.64396,2040
6.022000e-3,1.66007,2060
6.024000e-3,1.65524,2054
6.026000e-3,1.64960,2047
6.028000e-3,1.65604,2055
6.030000e-3,1.65766,2057
6.032000e-3,1.65524,2054
6.034000e-3,1.65443,2053
6.036000e-3,1.66410,2065
6.038000e-3,1.65040,2048
6.040000e-3,1.65363,2052
6.042000e-3,1.66168,2062
6.044000e-3,1.65121,2049
6.046000e-3,1.65766,2057
6.048000e-3,1.66491,2066
6.050000e-3,1.65685,2056
6.052000e-3,1.65121,2049
6.054000e-3,1.66330,2064
6.056000e-3,1.65363,2052
6.058000e-3,1.65121,2049
6.060000e-3,1.66652,2068
6.062000e-3,1.65685,2056
6.064000e-3,1.65201,2050
6.066000e-3,1.66571,2067
6.068000e-3,1.65604,2055
6.070000e-3,1.65201,2050
6.072000e-3,1.66007,2060
6.074000e-3,1.65685,2056
6.076000e-3,1.64396,2040
6.078000e-3,1.65685,2056
6.080000e-3,1.65282,2051
6.082000e-3,1.64718,2044
6.084000e-3,1.65685,2056
6.086000e-3,1.65927,2059
6.088000e-3,1.64476,2041
6.090000e-3,1.65604,2055
6.092000e-3,1.65685,2056
6.094000e-3,1.64718,2044
6.096000e-3,1.65201,2050
6.098000e-3,1.66007,2060
6.100000e-3,1.64960,2047
6.102000e-3,1.65363,2052
6.104000e-3,1.67458,2078
6.106000e-3,1.65282,2051
6.108000e-3,1.65201,2050
6.110000e-3,1.66410,2065
6.112000e-3,1.65363,2052
6.114000e-3,1.65040,2048
6.116000e-3,1.66007,2060
6.118000e-3,1.65604,2055
6.120000e-3,1.64637,2043
6.122000e-3,1.66007,2060
6.124000e-3,1.65604,2055
6.126000e-3,1.64396,2040
6.128000e-3,1.65524,2054
6.130000e-3,1.66007,2060
6.132000e-3,1.64396,2040
6.134000e-3,1.65524,2054
6.136000e-3,1.66733,2069
6.138000e-3,1.64799,2045
6.140000e-3,1.65201,2050
6.142000e-3,1.65766,2057
6.144000e-3,1.64799,2045
6.146000e-3,1.65121,2049
6.148000e-3,1.66168,2062
6.150000e-3,1.65040,2048
6.152000e-3,1.65363,2052
6.154000e-3,1.66491,2066
6.156000e-3,1.65363,2052
6.158000e-3,1.64396,2040
6.160000e-3,1.66491,2066
6.162000e-3,1.65524,2054
6.164000e-3,1.65040,2048
6.166000e-3,1.66571,2067
6.168000e-3,1.65282,2051
6.170000e-3,1.66007,2060
6.172000e-3,1.66491,2066
6.174000e-3,1.65363,2052
6.176000e-3,1.65201,2050
6.178000e-3,1.66168,2062
6.180000e-3,1.65685,2056
6.182000e-3,1.65121,2049
6.184000e-3,1.66410,2065
6.186000e-3,1.65363,2052
6.188000e-3,1.65121,2049
6.190000e-3,1.66974,2072
6.192000e-3,1.65766,2057
6.194000e-3,1.64476,2041
6.196000e-3,1.65685,2056
6.198000e-3,1.65846,2058
6.200000e-3,1.64073,2036
6.202000e-3,1.65443,2053
6.204000e-3,1.65846,2058
6.206000e-3,1.64960,2047
6.208000e-3,1.65201,2050
6.210000e-3,1.66491,2066
6.212000e-3,1.65040,2048
6.214000e-3,1.64960,2047
6.216000e-3,1.66652,2068
6.218000e-3,1.65040,2048
6.220000e-3,1.65121,2049
6.222000e-3,1.66330,2064
6.224000e-3,1.66330,2064
6.226000e-3,1.65363,2052
6.228000e-3,1.66249,2063
6.230000e-3,1.65846,2058
6.232000e-3,1.64799,2045
6.234000e-3,1.66088,2061
6.236000e-3,1.65443,2053
6.238000e-3,1.64637,2043
6.240000e-3,1.65363,2052
6.242000e-3,1.65927,2059
6.244000e-3,1.64396,2040
6.246000e-3,1.65443,2053
6.248000e-3,1.65927,2059
6.250000e-3,1.64557,2042
6.252000e-3,1.65363,2052
6.254000e-3,1.65604,2055
6.256000e-3,1.64799,2045
6.258000e-3,1.65201,2050
6.260000e-3,1.66007,2060
6.262000e-3,1.64718,2044
6.264000e-3,1.65121,2049
6.266000e-3,1.65685,2056
6.268000e-3,1.65121,2049
6.270000e-3,1.65201,2050
6.272000e-3,1.66491,2066
6.274000e-3,1.65040,2048
6.276000e-3,1.65040,2048
6.278000e-3,1.66571,2067
6.280000e-3,1.65766,2057
6.282000e-3,1.65040,2048
6.284000e-3,1.66168,2062
6.286000e-3,1.65524,2054
6.288000e-3,1.65040,2048
6.290000e-3,1.65766,2057
6.292000e-3,1.66007,2060
6.294000e-3,1.64396,2040
6.296000e-3,1.65282,2051
6.298000e-3,1.66330,2064
6.300000e-3,1.65040,2048
6.302000e-3,1.65363,2052
6.304000e-3,1.66491,2066
6.306000e-3,1.65201,2050
6.308000e-3,1.64799,2045
6.310000e-3,1.66491,2066
6.312000e-3,1.65685,2056
6.314000e-3,1.65363,2052
6.316000e-3,1.65766,2057
6.318000e-3,1.65766,2057
6.320000e-3,1.64879,2046
6.322000e-3,1.65685,2056
6.324000e-3,1.65846,2058
6.326000e-3,1.64234,2038
6.328000e-3,1.65524,2054
6.330000e-3,1.65443,2053
6.332000e-3,1.64557,2042
6.334000e-3,1.65524,2054
6.336000e-3,1.65846,2058
6.338000e-3,1.64879,2046
6.340000e-3,1.65604,2055
6.342000e-3,1.66571,2067
6.344000e-3,1.65121,2049
6.346000e-3,1.65121,2049
6.348000e-3,1.66410,2065
6.350000e-3,1.65443,2053
6.352000e-3,1.65524,2054
6.354000e-3,1.66733,2069
6.356000e-3,1.65685,2056
6.358000e-3,1.65201,2050
6.360000e-3,1.66410,2065
6.362000e-3,1.65363,2052
6.364000e-3,1.65282,2051
6.366000e-3,1.66168,2062
6.368000e-3,1.65927,2059
6.370000e-3,1.64960,2047
6.372000e-3,1.66007,2060
6.374000e-3,1.65201,2050
6.376000e-3,1.64557,2042
6.378000e-3,1.65846,2058
6.380000e-3,1.66330,2064
6.382000e-3,1.64396,2040
6.384000e-3,1.65443,2053
6.386000e-3,1.66571,2067
6.388000e-3,1.64718,2044
6.390000e-3,1.65201,2050
6.392000e-3,1.66007,2060
6.394000e-3,1.64315,2039
6.396000e-3,1.65443,2053
6.398000e-3,1.65685,2056
6.400000e-3,1.65121,2049
6.402000e-3,1.65040,2048
6.404000e-3,1.66491,2066
6.406000e-3,1.65040,2048
6.408000e-3,1.65201,2050
6.410000e-3,1.66894,2071
6.412000e-3,1.65363,2052
6.414000e-3,1.65201,2050
6.416000e-3,1.66330,2064
6.418000e-3,1.65524,2054
6.420000e-3,1.65201,2050
6.422000e-3,1.66088,2061
6.424000e-3,1.65766,2057
6.426000e-3,1.65040,2048
6.428000e-3,1.65363,2052
6.430000e-3,1.65685,2056
6.432000e-3,1.64557,2042
6.434000e-3,1.65685,2056
6.436000e-3,1.65927,2059
6.438000e-3,1.64154,2037
6.440000e-3,1.65685,2056
6.442000e-3,1.65846,2058
6.444000e-3,1.64476,2041
6.446000e-3,1.65524,2054
6.448000e-3,1.65685,2056
6.450000e-3,1.65040,2048
6.452000e-3,1.65363,2052
6.454000e-3,1.66088,2061
6.456000e-3,1.65040,2048
6.458000e-3,1.65282,2051
6.460000e-3,1.66410,2065
6.462000e-3,1.65121,2049
6.464000e-3,1.65524,2054
6.466000e-3,1.66652,2068
6.468000e-3,1.65121,2049
6.470000e-3,1.65040,2048
6.472000e-3,1.66652,2068
6.474000e-3,1.65685,2056
6.476000e-3,1.65201,2050
6.478000e-3,1.66168,2062
6.480000e-3,1.65927,2059
6.482000e-3,1.64879,2046
6.484000e-3,1.65443,2053
6.486000e-3,1.65927,2059
6.488000e-3,1.64234,2038
6.490000e-3,1.65282,2051
6.492000e-3,1.65443,2053
6.494000e-3,1.65363,2052
6.496000e-3,1.65524,2054
6.498000e-3,1.65685,2056
6.500000e-3,1.65201,2050
6.502000e-3,1.65201,2050
6.504000e-3,1.66571,2067
6.506000e-3,1.65766,2057
6.508000e-3,1.65282,2051
6.510000e-3,1.66652,2068
6.512000e-3,1.65604,2055
6.514000e-3,1.64879,2046
6.516000e-3,1.66410,2065
6.518000e-3,1.66249,2063
6.520000e-3,1.64879,2046
6.522000e-3,1.65685,2056
6.524000e-3,1.65685,2056
6.526000e-3,1.64476,2041
6.528000e-3,1.65685,2056
6.530000e-3,1.66088,2061
6.532000e-3,1.64315,2039
6.534000e-3,1.65685,2056
6.536000e-3,1.65121,2049
6.538000e-3,1.64396,2040
6.540000e-3,1.65524,2054
6.542000e-3,1.65685,2056
6.544000e-3,1.64799,2045
6.546000e-3,1.65121,2049
6.548000e-3,1.66733,2069
6.550000e-3,1.65201,2050
6.552000e-3,1.65040,2048
6.554000e-3,1.66733,2069
6.556000e-3,1.65040,2048
6.558000e-3,1.65282,2051
6.560000e-3,1.66652,2068
6.562000e-3,1.65443,2053
6.564000e-3,1.65040,2048
6.566000e-3,1.66571,2067
6.568000e-3,1.66007,2060
6.570000e-3,1.65363,2052
6.572000e-3,1.66571,2067
6.574000e-3,1.65604,2055
6.576000e-3,1.65363,2052
6.578000e-3,1.66007,2060
6.580000e-3,1.65766,2057
6.582000e-3,1.65040,2048
6.584000e-3,1.66088,2061
6.586000e-3,1.65604,2055
6.588000e-3,1.64557,2042
6.590000e-3,1.64960,2047
6.592000e-3,1.65927,2059
6.594000e-3,1.64154,2037
6.596000e-3,1.65363,2052
6.598000e-3,1.65927,2059
6.600000e-3,1.64234,2038
6.602000e-3,1.65443,2053
6.604000e-3,1.65766,2057
6.606000e-3,1.64396,2040
6.608000e-3,1.65685,2056
6.610000e-3,1.65604,2055
6.612000e-3,1.65040,2048
6.614000e-3,1.65201,2050
6.616000e-3,1.66491,2066
6.618000e-3,1.65121,2049
6.620000e-3,1.65201,2050
6.622000e-3,1.66894,2071
6.624000e-3,1.65443,2053
6.626000e-3,1.65282,2051
6.628000e-3,1.66330,2064
6.630000e-3,1.65766,2057
6.632000e-3,1.64476,2041
6.634000e-3,1.65846,2058
6.636000e-3,1.65846,2058
6.638000e-3,1.64799,2045
6.640000e-3,1.65443,2053
6.642000e-3,1.65927,2059
6.644000e-3,1.65524,2054
6.646000e-3,1.65121,2049
6.648000e-3,1.66330,2064
6.650000e-3,1.65040,2048
6.652000e-3,1.65121,2049
6.654000e-3,1.66330,2064
6.656000e-3,1.66249,2063
6.658000e-3,1.65363,2052
6.660000e-3,1.66088,2061
6.662000e-3,1.65846,2058
6.664000e-3,1.64960,2047
6.666000e-3,1.66007,2060
6.668000e-3,1.65766,2057
6.670000e-3,1.64476,2041
6.672000e-3,1.65201,2050
6.674000e-3,1.65927,2059
6.676000e-3,1.64799,2045
6.678000e-3,1.65363,2052
6.680000e-3,1.66249,2063
6.682000e-3,1.65121,2049
6.684000e-3,1.64799,2045
6.686000e-3,1.66410,2065
6.688000e-3,1.65524,2054
6.690000e-3,1.65040,2048
6.692000e-3,1.66491,2066
6.694000e-3,1.65846,2058
6.696000e-3,1.65282,2051
6.698000e-3,1.65201,2050
6.700000e-3,1.65685,2056
6.702000e-3,1.65040,2048
6.704000e-3,1.65604,2055
6.706000e-3,1.65927,2059
6.708000e-3,1.64073,2036
6.710000e-3,1.66249,2063
6.712000e-3,1.66007,2060
6.714000e-3,1.64396,2040
6.716000e-3,1.65524,2054
6.718000e-3,1.65524,2054
6.720000e-3,1.65040,2048
6.722000e-3,1.65201,2050
6.724000e-3,1.66410,2065
6.726000e-3,1.65040,2048
6.728000e-3,1.65282,2051
6.730000e-3,1.67055,2073
6.732000e-3,1.64799,2045
6.734000e-3,1.65282,2051
6.736000e-3,1.66491,2066
6.738000e-3,1.65524,2054
6.740000e-3,1.65040,2048
6.742000e-3,1.66330,2064
6.744000e-3,1.65685,2056
6.746000e-3,1.65443,2053
6.748000e-3,1.66168,2062
6.750000e-3,1.65927,2059
6.752000e-3,1.64557,2042
6.754000e-3,1.65685,2056
6.756000e-3,1.65846,2058
6.758000e-3,1.64154,2037
6.760000e-3,1.65766,2057
6.762000e-3,1.65040,2048
6.764000e-3,1.64396,2040
6.766000e-3,1.64879,2046
6.768000e-3,1.65040,2048
6.770000e-3,1.64960,2047
6.772000e-3,1.64960,2047
6.774000e-3,1.66007,2060
6.776000e-3,1.65040,2048
6.778000e-3,1.65363,2052
6.780000e-3,1.66410,2065
6.782000e-3,1.65363,2052
6.784000e-3,1.65282,2051
6.786000e-3,1.66733,2069
6.788000e-3,1.65766,2057
6.790000e-3,1.65201,2050
6.792000e-3,1.66249,2063
6.794000e-3,1.65685,2056
6.796000e-3,1.65201,2050
6.798000e-3,1.65846,2058
6.800000e-3,1.66088,2061
6.802000e-3,1.64637,2043
6.804000e-3,1.65766,2057
6.806000e-3,1.64960,2047
6.808000e-3,1.64234,2038
6.810000e-3,1.65524,2054
6.812000e-3,1.65604,2055
6.814000e-3,1.64718,2044
6.816000e-3,1.65040,2048
6.818000e-3,1.66491,2066
6.820000e-3,1.65201,2050
6.822000e-3,1.64799,2045
6.824000e-3,1.66652,2068
6.826000e-3,1.65201,2050
6.828000e-3,1.65121,2049
6.830000e-3,1.66652,2068
6.832000e-3,1.65604,2055
6.834000e-3,1.65040,2048
6.836000e-3,1.65927,2059
6.838000e-3,1.66168,2062
6.840000e-3,1.64799,2045
6.842000e-3,1.66088,2061
6.844000e-3,1.65846,2058
6.846000e-3,1.64234,2038
6.848000e-3,1.65363,2052
6.850000e-3,1.66007,2060
6.852000e-3,1.64073,2036
6.854000e-3,1.65524,2054
6.856000e-3,1.65846,2058
6.858000e-3,1.64718,2044
6.860000e-3,1.64960,2047
6.862000e-3,1.65766,2057
6.864000e-3,1.65201,2050
6.866000e-3,1.65040,2048
6.868000e-3,1.66168,2062
6.870000e-3,1.65121,2049
6.872000e-3,1.64960,2047
6.874000e-3,1.66974,2072
6.876000e-3,1.65121,2049
6.878000e-3,1.64960,2047
6.880000e-3,1.66168,2062
6.882000e-3,1.65766,2057
6.884000e-3,1.65040,2048
6.886000e-3,1.66168,2062
6.888000e-3,1.65524,2054
6.890000e-3,1.64557,2042
6.892000e-3,1.67297,2076
6.894000e-3,1.65685,2056
6.896000e-3,1.64718,2044
6.898000e-3,1.65363,2052
6.900000e-3,1.65846,2058
6.902000e-3,1.64396,2040
6.904000e-3,1.65443,2053
6.906000e-3,1.65846,2058
6.908000e-3,1.64960,2047
6.910000e-3,1.65282,2051
6.912000e-3,1.66088,2061
6.914000e-3,1.64396,2040
6.916000e-3,1.65121,2049
6.918000e-3,1.66652,2068
6.920000e-3,1.65040,2048
6.922000e-3,1.65282,2051
6.924000e-3,1.66330,2064
6.926000e-3,1.66088,2061
6.928000e-3,1.65443,2053
6.930000e-3,1.65766,2057
6.932000e-3,1.65927,2059
6.934000e-3,1.64234,2038
6.936000e-3,1.65685,2056
6.938000e-3,1.65766,2057
6.940000e-3,1.64718,2044
6.942000e-3,1.65201,2050
6.944000e-3,1.65927,2059
6.946000e-3,1.64557,2042
6.948000e-3,1.65443,2053
6.950000e-3,1.66410,2065
6.952000e-3,1.65282,2051
6.954000e-3,1.65201,2050
6.956000e-3,1.66410,2065
6.958000e-3,1.64960,2047
6.960000e-3,1.65201,2050
6.962000e-3,1.66330,2064
6.964000e-3,1.65846,2058
6.966000e-3,1.64799,2045
6.968000e-3,1.64799,2045
6.970000e-3,1.65766,2057
6.972000e-3,1.64396,2040
6.974000e-3,1.65443,2053
6.976000e-3,1.65766,2057
6.978000e-3,1.64396,2040
6.980000e-3,1.65846,2058
6.982000e-3,1.66168,2062
6.984000e-3,1.65040,2048
6.986000e-3,1.65282,2051
6.988000e-3,1.66894,2071
6.990000e-3,1.65282,2051
6.992000e-3,1.65443,2053
6.994000e-3,1.66491,2066
6.996000e-3,1.65685,2056
6.998000e-3,1.65201,2050
7.000000e-3,1.66330,2064
7.002000e-3,1.65846,2058
7.004000e-3,1.64396,2040
7.006000e-3,1.65363,2052
7.008000e-3,1.65927,2059
7.010000e-3,1.64799,2045
7.012000e-3,1.65443,2053
7.014000e-3,1.65766,2057
7.016000e-3,1.65282,2051
7.018000e-3,1.65201,2050
7.020000e-3,1.66007,2060
7.022000e-3,1.65443,2053
7.024000e-3,1.64879,2046
7.026000e-3,1.66733,2069
7.028000e-3,1.65766,2057
7.030000e-3,1.65363,2052
7.032000e-3,1.66410,2065
7.034000e-3,1.65927,2059
7.036000e-3,1.64879,2046
7.038000e-3,1.65443,2053
7.040000e-3,1.66168,2062
7.042000e-3,1.64154,2037
7.044000e-3,1.65282,2051
7.046000e-3,1.65524,2054
7.048000e-3,1.64879,2046
7.050000e-3,1.65282,2051
7.052000e-3,1.66007,2060
7.054000e-3,1.64879,2046
7.056000e-3,1.65040,2048
7.058000e-3,1.66733,2069
7.060000e-3,1.65363,2052
7.062000e-3,1.65121,2049
7.064000e-3,1.66571,2067
7.066000e-3,1.65604,2055
7.068000e-3,1.65363,2052
7.070000e-3,1.66007,2060
7.072000e-3,1.65201,2050
7.074000e-3,1.64396,2040
7.076000e-3,1.65685,2056
7.078000e-3,1.65846,2058
7.080000e-3,1.64154,2037
7.082000e-3,1.65846,2058
7.084000e-3,1.65927,2059
7.086000e-3,1.64879,2046
7.088000e-3,1.65121,2049
7.090000e-3,1.66652,2068
7.092000e-3,1.64718,2044
7.094000e-3,1.65121,2049
7.096000e-3,1.66652,2068
7.098000e-3,1.65604,2055
7.100000e-3,1.65201,2050
7.102000e-3,1.66652,2068
7.104000e-3,1.65201,2050
7.106000e-3,1.65201,2050
7.108000e-3,1.66168,2062
7.110000e-3,1.65685,2056
7.112000e-3,1.64476,2041
7.114000e-3,1.65443,2053
7.116000e-3,1.66652,2068
7.118000e-3,1.64557,2042
7.120000e-3,1.65201,2050
7.122000e-3,1.66007,2060
7.124000e-3,1.64557,2042
7.126000e-3,1.65363,2052
7.128000e-3,1.66007,2060
7.130000e-3,1.65363,2052
7.132000e-3,1.65040,2048
7.134000e-3,1.66813,2070
7.136000e-3,1.66330,2064
7.138000e-3,1.65363,2052
7.140000e-3,1.66733,2069
7.142000e-3,1.65443,2053
7.144000e-3,1.65201,2050
7.146000e-3,1.65846,2058
7.148000e-3,1.65846,2058
7.150000e-3,1.64396,2040
7.152000e-3,1.65766,2057
7.154000e-3,1.65766,2057
7.156000e-3,1.64718,2044
7.158000e-3,1.64960,2047
7.160000e-3,1.66330,2064
7.162000e-3,1.65363,2052
7.164000e-3,1.65040,2048
7.166000e-3,1.66491,2066
7.168000e-3,1.65363,2052
7.170000e-3,1.66007,2060
7.172000e-3,1.66330,2064
7.174000e-3,1.65685,2056
7.176000e-3,1.64557,2042
7.178000e-3,1.65443,2053
7.180000e-3,1.65927,2059
7.182000e-3,1.64557,2042
7.184000e-3,1.65363,2052
7.186000e-3,1.65685,2056
7.188000e-3,1.64799,2045
7.190000e-3,1.66168,2062
7.192000e-3,1.66330,2064
7.194000e-3,1.65443,2053
7.196000e-3,1.65121,2049
7.198000e-3,1.66491,2066
7.200000e-3,1.65443,2053
7.202000e-3,1.65363,2052
7.204000e-3,1.66088,2061
7.206000e-3,1.65363,2052
7.208000e-3,1.64557,2042
7.210000e-3,1.65846,2058
7.212000e-3,1.65685,2056
7.214000e-3,1.64315,2039
7.216000e-3,1.65524,2054
7.218000e-3,1.65685,2056
7.220000e-3,1.64718,2044
7.222000e-3,1.65040,2048
7.224000e-3,1.66249,2063
7.226000e-3,1.65282,2051
7.228000e-3,1.64879,2046
7.230000e-3,1.66813,2070
7.232000e-3,1.65363,2052
7.234000e-3,1.65363,2052
7.236000e-3,1.66652,2068
7.238000e-3,1.65766,2057
7.240000e-3,1.65040,2048
7.242000e-3,1.65927,2059
7.244000e-3,1.66168,2062
7.246000e-3,1.64476,2041
7.248000e-3,1.65766,2057
7.250000e-3,1.65766,2057
7.252000e-3,1.64476,2041
7.254000e-3,1.65040,2048
7.256000e-3,1.66007,2060
7.258000e-3,1.65040,2048
7.260000e-3,1.65443,2053
7.262000e-3,1.66491,2066
7.264000e-3,1.65282,2051
7.266000e-3,1.64315,2039
7.268000e-3,1.66571,2067
7.270000e-3,1.65443,2053
7.272000e-3,1.65040,2048
7.274000e-3,1.66410,2065
7.276000e-3,1.65363,2052
7.278000e-3,1.65766,2057
7.280000e-3,1.66330,2064
7.282000e-3,1.65443,2053
7.284000e-3,1.64960,2047
7.286000e-3,1.65604,2055
7.288000e-3,1.65766,2057
7.290000e-3,1.64154,2037
7.292000e-3,1.65685,2056
7.294000e-3,1.65685,2056
7.296000e-3,1.64637,2043
7.298000e-3,1.66330,2064
7.300000e-3,1.65685,2056
7.302000e-3,1.64799,2045
7.304000e-3,1.65201,2050
7.306000e-3,1.66007,2060
7.308000e-3,1.65040,2048
7.310000e-3,1.65201,2050
7.312000e-3,1.66491,2066
7.314000e-3,1.65685,2056
7.316000e-3,1.65201,2050
7.318000e-3,1.66410,2065
7.320000e-3,1.64960,2047
7.322000e-3,1.65201,2050
7.324000e-3,1.66168,2062
7.326000e-3,1.65604,2055
7.328000e-3,1.64879,2046
7.330000e-3,1.65524,2054
7.332000e-3,1.66249,2063
7.334000e-3,1.64476,2041
7.336000e-3,1.65604,2055
7.338000e-3,1.66007,2060
7.340000e-3,1.64154,2037
7.342000e-3,1.65443,2053
7.344000e-3,1.65685,2056
7.346000e-3,1.64799,2045
7.348000e-3,1.65201,2050
7.350000e-3,1.65927,2059
7.352000e-3,1.65524,2054
7.354000e-3,1.65443,2053
7.356000e-3,1.65927,2059
7.358000e-3,1.65201,2050
7.360000e-3,1.65201,2050
7.362000e-3,1.66491,2066
7.364000e-3,1.65363,2052
7.366000e-3,1.65201,2050
7.368000e-3,1.66733,2069
7.370000e-3,1.65443,2053
7.372000e-3,1.65201,2050
7.374000e-3,1.65363,2052
7.376000e-3,1.65524,2054
7.378000e-3,1.65201,2050
7.380000e-3,1.65766,2057
7.382000e-3,1.65846,2058
7.384000e-3,1.63993,2035
7.386000e-3,1.65282,2051
7.388000e-3,1.65846,2058
7.390000e-3,1.64315,2039
7.392000e-3,1.65363,2052
7.394000e-3,1.65927,2059
7.396000e-3,1.65121,2049
7.398000e-3,1.64396,2040
7.400000e-3,1.66733,2069
7.402000e-3,1.65363,2052
7.404000e-3,1.65282,2051
7.406000e-3,1.66974,2072
7.408000e-3,1.65524,2054
7.410000e-3,1.65121,2049
7.412000e-3,1.65846,2058
7.414000e-3,1.65846,2058
7.416000e-3,1.64154,2037
7.418000e-3,1.65685,2056
7.420000e-3,1.65846,2058
7.422000e-3,1.64718,2044
7.424000e-3,1.65282,2051
7.426000e-3,1.66007,2060
7.428000e-3,1.64234,2038
7.430000e-3,1.64879,2046
7.432000e-3,1.66813,2070
7.434000e-3,1.65201,2050
7.436000e-3,1.65121,2049
7.438000e-3,1.66007,2060
7.440000e-3,1.66088,2061
7.442000e-3,1.65363,2052
7.444000e-3,1.65524,2054
7.446000e-3,1.66007,2060
7.448000e-3,1.64154,2037
7.450000e-3,1.65443,2053
7.452000e-3,1.65685,2056
7.454000e-3,1.64960,2047
7.456000e-3,1.65121,2049
7.458000e-3,1.66410,2065
7.460000e-3,1.65685,2056
7.462000e-3,1.65282,2051
7.464000e-3,1.66733,2069
7.466000e-3,1.65524,2054
7.468000e-3,1.65040,2048
7.470000e-3,1.65846,2058
7.472000e-3,1.66007,2060
7.474000e-3,1.64396,2040
7.476000e-3,1.65685,2056
7.478000e-3,1.65604,2055
7.480000e-3,1.64799,2045
7.482000e-3,1.64718,2044
7.484000e-3,1.66007,2060
7.486000e-3,1.65363,2052
7.488000e-3,1.65040,2048
7.490000e-3,1.66571,2067
7.492000e-3,1.65201,2050
7.494000e-3,1.66007,2060
7.496000e-3,1.66410,2065
7.498000e-3,1.65443,2053
7.500000e-3,1.65201,2050
7.502000e-3,1.65604,2055
7.504000e-3,1.65927,2059
7.506000e-3,1.64396,2040
7.508000e-3,1.65685,2056
7.510000e-3,1.65685,2056
7.512000e-3,1.64799,2045
7.514000e-3,1.66168,2062
7.516000e-3,1.66088,2061
7.518000e-3,1.65282,2051
7.520000e-3,1.65201,2050
7.522000e-3,1.66571,2067
7.524000e-3,1.65121,2049
7.526000e-3,1.65282,2051
7.528000e-3,1.66491,2066
7.530000e-3,1.65846,2058
7.532000e-3,1.65201,2050
7.534000e-3,1.65846,2058
7.536000e-3,1.65201,2050
7.538000e-3,1.64154,2037
7.540000e-3,1.65685,2056
7.542000e-3,1.65766,2057
7.544000e-3,1.64557,2042
7.546000e-3,1.65121,2049
7.548000e-3,1.66088,2061
7.550000e-3,1.64960,2047
7.552000e-3,1.65040,2048
7.554000e-3,1.66652,2068
7.556000e-3,1.65201,2050
7.558000e-3,1.65201,2050
7.560000e-3,1.66491,2066
7.562000e-3,1.65846,2058
7.564000e-3,1.65201,2050
7.566000e-3,1.66168,2062
7.568000e-3,1.65604,2055
7.570000e-3,1.65363,2052
7.572000e-3,1.66088,2061
7.574000e-3,1.65766,2057
7.576000e-3,1.64315,2039
7.578000e-3,1.65443,2053
7.580000e-3,1.66007,2060
7.582000e-3,1.64476,2041
7.584000e-3,1.65685,2056
7.586000e-3,1.66168,2062
7.588000e-3,1.64799,2045
7.590000e-3,1.65846,2058
7.592000e-3,1.65927,2059
7.594000e-3,1.65201,2050
7.596000e-3,1.65201,2050
7.598000e-3,1.66571,2067
7.600000e-3,1.65121,2049
7.602000e-3,1.64960,2047
7.604000e-3,1.66813,2070
7.606000e-3,1.65524,2054
7.608000e-3,1.65363,2052
7.610000e-3,1.66168,2062
7.612000e-3,1.65846,2058
7.614000e-3,1.65040,2048
7.616000e-3,1.66007,2060
7.618000e-3,1.66007,2060
7.620000e-3,1.64396,2040
7.622000e-3,1.65927,2059
7.624000e-3,1.66652,2068
7.626000e-3,1.64637,2043
7.628000e-3,1.65524,2054
7.630000e-3,1.65927,2059
7.632000e-3,1.64396,2040
7.634000e-3,1.65524,2054
7.636000e-3,1.65201,2050
7.638000e-3,1.65121,2049
7.640000e-3,1.65201,2050
7.642000e-3,1.66733,2069
7.644000e-3,1.64960,2047
7.646000e-3,1.65121,2049
7.648000e-3,1.66813,2070
7.650000e-3,1.65524,2054
7.652000e-3,1.65201,2050
7.654000e-3,1.65766,2057
7.656000e-3,1.65685,2056
7.658000e-3,1.64799,2045
7.660000e-3,1.65443,2053
7.662000e-3,1.66007,2060
7.664000e-3,1.64154,2037
7.666000e-3,1.65524,2054
7.668000e-3,1.65846,2058
7.670000e-3,1.64960,2047
7.672000e-3,1.65282,2051
7.674000e-3,1.65927,2059
7.676000e-3,1.65443,2053
7.678000e-3,1.65282,2051
7.680000e-3,1.66813,2070
7.682000e-3,1.65363,2052
7.684000e-3,1.65040,2048
7.686000e-3,1.66330,2064
7.688000e-3,1.65766,2057
7.690000e-3,1.65040,2048
7.692000e-3,1.66088,2061
7.694000e-3,1.66168,2062
7.696000e-3,1.64799,2045
7.698000e-3,1.65766,2057
7.700000e-3,1.65766,2057
7.702000e-3,1.64396,2040
7.704000e-3,1.65443,2053
7.706000e-3,1.66007,2060
7.708000e-3,1.64073,2036
7.710000e-3,1.65443,2053
7.712000e-3,1.66007,2060
7.714000e-3,1.64476,2041
7.716000e-3,1.65443,2053
7.718000e-3,1.65524,2054
7.720000e-3,1.65040,2048
7.722000e-3,1.65040,2048
7.724000e-3,1.66733,2069
7.726000e-3,1.65040,2048
7.728000e-3,1.65121,2049
7.730000e-3,1.66571,2067
7.732000e-3,1.65604,2055
7.734000e-3,1.65524,2054
7.736000e-3,1.66330,2064
7.738000e-3,1.65766,2057
7.740000e-3,1.64718,2044
7.742000e-3,1.66007,2060
7.744000e-3,1.65846,2058
7.746000e-3,1.64637,2043
7.748000e-3,1.65443,2053
7.750000e-3,1.66007,2060
7.752000e-3,1.65766,2057
7.754000e-3,1.65040,2048
7.756000e-3,1.66813,2070
7.758000e-3,1.65201,2050
7.760000e-3,1.65121,2049
7.762000e-3,1.66330,2064
7.764000e-3,1.65524,2054
7.766000e-3,1.65363,2052
7.768000e-3,1.65927,2059
7.770000e-3,1.65766,2057
7.772000e-3,1.64879,2046
7.774000e-3,1.65766,2057
7.776000e-3,1.65846,2058
7.778000e-3,1.64476,2041
7.780000e-3,1.65443,2053
7.782000e-3,1.65927,2059
7.784000e-3,1.65201,2050
7.786000e-3,1.65443,2053
7.788000e-3,1.66088,2061
7.790000e-3,1.64799,2045
7.792000e-3,1.65282,2051
7.794000e-3,1.66007,2060
7.796000e-3,1.65363,2052
7.798000e-3,1.65121,2049
7.800000e-3,1.66813,2070
7.802000e-3,1.65524,2054
7.804000e-3,1.65363,2052
7.806000e-3,1.66974,2072
7.808000e-3,1.65604,2055
7.810000e-3,1.65201,2050
7.812000e-3,1.66330,2064
7.814000e-3,1.65685,2056
7.816000e-3,1.65040,2048
7.818000e-3,1.65766,2057
7.820000e-3,1.65927,2059
7.822000e-3,1.64879,2046
7.824000e-3,1.65927,2059
7.826000e-3,1.65604,2055
7.828000e-3,1.64476,2041
7.830000e-3,1.65685,2056
7.832000e-3,1.66007,2060
7.834000e-3,1.64476,2041
7.836000e-3,1.65443,2053
7.838000e-3,1.65685,2056
7.840000e-3,1.65282,2051
7.842000e-3,1.65443,2053
7.844000e-3,1.66410,2065
7.846000e-3,1.65282,2051
7.848000e-3,1.65040,2048
7.850000e-3,1.66733,2069
7.852000e-3,1.65524,2054
7.854000e-3,1.65443,2053
7.856000e-3,1.66410,2065
7.858000e-3,1.65846,2058
7.860000e-3,1.64396,2040
7.862000e-3,1.65927,2059
7.864000e-3,1.66007,2060
7.866000e-3,1.64234,2038
7.868000e-3,1.65121,2049
7.870000e-3,1.65685,2056
7.872000e-3,1.64315,2039
7.874000e-3,1.65443,2053
7.876000e-3,1.65685,2056
7.878000e-3,1.65121,2049
7.880000e-3,1.65040,2048
7.882000e-3,1.66733,2069
7.884000e-3,1.65201,2050
7.886000e-3,1.65282,2051
7.888000e-3,1.66330,2064
7.890000e-3,1.65282,2051
7.892000e-3,1.65604,2055
7.894000e-3,1.66330,2064
7.896000e-3,1.65766,2057
7.898000e-3,1.64557,2042
7.900000e-3,1.65766,2057
7.902000e-3,1.65685,2056
7.904000e-3,1.64718,2044
7.906000e-3,1.65363,2052
7.908000e-3,1.66088,2061
7.910000e-3,1.65201,2050
7.912000e-3,1.65282,2051
7.914000e-3,1.66491,2066
7.916000e-3,1.65524,2054
7.918000e-3,1.65363,2052
7.920000e-3,1.66007,2060
7.922000e-3,1.65766,2057
7.924000e-3,1.64476,2041
7.926000e-3,1.65766,2057
7.928000e-3,1.65363,2052
7.930000e-3,1.63509,2029
7.932000e-3,1.65604,2055
7.934000e-3,1.65604,2055
7.936000e-3,1.64799,2045
7.938000e-3,1.65040,2048
7.940000e-3,1.66410,2065
7.942000e-3,1.65040,2048
7.944000e-3,1.65121,2049
7.946000e-3,1.67216,2075
7.948000e-3,1.65443,2053
7.950000e-3,1.65282,2051
7.952000e-3,1.66652,2068
7.954000e-3,1.65443,2053
7.956000e-3,1.65040,2048
7.958000e-3,1.66330,2064
7.960000e-3,1.65685,2056
7.962000e-3,1.65121,2049
7.964000e-3,1.65927,2059
7.966000e-3,1.66007,2060
7.968000e-3,1.64718,2044
7.970000e-3,1.65443,2053
7.972000e-3,1.65846,2058
7.974000e-3,1.64396,2040
7.976000e-3,1.65282,2051
7.978000e-3,1.65443,2053
7.980000e-3,1.64799,2045
7.982000e-3,1.65363,2052
7.984000e-3,1.66168,2062
7.986000e-3,1.65282,2051
7.988000e-3,1.65443,2053
7.990000e-3,1.66410,2065
7.992000e-3,1.65443,2053
7.994000e-3,1.65363,2052
7.996000e-3,1.66249,2063
7.998000e-3,1.65685,2056
8.000000e-3,1.65685,2056
8.002000e-3,1.66007,2060
8.004000e-3,1.65927,2059
8.006000e-3,1.65121,2049
8.008000e-3,1.65846,2058
8.010000e-3,1.67055,2073
8.012000e-3,1.64315,2039
8.014000e-3,1.65927,2059
8.016000e-3,1.66249,2063
8.018000e-3,1.64557,2042
8.020000e-3,1.65121,2049
8.022000e-3,1.65685,2056
8.024000e-3,1.64799,2045
8.026000e-3,1.65363,2052
8.028000e-3,1.66894,2071
8.030000e-3,1.65524,2054
8.032000e-3,1.65766,2057
8.034000e-3,1.66410,2065
8.036000e-3,1.65685,2056
8.038000e-3,1.65040,2048
8.040000e-3,1.66088,2061
8.042000e-3,1.65363,2052
8.044000e-3,1.64154,2037
8.046000e-3,1.65201,2050
8.048000e-3,1.65846,2058
8.050000e-3,1.64637,2043
8.052000e-3,1.65282,2051
8.054000e-3,1.65685,2056
8.056000e-3,1.64718,2044
8.058000e-3,1.65363,2052
8.060000e-3,1.66007,2060
8.062000e-3,1.65040,2048
8.064000e-3,1.65282,2051
8.066000e-3,1.66652,2068
8.068000e-3,1.65282,2051
8.070000e-3,1.64960,2047
8.072000e-3,1.65846,2058
8.074000e-3,1.65363,2052
8.076000e-3,1.65363,2052
8.078000e-3,1.66571,2067
8.080000e-3,1.65363,2052
8.082000e-3,1.65685,2056
8.084000e-3,1.66249,2063
8.086000e-3,1.65766,2057
8.088000e-3,1.64557,2042
8.090000e-3,1.66007,2060
8.092000e-3,1.65846,2058
8.094000e-3,1.64476,2041
8.096000e-3,1.65040,2048
8.098000e-3,1.66088,2061
8.100000e-3,1.64557,2042
8.102000e-3,1.66088,2061
8.104000e-3,1.65685,2056
8.106000e-3,1.64637,2043
8.108000e-3,1.65201,2050
8.110000e-3,1.66168,2062
8.112000e-3,1.65282,2051
8.114000e-3,1.64154,2037
8.116000e-3,1.66491,2066
8.118000e-3,1.65040,2048
8.120000e-3,1.65282,2051
8.122000e-3,1.66491,2066
8.124000e-3,1.65443,2053
8.126000e-3,1.65201,2050
8.128000e-3,1.66007,2060
8.130000e-3,1.65766,2057
8.132000e-3,1.64557,2042
8.134000e-3,1.65766,2057
8.136000e-3,1.65685,2056
8.138000e-3,1.64476,2041
8.140000e-3,1.66088,2061
8.142000e-3,1.65846,2058
8.144000e-3,1.64396,2040
8.146000e-3,1.65443,2053
8.148000e-3,1.66007,2060
8.150000e-3,1.64315,2039
8.152000e-3,1.65685,2056
8.154000e-3,1.65766,2057
8.156000e-3,1.64718,2044
8.158000e-3,1.64718,2044
8.160000e-3,1.65766,2057
8.162000e-3,1.65040,2048
8.164000e-3,1.65040,2048
8.166000e-3,1.66571,2067
8.168000e-3,1.65201,2050
8.170000e-3,1.65443,2053
8.172000e-3,1.66652,2068
8.174000e-3,1.65363,2052
8.176000e-3,1.65363,2052
8.178000e-3,1.66249,2063
8.180000e-3,1.65766,2057
8.182000e-3,1.65040,2048
8.184000e-3,1.66088,2061
8.186000e-3,1.65685,2056
8.188000e-3,1.64960,2047
8.190000e-3,1.66491,2066
8.192000e-3,1.66088,2061
8.194000e-3,1.64476,2041
8.196000e-3,1.65604,2055
8.198000e-3,1.65927,2059
8.200000e-3,1.64396,2040
8.202000e-3,1.65604,2055
8.204000e-3,1.65846,2058
8.206000e-3,1.64718,2044
8.208000e-3,1.65363,2052
8.210000e-3,1.65846,2058
8.212000e-3,1.64879,2046
8.214000e-3,1.65282,2051
8.216000e-3,1.65846,2058
8.218000e-3,1.65040,2048
8.220000e-3,1.65201,2050
8.222000e-3,1.66088,2061
8.224000e-3,1.65846,2058
8.226000e-3,1.65201,2050
8.228000e-3,1.66491,2066
8.230000e-3,1.65685,2056
8.232000e-3,1.65040,2048
8.234000e-3,1.66491,2066
8.236000e-3,1.65685,2056
8.238000e-3,1.65363,2052
8.240000e-3,1.65846,2058
8.242000e-3,1.65927,2059
8.244000e-3,1.65201,2050
8.246000e-3,1.65604,2055
8.248000e-3,1.65927,2059
8.250000e-3,1.64879,2046
8.252000e-3,1.65282,2051
8.254000e-3,1.65685,2056
8.256000e-3,1.64718,2044
8.258000e-3,1.65201,2050
8.260000e-3,1.66813,2070
8.262000e-3,1.65282,2051
8.264000e-3,1.65363,2052
8.266000e-3,1.65685,2056
8.268000e-3,1.65524,2054
8.270000e-3,1.65282,2051
8.272000e-3,1.66088,2061
8.274000e-3,1.65766,2057
8.276000e-3,1.64476,2041
8.278000e-3,1.66330,2064
8.280000e-3,1.66007,2060
8.282000e-3,1.64476,2041
8.284000e-3,1.65524,2054
8.286000e-3,1.65846,2058
8.288000e-3,1.65201,2050
8.290000e-3,1.65201,2050
8.292000e-3,1.66733,2069
8.294000e-3,1.65040,2048
8.296000e-3,1.65282,2051
8.298000e-3,1.66894,2071
8.300000e-3,1.65443,2053
8.302000e-3,1.65524,2054
8.304000e-3,1.66168,2062
8.306000e-3,1.65846,2058
8.308000e-3,1.64476,2041
8.310000e-3,1.65766,2057
8.312000e-3,1.66007,2060
8.314000e-3,1.64718,2044
8.316000e-3,1.64879,2046
8.318000e-3,1.65685,2056
8.320000e-3,1.64718,2044
8.322000e-3,1.65040,2048
8.324000e-3,1.66168,2062
8.326000e-3,1.65040,2048
8.328000e-3,1.65201,2050
8.330000e-3,1.66330,2064
8.332000e-3,1.65766,2057
8.334000e-3,1.65201,2050
8.336000e-3,1.66330,2064
8.338000e-3,1.65846,2058
8.340000e-3,1.65040,2048
8.342000e-3,1.66330,2064
8.344000e-3,1.65685,2056
8.346000e-3,1.65040,2048
8.348000e-3,1.65685,2056
8.350000e-3,1.65927,2059
8.352000e-3,1.64637,2043
8.354000e-3,1.65604,2055
8.356000e-3,1.65927,2059
8.358000e-3,1.64476,2041
8.360000e-3,1.65282,2051
8.362000e-3,1.65766,2057
8.364000e-3,1.65282,2051
8.366000e-3,1.65040,2048
8.368000e-3,1.66974,2072
8.370000e-3,1.65604,2055
8.372000e-3,1.65201,2050
8.374000e-3,1.65363,2052
8.376000e-3,1.65766,2057
8.378000e-3,1.64396,2040
8.380000e-3,1.65363,2052
8.382000e-3,1.65766,2057
8.384000e-3,1.64315,2039
8.386000e-3,1.65766,2057
8.388000e-3,1.66007,2060
8.390000e-3,1.64476,2041
8.392000e-3,1.65524,2054
8.394000e-3,1.66410,2065
8.396000e-3,1.65363,2052
8.398000e-3,1.65121,2049
8.400000e-3,1.66491,2066
8.402000e-3,1.65363,2052
8.404000e-3,1.65282,2051
8.406000e-3,1.66168,2062
8.408000e-3,1.65927,2059
8.410000e-3,1.64799,2045
8.412000e-3,1.65524,2054
8.414000e-3,1.65766,2057
8.416000e-3,1.64315,2039
8.418000e-3,1.65363,2052
8.420000e-3,1.65766,2057
8.422000e-3,1.65201,2050
8.424000e-3,1.65282,2051
8.426000e-3,1.66652,2068
8.428000e-3,1.65201,2050
8.430000e-3,1.65121,2049
8.432000e-3,1.66652,2068
8.434000e-3,1.65524,2054
8.436000e-3,1.65282,2051
8.438000e-3,1.65766,2057
8.440000e-3,1.64960,2047
8.442000e-3,1.64637,2043
8.444000e-3,1.65443,2053
8.446000e-3,1.66007,2060
8.448000e-3,1.64315,2039
8.450000e-3,1.65363,2052
8.452000e-3,1.65685,2056
8.454000e-3,1.65040,2048
8.456000e-3,1.65040,2048
8.458000e-3,1.66652,2068
8.460000e-3,1.65685,2056
8.462000e-3,1.65201,2050
8.464000e-3,1.66733,2069
8.466000e-3,1.65604,2055
8.468000e-3,1.65201,2050
8.470000e-3,1.65846,2058
8.472000e-3,1.65766,2057
8.474000e-3,1.64396,2040
8.476000e-3,1.65766,2057
8.478000e-3,1.65685,2056
8.480000e-3,1.64718,2044
8.482000e-3,1.65201,2050
8.484000e-3,1.65927,2059
8.486000e-3,1.65282,2051
8.488000e-3,1.65040,2048
8.490000e-3,1.66652,2068
8.492000e-3,1.65443,2053
8.494000e-3,1.65846,2058
8.496000e-3,1.66491,2066
8.498000e-3,1.65524,2054
8.500000e-3,1.64960,2047
8.502000e-3,1.65604,2055
8.504000e-3,1.65766,2057
8.506000e-3,1.63832,2033
8.508000e-3,1.65766,2057
8.510000e-3,1.65685,2056
8.512000e-3,1.64637,2043
8.514000e-3,1.66007,2060
8.516000e-3,1.66088,2061
8.518000e-3,1.65443,2053
8.520000e-3,1.65282,2051
8.522000e-3,1.66813,2070
8.524000e-3,1.65363,2052
8.526000e-3,1.65282,2051
8.528000e-3,1.66410,2065
8.530000e-3,1.65846,2058
8.532000e-3,1.65201,2050
8.534000e-3,1.65604,2055
8.536000e-3,1.66571,2067
8.538000e-3,1.64315,2039
8.540000e-3,1.65524,2054
8.542000e-3,1.65604,2055
8.544000e-3,1.64799,2045
8.546000e-3,1.65040,2048
8.548000e-3,1.66733,2069
8.550000e-3,1.65201,2050
8.552000e-3,1.64879,2046
8.554000e-3,1.66813,2070
8.556000e-3,1.65201,2050
8.558000e-3,1.65201,2050
8.560000e-3,1.66733,2069
8.562000e-3,1.65685,2056
8.564000e-3,1.65040,2048
8.566000e-3,1.66088,2061
8.568000e-3,1.66249,2063
8.570000e-3,1.64315,2039
8.572000e-3,1.65927,2059
8.574000e-3,1.65766,2057
8.576000e-3,1.64476,2041
8.578000e-3,1.65121,2049
8.580000e-3,1.66007,2060
8.582000e-3,1.65040,2048
8.584000e-3,1.65443,2053
8.586000e-3,1.66652,2068
8.588000e-3,1.65524,2054
8.590000e-3,1.65040,2048
8.592000e-3,1.66410,2065
8.594000e-3,1.65685,2056
8.596000e-3,1.65040,2048
8.598000e-3,1.66088,2061
8.600000e-3,1.65443,2053
8.602000e-3,1.64315,2039
8.604000e-3,1.65604,2055
8.606000e-3,1.65604,2055
8.608000e-3,1.64637,2043
8.610000e-3,1.65121,2049
8.612000e-3,1.65927,2059
8.614000e-3,1.65443,2053
8.616000e-3,1.65282,2051
8.618000e-3,1.66330,2064
8.620000e-3,1.65363,2052
8.622000e-3,1.66330,2064
8.624000e-3,1.66652,2068
8.626000e-3,1.65604,2055
8.628000e-3,1.65201,2050
8.630000e-3,1.66491,2066
8.632000e-3,1.65363,2052
8.634000e-3,1.65363,2052
8.636000e-3,1.66168,2062
8.638000e-3,1.66007,2060
8.640000e-3,1.64799,2045
8.642000e-3,1.65685,2056
8.644000e-3,1.65040,2048
8.646000e-3,1.64315,2039
8.648000e-3,1.65685,2056
8.650000e-3,1.65685,2056
8.652000e-3,1.64557,2042
8.654000e-3,1.65040,2048
8.656000e-3,1.66652,2068
8.658000e-3,1.65363,2052
8.660000e-3,1.65040,2048
8.662000e-3,1.66813,2070
8.664000e-3,1.65201,2050
8.666000e-3,1.65201,2050
8.668000e-3,1.66410,2065
8.670000e-3,1.65685,2056
8.672000e-3,1.65040,2048
8.674000e-3,1.65927,2059
8.676000e-3,1.65846,2058
8.678000e-3,1.65201,2050
8.680000e-3,1.66088,2061
8.682000e-3,1.65685,2056
8.684000e-3,1.64154,2037
8.686000e-3,1.65443,2053
8.688000e-3,1.65927,2059
8.690000e-3,1.64234,2038
8.692000e-3,1.65524,2054
8.694000e-3,1.65846,2058
8.696000e-3,1.65040,2048
8.698000e-3,1.64476,2041
8.700000e-3,1.66410,2065
8.702000e-3,1.65282,2051
8.704000e-3,1.65040,2048
8.706000e-3,1.66652,2068
8.708000e-3,1.65121,2049
8.710000e-3,1.65927,2059
8.712000e-3,1.66652,2068
8.714000e-3,1.65685,2056
8.716000e-3,1.65363,2052
8.718000e-3,1.65846,2058
8.720000e-3,1.65846,2058
8.722000e-3,1.64396,2040
8.724000e-3,1.65685,2056
8.726000e-3,1.65766,2057
8.728000e-3,1.64396,2040
8.730000e-3,1.65201,2050
8.732000e-3,1.65846,2058
8.734000e-3,1.64476,2041
8.736000e-3,1.65363,2052
8.738000e-3,1.65846,2058
8.740000e-3,1.64718,2044
8.742000e-3,1.65363,2052
8.744000e-3,1.66491,2066
8.746000e-3,1.65443,2053
8.748000e-3,1.65201,2050
8.750000e-3,1.66652,2068
8.752000e-3,1.64718,2044
8.754000e-3,1.65121,2049
8.756000e-3,1.66491,2066
8.758000e-3,1.65443,2053
8.760000e-3,1.65201,2050
8.762000e-3,1.66007,2060
8.764000e-3,1.66571,2067
8.766000e-3,1.65201,2050
8.768000e-3,1.65766,2057
8.770000e-3,1.66007,2060
8.772000e-3,1.64234,2038
8.774000e-3,1.65766,2057
8.776000e-3,1.65846,2058
8.778000e-3,1.64476,2041
8.780000e-3,1.65363,2052
8.782000e-3,1.65846,2058
8.784000e-3,1.65040,2048
8.786000e-3,1.65201,2050
8.788000e-3,1.66894,2071
8.790000e-3,1.65282,2051
8.792000e-3,1.65201,2050
8.794000e-3,1.66330,2064
8.796000e-3,1.65524,2054
8.798000e-3,1.65201,2050
8.800000e-3,1.66330,2064
8.802000e-3,1.65685,2056
8.804000e-3,1.64960,2047
8.806000e-3,1.65685,2056
8.808000e-3,1.65766,2057
8.810000e-3,1.64396,2040
8.812000e-3,1.65363,2052
8.814000e-3,1.65846,2058
8.816000e-3,1.64154,2037
8.818000e-3,1.66249,2063
8.820000e-3,1.65846,2058
8.822000e-3,1.64637,2043
8.824000e-3,1.65443,2053
8.826000e-3,1.66168,2062
8.828000e-3,1.65282,2051
8.830000e-3,1.65040,2048
8.832000e-3,1.66733,2069
8.834000e-3,1.65201,2050
8.836000e-3,1.65121,2049
8.838000e-3,1.66894,2071
8.840000e-3,1.65604,2055
8.842000e-3,1.65443,2053
8.844000e-3,1.66088,2061
8.846000e-3,1.65443,2053
8.848000e-3,1.65040,2048
8.850000e-3,1.66007,2060
8.852000e-3,1.65524,2054
8.854000e-3,1.64879,2046
8.856000e-3,1.65846,2058
8.858000e-3,1.66007,2060
8.860000e-3,1.63993,2035
8.862000e-3,1.65282,2051
8.864000e-3,1.65766,2057
8.866000e-3,1.64557,2042
8.868000e-3,1.65363,2052
8.870000e-3,1.66007,2060
8.872000e-3,1.66007,2060
8.874000e-3,1.65363,2052
8.876000e-3,1.66330,2064
8.878000e-3,1.65685,2056
8.880000e-3,1.64879,2046
8.882000e-3,1.66571,2067
8.884000e-3,1.65443,2053
8.886000e-3,1.65363,2052
8.888000e-3,1.66007,2060
8.890000e-3,1.65766,2057
8.892000e-3,1.66168,2062
8.894000e-3,1.66007,2060
8.896000e-3,1.66007,2060
8.898000e-3,1.64718,2044
8.900000e-3,1.65846,2058
8.902000e-3,1.65685,2056
8.904000e-3,1.64396,2040
8.906000e-3,1.65524,2054
8.908000e-3,1.66088,2061
8.910000e-3,1.64718,2044
8.912000e-3,1.65363,2052
8.914000e-3,1.65604,2055
8.916000e-3,1.64718,2044
8.918000e-3,1.65363,2052
8.920000e-3,1.66007,2060
8.922000e-3,1.65121,2049
8.924000e-3,1.64718,2044
8.926000e-3,1.67297,2076
8.928000e-3,1.65604,2055
8.930000e-3,1.65040,2048
8.932000e-3,1.66571,2067
8.934000e-3,1.65363,2052
8.936000e-3,1.65524,2054
8.938000e-3,1.65685,2056
8.940000e-3,1.66007,2060
8.942000e-3,1.64396,2040
8.944000e-3,1.65766,2057
8.946000e-3,1.66330,2064
8.948000e-3,1.64396,2040
8.950000e-3,1.65604,2055
8.952000e-3,1.65846,2058
8.954000e-3,1.64879,2046
8.956000e-3,1.65040,2048
8.958000e-3,1.66088,2061
8.960000e-3,1.65201,2050
8.962000e-3,1.65363,2052
8.964000e-3,1.66571,2067
8.966000e-3,1.65363,2052
8.968000e-3,1.64557,2042
8.970000e-3,1.66249,2063
8.972000e-3,1.65685,2056
8.974000e-3,1.65040,2048
8.976000e-3,1.66249,2063
8.978000e-3,1.65443,2053
8.980000e-3,1.65846,2058
8.982000e-3,1.66007,2060
8.984000e-3,1.65685,2056
8.986000e-3,1.64476,2041
8.988000e-3,1.65766,2057
8.990000e-3,1.65766,2057
8.992000e-3,1.64154,2037
8.994000e-3,1.65766,2057
8.996000e-3,1.65846,2058
8.998000e-3,1.64637,2043
9.000000e-3,1.64557,2042
9.002000e-3,1.65766,2057
9.004000e-3,1.65040,2048
9.006000e-3,1.65363,2052
9.008000e-3,1.66571,2067
9.010000e-3,1.65766,2057
9.012000e-3,1.65121,2049
9.014000e-3,1.66571,2067
9.016000e-3,1.65846,2058
9.018000e-3,1.65121,2049
9.020000e-3,1.66491,2066
9.022000e-3,1.66007,2060
9.024000e-3,1.65040,2048
9.026000e-3,1.66410,2065
9.028000e-3,1.66007,2060
9.030000e-3,1.65282,2051
9.032000e-3,1.66249,2063
9.034000e-3,1.65121,2049
9.036000e-3,1.64879,2046
9.038000e-3,1.65685,2056
9.040000e-3,1.66007,2060
9.042000e-3,1.63832,2033
9.044000e-3,1.65604,2055
9.046000e-3,1.66007,2060
9.048000e-3,1.64476,2041
9.050000e-3,1.65604,2055
9.052000e-3,1.66088,2061
9.054000e-3,1.64557,2042
9.056000e-3,1.65121,2049
9.058000e-3,1.65846,2058
9.060000e-3,1.64879,2046
9.062000e-3,1.65443,2053
9.064000e-3,1.66652,2068
9.066000e-3,1.65524,2054
9.068000e-3,1.65282,2051
9.070000e-3,1.66571,2067
9.072000e-3,1.65363,2052
9.074000e-3,1.65040,2048
9.076000e-3,1.66571,2067
9.078000e-3,1.65443,2053
9.080000e-3,1.65201,2050
9.082000e-3,1.66410,2065
9.084000e-3,1.65685,2056
9.086000e-3,1.64476,2041
9.088000e-3,1.65685,2056
9.090000e-3,1.66088,2061
9.092000e-3,1.64396,2040
9.094000e-3,1.65604,2055
9.096000e-3,1.65685,2056
9.098000e-3,1.64799,2045
9.100000e-3,1.65363,2052
9.102000e-3,1.66168,2062
9.104000e-3,1.64960,2047
9.106000e-3,1.65121,2049
9.108000e-3,1.66813,2070
9.110000e-3,1.65363,2052
9.112000e-3,1.65121,2049
9.114000e-3,1.66491,2066
9.116000e-3,1.65524,2054
9.118000e-3,1.64879,2046
9.120000e-3,1.65685,2056
9.122000e-3,1.65927,2059
9.124000e-3,1.64396,2040
9.126000e-3,1.65766,2057
9.128000e-3,1.65685,2056
9.130000e-3,1.64718,2044
9.132000e-3,1.65201,2050
9.134000e-3,1.66249,2063
9.136000e-3,1.66007,2060
9.138000e-3,1.65201,2050
9.140000e-3,1.66894,2071
9.142000e-3,1.65524,2054
9.144000e-3,1.65201,2050
9.146000e-3,1.66007,2060
9.148000e-3,1.66007,2060
9.150000e-3,1.64879,2046
9.152000e-3,1.66007,2060
9.154000e-3,1.65846,2058
9.156000e-3,1.64476,2041
9.158000e-3,1.64879,2046
9.160000e-3,1.65604,2055
9.162000e-3,1.65040,2048
9.164000e-3,1.65040,2048
9.166000e-3,1.66330,2064
9.168000e-3,1.65040,2048
9.170000e-3,1.64960,2047
9.172000e-3,1.66813,2070
9.174000e-3,1.65282,2051
9.176000e-3,1.65363,2052
9.178000e-3,1.66088,2061
9.180000e-3,1.65766,2057
9.182000e-3,1.64718,2044
9.184000e-3,1.65846,2058
9.186000e-3,1.65685,2056
9.188000e-3,1.64396,2040
9.190000e-3,1.65363,2052
9.192000e-3,1.65766,2057
9.194000e-3,1.64799,2045
9.196000e-3,1.65363,2052
9.198000e-3,1.66007,2060
9.200000e-3,1.65040,2048
9.202000e-3,1.65846,2058
9.204000e-3,1.66813,2070
9.206000e-3,1.65524,2054
9.208000e-3,1.65121,2049
9.210000e-3,1.66652,2068
9.212000e-3,1.64879,2046
9.214000e-3,1.65121,2049
9.216000e-3,1.66249,2063
9.218000e-3,1.65524,2054
9.220000e-3,1.64637,2043
9.222000e-3,1.65443,2053
9.224000e-3,1.66733,2069
9.226000e-3,1.64637,2043
9.228000e-3,1.65282,2051
9.230000e-3,1.65846,2058
9.232000e-3,1.64879,2046
9.234000e-3,1.65363,2052
9.236000e-3,1.66007,2060
9.238000e-3,1.65363,2052
9.240000e-3,1.65040,2048
9.242000e-3,1.66733,2069
9.244000e-3,1.66249,2063
9.246000e-3,1.65363,2052
9.248000e-3,1.66571,2067
9.250000e-3,1.65846,2058
9.252000e-3,1.64637,2043
9.254000e-3,1.65685,2056
9.256000e-3,1.66007,2060
9.258000e-3,1.64396,2040
9.260000e-3,1.65604,2055
9.262000e-3,1.65927,2059
9.264000e-3,1.64557,2042
9.266000e-3,1.64799,2045
9.268000e-3,1.65766,2057
9.270000e-3,1.64960,2047
9.272000e-3,1.65040,2048
9.274000e-3,1.66571,2067
9.276000e-3,1.65121,2049
9.278000e-3,1.65040,2048
9.280000e-3,1.66652,2068
9.282000e-3,1.65524,2054
9.284000e-3,1.65363,2052
9.286000e-3,1.66168,2062
9.288000e-3,1.65846,2058
9.290000e-3,1.64799,2045
9.292000e-3,1.66007,2060
9.294000e-3,1.65846,2058
9.296000e-3,1.64476,2041
9.298000e-3,1.66652,2068
9.300000e-3,1.65927,2059
9.302000e-3,1.64799,2045
9.304000e-3,1.65282,2051
9.306000e-3,1.65685,2056
9.308000e-3,1.64557,2042
9.310000e-3,1.65363,2052
9.312000e-3,1.65846,2058
9.314000e-3,1.65282,2051
9.316000e-3,1.65201,2050
9.318000e-3,1.66652,2068
9.320000e-3,1.64879,2046
9.322000e-3,1.65121,2049
9.324000e-3,1.66491,2066
9.326000e-3,1.65363,2052
9.328000e-3,1.65282,2051
9.330000e-3,1.65766,2057
9.332000e-3,1.66652,2068
9.334000e-3,1.65282,2051
9.336000e-3,1.65846,2058
9.338000e-3,1.65766,2057
9.340000e-3,1.64073,2036
9.342000e-3,1.65766,2057
9.344000e-3,1.65846,2058
9.346000e-3,1.64476,2041
9.348000e-3,1.65282,2051
9.350000e-3,1.65846,2058
9.352000e-3,1.65040,2048
9.354000e-3,1.65443,2053
9.356000e-3,1.65846,2058
9.358000e-3,1.64879,2046
9.360000e-3,1.65363,2052
9.362000e-3,1.65685,2056
9.364000e-3,1.65040,2048
9.366000e-3,1.65201,2050
9.368000e-3,1.66733,2069
9.370000e-3,1.64879,2046
9.372000e-3,1.65201,2050
9.374000e-3,1.66491,2066
9.376000e-3,1.65363,2052
9.378000e-3,1.65201,2050
9.380000e-3,1.66168,2062
9.382000e-3,1.65685,2056
9.384000e-3,1.65121,2049
9.386000e-3,1.66168,2062
9.388000e-3,1.65524,2054
9.390000e-3,1.64234,2038
9.392000e-3,1.66007,2060
9.394000e-3,1.65604,2055
9.396000e-3,1.64476,2041
9.398000e-3,1.65363,2052
9.400000e-3,1.66007,2060
9.402000e-3,1.64718,2044
9.404000e-3,1.65201,2050
9.406000e-3,1.66491,2066
9.408000e-3,1.65201,2050
9.410000e-3,1.65363,2052
9.412000e-3,1.66652,2068
9.414000e-3,1.65524,2054
9.416000e-3,1.64960,2047
9.418000e-3,1.66571,2067
9.420000e-3,1.65685,2056
9.422000e-3,1.65363,2052
9.424000e-3,1.66088,2061
9.426000e-3,1.65604,2055
9.428000e-3,1.63751,2032
9.430000e-3,1.65443,2053
9.432000e-3,1.65846,2058
9.434000e-3,1.64234,2038
9.436000e-3,1.65443,2053
9.438000e-3,1.65524,2054
9.440000e-3,1.65443,2053
9.442000e-3,1.65443,2053
9.444000e-3,1.66410,2065
9.446000e-3,1.65685,2056
9.448000e-3,1.64879,2046
9.450000e-3,1.66249,2063
9.452000e-3,1.65524,2054
9.454000e-3,1.65363,2052
9.456000e-3,1.65685,2056
9.458000e-3,1.65927,2059
9.460000e-3,1.64557,2042
9.462000e-3,1.65443,2053
9.464000e-3,1.65927,2059
9.466000e-3,1.64557,2042
9.468000e-3,1.65443,2053
9.470000e-3,1.65685,2056
9.472000e-3,1.64960,2047
9.474000e-3,1.65363,2052
9.476000e-3,1.66330,2064
9.478000e-3,1.65363,2052
9.480000e-3,1.65121,2049
9.482000e-3,1.66330,2064
9.484000e-3,1.65443,2053
9.486000e-3,1.65363,2052
9.488000e-3,1.66007,2060
9.490000e-3,1.65766,2057
9.492000e-3,1.64396,2040
9.494000e-3,1.65604,2055
9.496000e-3,1.66168,2062
9.498000e-3,1.63429,2028
9.500000e-3,1.65604,2055
9.502000e-3,1.65604,2055
9.504000e-3,1.64879,2046
9.506000e-3,1.65121,2049
9.508000e-3,1.66330,2064
9.510000e-3,1.65040,2048
9.512000e-3,1.65201,2050
9.514000e-3,1.67700,2081
9.516000e-3,1.65685,2056
9.518000e-3,1.65443,2053
9.520000e-3,1.66007,2060
9.522000e-3,1.65604,2055
9.524000e-3,1.65040,2048
9.526000e-3,1.66007,2060
9.528000e-3,1.65846,2058
9.530000e-3,1.64476,2041
9.532000e-3,1.65524,2054
9.534000e-3,1.66007,2060
9.536000e-3,1.63751,2032
9.538000e-3,1.65201,2050
9.540000e-3,1.65846,2058
9.542000e-3,1.65040,2048
9.544000e-3,1.65282,2051
9.546000e-3,1.66330,2064
9.548000e-3,1.65121,2049
9.550000e-3,1.65282,2051
9.552000e-3,1.66330,2064
9.554000e-3,1.65846,2058
9.556000e-3,1.65040,2048
9.558000e-3,1.66088,2061
9.560000e-3,1.65685,2056
9.562000e-3,1.65282,2051
9.564000e-3,1.66007,2060
9.566000e-3,1.65040,2048
9.568000e-3,1.65524,2054
9.570000e-3,1.66007,2060
9.572000e-3,1.65927,2059
9.574000e-3,1.64557,2042
9.576000e-3,1.66088,2061
9.578000e-3,1.65766,2057
9.580000e-3,1.64396,2040
9.582000e-3,1.65685,2056
9.584000e-3,1.66088,2061
9.586000e-3,1.64476,2041
9.588000e-3,1.65363,2052
9.590000e-3,1.65443,2053
9.592000e-3,1.64637,2043
9.594000e-3,1.65201,2050
9.596000e-3,1.65524,2054
9.598000e-3,1.64799,2045
9.600000e-3,1.65040,2048
9.602000e-3,1.65685,2056
9.604000e-3,1.65121,2049
9.606000e-3,1.65040,2048
9.608000e-3,1.66330,2064
9.610000e-3,1.64718,2044
9.612000e-3,1.65201,2050
9.614000e-3,1.66330,2064
9.616000e-3,1.65201,2050
9.618000e-3,1.65040,2048
9.620000e-3,1.66249,2063
9.622000e-3,1.65443,2053
9.624000e-3,1.65282,2051
9.626000e-3,1.66974,2072
9.628000e-3,1.65363,2052
9.630000e-3,1.65201,2050
9.632000e-3,1.66410,2065
9.634000e-3,1.65524,2054
9.636000e-3,1.65201,2050
9.638000e-3,1.66733,2069
9.640000e-3,1.65524,2054
9.642000e-3,1.65282,2051
9.644000e-3,1.65524,2054
9.646000e-3,1.65524,2054
9.648000e-3,1.65363,2052
9.650000e-3,1.66088,2061
9.652000e-3,1.65766,2057
9.654000e-3,1.64073,2036
9.656000e-3,1.66330,2064
9.658000e-3,1.66088,2061
9.660000e-3,1.64073,2036
9.662000e-3,1.65846,2058
9.664000e-3,1.65766,2057
9.666000e-3,1.64637,2043
9.668000e-3,1.65443,2053
9.670000e-3,1.66007,2060
9.672000e-3,1.64396,2040
9.674000e-3,1.65443,2053
9.676000e-3,1.66007,2060
9.678000e-3,1.65121,2049
9.680000e-3,1.65443,2053
9.682000e-3,1.66410,2065
9.684000e-3,1.65363,2052
9.686000e-3,1.65040,2048
9.688000e-3,1.66652,2068
9.690000e-3,1.65443,2053
9.692000e-3,1.65524,2054
9.694000e-3,1.66491,2066
9.696000e-3,1.65685,2056
9.698000e-3,1.66007,2060
9.700000e-3,1.66088,2061
9.702000e-3,1.65846,2058
9.704000e-3,1.65040,2048
9.706000e-3,1.65282,2051
9.708000e-3,1.65524,2054
9.710000e-3,1.64718,2044
9.712000e-3,1.65846,2058
9.714000e-3,1.65685,2056
9.716000e-3,1.64557,2042
9.718000e-3,1.65282,2051
9.720000e-3,1.65927,2059
9.722000e-3,1.64718,2044
9.724000e-3,1.65282,2051
9.726000e-3,1.65846,2058
9.728000e-3,1.65121,2049
9.730000e-3,1.64879,2046
9.732000e-3,1.66733,2069
9.734000e-3,1.65604,2055
9.736000e-3,1.65121,2049
9.738000e-3,1.66491,2066
9.740000e-3,1.65443,2053
9.742000e-3,1.65685,2056
9.744000e-3,1.66007,2060
9.746000e-3,1.66007,2060
9.748000e-3,1.64476,2041
9.750000e-3,1.65846,2058
9.752000e-3,1.65201,2050
9.754000e-3,1.64315,2039
9.756000e-3,1.65524,2054
9.758000e-3,1.65685,2056
9.760000e-3,1.64799,2045
9.762000e-3,1.65040,2048
9.764000e-3,1.66491,2066
9.766000e-3,1.65040,2048
9.768000e-3,1.65040,2048
9.770000e-3,1.66571,2067
9.772000e-3,1.65201,2050
9.774000e-3,1.65443,2053
9.776000e-3,1.66974,2072
9.778000e-3,1.65685,2056
9.780000e-3,1.65040,2048
9.782000e-3,1.66249,2063
9.784000e-3,1.66249,2063
9.786000e-3,1.65443,2053
9.788000e-3,1.66330,2064
9.790000e-3,1.65766,2057
9.792000e-3,1.64960,2047
9.794000e-3,1.65604,2055
9.796000e-3,1.65927,2059
9.798000e-3,1.64396,2040
9.800000e-3,1.65766,2057
9.802000e-3,1.65846,2058
9.804000e-3,1.64718,2044
9.806000e-3,1.64557,2042
9.808000e-3,1.65604,2055
9.810000e-3,1.64879,2046
9.812000e-3,1.65121,2049
9.814000e-3,1.66491,2066
9.816000e-3,1.65040,2048
9.818000e-3,1.65766,2057
9.820000e-3,1.66733,2069
9.822000e-3,1.65121,2049
9.824000e-3,1.65524,2054
9.826000e-3,1.66007,2060
9.828000e-3,1.65766,2057
9.830000e-3,1.65040,2048
9.832000e-3,1.66007,2060
9.834000e-3,1.65685,2056
9.836000e-3,1.64315,2039
9.838000e-3,1.65766,2057
9.840000e-3,1.66007,2060
9.842000e-3,1.64799,2045
9.844000e-3,1.65363,2052
9.846000e-3,1.65766,2057
9.848000e-3,1.65040,2048
9.850000e-3,1.65040,2048
9.852000e-3,1.66491,2066
9.854000e-3,1.65363,2052
9.856000e-3,1.65363,2052
9.858000e-3,1.66652,2068
9.860000e-3,1.65201,2050
9.862000e-3,1.65201,2050
9.864000e-3,1.66168,2062
9.866000e-3,1.65524,2054
9.868000e-3,1.64637,2043
9.870000e-3,1.65363,2052
9.872000e-3,1.66007,2060
9.874000e-3,1.64718,2044
9.876000e-3,1.65121,2049
9.878000e-3,1.65927,2059
9.880000e-3,1.64879,2046
9.882000e-3,1.65121,2049
9.884000e-3,1.66491,2066
9.886000e-3,1.65363,2052
9.888000e-3,1.65040,2048
9.890000e-3,1.66491,2066
9.892000e-3,1.65685,2056
9.894000e-3,1.65363,2052
9.896000e-3,1.66330,2064
9.898000e-3,1.65766,2057
9.900000e-3,1.64476,2041
9.902000e-3,1.65604,2055
9.904000e-3,1.65846,2058
9.906000e-3,1.64154,2037
9.908000e-3,1.65604,2055
9.910000e-3,1.66007,2060
9.912000e-3,1.64476,2041
9.914000e-3,1.64557,2042
9.916000e-3,1.65604,2055
9.918000e-3,1.65040,2048
9.920000e-3,1.65121,2049
9.922000e-3,1.66652,2068
9.924000e-3,1.65121,2049
9.926000e-3,1.65040,2048
9.928000e-3,1.66652,2068
9.930000e-3,1.65524,2054
9.932000e-3,1.65604,2055
9.934000e-3,1.66007,2060
9.936000e-3,1.65766,2057
9.938000e-3,1.64557,2042
9.940000e-3,1.65846,2058
9.942000e-3,1.65685,2056
9.944000e-3,1.64396,2040
9.946000e-3,1.65846,2058
9.948000e-3,1.65766,2057
9.950000e-3,1.64637,2043
9.952000e-3,1.65363,2052
9.954000e-3,1.65766,2057
9.956000e-3,1.64718,2044
9.958000e-3,1.65363,2052
9.960000e-3,1.65766,2057
9.962000e-3,1.65363,2052
9.964000e-3,1.65282,2051
9.966000e-3,1.66733,2069
9.968000e-3,1.65524,2054
9.970000e-3,1.65121,2049
9.972000e-3,1.66491,2066
9.974000e-3,1.65363,2052
9.976000e-3,1.65282,2051
9.978000e-3,1.65685,2056
9.980000e-3,1.66410,2065
9.982000e-3,1.64718,2044
9.984000e-3,1.65685,2056
9.986000e-3,1.65927,2059
9.988000e-3,1.64476,2041
9.990000e-3,1.65363,2052
9.992000e-3,1.66088,2061
9.994000e-3,1.65040,2048
9.996000e-3,1.65363,2052
9.998000e-3,1.66249,2063
1.000000e-2,1.64637,2043
1.000200e-2,1.65040,2048
1.000400e-2,1.66652,2068
1.000600e-2,1.65443,2053
1.000800e-2,1.65282,2051
1.001000e-2,1.66652,2068
1.001200e-2,1.65846,2058
1.001400e-2,1.65121,2049
1.001600e-2,1.66249,2063
1.001800e-2,1.65846,2058
1.002000e-2,1.64234,2038
1.002200e-2,1.66168,2062
1.002400e-2,1.65363,2052
1.002600e-2,1.64476,2041
1.002800e-2,1.65766,2057
1.003000e-2,1.66088,2061
1.003200e-2,1.64799,2045
1.003400e-2,1.64960,2047
1.003600e-2,1.65685,2056
1.003800e-2,1.64476,2041
1.004000e-2,1.65201,2050
1.004200e-2,1.65363,2052
1.004400e-2,1.64879,2046
1.004600e-2,1.65282,2051
1.004800e-2,1.66330,2064
1.005000e-2,1.65443,2053
1.005200e-2,1.65121,2049
1.005400e-2,1.66007,2060
1.005600e-2,1.65363,2052
1.005800e-2,1.65201,2050
1.006000e-2,1.66410,2065
1.006200e-2,1.65685,2056
1.006400e-2,1.65363,2052
1.006600e-2,1.66974,2072
1.006800e-2,1.65766,2057
1.007000e-2,1.64879,2046
1.007200e-2,1.65685,2056
1.007400e-2,1.65604,2055
1.007600e-2,1.64557,2042
1.007800e-2,1.65846,2058
1.008000e-2,1.65846,2058
1.008200e-2,1.64960,2047
1.008400e-2,1.65766,2057
1.008600e-2,1.65927,2059
1.008800e-2,1.64315,2039
1.009000e-2,1.65685,2056
1.009200e-2,1.65685,2056
1.009400e-2,1.64879,2046
1.009600e-2,1.65040,2048
1.009800e-2,1.66168,2062
1.010000e-2,1.65201,2050
1.010200e-2,1.65363,2052
1.010400e-2,1.65927,2059
1.010600e-2,1.65121,2049
1.010800e-2,1.65201,2050
1.011000e-2,1.66491,2066
1.011200e-2,1.65443,2053
1.011400e-2,1.65040,2048
1.011600e-2,1.66894,2071
1.011800e-2,1.66007,2060
1.012000e-2,1.65121,2049
1.012200e-2,1.66168,2062
1.012400e-2,1.65685,2056
1.012600e-2,1.64799,2045
1.012800e-2,1.65685,2056
1.013000e-2,1.66007,2060
1.013200e-2,1.64154,2037
1.013400e-2,1.65524,2054
1.013600e-2,1.66974,2072
1.013800e-2,1.64718,2044
1.014000e-2,1.65443,2053
1.014200e-2,1.66007,2060
1.014400e-2,1.65201,2050
1.014600e-2,1.65201,2050
1.014800e-2,1.66813,2070
1.015000e-2,1.65363,2052
1.015200e-2,1.65363,2052
1.015400e-2,1.66491,2066
1.015600e-2,1.65685,2056
1.015800e-2,1.64476,2041
1.016000e-2,1.65927,2059
1.016200e-2,1.65766,2057
1.016400e-2,1.65040,2048
1.016600e-2,1.66007,2060
1.016800e-2,1.65443,2053
1.017000e-2,1.65363,2052
1.017200e-2,1.66007,2060
1.017400e-2,1.65524,2054
1.017600e-2,1.64718,2044
1.017800e-2,1.65604,2055
1.018000e-2,1.65927,2059
1.018200e-2,1.64396,2040
1.018400e-2,1.65685,2056
1.018600e-2,1.65766,2057
1.018800e-2,1.64476,2041
1.019000e-2,1.65685,2056
1.019200e-2,1.65766,2057
1.019400e-2,1.64960,2047
1.019600e-2,1.65363,2052
1.019800e-2,1.66168,2062
1.020000e-2,1.65040,2048
1.020200e-2,1.65121,2049
1.020400e-2,1.66652,2068
1.020600e-2,1.65443,2053
1.020800e-2,1.64960,2047
1.021000e-2,1.66652,2068
1.021200e-2,1.64879,2046
1.021400e-2,1.65121,2049
1.021600e-2,1.66007,2060
1.021800e-2,1.65846,2058
1.022000e-2,1.64315,2039
1.022200e-2,1.65443,2053
1.022400e-2,1.66007,2060
1.022600e-2,1.64557,2042
1.022800e-2,1.65443,2053
1.023000e-2,1.66007,2060
1.023200e-2,1.64557,2042
1.023400e-2,1.65363,2052
1.023600e-2,1.65846,2058
1.023800e-2,1.65121,2049
1.024000e-2,1.65040,2048
1.024200e-2,1.66410,2065
1.024400e-2,1.65685,2056
1.024600e-2,1.65121,2049
1.024800e-2,1.66733,2069
1.025000e-2,1.65121,2049
1.025200e-2,1.65121,2049
1.025400e-2,1.66491,2066
1.025600e-2,1.65524,2054
1.025800e-2,1.65121,2049
1.026000e-2,1.66491,2066
1.026200e-2,1.65604,2055
1.026400e-2,1.65040,2048
1.026600e-2,1.65685,2056
1.026800e-2,1.65766,2057
1.027000e-2,1.64557,2042
1.027200e-2,1.65363,2052
1.027400e-2,1.65766,2057
1.027600e-2,1.64476,2041
1.027800e-2,1.65846,2058
1.028000e-2,1.66007,2060
1.028200e-2,1.64799,2045
1.028400e-2,1.65363,2052
1.028600e-2,1.66330,2064
1.028800e-2,1.65443,2053
1.029000e-2,1.65121,2049
1.029200e-2,1.66733,2069
1.029400e-2,1.65363,2052
1.029600e-2,1.65363,2052
1.029800e-2,1.67297,2076
1.030000e-2,1.65524,2054
1.030200e-2,1.65443,2053
1.030400e-2,1.66168,2062
1.030600e-2,1.65846,2058
1.030800e-2,1.65040,2048
1.031000e-2,1.65927,2059
1.031200e-2,1.65846,2058
1.031400e-2,1.64557,2042
1.031600e-2,1.65604,2055
1.031800e-2,1.65846,2058
1.032000e-2,1.63912,2034
1.032200e-2,1.65363,2052
1.032400e-2,1.65846,2058
1.032600e-2,1.65040,2048
1.032800e-2,1.65363,2052
1.033000e-2,1.65927,2059
1.033200e-2,1.66007,2060
1.033400e-2,1.65363,2052
1.033600e-2,1.66571,2067
1.033800e-2,1.65685,2056
1.034000e-2,1.65040,2048
1.034200e-2,1.66652,2068
1.034400e-2,1.65524,2054
1.034600e-2,1.65363,2052
1.034800e-2,1.66168,2062
1.035000e-2,1.65524,2054
1.035200e-2,1.65040,2048
1.035400e-2,1.66168,2062
1.035600e-2,1.66007,2060
1.035800e-2,1.64476,2041
1.036000e-2,1.65685,2056
1.036200e-2,1.65604,2055
1.036400e-2,1.64476,2041
1.036600e-2,1.65363,2052
1.036800e-2,1.66088,2061
1.037000e-2,1.64718,2044
1.037200e-2,1.65363,2052
1.037400e-2,1.66249,2063
1.037600e-2,1.64637,2043
1.037800e-2,1.65363,2052
1.038000e-2,1.65766,2057
1.038200e-2,1.64960,2047
1.038400e-2,1.65040,2048
1.038600e-2,1.67216,2075
1.038800e-2,1.65363,2052
1.039000e-2,1.65040,2048
1.039200e-2,1.66813,2070
1.039400e-2,1.65201,2050
1.039600e-2,1.65201,2050
1.039800e-2,1.66491,2066
1.040000e-2,1.65604,2055
1.040200e-2,1.65040,2048
1.040400e-2,1.66571,2067
1.040600e-2,1.65927,2059
1.040800e-2,1.65443,2053
1.041000e-2,1.66410,2065
1.041200e-2,1.65766,2057
1.041400e-2,1.65121,2049
1.041600e-2,1.65766,2057
1.041800e-2,1.66007,2060
1.042000e-2,1.64396,2040
1.042200e-2,1.65927,2059
1.042400e-2,1.65766,2057
1.042600e-2,1.64396,2040
1.042800e-2,1.65201,2050
1.043000e-2,1.65604,2055
1.043200e-2,1.64718,2044
1.043400e-2,1.65121,2049
1.043600e-2,1.65927,2059
1.043800e-2,1.64718,2044
1.044000e-2,1.65121,2049
1.044200e-2,1.66571,2067
1.044400e-2,1.65040,2048
1.044600e-2,1.65282,2051
1.044800e-2,1.66491,2066
1.045000e-2,1.65363,2052
1.045200e-2,1.65040,2048
1.045400e-2,1.66410,2065
1.045600e-2,1.65685,2056
1.045800e-2,1.65282,2051
1.046000e-2,1.66007,2060
1.046200e-2,1.65766,2057
1.046400e-2,1.64476,2041
1.046600e-2,1.65524,2054
1.046800e-2,1.65846,2058
1.047000e-2,1.63429,2028
1.047200e-2,1.65685,2056
1.047400e-2,1.65846,2058
1.047600e-2,1.64476,2041
1.047800e-2,1.65363,2052
1.048000e-2,1.65766,2057
1.048200e-2,1.64234,2038
1.048400e-2,1.65121,2049
1.048600e-2,1.65927,2059
1.048800e-2,1.64718,2044
1.049000e-2,1.65201,2050
1.049200e-2,1.66330,2064
1.049400e-2,1.66007,2060
1.049600e-2,1.65282,2051
1.049800e-2,1.66249,2063
1.050000e-2,1.65685,2056
1.050200e-2,1.65201,2050
1.050400e-2,1.66168,2062
1.050600e-2,1.65685,2056
1.050800e-2,1.64879,2046
1.051000e-2,1.65685,2056
1.051200e-2,1.65766,2057
1.051400e-2,1.64718,2044
1.051600e-2,1.65524,2054
1.051800e-2,1.66088,2061
1.052000e-2,1.64557,2042
1.052200e-2,1.65524,2054
1.052400e-2,1.65685,2056
1.052600e-2,1.65040,2048
1.052800e-2,1.65040,2048
1.053000e-2,1.66813,2070
1.053200e-2,1.65363,2052
1.053400e-2,1.65201,2050
1.053600e-2,1.65846,2058
1.053800e-2,1.65524,2054
1.054000e-2,1.65282,2051
1.054200e-2,1.65685,2056
1.054400e-2,1.65685,2056
1.054600e-2,1.64073,2036
1.054800e-2,1.66410,2065
1.055000e-2,1.66007,2060
1.055200e-2,1.64315,2039
1.055400e-2,1.65524,2054
1.055600e-2,1.65524,2054
1.055800e-2,1.64718,2044
1.056000e-2,1.65121,2049
1.056200e-2,1.66007,2060
1.056400e-2,1.64799,2045
1.056600e-2,1.65201,2050
1.056800e-2,1.67941,2084
1.057000e-2,1.65363,2052
1.057200e-2,1.65363,2052
1.057400e-2,1.66652,2068
1.057600e-2,1.65524,2054
1.057800e-2,1.65040,2048
1.058000e-2,1.66410,2065
1.058200e-2,1.65685,2056
1.058400e-2,1.65443,2053
1.058600e-2,1.65927,2059
1.058800e-2,1.65685,2056
1.059000e-2,1.64557,2042
1.059200e-2,1.65766,2057
1.059400e-2,1.66007,2060
1.059600e-2,1.64073,2036
1.059800e-2,1.65685,2056
1.060000e-2,1.65604,2055
1.060200e-2,1.65282,2051
1.060400e-2,1.65524,2054
1.060600e-2,1.65604,2055
1.060800e-2,1.64960,2047
1.061000e-2,1.65040,2048
1.061200e-2,1.66410,2065
1.061400e-2,1.64396,2040
1.061600e-2,1.65121,2049
1.061800e-2,1.66491,2066
1.062000e-2,1.65685,2056
1.062200e-2,1.65846,2058
1.062400e-2,1.66249,2063
1.062600e-2,1.66007,2060
1.062800e-2,1.64637,2043
1.063000e-2,1.65846,2058
1.063200e-2,1.65685,2056
1.063400e-2,1.64396,2040
1.063600e-2,1.65363,2052
1.063800e-2,1.66088,2061
1.064000e-2,1.64557,2042
1.064200e-2,1.65201,2050
1.064400e-2,1.65846,2058
1.064600e-2,1.64799,2045
1.064800e-2,1.65282,2051
1.065000e-2,1.65846,2058
1.065200e-2,1.65121,2049
1.065400e-2,1.64718,2044
1.065600e-2,1.67136,2074
1.065800e-2,1.65443,2053
1.066000e-2,1.65040,2048
1.066200e-2,1.66813,2070
1.066400e-2,1.65282,2051
1.066600e-2,1.65443,2053
1.066800e-2,1.66330,2064
1.067000e-2,1.65766,2057
1.067200e-2,1.65040,2048
1.067400e-2,1.65766,2057
1.067600e-2,1.66088,2061
1.067800e-2,1.64476,2041
1.068000e-2,1.65766,2057
1.068200e-2,1.65846,2058
1.068400e-2,1.64476,2041
1.068600e-2,1.65121,2049
1.068800e-2,1.65846,2058
1.069000e-2,1.64718,2044
1.069200e-2,1.65443,2053
1.069400e-2,1.66168,2062
1.069600e-2,1.65201,2050
1.069800e-2,1.65121,2049
1.070000e-2,1.66410,2065
1.070200e-2,1.65524,2054
1.070400e-2,1.65121,2049
1.070600e-2,1.66249,2063
1.070800e-2,1.65443,2053
1.071000e-2,1.65685,2056
1.071200e-2,1.66007,2060
1.071400e-2,1.65685,2056
1.071600e-2,1.64557,2042
1.071800e-2,1.65282,2051
1.072000e-2,1.65766,2057
1.072200e-2,1.64557,2042
1.072400e-2,1.65363,2052
1.072600e-2,1.65685,2056
1.072800e-2,1.65201,2050
1.073000e-2,1.65282,2051
1.073200e-2,1.66733,2069
1.073400e-2,1.65604,2055
1.073600e-2,1.65040,2048
1.073800e-2,1.66330,2064
1.074000e-2,1.65524,2054
1.074200e-2,1.64960,2047
1.074400e-2,1.65685,2056
1.074600e-2,1.66088,2061
1.074800e-2,1.64557,2042
1.075000e-2,1.65604,2055
1.075200e-2,1.65524,2054
1.075400e-2,1.64637,2043
1.075600e-2,1.65201,2050
1.075800e-2,1.66330,2064
1.076000e-2,1.65282,2051
1.076200e-2,1.64799,2045
1.076400e-2,1.66491,2066
1.076600e-2,1.65685,2056
1.076800e-2,1.65040,2048
1.077000e-2,1.66491,2066
1.077200e-2,1.65524,2054
1.077400e-2,1.65040,2048
1.077600e-2,1.65685,2056
1.077800e-2,1.66007,2060
1.078000e-2,1.63751,2032
1.078200e-2,1.64879,2046
1.078400e-2,1.66330,2064
1.078600e-2,1.63912,2034
1.078800e-2,1.65604,2055
1.079000e-2,1.65524,2054
1.079200e-2,1.64557,2042
1.079400e-2,1.65040,2048
1.079600e-2,1.66410,2065
1.079800e-2,1.65201,2050
1.080000e-2,1.65121,2049
1.080200e-2,1.66410,2065
1.080400e-2,1.65766,2057
1.080600e-2,1.64879,2046
1.080800e-2,1.65443,2053
1.081000e-2,1.65846,2058
1.081200e-2,1.64396,2040
1.081400e-2,1.65766,2057
1.081600e-2,1.65443,2053
1.081800e-2,1.64476,2041
1.082000e-2,1.65604,2055
1.082200e-2,1.65766,2057
1.082400e-2,1.64879,2046
1.082600e-2,1.65040,2048
1.082800e-2,1.66330,2064
1.083000e-2,1.65685,2056
1.083200e-2,1.65363,2052
1.083400e-2,1.66491,2066
1.083600e-2,1.65604,2055
1.083800e-2,1.66168,2062
1.084000e-2,1.66330,2064
1.084200e-2,1.65927,2059
1.084400e-2,1.65363,2052
1.084600e-2,1.66168,2062
1.084800e-2,1.65685,2056
1.085000e-2,1.64799,2045
1.085200e-2,1.65846,2058
1.085400e-2,1.66088,2061
1.085600e-2,1.64234,2038
1.085800e-2,1.65524,2054
1.086000e-2,1.65121,2049
1.086200e-2,1.64315,2039
1.086400e-2,1.65363,2052
1.086600e-2,1.65524,2054
1.086800e-2,1.64879,2046
1.087000e-2,1.65040,2048
1.087200e-2,1.65524,2054
1.087400e-2,1.65201,2050
1.087600e-2,1.65040,2048
1.087800e-2,1.66571,2067
1.088000e-2,1.65282,2051
1.088200e-2,1.65121,2049
1.088400e-2,1.66491,2066
1.088600e-2,1.65604,2055
1.088800e-2,1.65040,2048
1.089000e-2,1.66733,2069
1.089200e-2,1.66007,2060
1.089400e-2,1.65443,2053
1.089600e-2,1.66571,2067
1.089800e-2,1.65685,2056
1.090000e-2,1.65282,2051
1.090200e-2,1.66007,2060
1.090400e-2,1.65846,2058
1.090600e-2,1.64073,2036
1.090800e-2,1.66007,2060
1.091000e-2,1.65927,2059
1.091200e-2,1.64718,2044
1.091400e-2,1.65282,2051
1.091600e-2,1.65846,2058
1.091800e-2,1.64637,2043
1.092000e-2,1.65363,2052
1.092200e-2,1.65846,2058
1.092400e-2,1.64557,2042
1.092600e-2,1.65121,2049
1.092800e-2,1.65685,2056
1.093000e-2,1.64879,2046
1.093200e-2,1.65282,2051
1.093400e-2,1.66491,2066
1.093600e-2,1.65443,2053
1.093800e-2,1.65040,2048
1.094000e-2,1.66652,2068
1.094200e-2,1.65524,2054
1.094400e-2,1.65121,2049
1.094600e-2,1.66168,2062
1.094800e-2,1.65766,2057
1.095000e-2,1.64960,2047
1.095200e-2,1.65846,2058
1.095400e-2,1.65927,2059
1.095600e-2,1.64154,2037
1.095800e-2,1.65685,2056
1.096000e-2,1.65685,2056
1.096200e-2,1.64799,2045
1.096400e-2,1.65443,2053
1.096600e-2,1.65766,2057
1.096800e-2,1.65363,2052
1.097000e-2,1.65282,2051
1.097200e-2,1.65846,2058
1.097400e-2,1.65040,2048
1.097600e-2,1.65282,2051
1.097800e-2,1.65524,2054
1.098000e-2,1.65685,2056
1.098200e-2,1.65363,2052
1.098400e-2,1.66249,2063
1.098600e-2,1.65282,2051
1.098800e-2,1.65363,2052
1.099000e-2,1.66571,2067
1.099200e-2,1.65604,2055
1.099400e-2,1.65363,2052
1.099600e-2,1.66330,2064
1.099800e-2,1.65766,2057
1.100000e-2,1.65282,2051
1.100200e-2,1.66007,2060
1.100400e-2,1.65846,2058
1.100600e-2,1.65766,2057
1.100800e-2,1.65846,2058
1.101000e-2,1.66330,2064
1.101200e-2,1.64476,2041
1.101400e-2,1.65685,2056
1.101600e-2,1.66249,2063
1.101800e-2,1.64396,2040
1.102000e-2,1.65201,2050
1.102200e-2,1.66330,2064
1.102400e-2,1.64718,2044
1.102600e-2,1.65524,2054
1.102800e-2,1.66410,2065
1.103000e-2,1.65201,2050
1.103200e-2,1.65685,2056
1.103400e-2,1.66894,2071
1.103600e-2,1.64879,2046
1.103800e-2,1.65040,2048
1.104000e-2,1.66652,2068
1.104200e-2,1.65201,2050
1.104400e-2,1.64960,2047
1.104600e-2,1.66330,2064
1.104800e-2,1.65766,2057
1.105000e-2,1.64154,2037
1.105200e-2,1.65927,2059
1.105400e-2,1.65846,2058
1.105600e-2,1.64154,2037
1.105800e-2,1.65524,2054
1.106000e-2,1.65282,2051
1.106200e-2,1.64799,2045
1.106400e-2,1.65363,2052
1.106600e-2,1.66088,2061
1.106800e-2,1.65766,2057
1.107000e-2,1.65363,2052
1.107200e-2,1.66813,2070
1.107400e-2,1.65846,2058
1.107600e-2,1.65040,2048
1.107800e-2,1.66491,2066
1.108000e-2,1.65685,2056
1.108200e-2,1.65040,2048
1.108400e-2,1.66249,2063
1.108600e-2,1.65766,2057
1.108800e-2,1.65121,2049
1.109000e-2,1.66330,2064
1.109200e-2,1.65524,2054
1.109400e-2,1.64557,2042
1.109600e-2,1.65685,2056
1.109800e-2,1.66007,2060
1.110000e-2,1.64799,2045
1.110200e-2,1.65443,2053
1.110400e-2,1.66249,2063
1.110600e-2,1.64879,2046
1.110800e-2,1.65282,2051
1.111000e-2,1.66491,2066
1.111200e-2,1.65524,2054
1.111400e-2,1.65040,2048
1.111600e-2,1.67216,2075
1.111800e-2,1.65846,2058
1.112000e-2,1.65201,2050
1.112200e-2,1.66330,2064
1.112400e-2,1.65443,2053
1.112600e-2,1.65121,2049
1.112800e-2,1.66410,2065
1.113000e-2,1.66007,2060
1.113200e-2,1.64073,2036
1.113400e-2,1.65766,2057
1.113600e-2,1.65685,2056
1.113800e-2,1.64476,2041
1.114000e-2,1.65604,2055
1.114200e-2,1.65766,2057
1.114400e-2,1.64799,2045
1.114600e-2,1.65040,2048
1.114800e-2,1.66733,2069
1.115000e-2,1.65363,2052
1.115200e-2,1.65363,2052
1.115400e-2,1.66410,2065
1.115600e-2,1.65685,2056
1.115800e-2,1.64799,2045
1.116000e-2,1.65846,2058
1.116200e-2,1.65846,2058
1.116400e-2,1.64557,2042
1.116600e-2,1.65766,2057
1.116800e-2,1.65443,2053
1.117000e-2,1.64234,2038
1.117200e-2,1.65363,2052
1.117400e-2,1.65685,2056
1.117600e-2,1.64960,2047
1.117800e-2,1.65201,2050
1.118000e-2,1.66652,2068
1.118200e-2,1.65201,2050
1.118400e-2,1.65201,2050
1.118600e-2,1.66491,2066
1.118800e-2,1.65443,2053
1.119000e-2,1.65524,2054
1.119200e-2,1.66410,2065
1.119400e-2,1.65766,2057
1.119600e-2,1.65040,2048
1.119800e-2,1.66410,2065
1.120000e-2,1.65363,2052
1.120200e-2,1.64879,2046
1.120400e-2,1.65685,2056
1.120600e-2,1.65443,2053
1.120800e-2,1.64557,2042
1.121000e-2,1.65363,2052
1.121200e-2,1.65524,2054
1.121400e-2,1.64154,2037
1.121600e-2,1.65201,2050
1.121800e-2,1.66571,2067
1.122000e-2,1.65443,2053
1.122200e-2,1.65040,2048
1.122400e-2,1.66168,2062
1.122600e-2,1.65846,2058
1.122800e-2,1.64637,2043
1.123000e-2,1.65846,2058
1.123200e-2,1.65685,2056
1.123400e-2,1.64476,2041
1.123600e-2,1.65363,2052
1.123800e-2,1.66007,2060
1.124000e-2,1.64879,2046
1.124200e-2,1.65282,2051
1.124400e-2,1.66571,2067
1.124600e-2,1.65363,2052
1.124800e-2,1.65443,2053
1.125000e-2,1.66491,2066
1.125200e-2,1.65685,2056
1.125400e-2,1.65040,2048
1.125600e-2,1.66330,2064
1.125800e-2,1.65685,2056
1.126000e-2,1.65443,2053
1.126200e-2,1.66168,2062
1.126400e-2,1.65846,2058
1.126600e-2,1.64960,2047
1.126800e-2,1.65524,2054
1.127000e-2,1.65846,2058
1.127200e-2,1.64396,2040
1.127400e-2,1.65524,2054
1.127600e-2,1.65685,2056
1.127800e-2,1.64315,2039
1.128000e-2,1.65363,2052
1.128200e-2,1.65604,2055
1.128400e-2,1.64799,2045
1.128600e-2,1.65121,2049
1.128800e-2,1.65927,2059
1.129000e-2,1.64879,2046
1.129200e-2,1.65282,2051
1.129400e-2,1.66491,2066
1.129600e-2,1.65282,2051
1.129800e-2,1.65524,2054
1.130000e-2,1.66733,2069
1.130200e-2,1.65685,2056
1.130400e-2,1.65201,2050
1.130600e-2,1.66168,2062
1.130800e-2,1.65685,2056
1.131000e-2,1.64879,2046
1.131200e-2,1.65685,2056
1.131400e-2,1.66088,2061
1.131600e-2,1.64234,2038
1.131800e-2,1.65604,2055
1.132000e-2,1.64960,2047
1.132200e-2,1.64637,2043
1.132400e-2,1.65363,2052
1.132600e-2,1.65685,2056
1.132800e-2,1.64879,2046
1.133000e-2,1.65121,2049
1.133200e-2,1.65685,2056
1.133400e-2,1.65201,2050
1.133600e-2,1.65040,2048
1.133800e-2,1.66813,2070
1.134000e-2,1.64960,2047
1.134200e-2,1.65282,2051
1.134400e-2,1.66491,2066
1.134600e-2,1.65685,2056
1.134800e-2,1.65040,2048
1.135000e-2,1.66249,2063
1.135200e-2,1.65524,2054
1.135400e-2,1.65282,2051
1.135600e-2,1.66088,2061
1.135800e-2,1.65766,2057
1.136000e-2,1.64718,2044
1.136200e-2,1.65685,2056
1.136400e-2,1.65927,2059
1.136600e-2,1.64396,2040
1.136800e-2,1.65846,2058
1.137000e-2,1.66007,2060
1.137200e-2,1.64557,2042
1.137400e-2,1.66088,2061
1.137600e-2,1.65766,2057
1.137800e-2,1.65040,2048
1.138000e-2,1.65201,2050
1.138200e-2,1.66088,2061
1.138400e-2,1.64799,2045
1.138600e-2,1.64960,2047
1.138800e-2,1.66733,2069
1.139000e-2,1.65282,2051
1.139200e-2,1.65524,2054
1.139400e-2,1.66330,2064
1.139600e-2,1.65685,2056
1.139800e-2,1.65121,2049
1.140000e-2,1.66410,2065
1.140200e-2,1.65685,2056
1.140400e-2,1.65927,2059
1.140600e-2,1.66652,2068
1.140800e-2,1.65766,2057
1.141000e-2,1.65363,2052
1.141200e-2,1.66330,2064
1.141400e-2,1.65524,2054
1.141600e-2,1.65040,2048
1.141800e-2,1.66652,2068
1.142000e-2,1.65363,2052
1.142200e-2,1.65363,2052
1.142400e-2,1.66410,2065
1.142600e-2,1.65524,2054
1.142800e-2,1.64960,2047
1.143000e-2,1.66410,2065
1.143200e-2,1.65604,2055
1.143400e-2,1.65040,2048
1.143600e-2,1.66410,2065
1.143800e-2,1.65443,2053
1.144000e-2,1.65927,2059
1.144200e-2,1.66652,2068
1.144400e-2,1.65363,2052
1.144600e-2,1.65363,2052
1.144800e-2,1.66249,2063
1.145000e-2,1.65685,2056
1.145200e-2,1.65040,2048
1.145400e-2,1.66249,2063
1.145600e-2,1.65685,2056
1.145800e-2,1.65282,2051
1.146000e-2,1.66330,2064
1.146200e-2,1.65927,2059
1.146400e-2,1.65121,2049
1.146600e-2,1.65766,2057
1.146800e-2,1.65766,2057
1.147000e-2,1.64073,2036
1.147200e-2,1.65685,2056
1.147400e-2,1.65766,2057
1.147600e-2,1.64557,2042
1.147800e-2,1.65443,2053
1.148000e-2,1.65766,2057
1.148200e-2,1.65201,2050
1.148400e-2,1.65201,2050
1.148600e-2,1.66168,2062
1.148800e-2,1.65121,2049
1.149000e-2,1.64476,2041
1.149200e-2,1.66330,2064
1.149400e-2,1.65604,2055
1.149600e-2,1.65363,2052
1.149800e-2,1.66249,2063
1.150000e-2,1.65443,2053
1.150200e-2,1.65040,2048
1.150400e-2,1.66330,2064
1.150600e-2,1.65524,2054
1.150800e-2,1.65121,2049
1.151000e-2,1.65685,2056
1.151200e-2,1.65766,2057
1.151400e-2,1.64637,2043
1.151600e-2,1.65040,2048
1.151800e-2,1.65927,2059
1.152000e-2,1.64396,2040
1.152200e-2,1.65524,2054
1.152400e-2,1.65685,2056
1.152600e-2,1.64637,2043
1.152800e-2,1.65040,2048
1.153000e-2,1.65927,2059
1.153200e-2,1.64879,2046
1.153400e-2,1.65363,2052
1.153600e-2,1.65846,2058
1.153800e-2,1.64476,2041
1.154000e-2,1.65201,2050
1.154200e-2,1.66733,2069
1.154400e-2,1.65282,2051
1.154600e-2,1.64718,2044
1.154800e-2,1.65927,2059
1.155000e-2,1.65604,2055
1.155200e-2,1.65040,2048
1.155400e-2,1.66249,2063
1.155600e-2,1.65524,2054
1.155800e-2,1.64799,2045
1.156000e-2,1.65685,2056
1.156200e-2,1.66007,2060
1.156400e-2,1.64234,2038
1.156600e-2,1.65685,2056
1.156800e-2,1.66733,2069
1.157000e-2,1.64718,2044
1.157200e-2,1.65524,2054
1.157400e-2,1.65846,2058
1.157600e-2,1.65040,2048
1.157800e-2,1.65040,2048
1.158000e-2,1.66733,2069
1.158200e-2,1.65363,2052
1.158400e-2,1.65363,2052
1.158600e-2,1.66249,2063
1.158800e-2,1.65685,2056
1.159000e-2,1.64154,2037
1.159200e-2,1.65685,2056
1.159400e-2,1.65846,2058
1.159600e-2,1.64234,2038
1.159800e-2,1.65443,2053
1.160000e-2,1.65443,2053
1.160200e-2,1.65121,2049
1.160400e-2,1.65443,2053
1.160600e-2,1.66330,2064
1.160800e-2,1.65524,2054
1.161000e-2,1.64879,2046
1.161200e-2,1.66491,2066
1.161400e-2,1.65443,2053
1.161600e-2,1.64960,2047
1.161800e-2,1.65846,2058
1.162000e-2,1.65766,2057
1.162200e-2,1.65927,2059
1.162400e-2,1.65927,2059
1.162600e-2,1.65604,2055
1.162800e-2,1.64234,2038
1.163000e-2,1.65443,2053
1.163200e-2,1.65121,2049
1.163400e-2,1.64960,2047
1.163600e-2,1.65201,2050
1.163800e-2,1.66168,2062
1.164000e-2,1.65040,2048
1.164200e-2,1.65201,2050
1.164400e-2,1.66491,2066
1.164600e-2,1.65282,2051
1.164800e-2,1.65201,2050
1.165000e-2,1.66330,2064
1.165200e-2,1.65363,2052
1.165400e-2,1.64799,2045
1.165600e-2,1.65604,2055
1.165800e-2,1.65846,2058
1.166000e-2,1.65040,2048
1.166200e-2,1.66007,2060
1.166400e-2,1.65604,2055
1.166600e-2,1.64315,2039
1.166800e-2,1.65363,2052
1.167000e-2,1.66007,2060
1.167200e-2,1.64396,2040
1.167400e-2,1.65443,2053
1.167600e-2,1.66491,2066
1.167800e-2,1.64960,2047
1.168000e-2,1.65363,2052
1.168200e-2,1.66168,2062
1.168400e-2,1.65040,2048
1.168600e-2,1.65201,2050
1.168800e-2,1.66733,2069
1.169000e-2,1.65524,2054
1.169200e-2,1.65363,2052
1.169400e-2,1.66249,2063
1.169600e-2,1.65766,2057
1.169800e-2,1.64476,2041
1.170000e-2,1.65685,2056
1.170200e-2,1.66007,2060
1.170400e-2,1.64396,2040
1.170600e-2,1.65363,2052
1.170800e-2,1.65443,2053
1.171000e-2,1.64879,2046
1.171200e-2,1.65443,2053
1.171400e-2,1.66410,2065
1.171600e-2,1.64960,2047
1.171800e-2,1.64879,2046
1.172000e-2,1.66652,2068
1.172200e-2,1.65524,2054
1.172400e-2,1.65363,2052
1.172600e-2,1.65927,2059
1.172800e-2,1.65766,2057
1.173000e-2,1.64879,2046
1.173200e-2,1.66330,2064
1.173400e-2,1.66088,2061
1.173600e-2,1.64315,2039
1.173800e-2,1.65604,2055
1.174000e-2,1.65685,2056
1.174200e-2,1.64557,2042
1.174400e-2,1.65524,2054
1.174600e-2,1.66007,2060
1.174800e-2,1.64718,2044
1.175000e-2,1.65363,2052
1.175200e-2,1.65201,2050
1.175400e-2,1.65040,2048
1.175600e-2,1.65282,2051
1.175800e-2,1.66491,2066
1.176000e-2,1.65363,2052
1.176200e-2,1.65040,2048
1.176400e-2,1.66652,2068
1.176600e-2,1.65604,2055
1.176800e-2,1.65040,2048
1.177000e-2,1.66330,2064
1.177200e-2,1.65524,2054
1.177400e-2,1.65121,2049
1.177600e-2,1.65766,2057
1.177800e-2,1.66007,2060
1.178000e-2,1.64073,2036
1.178200e-2,1.65685,2056
1.178400e-2,1.66168,2062
1.178600e-2,1.64476,2041
1.178800e-2,1.65604,2055
1.179000e-2,1.65846,2058
1.179200e-2,1.64557,2042
1.179400e-2,1.65121,2049
1.179600e-2,1.65927,2059
1.179800e-2,1.65040,2048
1.180000e-2,1.65443,2053
1.180200e-2,1.65846,2058
1.180400e-2,1.65201,2050
1.180600e-2,1.64960,2047
1.180800e-2,1.66410,2065
1.181000e-2,1.65685,2056
1.181200e-2,1.65040,2048
1.181400e-2,1.66410,2065
1.181600e-2,1.65363,2052
1.181800e-2,1.65121,2049
1.182000e-2,1.66410,2065
1.182200e-2,1.65282,2051
1.182400e-2,1.64718,2044
1.182600e-2,1.65443,2053
1.182800e-2,1.65846,2058
1.183000e-2,1.65040,2048
1.183200e-2,1.66007,2060
1.183400e-2,1.65524,2054
1.183600e-2,1.64637,2043
1.183800e-2,1.66168,2062
1.184000e-2,1.65927,2059
1.184200e-2,1.64557,2042
1.184400e-2,1.66007,2060
1.184600e-2,1.65846,2058
1.184800e-2,1.64476,2041
1.185000e-2,1.65363,2052
1.185200e-2,1.65766,2057
1.185400e-2,1.64718,2044
1.185600e-2,1.65201,2050
1.185800e-2,1.66330,2064
1.186000e-2,1.65201,2050
1.186200e-2,1.65121,2049
1.186400e-2,1.66652,2068
1.186600e-2,1.65040,2048
1.186800e-2,1.65121,2049
1.187000e-2,1.66410,2065
1.187200e-2,1.65121,2049
1.187400e-2,1.65040,2048
1.187600e-2,1.66330,2064
1.187800e-2,1.65685,2056
1.188000e-2,1.65201,2050
1.188200e-2,1.66330,2064
1.188400e-2,1.65685,2056
1.188600e-2,1.65282,2051
1.188800e-2,1.65846,2058
1.189000e-2,1.65927,2059
1.189200e-2,1.65363,2052
1.189400e-2,1.65685,2056
1.189600e-2,1.66088,2061
1.189800e-2,1.64396,2040
1.190000e-2,1.65363,2052
1.190200e-2,1.65685,2056
1.190400e-2,1.64718,2044
1.190600e-2,1.65363,2052
1.190800e-2,1.66007,2060
1.191000e-2,1.64799,2045
1.191200e-2,1.65363,2052
1.191400e-2,1.65846,2058
1.191600e-2,1.65121,2049
1.191800e-2,1.65282,2051
1.192000e-2,1.65846,2058
1.192200e-2,1.65443,2053
1.192400e-2,1.65040,2048
1.192600e-2,1.67055,2073
1.192800e-2,1.65685,2056
1.193000e-2,1.65040,2048
1.193200e-2,1.66330,2064
1.193400e-2,1.65524,2054
1.193600e-2,1.65363,2052
1.193800e-2,1.66007,2060
1.194000e-2,1.65927,2059
1.194200e-2,1.64234,2038
1.194400e-2,1.65685,2056
1.194600e-2,1.65846,2058
1.194800e-2,1.64315,2039
1.195000e-2,1.65766,2057
1.195200e-2,1.66007,2060
1.195400e-2,1.64476,2041
1.195600e-2,1.65201,2050
1.195800e-2,1.65846,2058
1.196000e-2,1.64718,2044
1.196200e-2,1.65524,2054
1.196400e-2,1.66088,2061
1.196600e-2,1.65040,2048
1.196800e-2,1.65363,2052
1.197000e-2,1.66088,2061
1.197200e-2,1.65282,2051
1.197400e-2,1.65040,2048
1.197600e-2,1.66733,2069
1.197800e-2,1.65121,2049
1.198000e-2,1.65685,2056
1.198200e-2,1.66491,2066
1.198400e-2,1.65443,2053
1.198600e-2,1.65282,2051
1.198800e-2,1.66330,2064
1.199000e-2,1.65846,2058
1.199200e-2,1.65201,2050
1.199400e-2,1.65766,2057
1.199600e-2,1.66088,2061
1.199800e-2,1.64557,2042
