# MCU_ADC_CAPTURE: ADC3 sampling PA4 through the A2-A5 jumper, TIM8-triggered, DMA2
# capture 10 mode train rate 100000 Hz, vref 3.3 V ASSUMED, window HANN
# NOT an oscilloscope measurement
time_s,volts,adc_counts
0.000000e+0,1.65363,2052
1.000000e-5,1.65524,2054
2.000000e-5,1.65766,2057
3.000000e-5,1.64799,2045
4.000000e-5,1.66491,2066
5.000000e-5,1.64396,2040
6.000000e-5,1.66733,2069
7.000000e-5,1.65363,2052
8.000000e-5,1.65846,2058
9.000000e-5,1.65201,2050
1.000000e-4,1.65927,2059
1.100000e-4,1.65121,2049
1.200000e-4,1.65524,2054
1.300000e-4,1.65685,2056
1.400000e-4,1.65201,2050
1.500000e-4,1.66007,2060
1.600000e-4,1.64718,2044
1.700000e-4,1.66330,2064
1.800000e-4,1.64396,2040
1.900000e-4,1.66813,2070
2.000000e-4,1.64879,2046
2.100000e-4,1.65282,2051
2.200000e-4,1.65201,2050
2.300000e-4,1.65927,2059
2.400000e-4,1.65363,2052
2.500000e-4,1.65846,2058
2.600000e-4,1.65363,2052
2.700000e-4,1.65201,2050
2.800000e-4,1.66410,2065
2.900000e-4,1.63509,2029
3.000000e-4,1.66330,2064
3.100000e-4,1.65282,2051
3.200000e-4,1.66088,2061
3.300000e-4,1.65685,2056
3.400000e-4,1.64718,2044
3.500000e-4,1.67216,2075
3.600000e-4,1.64476,2041
3.700000e-4,1.66330,2064
3.800000e-4,1.65604,2055
3.900000e-4,1.64960,2047
4.000000e-4,1.67377,2077
4.100000e-4,1.63187,2025
4.200000e-4,1.67619,2080
4.300000e-4,1.64637,2043
4.400000e-4,1.64637,2043
4.500000e-4,1.68667,2093
4.600000e-4,1.62220,2013
4.700000e-4,1.68022,2085
4.800000e-4,1.65443,2053
4.900000e-4,1.63187,2025
5.000000e-4,1.70520,2116
5.100000e-4,1.60527,1992
5.200000e-4,1.69473,2103
5.300000e-4,1.64799,2045
5.400000e-4,1.62703,2019
5.500000e-4,1.73502,2153
5.600000e-4,1.56095,1937
5.700000e-4,1.73744,2156
5.800000e-4,1.62300,2014
5.900000e-4,1.62220,2013
6.000000e-4,1.76081,2185
6.100000e-4,1.51905,1885
6.200000e-4,1.78659,2217
6.300000e-4,1.58029,1961
6.400000e-4,1.65121,2049
6.500000e-4,1.75275,2175
6.600000e-4,1.49648,1857
6.700000e-4,1.83333,2275
6.800000e-4,1.51905,1885
6.900000e-4,1.70278,2113
7.000000e-4,1.72696,2143
7.100000e-4,1.48601,1844
7.200000e-4,1.87685,2329
7.300000e-4,1.46586,1819
7.400000e-4,1.76242,2187
7.500000e-4,1.68505,2091
7.600000e-4,1.50212,1864
7.700000e-4,1.89861,2356
7.800000e-4,1.40623,1745
7.900000e-4,1.84300,2287
8.000000e-4,1.60608,1993
8.100000e-4,1.54081,1912
8.200000e-4,1.91231,2373
8.300000e-4,1.33934,1662
8.400000e-4,1.94051,2408
8.500000e-4,1.49810,1859
8.600000e-4,1.63106,2024
8.700000e-4,1.85267,2299
8.800000e-4,1.32000,1638
8.900000e-4,2.02674,2515
9.000000e-4,1.36029,1688
9.100000e-4,1.77934,2208
9.200000e-4,1.74388,2164
9.300000e-4,1.36916,1699
9.400000e-4,2.06139,2558
9.500000e-4,1.24183,1541
9.600000e-4,1.95502,2426
9.700000e-4,1.56659,1944
9.800000e-4,1.50857,1872
9.900000e-4,2.00256,2485
1.000000e-3,1.19912,1488
1.010000e-3,2.08234,2584
1.020000e-3,1.37802,1710
1.030000e-3,1.70278,2113
1.040000e-3,1.85993,2308
1.050000e-3,1.25714,1560
1.060000e-3,2.14520,2662
1.070000e-3,1.20718,1498
1.080000e-3,1.92762,2392
1.090000e-3,1.63832,2033
1.100000e-3,1.40864,1748
1.110000e-3,2.10894,2617
1.120000e-3,1.12015,1390
1.130000e-3,2.12747,2640
1.140000e-3,1.36916,1699
1.150000e-3,1.67136,2074
1.160000e-3,1.91473,2376
1.170000e-3,1.18623,1472
1.180000e-3,2.21048,2743
1.190000e-3,1.14916,1426
1.200000e-3,1.97516,2451
1.210000e-3,1.60286,1989
1.220000e-3,1.42557,1769
1.230000e-3,2.11619,2626
1.240000e-3,1.09194,1355
1.250000e-3,2.17582,2700
1.260000e-3,1.30388,1618
1.270000e-3,1.74227,2162
1.280000e-3,1.85026,2296
1.290000e-3,1.22813,1524
1.300000e-3,2.21128,2744
1.310000e-3,1.10806,1375
1.320000e-3,2.04608,2539
1.330000e-3,1.50132,1863
1.340000e-3,1.52872,1897
1.350000e-3,2.02835,2517
1.360000e-3,1.11612,1385
1.370000e-3,2.21531,2749
1.380000e-3,1.18945,1476
1.390000e-3,1.90828,2368
1.400000e-3,1.66410,2065
1.410000e-3,1.38527,1719
1.420000e-3,2.12505,2637
1.430000e-3,1.10242,1368
1.440000e-3,2.16293,2684
1.450000e-3,1.30872,1624
1.460000e-3,1.77128,2198
1.470000e-3,1.80029,2234
1.480000e-3,1.30066,1614
1.490000e-3,2.14359,2660
1.500000e-3,1.14593,1422
1.510000e-3,2.06623,2564
1.520000e-3,1.42396,1767
1.530000e-3,1.66168,2062
1.540000e-3,1.87282,2324
1.550000e-3,1.27407,1581
1.560000e-3,2.11619,2626
1.570000e-3,1.21604,1509
1.580000e-3,1.98322,2461
1.590000e-3,1.51099,1875
1.600000e-3,1.58916,1972
1.610000e-3,1.90828,2368
1.620000e-3,1.27729,1585
1.630000e-3,2.08476,2587
1.640000e-3,1.27165,1578
1.650000e-3,1.91714,2379
1.660000e-3,1.56579,1943
1.670000e-3,1.56659,1944
1.680000e-3,1.89941,2357
1.690000e-3,1.31194,1628
1.700000e-3,2.02835,2517
1.710000e-3,1.33531,1657
1.720000e-3,1.87040,2321
1.730000e-3,1.57868,1959
1.740000e-3,1.57385,1953
1.750000e-3,1.86637,2316
1.760000e-3,1.36674,1696
1.770000e-3,1.96227,2435
1.780000e-3,1.37963,1712
1.790000e-3,1.84220,2286
1.800000e-3,1.57788,1958
1.810000e-3,1.60527,1992
1.820000e-3,1.80593,2241
1.830000e-3,1.42557,1769
1.840000e-3,1.90667,2366
1.850000e-3,1.43040,1775
1.860000e-3,1.82125,2260
1.870000e-3,1.57465,1954
1.880000e-3,1.64234,2038
1.890000e-3,1.75275,2175
1.900000e-3,1.50293,1865
1.910000e-3,1.84300,2287
1.920000e-3,1.48037,1837
1.930000e-3,1.79223,2224
1.940000e-3,1.56901,1947
1.950000e-3,1.67055,2073
1.960000e-3,1.68989,2097
1.970000e-3,1.56256,1939
1.980000e-3,1.78015,2209
1.990000e-3,1.52227,1889
2.000000e-3,1.76242,2187
2.010000e-3,1.57788,1958
2.020000e-3,1.68264,2088
2.030000e-3,1.66652,2068
2.040000e-3,1.61092,1999
2.050000e-3,1.72615,2142
2.060000e-3,1.57707,1957
2.070000e-3,1.72293,2138
2.080000e-3,1.59641,1981
2.090000e-3,1.68505,2091
2.100000e-3,1.63751,2032
2.110000e-3,1.63429,2028
2.120000e-3,1.67941,2084
2.130000e-3,1.62139,2012
2.140000e-3,1.68908,2096
2.150000e-3,1.62945,2022
2.160000e-3,1.66974,2072
2.170000e-3,1.65846,2058
2.180000e-3,1.64799,2045
2.190000e-3,1.65927,2059
2.200000e-3,1.63993,2035
2.210000e-3,1.66571,2067
2.220000e-3,1.64960,2047
2.230000e-3,1.65524,2054
2.240000e-3,1.66330,2064
2.250000e-3,1.65363,2052
2.260000e-3,1.65927,2059
2.270000e-3,1.65363,2052
2.280000e-3,1.65766,2057
2.290000e-3,1.65927,2059
2.300000e-3,1.65121,2049
2.310000e-3,1.67458,2078
2.320000e-3,1.65201,2050
2.330000e-3,1.65766,2057
2.340000e-3,1.65282,2051
2.350000e-3,1.65685,2056
2.360000e-3,1.65282,2051
2.370000e-3,1.64879,2046
2.380000e-3,1.66410,2065
2.390000e-3,1.64799,2045
2.400000e-3,1.65846,2058
2.410000e-3,1.65121,2049
2.420000e-3,1.65846,2058
2.430000e-3,1.65282,2051
2.440000e-3,1.66330,2064
2.450000e-3,1.66168,2062
2.460000e-3,1.64476,2041
2.470000e-3,1.66168,2062
2.480000e-3,1.65363,2052
2.490000e-3,1.65685,2056
2.500000e-3,1.65201,2050
2.510000e-3,1.65524,2054
2.520000e-3,1.66330,2064
2.530000e-3,1.65040,2048
2.540000e-3,1.66652,2068
2.550000e-3,1.64234,2038
2.560000e-3,1.66007,2060
2.570000e-3,1.65040,2048
2.580000e-3,1.65363,2052
2.590000e-3,1.64718,2044
2.600000e-3,1.66007,2060
2.610000e-3,1.65846,2058
2.620000e-3,1.66088,2061
2.630000e-3,1.66007,2060
2.640000e-3,1.65846,2058
2.650000e-3,1.66168,2062
2.660000e-3,1.65040,2048
2.670000e-3,1.66733,2069
2.680000e-3,1.65040,2048
2.690000e-3,1.65766,2057
2.700000e-3,1.65121,2049
2.710000e-3,1.65766,2057
2.720000e-3,1.65121,2049
2.730000e-3,1.66007,2060
2.740000e-3,1.65040,2048
2.750000e-3,1.65524,2054
2.760000e-3,1.65443,2053
2.770000e-3,1.64960,2047
2.780000e-3,1.65927,2059
2.790000e-3,1.65201,2050
2.800000e-3,1.66894,2071
2.810000e-3,1.64799,2045
2.820000e-3,1.66249,2063
2.830000e-3,1.65443,2053
2.840000e-3,1.65443,2053
2.850000e-3,1.65282,2051
2.860000e-3,1.65443,2053
2.870000e-3,1.65040,2048
2.880000e-3,1.65524,2054
2.890000e-3,1.66330,2064
2.900000e-3,1.64879,2046
2.910000e-3,1.66974,2072
2.920000e-3,1.65121,2049
2.930000e-3,1.66168,2062
2.940000e-3,1.66168,2062
2.950000e-3,1.66088,2061
2.960000e-3,1.65443,2053
2.970000e-3,1.65927,2059
2.980000e-3,1.65443,2053
2.990000e-3,1.65766,2057
3.000000e-3,1.65121,2049
3.010000e-3,1.65766,2057
3.020000e-3,1.65121,2049
3.030000e-3,1.65524,2054
3.040000e-3,1.64960,2047
3.050000e-3,1.65443,2053
3.060000e-3,1.65363,2052
3.070000e-3,1.65040,2048
3.080000e-3,1.65927,2059
3.090000e-3,1.64718,2044
3.100000e-3,1.65846,2058
3.110000e-3,1.65443,2053
3.120000e-3,1.66168,2062
3.130000e-3,1.65604,2055
3.140000e-3,1.65604,2055
3.150000e-3,1.65846,2058
3.160000e-3,1.65766,2057
3.170000e-3,1.66410,2065
3.180000e-3,1.64637,2043
3.190000e-3,1.66410,2065
3.200000e-3,1.64476,2041
3.210000e-3,1.65846,2058
3.220000e-3,1.65201,2050
3.230000e-3,1.65846,2058
3.240000e-3,1.65201,2050
3.250000e-3,1.65040,2048
3.260000e-3,1.65685,2056
3.270000e-3,1.66007,2060
3.280000e-3,1.66007,2060
3.290000e-3,1.65282,2051
3.300000e-3,1.66007,2060
3.310000e-3,1.64154,2037
3.320000e-3,1.66410,2065
3.330000e-3,1.64315,2039
3.340000e-3,1.66410,2065
3.350000e-3,1.66652,2068
3.360000e-3,1.66652,2068
3.370000e-3,1.65201,2050
3.380000e-3,1.65685,2056
3.390000e-3,1.64960,2047
3.400000e-3,1.65927,2059
3.410000e-3,1.65363,2052
3.420000e-3,1.65846,2058
3.430000e-3,1.66007,2060
3.440000e-3,1.65040,2048
3.450000e-3,1.66894,2071
3.460000e-3,1.65040,2048
3.470000e-3,1.66007,2060
3.480000e-3,1.64799,2045
3.490000e-3,1.65766,2057
3.500000e-3,1.65524,2054
3.510000e-3,1.65282,2051
3.520000e-3,1.65766,2057
3.530000e-3,1.64557,2042
3.540000e-3,1.66249,2063
3.550000e-3,1.64154,2037
3.560000e-3,1.67055,2073
3.570000e-3,1.65524,2054
3.580000e-3,1.65846,2058
3.590000e-3,1.65201,2050
3.600000e-3,1.65846,2058
3.610000e-3,1.65524,2054
3.620000e-3,1.65846,2058
3.630000e-3,1.65282,2051
3.640000e-3,1.65363,2052
3.650000e-3,1.65524,2054
3.660000e-3,1.65121,2049
3.670000e-3,1.66168,2062
3.680000e-3,1.64637,2043
3.690000e-3,1.66813,2070
3.700000e-3,1.64960,2047
3.710000e-3,1.66410,2065
3.720000e-3,1.65443,2053
3.730000e-3,1.66088,2061
3.740000e-3,1.65040,2048
3.750000e-3,1.65766,2057
3.760000e-3,1.65927,2059
3.770000e-3,1.63993,2035
3.780000e-3,1.66330,2064
3.790000e-3,1.65201,2050
3.800000e-3,1.65927,2059
3.810000e-3,1.65121,2049
3.820000e-3,1.65685,2056
3.830000e-3,1.65363,2052
3.840000e-3,1.65121,2049
3.850000e-3,1.66007,2060
3.860000e-3,1.65040,2048
3.870000e-3,1.66974,2072
3.880000e-3,1.64879,2046
3.890000e-3,1.66168,2062
3.900000e-3,1.65927,2059
3.910000e-3,1.66571,2067
3.920000e-3,1.66007,2060
3.930000e-3,1.66088,2061
3.940000e-3,1.65363,2052
3.950000e-3,1.65927,2059
3.960000e-3,1.65604,2055
3.970000e-3,1.65282,2051
3.980000e-3,1.65282,2051
3.990000e-3,1.65443,2053
4.000000e-3,1.65524,2054
4.010000e-3,1.64960,2047
4.020000e-3,1.65846,2058
4.030000e-3,1.65282,2051
4.040000e-3,1.65927,2059
4.050000e-3,1.65201,2050
4.060000e-3,1.65846,2058
4.070000e-3,1.65363,2052
4.080000e-3,1.65927,2059
4.090000e-3,1.65040,2048
4.100000e-3,1.66410,2065
4.110000e-3,1.64396,2040
4.120000e-3,1.66491,2066
4.130000e-3,1.64476,2041
4.140000e-3,1.66007,2060
4.150000e-3,1.65443,2053
4.160000e-3,1.65927,2059
4.170000e-3,1.65443,2053
4.180000e-3,1.65766,2057
4.190000e-3,1.65766,2057
4.200000e-3,1.65201,2050
4.210000e-3,1.65685,2056
4.220000e-3,1.65282,2051
4.230000e-3,1.65927,2059
4.240000e-3,1.64476,2041
4.250000e-3,1.66249,2063
4.260000e-3,1.65363,2052
4.270000e-3,1.67136,2074
4.280000e-3,1.65040,2048
4.290000e-3,1.65927,2059
4.300000e-3,1.65363,2052
4.310000e-3,1.65524,2054
4.320000e-3,1.65363,2052
4.330000e-3,1.65524,2054
4.340000e-3,1.65121,2049
4.350000e-3,1.65685,2056
4.360000e-3,1.65201,2050
4.370000e-3,1.65282,2051
4.380000e-3,1.65282,2051
4.390000e-3,1.65685,2056
4.400000e-3,1.65927,2059
4.410000e-3,1.65201,2050
4.420000e-3,1.65927,2059
4.430000e-3,1.65282,2051
4.440000e-3,1.66491,2066
4.450000e-3,1.64396,2040
4.460000e-3,1.66491,2066
4.470000e-3,1.64315,2039
4.480000e-3,1.66330,2064
4.490000e-3,1.64396,2040
4.500000e-3,1.66571,2067
4.510000e-3,1.65040,2048
4.520000e-3,1.66007,2060
4.530000e-3,1.65201,2050
4.540000e-3,1.66088,2061
4.550000e-3,1.65363,2052
4.560000e-3,1.66088,2061
4.570000e-3,1.65443,2053
4.580000e-3,1.66733,2069
4.590000e-3,1.65443,2053
4.600000e-3,1.65604,2055
4.610000e-3,1.65282,2051
4.620000e-3,1.65201,2050
4.630000e-3,1.65846,2058
4.640000e-3,1.65040,2048
4.650000e-3,1.66007,2060
4.660000e-3,1.64637,2043
4.670000e-3,1.66168,2062
4.680000e-3,1.64799,2045
4.690000e-3,1.66652,2068
4.700000e-3,1.64557,2042
4.710000e-3,1.66491,2066
4.720000e-3,1.64557,2042
4.730000e-3,1.66168,2062
4.740000e-3,1.65121,2049
4.750000e-3,1.65927,2059
4.760000e-3,1.65443,2053
4.770000e-3,1.66088,2061
4.780000e-3,1.66249,2063
4.790000e-3,1.66088,2061
4.800000e-3,1.65443,2053
4.810000e-3,1.65604,2055
4.820000e-3,1.65363,2052
4.830000e-3,1.65121,2049
4.840000e-3,1.66007,2060
4.850000e-3,1.64637,2043
4.860000e-3,1.65685,2056
4.870000e-3,1.64396,2040
4.880000e-3,1.66652,2068
4.890000e-3,1.65282,2051
4.900000e-3,1.65766,2057
4.910000e-3,1.65282,2051
4.920000e-3,1.65846,2058
4.930000e-3,1.65604,2055
4.940000e-3,1.65927,2059
4.950000e-3,1.65201,2050
4.960000e-3,1.65846,2058
4.970000e-3,1.65282,2051
4.980000e-3,1.65846,2058
4.990000e-3,1.65524,2054
5.000000e-3,1.65201,2050
5.010000e-3,1.66330,2064
5.020000e-3,1.64557,2042
5.030000e-3,1.66571,2067
5.040000e-3,1.64315,2039
5.050000e-3,1.66410,2065
5.060000e-3,1.66088,2061
5.070000e-3,1.66088,2061
5.080000e-3,1.65040,2048
5.090000e-3,1.65685,2056
5.100000e-3,1.65604,2055
5.110000e-3,1.64799,2045
5.120000e-3,1.66571,2067
5.130000e-3,1.64396,2040
5.140000e-3,1.65685,2056
5.150000e-3,1.65363,2052
5.160000e-3,1.65846,2058
5.170000e-3,1.65363,2052
5.180000e-3,1.65363,2052
5.190000e-3,1.66330,2064
5.200000e-3,1.64476,2041
5.210000e-3,1.66007,2060
5.220000e-3,1.65040,2048
5.230000e-3,1.65766,2057
5.240000e-3,1.65121,2049
5.250000e-3,1.65685,2056
5.260000e-3,1.65443,2053
5.270000e-3,1.65282,2051
5.280000e-3,1.66330,2064
5.290000e-3,1.64718,2044
5.300000e-3,1.66894,2071
5.310000e-3,1.65282,2051
5.320000e-3,1.66491,2066
5.330000e-3,1.65524,2054
5.340000e-3,1.65685,2056
5.350000e-3,1.65363,2052
5.360000e-3,1.66088,2061
5.370000e-3,1.65685,2056
5.380000e-3,1.64637,2043
5.390000e-3,1.66571,2067
5.400000e-3,1.64879,2046
5.410000e-3,1.65846,2058
5.420000e-3,1.64960,2047
5.430000e-3,1.66330,2064
5.440000e-3,1.65363,2052
5.450000e-3,1.65685,2056
5.460000e-3,1.66168,2062
5.470000e-3,1.65040,2048
5.480000e-3,1.66330,2064
5.490000e-3,1.64960,2047
5.500000e-3,1.65685,2056
5.510000e-3,1.64799,2045
5.520000e-3,1.65685,2056
5.530000e-3,1.65121,2049
5.540000e-3,1.65282,2051
5.550000e-3,1.66330,2064
5.560000e-3,1.65524,2054
5.570000e-3,1.66571,2067
5.580000e-3,1.64315,2039
5.590000e-3,1.66410,2065
5.600000e-3,1.65040,2048
5.610000e-3,1.65766,2057
5.620000e-3,1.64799,2045
5.630000e-3,1.65927,2059
5.640000e-3,1.64557,2042
5.650000e-3,1.65443,2053
5.660000e-3,1.65363,2052
5.670000e-3,1.64960,2047
5.680000e-3,1.65846,2058
5.690000e-3,1.64637,2043
5.700000e-3,1.66491,2066
5.710000e-3,1.64718,2044
5.720000e-3,1.66330,2064
5.730000e-3,1.65604,2055
5.740000e-3,1.66168,2062
5.750000e-3,1.65846,2058
5.760000e-3,1.65766,2057
5.770000e-3,1.65846,2058
5.780000e-3,1.64960,2047
5.790000e-3,1.65121,2049
5.800000e-3,1.65121,2049
5.810000e-3,1.65766,2057
5.820000e-3,1.65121,2049
5.830000e-3,1.66894,2071
5.840000e-3,1.63993,2035
5.850000e-3,1.65766,2057
5.860000e-3,1.64960,2047
5.870000e-3,1.65524,2054
5.880000e-3,1.64960,2047
5.890000e-3,1.66007,2060
5.900000e-3,1.65766,2057
5.910000e-3,1.65766,2057
5.920000e-3,1.66168,2062
5.930000e-3,1.65282,2051
5.940000e-3,1.66652,2068
5.950000e-3,1.64637,2043
5.960000e-3,1.65766,2057
5.970000e-3,1.65040,2048
5.980000e-3,1.65846,2058
5.990000e-3,1.65524,2054
6.000000e-3,1.66007,2060
6.010000e-3,1.65846,2058
6.020000e-3,1.65846,2058
6.030000e-3,1.66491,2066
6.040000e-3,1.64718,2044
6.050000e-3,1.66894,2071
6.060000e-3,1.65282,2051
6.070000e-3,1.66007,2060
6.080000e-3,1.65443,2053
6.090000e-3,1.66007,2060
6.100000e-3,1.65363,2052
6.110000e-3,1.65766,2057
6.120000e-3,1.64960,2047
6.130000e-3,1.65443,2053
6.140000e-3,1.65121,2049
6.150000e-3,1.64960,2047
6.160000e-3,1.65927,2059
6.170000e-3,1.65766,2057
6.180000e-3,1.66491,2066
6.190000e-3,1.64879,2046
6.200000e-3,1.66330,2064
6.210000e-3,1.64718,2044
6.220000e-3,1.65685,2056
6.230000e-3,1.65524,2054
6.240000e-3,1.66088,2061
6.250000e-3,1.65201,2050
6.260000e-3,1.66007,2060
6.270000e-3,1.65443,2053
6.280000e-3,1.66571,2067
6.290000e-3,1.65604,2055
6.300000e-3,1.65524,2054
6.310000e-3,1.65685,2056
6.320000e-3,1.64637,2043
6.330000e-3,1.66249,2063
6.340000e-3,1.64154,2037
6.350000e-3,1.65927,2059
6.360000e-3,1.64960,2047
6.370000e-3,1.65685,2056
6.380000e-3,1.65604,2055
6.390000e-3,1.65846,2058
6.400000e-3,1.65604,2055
6.410000e-3,1.64879,2046
6.420000e-3,1.66571,2067
6.430000e-3,1.64234,2038
6.440000e-3,1.66571,2067
6.450000e-3,1.64073,2036
6.460000e-3,1.66249,2063
6.470000e-3,1.65040,2048
6.480000e-3,1.65846,2058
6.490000e-3,1.65040,2048
6.500000e-3,1.65685,2056
6.510000e-3,1.65121,2049
6.520000e-3,1.65927,2059
6.530000e-3,1.65604,2055
6.540000e-3,1.66330,2064
6.550000e-3,1.66168,2062
6.560000e-3,1.66168,2062
6.570000e-3,1.64879,2046
6.580000e-3,1.67136,2074
6.590000e-3,1.65524,2054
6.600000e-3,1.65363,2052
6.610000e-3,1.65443,2053
6.620000e-3,1.65685,2056
6.630000e-3,1.65363,2052
6.640000e-3,1.65121,2049
6.650000e-3,1.66088,2061
6.660000e-3,1.65443,2053
6.670000e-3,1.65766,2057
6.680000e-3,1.64637,2043
6.690000e-3,1.66813,2070
6.700000e-3,1.64234,2038
6.710000e-3,1.66168,2062
6.720000e-3,1.64234,2038
6.730000e-3,1.66571,2067
6.740000e-3,1.65201,2050
6.750000e-3,1.66330,2064
6.760000e-3,1.65604,2055
6.770000e-3,1.66168,2062
6.780000e-3,1.65524,2054
6.790000e-3,1.65766,2057
6.800000e-3,1.65524,2054
6.810000e-3,1.65766,2057
6.820000e-3,1.65363,2052
6.830000e-3,1.65443,2053
6.840000e-3,1.65604,2055
6.850000e-3,1.65201,2050
6.860000e-3,1.66007,2060
6.870000e-3,1.65282,2051
6.880000e-3,1.65846,2058
6.890000e-3,1.64476,2041
6.900000e-3,1.66249,2063
6.910000e-3,1.63993,2035
6.920000e-3,1.66410,2065
6.930000e-3,1.64799,2045
6.940000e-3,1.66330,2064
6.950000e-3,1.65524,2054
6.960000e-3,1.66168,2062
6.970000e-3,1.65524,2054
6.980000e-3,1.66330,2064
6.990000e-3,1.65685,2056
7.000000e-3,1.65846,2058
7.010000e-3,1.65604,2055
7.020000e-3,1.64960,2047
7.030000e-3,1.66330,2064
7.040000e-3,1.64557,2042
7.050000e-3,1.66652,2068
7.060000e-3,1.64476,2041
7.070000e-3,1.66007,2060
7.080000e-3,1.65121,2049
7.090000e-3,1.65604,2055
7.100000e-3,1.65040,2048
7.110000e-3,1.65443,2053
7.120000e-3,1.64960,2047
7.130000e-3,1.66088,2061
7.140000e-3,1.65604,2055
7.150000e-3,1.65766,2057
7.160000e-3,1.65685,2056
7.170000e-3,1.65766,2057
7.180000e-3,1.66007,2060
7.190000e-3,1.65121,2049
7.200000e-3,1.66571,2067
7.210000e-3,1.64154,2037
7.220000e-3,1.66652,2068
7.230000e-3,1.64879,2046
7.240000e-3,1.66491,2066
7.250000e-3,1.65524,2054
7.260000e-3,1.66491,2066
7.270000e-3,1.65604,2055
7.280000e-3,1.66007,2060
7.290000e-3,1.65363,2052
7.300000e-3,1.65927,2059
7.310000e-3,1.65524,2054
7.320000e-3,1.66007,2060
7.330000e-3,1.65524,2054
7.340000e-3,1.65685,2056
7.350000e-3,1.65040,2048
7.360000e-3,1.65282,2051
7.370000e-3,1.65201,2050
7.380000e-3,1.65766,2057
7.390000e-3,1.65363,2052
7.400000e-3,1.65443,2053
7.410000e-3,1.65766,2057
7.420000e-3,1.65524,2054
7.430000e-3,1.66088,2061
7.440000e-3,1.64637,2043
7.450000e-3,1.66330,2064
7.460000e-3,1.64315,2039
7.470000e-3,1.66249,2063
7.480000e-3,1.65040,2048
7.490000e-3,1.65846,2058
7.500000e-3,1.65524,2054
7.510000e-3,1.66168,2062
7.520000e-3,1.65524,2054
7.530000e-3,1.66168,2062
7.540000e-3,1.65524,2054
7.550000e-3,1.65604,2055
7.560000e-3,1.65443,2053
7.570000e-3,1.65363,2052
7.580000e-3,1.66007,2060
7.590000e-3,1.64396,2040
7.600000e-3,1.66652,2068
7.610000e-3,1.64637,2043
7.620000e-3,1.65685,2056
7.630000e-3,1.65766,2057
7.640000e-3,1.65121,2049
7.650000e-3,1.65282,2051
7.660000e-3,1.65282,2051
7.670000e-3,1.66007,2060
7.680000e-3,1.64637,2043
7.690000e-3,1.66410,2065
7.700000e-3,1.65040,2048
7.710000e-3,1.65604,2055
7.720000e-3,1.65524,2054
7.730000e-3,1.66168,2062
7.740000e-3,1.65685,2056
7.750000e-3,1.65363,2052
7.760000e-3,1.65685,2056
7.770000e-3,1.65121,2049
7.780000e-3,1.65927,2059
7.790000e-3,1.64637,2043
7.800000e-3,1.66491,2066
7.810000e-3,1.64396,2040
7.820000e-3,1.65766,2057
7.830000e-3,1.64960,2047
7.840000e-3,1.65685,2056
7.850000e-3,1.65846,2058
7.860000e-3,1.65201,2050
7.870000e-3,1.65282,2051
7.880000e-3,1.65685,2056
7.890000e-3,1.65282,2051
7.900000e-3,1.65846,2058
7.910000e-3,1.66330,2064
7.920000e-3,1.65040,2048
7.930000e-3,1.67136,2074
7.940000e-3,1.65363,2052
7.950000e-3,1.65846,2058
7.960000e-3,1.64960,2047
7.970000e-3,1.65524,2054
7.980000e-3,1.65201,2050
7.990000e-3,1.65443,2053
8.000000e-3,1.65524,2054
8.010000e-3,1.64637,2043
8.020000e-3,1.66974,2072
8.030000e-3,1.65363,2052
8.040000e-3,1.66007,2060
8.050000e-3,1.65121,2049
8.060000e-3,1.66007,2060
8.070000e-3,1.64557,2042
8.080000e-3,1.65685,2056
8.090000e-3,1.65524,2054
8.100000e-3,1.65121,2049
8.110000e-3,1.65040,2048
8.120000e-3,1.63993,2035
8.130000e-3,1.66410,2065
8.140000e-3,1.64960,2047
8.150000e-3,1.65766,2057
8.160000e-3,1.65766,2057
8.170000e-3,1.66007,2060
8.180000e-3,1.65443,2053
8.190000e-3,1.66088,2061
8.200000e-3,1.65685,2056
8.210000e-3,1.65685,2056
8.220000e-3,1.65766,2057
8.230000e-3,1.65040,2048
8.240000e-3,1.65443,2053
8.250000e-3,1.65121,2049
8.260000e-3,1.66813,2070
8.270000e-3,1.64234,2038
8.280000e-3,1.66330,2064
8.290000e-3,1.65604,2055
8.300000e-3,1.65766,2057
8.310000e-3,1.64718,2044
8.320000e-3,1.65282,2051
8.330000e-3,1.65201,2050
8.340000e-3,1.65443,2053
8.350000e-3,1.65604,2055
8.360000e-3,1.64154,2037
8.370000e-3,1.67377,2077
8.380000e-3,1.65121,2049
8.390000e-3,1.66088,2061
8.400000e-3,1.65443,2053
8.410000e-3,1.65846,2058
8.420000e-3,1.66088,2061
8.430000e-3,1.65040,2048
8.440000e-3,1.66410,2065
8.450000e-3,1.64476,2041
8.460000e-3,1.66491,2066
8.470000e-3,1.65363,2052
8.480000e-3,1.66007,2060
8.490000e-3,1.65766,2057
8.500000e-3,1.65846,2058
8.510000e-3,1.66571,2067
8.520000e-3,1.64879,2046
8.530000e-3,1.66733,2069
8.540000e-3,1.64476,2041
8.550000e-3,1.66894,2071
8.560000e-3,1.64718,2044
8.570000e-3,1.65685,2056
8.580000e-3,1.65040,2048
8.590000e-3,1.65685,2056
8.600000e-3,1.64960,2047
8.610000e-3,1.65685,2056
8.620000e-3,1.64637,2043
8.630000e-3,1.65363,2052
8.640000e-3,1.66088,2061
8.650000e-3,1.65282,2051
8.660000e-3,1.66652,2068
8.670000e-3,1.65443,2053
8.680000e-3,1.66491,2066
8.690000e-3,1.64879,2046
8.700000e-3,1.66974,2072
8.710000e-3,1.65121,2049
8.720000e-3,1.65685,2056
8.730000e-3,1.65121,2049
8.740000e-3,1.66088,2061
8.750000e-3,1.66088,2061
8.760000e-3,1.66088,2061
8.770000e-3,1.66330,2064
8.780000e-3,1.65443,2053
8.790000e-3,1.65201,2050
8.800000e-3,1.66168,2062
8.810000e-3,1.64637,2043
8.820000e-3,1.65766,2057
8.830000e-3,1.65524,2054
8.840000e-3,1.65363,2052
8.850000e-3,1.65363,2052
8.860000e-3,1.65685,2056
8.870000e-3,1.64396,2040
8.880000e-3,1.65604,2055
8.890000e-3,1.65363,2052
8.900000e-3,1.65363,2052
8.910000e-3,1.64960,2047
8.920000e-3,1.64799,2045
8.930000e-3,1.66571,2067
8.940000e-3,1.64396,2040
8.950000e-3,1.67216,2075
8.960000e-3,1.64315,2039
8.970000e-3,1.66571,2067
8.980000e-3,1.65040,2048
8.990000e-3,1.65766,2057
9.000000e-3,1.65201,2050
9.010000e-3,1.65846,2058
9.020000e-3,1.65201,2050
9.030000e-3,1.65604,2055
9.040000e-3,1.65443,2053
9.050000e-3,1.64960,2047
9.060000e-3,1.65121,2049
9.070000e-3,1.64879,2046
9.080000e-3,1.66410,2065
9.090000e-3,1.64718,2044
9.100000e-3,1.66733,2069
9.110000e-3,1.64557,2042
9.120000e-3,1.66410,2065
9.130000e-3,1.65524,2054
9.140000e-3,1.65040,2048
9.150000e-3,1.65524,2054
9.160000e-3,1.65846,2058
9.170000e-3,1.65201,2050
9.180000e-3,1.65604,2055
9.190000e-3,1.65604,2055
9.200000e-3,1.64557,2042
9.210000e-3,1.66088,2061
9.220000e-3,1.64557,2042
9.230000e-3,1.66571,2067
9.240000e-3,1.65040,2048
9.250000e-3,1.65685,2056
9.260000e-3,1.65121,2049
9.270000e-3,1.66007,2060
9.280000e-3,1.65604,2055
9.290000e-3,1.65604,2055
9.300000e-3,1.66168,2062
9.310000e-3,1.64879,2046
9.320000e-3,1.66733,2069
9.330000e-3,1.64960,2047
9.340000e-3,1.66007,2060
9.350000e-3,1.65443,2053
9.360000e-3,1.65604,2055
9.370000e-3,1.65040,2048
9.380000e-3,1.65282,2051
9.390000e-3,1.65282,2051
9.400000e-3,1.65040,2048
9.410000e-3,1.66894,2071
9.420000e-3,1.63590,2030
9.430000e-3,1.66168,2062
9.440000e-3,1.65685,2056
9.450000e-3,1.66007,2060
9.460000e-3,1.66168,2062
9.470000e-3,1.65201,2050
9.480000e-3,1.66168,2062
9.490000e-3,1.65443,2053
9.500000e-3,1.65766,2057
9.510000e-3,1.65121,2049
9.520000e-3,1.65443,2053
9.530000e-3,1.65766,2057
9.540000e-3,1.65121,2049
9.550000e-3,1.66733,2069
9.560000e-3,1.64315,2039
9.570000e-3,1.66410,2065
9.580000e-3,1.64396,2040
9.590000e-3,1.65524,2054
9.600000e-3,1.64960,2047
9.610000e-3,1.65685,2056
9.620000e-3,1.65685,2056
9.630000e-3,1.65846,2058
9.640000e-3,1.66088,2061
9.650000e-3,1.64960,2047
9.660000e-3,1.66733,2069
9.670000e-3,1.64960,2047
9.680000e-3,1.66007,2060
9.690000e-3,1.65282,2051
9.700000e-3,1.66088,2061
9.710000e-3,1.65604,2055
9.720000e-3,1.66007,2060
9.730000e-3,1.66168,2062
9.740000e-3,1.65363,2052
9.750000e-3,1.66813,2070
9.760000e-3,1.64234,2038
9.770000e-3,1.66410,2065
9.780000e-3,1.65443,2053
9.790000e-3,1.66088,2061
9.800000e-3,1.65443,2053
9.810000e-3,1.66007,2060
9.820000e-3,1.66652,2068
9.830000e-3,1.65201,2050
9.840000e-3,1.66410,2065
9.850000e-3,1.64718,2044
9.860000e-3,1.65846,2058
9.870000e-3,1.65282,2051
9.880000e-3,1.65363,2052
9.890000e-3,1.65443,2053
9.900000e-3,1.65846,2058
9.910000e-3,1.65443,2053
9.920000e-3,1.65201,2050
9.930000e-3,1.65524,2054
9.940000e-3,1.64879,2046
9.950000e-3,1.66088,2061
9.960000e-3,1.64154,2037
9.970000e-3,1.65846,2058
9.980000e-3,1.65201,2050
9.990000e-3,1.65846,2058
1.000000e-2,1.65685,2056
1.001000e-2,1.64879,2046
1.002000e-2,1.66571,2067
1.003000e-2,1.64396,2040
1.004000e-2,1.66330,2064
1.005000e-2,1.65121,2049
1.006000e-2,1.65201,2050
1.007000e-2,1.65121,2049
1.008000e-2,1.65846,2058
1.009000e-2,1.65282,2051
1.010000e-2,1.65685,2056
1.011000e-2,1.65040,2048
1.012000e-2,1.65685,2056
1.013000e-2,1.66088,2061
1.014000e-2,1.64960,2047
1.015000e-2,1.67538,2079
1.016000e-2,1.65282,2051
1.017000e-2,1.66007,2060
1.018000e-2,1.65201,2050
1.019000e-2,1.65282,2051
1.020000e-2,1.65282,2051
1.021000e-2,1.65282,2051
1.022000e-2,1.65685,2056
1.023000e-2,1.64960,2047
1.024000e-2,1.66007,2060
1.025000e-2,1.64718,2044
1.026000e-2,1.66571,2067
1.027000e-2,1.65121,2049
1.028000e-2,1.66007,2060
1.029000e-2,1.65685,2056
1.030000e-2,1.65363,2052
1.031000e-2,1.65121,2049
1.032000e-2,1.65604,2055
1.033000e-2,1.65040,2048
1.034000e-2,1.65846,2058
1.035000e-2,1.66007,2060
1.036000e-2,1.65685,2056
1.037000e-2,1.65524,2054
1.038000e-2,1.65282,2051
1.039000e-2,1.66491,2066
1.040000e-2,1.64718,2044
1.041000e-2,1.66571,2067
1.042000e-2,1.64396,2040
1.043000e-2,1.66330,2064
1.044000e-2,1.64557,2042
1.045000e-2,1.65524,2054
1.046000e-2,1.65524,2054
1.047000e-2,1.66007,2060
1.048000e-2,1.65524,2054
1.049000e-2,1.66088,2061
1.050000e-2,1.65524,2054
1.051000e-2,1.66168,2062
1.052000e-2,1.65524,2054
1.053000e-2,1.64960,2047
1.054000e-2,1.66249,2063
1.055000e-2,1.64315,2039
1.056000e-2,1.66330,2064
1.057000e-2,1.65604,2055
1.058000e-2,1.65846,2058
1.059000e-2,1.65282,2051
1.060000e-2,1.65363,2052
1.061000e-2,1.66168,2062
1.062000e-2,1.65524,2054
1.063000e-2,1.66652,2068
1.064000e-2,1.65201,2050
1.065000e-2,1.66974,2072
1.066000e-2,1.65443,2053
1.067000e-2,1.65604,2055
1.068000e-2,1.65040,2048
1.069000e-2,1.65604,2055
1.070000e-2,1.65201,2050
1.071000e-2,1.65282,2051
1.072000e-2,1.65604,2055
1.073000e-2,1.65846,2058
1.074000e-2,1.65524,2054
1.075000e-2,1.64718,2044
1.076000e-2,1.66330,2064
1.077000e-2,1.65121,2049
1.078000e-2,1.65766,2057
1.079000e-2,1.65040,2048
1.080000e-2,1.65766,2057
1.081000e-2,1.65685,2056
1.082000e-2,1.65121,2049
1.083000e-2,1.66249,2063
1.084000e-2,1.64073,2036
1.085000e-2,1.66249,2063
1.086000e-2,1.64960,2047
1.087000e-2,1.66410,2065
1.088000e-2,1.65604,2055
1.089000e-2,1.65766,2057
1.090000e-2,1.66088,2061
1.091000e-2,1.64879,2046
1.092000e-2,1.66652,2068
1.093000e-2,1.64799,2045
1.094000e-2,1.65766,2057
1.095000e-2,1.65282,2051
1.096000e-2,1.65685,2056
1.097000e-2,1.66330,2064
1.098000e-2,1.65040,2048
1.099000e-2,1.67136,2074
1.100000e-2,1.65685,2056
1.101000e-2,1.66249,2063
1.102000e-2,1.65201,2050
1.103000e-2,1.66007,2060
1.104000e-2,1.65685,2056
1.105000e-2,1.65443,2053
1.106000e-2,1.66410,2065
1.107000e-2,1.64073,2036
1.108000e-2,1.66491,2066
1.109000e-2,1.65040,2048
1.110000e-2,1.65846,2058
1.111000e-2,1.65363,2052
1.112000e-2,1.65685,2056
1.113000e-2,1.65604,2055
1.114000e-2,1.65524,2054
1.115000e-2,1.66088,2061
1.116000e-2,1.64879,2046
1.117000e-2,1.66491,2066
1.118000e-2,1.64960,2047
1.119000e-2,1.65604,2055
1.120000e-2,1.65201,2050
1.121000e-2,1.66330,2064
1.122000e-2,1.65363,2052
1.123000e-2,1.65282,2051
1.124000e-2,1.66330,2064
1.125000e-2,1.64879,2046
1.126000e-2,1.66652,2068
1.127000e-2,1.64879,2046
1.128000e-2,1.65846,2058
1.129000e-2,1.65201,2050
1.130000e-2,1.65846,2058
1.131000e-2,1.65201,2050
1.132000e-2,1.65201,2050
1.133000e-2,1.65524,2054
1.134000e-2,1.65282,2051
1.135000e-2,1.66330,2064
1.136000e-2,1.64960,2047
1.137000e-2,1.65363,2052
1.138000e-2,1.65443,2053
1.139000e-2,1.65927,2059
1.140000e-2,1.65927,2059
1.141000e-2,1.64960,2047
1.142000e-2,1.66894,2071
1.143000e-2,1.64476,2041
1.144000e-2,1.65846,2058
1.145000e-2,1.65121,2049
1.146000e-2,1.65685,2056
1.147000e-2,1.65604,2055
1.148000e-2,1.65040,2048
1.149000e-2,1.65927,2059
1.150000e-2,1.64718,2044
1.151000e-2,1.66652,2068
1.152000e-2,1.65121,2049
1.153000e-2,1.65846,2058
1.154000e-2,1.65201,2050
1.155000e-2,1.65604,2055
1.156000e-2,1.65766,2057
1.157000e-2,1.64396,2040
1.158000e-2,1.66491,2066
1.159000e-2,1.65604,2055
1.160000e-2,1.65846,2058
1.161000e-2,1.65363,2052
1.162000e-2,1.66007,2060
1.163000e-2,1.65201,2050
1.164000e-2,1.65846,2058
1.165000e-2,1.65766,2057
1.166000e-2,1.65363,2052
1.167000e-2,1.66088,2061
1.168000e-2,1.64718,2044
1.169000e-2,1.66007,2060
1.170000e-2,1.64476,2041
1.171000e-2,1.66894,2071
1.172000e-2,1.64718,2044
1.173000e-2,1.66330,2064
1.174000e-2,1.65524,2054
1.175000e-2,1.66168,2062
1.176000e-2,1.65524,2054
1.177000e-2,1.66088,2061
1.178000e-2,1.64799,2045
1.179000e-2,1.65685,2056
1.180000e-2,1.64476,2041
1.181000e-2,1.65685,2056
1.182000e-2,1.65282,2051
1.183000e-2,1.65604,2055
1.184000e-2,1.65524,2054
1.185000e-2,1.65121,2049
1.186000e-2,1.65927,2059
1.187000e-2,1.65040,2048
1.188000e-2,1.66974,2072
1.189000e-2,1.64637,2043
1.190000e-2,1.66330,2064
1.191000e-2,1.65604,2055
1.192000e-2,1.65524,2054
1.193000e-2,1.65766,2057
1.194000e-2,1.65282,2051
1.195000e-2,1.65604,2055
1.196000e-2,1.64799,2045
1.197000e-2,1.65846,2058
1.198000e-2,1.64396,2040
1.199000e-2,1.66974,2072
1.200000e-2,1.65363,2052
1.201000e-2,1.66007,2060
1.202000e-2,1.65201,2050
1.203000e-2,1.65766,2057
1.204000e-2,1.64396,2040
1.205000e-2,1.65685,2056
1.206000e-2,1.66410,2065
1.207000e-2,1.65363,2052
1.208000e-2,1.65604,2055
1.209000e-2,1.64960,2047
1.210000e-2,1.65846,2058
1.211000e-2,1.64396,2040
1.212000e-2,1.66410,2065
1.213000e-2,1.64879,2046
1.214000e-2,1.65927,2059
1.215000e-2,1.65443,2053
1.216000e-2,1.66249,2063
1.217000e-2,1.65604,2055
1.218000e-2,1.65685,2056
1.219000e-2,1.65201,2050
1.220000e-2,1.64557,2042
1.221000e-2,1.66330,2064
1.222000e-2,1.64799,2045
1.223000e-2,1.66330,2064
1.224000e-2,1.65524,2054
1.225000e-2,1.66330,2064
1.226000e-2,1.65604,2055
1.227000e-2,1.64879,2046
1.228000e-2,1.66571,2067
1.229000e-2,1.64476,2041
1.230000e-2,1.66007,2060
1.231000e-2,1.65604,2055
1.232000e-2,1.66088,2061
1.233000e-2,1.66007,2060
1.234000e-2,1.64799,2045
1.235000e-2,1.66491,2066
1.236000e-2,1.64315,2039
1.237000e-2,1.65766,2057
1.238000e-2,1.64879,2046
1.239000e-2,1.65604,2055
1.240000e-2,1.66007,2060
1.241000e-2,1.65685,2056
1.242000e-2,1.66410,2065
1.243000e-2,1.64396,2040
1.244000e-2,1.65604,2055
1.245000e-2,1.64960,2047
1.246000e-2,1.65604,2055
1.247000e-2,1.65363,2052
1.248000e-2,1.65282,2051
1.249000e-2,1.65604,2055
1.250000e-2,1.63670,2031
1.251000e-2,1.66733,2069
1.252000e-2,1.64315,2039
1.253000e-2,1.66491,2066
1.254000e-2,1.64879,2046
1.255000e-2,1.66088,2061
1.256000e-2,1.65443,2053
1.257000e-2,1.66007,2060
1.258000e-2,1.65685,2056
1.259000e-2,1.65443,2053
1.260000e-2,1.67055,2073
1.261000e-2,1.64234,2038
1.262000e-2,1.65524,2054
1.263000e-2,1.65685,2056
1.264000e-2,1.66168,2062
1.265000e-2,1.66088,2061
1.266000e-2,1.65121,2049
1.267000e-2,1.67458,2078
1.268000e-2,1.65524,2054
1.269000e-2,1.65927,2059
1.270000e-2,1.65443,2053
1.271000e-2,1.65443,2053
1.272000e-2,1.66088,2061
1.273000e-2,1.64799,2045
1.274000e-2,1.66974,2072
1.275000e-2,1.65201,2050
1.276000e-2,1.66007,2060
1.277000e-2,1.65524,2054
1.278000e-2,1.65363,2052
1.279000e-2,1.66330,2064
1.280000e-2,1.65040,2048
1.281000e-2,1.65846,2058
1.282000e-2,1.65443,2053
1.283000e-2,1.65604,2055
1.284000e-2,1.65685,2056
1.285000e-2,1.64315,2039
1.286000e-2,1.66088,2061
1.287000e-2,1.64234,2038
1.288000e-2,1.66410,2065
1.289000e-2,1.64154,2037
1.290000e-2,1.65846,2058
1.291000e-2,1.65363,2052
1.292000e-2,1.65927,2059
1.293000e-2,1.66330,2064
1.294000e-2,1.65846,2058
1.295000e-2,1.65766,2057
1.296000e-2,1.65040,2048
1.297000e-2,1.66168,2062
1.298000e-2,1.64315,2039
1.299000e-2,1.66249,2063
1.300000e-2,1.65121,2049
1.301000e-2,1.65685,2056
1.302000e-2,1.65282,2051
1.303000e-2,1.65846,2058
1.304000e-2,1.66007,2060
1.305000e-2,1.64073,2036
1.306000e-2,1.66733,2069
1.307000e-2,1.65443,2053
1.308000e-2,1.66088,2061
1.309000e-2,1.65443,2053
1.310000e-2,1.65685,2056
1.311000e-2,1.64396,2040
1.312000e-2,1.65443,2053
1.313000e-2,1.65524,2054
1.314000e-2,1.65201,2050
1.315000e-2,1.66168,2062
1.316000e-2,1.64315,2039
1.317000e-2,1.66894,2071
1.318000e-2,1.65040,2048
1.319000e-2,1.66007,2060
1.320000e-2,1.65201,2050
1.321000e-2,1.65604,2055
1.322000e-2,1.65201,2050
1.323000e-2,1.65685,2056
1.324000e-2,1.65201,2050
1.325000e-2,1.65685,2056
1.326000e-2,1.65363,2052
1.327000e-2,1.65524,2054
1.328000e-2,1.65524,2054
1.329000e-2,1.65685,2056
1.330000e-2,1.65524,2054
1.331000e-2,1.65443,2053
1.332000e-2,1.66168,2062
1.333000e-2,1.65363,2052
1.334000e-2,1.66733,2069
1.335000e-2,1.64476,2041
1.336000e-2,1.66249,2063
1.337000e-2,1.65443,2053
1.338000e-2,1.66168,2062
1.339000e-2,1.65201,2050
1.340000e-2,1.65846,2058
1.341000e-2,1.65282,2051
1.342000e-2,1.65927,2059
1.343000e-2,1.65282,2051
1.344000e-2,1.65846,2058
1.345000e-2,1.65040,2048
1.346000e-2,1.65927,2059
1.347000e-2,1.65040,2048
1.348000e-2,1.65443,2053
1.349000e-2,1.65282,2051
1.350000e-2,1.65282,2051
1.351000e-2,1.65443,2053
1.352000e-2,1.65604,2055
1.353000e-2,1.66088,2061
1.354000e-2,1.64718,2044
1.355000e-2,1.66652,2068
1.356000e-2,1.64557,2042
1.357000e-2,1.65604,2055
1.358000e-2,1.65363,2052
1.359000e-2,1.65524,2054
1.360000e-2,1.65524,2054
1.361000e-2,1.65846,2058
1.362000e-2,1.65282,2051
1.363000e-2,1.65846,2058
1.364000e-2,1.65524,2054
1.365000e-2,1.65927,2059
1.366000e-2,1.66249,2063
1.367000e-2,1.65201,2050
1.368000e-2,1.66410,2065
1.369000e-2,1.64637,2043
1.370000e-2,1.66733,2069
1.371000e-2,1.64476,2041
1.372000e-2,1.66733,2069
1.373000e-2,1.65040,2048
1.374000e-2,1.65766,2057
1.375000e-2,1.65846,2058
1.376000e-2,1.65766,2057
1.377000e-2,1.65282,2051
1.378000e-2,1.65685,2056
1.379000e-2,1.65685,2056
1.380000e-2,1.64637,2043
1.381000e-2,1.66410,2065
1.382000e-2,1.64396,2040
1.383000e-2,1.66571,2067
1.384000e-2,1.64718,2044
1.385000e-2,1.66168,2062
1.386000e-2,1.65927,2059
1.387000e-2,1.66088,2061
1.388000e-2,1.65121,2049
1.389000e-2,1.65846,2058
1.390000e-2,1.65201,2050
1.391000e-2,1.65524,2054
1.392000e-2,1.65766,2057
1.393000e-2,1.64799,2045
1.394000e-2,1.65927,2059
1.395000e-2,1.65766,2057
1.396000e-2,1.66007,2060
1.397000e-2,1.64476,2041
1.398000e-2,1.66007,2060
1.399000e-2,1.65121,2049
1.400000e-2,1.65766,2057
1.401000e-2,1.65604,2055
1.402000e-2,1.66571,2067
1.403000e-2,1.64960,2047
1.404000e-2,1.65604,2055
1.405000e-2,1.66491,2066
1.406000e-2,1.64879,2046
1.407000e-2,1.66168,2062
1.408000e-2,1.64476,2041
1.409000e-2,1.66491,2066
1.410000e-2,1.64879,2046
1.411000e-2,1.65685,2056
1.412000e-2,1.65282,2051
1.413000e-2,1.65846,2058
1.414000e-2,1.65443,2053
1.415000e-2,1.66007,2060
1.416000e-2,1.65604,2055
1.417000e-2,1.65363,2052
1.418000e-2,1.65685,2056
1.419000e-2,1.64960,2047
1.420000e-2,1.66410,2065
1.421000e-2,1.64396,2040
1.422000e-2,1.66652,2068
1.423000e-2,1.65524,2054
1.424000e-2,1.65685,2056
1.425000e-2,1.65443,2053
1.426000e-2,1.66007,2060
1.427000e-2,1.65524,2054
1.428000e-2,1.65927,2059
1.429000e-2,1.65846,2058
1.430000e-2,1.65282,2051
1.431000e-2,1.66733,2069
1.432000e-2,1.64476,2041
1.433000e-2,1.65927,2059
1.434000e-2,1.65766,2057
1.435000e-2,1.65927,2059
1.436000e-2,1.65201,2050
1.437000e-2,1.65685,2056
1.438000e-2,1.65766,2057
1.439000e-2,1.65363,2052
1.440000e-2,1.66088,2061
1.441000e-2,1.64476,2041
1.442000e-2,1.66894,2071
1.443000e-2,1.90908,2369
1.444000e-2,1.65927,2059
1.445000e-2,1.64960,2047
1.446000e-2,1.65363,2052
1.447000e-2,1.64960,2047
1.448000e-2,1.66007,2060
1.449000e-2,1.65524,2054
1.450000e-2,1.65121,2049
1.451000e-2,1.66330,2064
1.452000e-2,1.65363,2052
1.453000e-2,1.66571,2067
1.454000e-2,1.64879,2046
1.455000e-2,1.66894,2071
1.456000e-2,1.64960,2047
1.457000e-2,1.66007,2060
1.458000e-2,1.65282,2051
1.459000e-2,1.66007,2060
1.460000e-2,1.65363,2052
1.461000e-2,1.65282,2051
1.462000e-2,1.65685,2056
1.463000e-2,1.65524,2054
1.464000e-2,1.65846,2058
1.465000e-2,1.64799,2045
1.466000e-2,1.66491,2066
1.467000e-2,1.64637,2043
1.468000e-2,1.65766,2057
1.469000e-2,1.65363,2052
1.470000e-2,1.66249,2063
1.471000e-2,1.64879,2046
1.472000e-2,1.65524,2054
1.473000e-2,1.65524,2054
1.474000e-2,1.65040,2048
1.475000e-2,1.65766,2057
1.476000e-2,1.64557,2042
1.477000e-2,1.66007,2060
1.478000e-2,1.64718,2044
1.479000e-2,1.66168,2062
1.480000e-2,1.65443,2053
1.481000e-2,1.65846,2058
1.482000e-2,1.65201,2050
1.483000e-2,1.65846,2058
1.484000e-2,1.65846,2058
1.485000e-2,1.65121,2049
1.486000e-2,1.66733,2069
1.487000e-2,1.65040,2048
1.488000e-2,1.66007,2060
1.489000e-2,1.65363,2052
1.490000e-2,1.65927,2059
1.491000e-2,1.65604,2055
1.492000e-2,1.65443,2053
1.493000e-2,1.65201,2050
1.494000e-2,1.65121,2049
1.495000e-2,1.65604,2055
1.496000e-2,1.64396,2040
1.497000e-2,1.65846,2058
1.498000e-2,1.64476,2041
1.499000e-2,1.65846,2058
1.500000e-2,1.65363,2052
1.501000e-2,1.66007,2060
1.502000e-2,1.65201,2050
1.503000e-2,1.66007,2060
1.504000e-2,1.65443,2053
1.505000e-2,1.65604,2055
1.506000e-2,1.65282,2051
1.507000e-2,1.65685,2056
1.508000e-2,1.65363,2052
1.509000e-2,1.65363,2052
1.510000e-2,1.65443,2053
1.511000e-2,1.65363,2052
1.512000e-2,1.66007,2060
1.513000e-2,1.65604,2055
1.514000e-2,1.66168,2062
1.515000e-2,1.64718,2044
1.516000e-2,1.66813,2070
1.517000e-2,1.64718,2044
1.518000e-2,1.66491,2066
1.519000e-2,1.65363,2052
1.520000e-2,1.66168,2062
1.521000e-2,1.65524,2054
1.522000e-2,1.66168,2062
1.523000e-2,1.65524,2054
1.524000e-2,1.66007,2060
1.525000e-2,1.65121,2049
1.526000e-2,1.66007,2060
1.527000e-2,1.66168,2062
1.528000e-2,1.65201,2050
1.529000e-2,1.66491,2066
1.530000e-2,1.65040,2048
1.531000e-2,1.65927,2059
1.532000e-2,1.65040,2048
1.533000e-2,1.66410,2065
1.534000e-2,1.65121,2049
1.535000e-2,1.65846,2058
1.536000e-2,1.65121,2049
1.537000e-2,1.65282,2051
1.538000e-2,1.65201,2050
1.539000e-2,1.65766,2057
1.540000e-2,1.65443,2053
1.541000e-2,1.65766,2057
1.542000e-2,1.65363,2052
1.543000e-2,1.65524,2054
1.544000e-2,1.65363,2052
1.545000e-2,1.65443,2053
1.546000e-2,1.65685,2056
1.547000e-2,1.65121,2049
1.548000e-2,1.65927,2059
1.549000e-2,1.64799,2045
1.550000e-2,1.66088,2061
1.551000e-2,1.64879,2046
1.552000e-2,1.66088,2061
1.553000e-2,1.64718,2044
1.554000e-2,1.66571,2067
1.555000e-2,1.64396,2040
1.556000e-2,1.66652,2068
1.557000e-2,1.65121,2049
1.558000e-2,1.65927,2059
1.559000e-2,1.65121,2049
1.560000e-2,1.65685,2056
1.561000e-2,1.65121,2049
1.562000e-2,1.65766,2057
1.563000e-2,1.65282,2051
1.564000e-2,1.65363,2052
1.565000e-2,1.65524,2054
1.566000e-2,1.65604,2055
1.567000e-2,1.66330,2064
1.568000e-2,1.65363,2052
1.569000e-2,1.66330,2064
1.570000e-2,1.65524,2054
1.571000e-2,1.66168,2062
1.572000e-2,1.65201,2050
1.573000e-2,1.66652,2068
1.574000e-2,1.65363,2052
1.575000e-2,1.66652,2068
1.576000e-2,1.64879,2046
1.577000e-2,1.66813,2070
1.578000e-2,1.65524,2054
1.579000e-2,1.66168,2062
1.580000e-2,1.65524,2054
1.581000e-2,1.65363,2052
1.582000e-2,1.65524,2054
1.583000e-2,1.66168,2062
1.584000e-2,1.65604,2055
1.585000e-2,1.65846,2058
1.586000e-2,1.66007,2060
1.587000e-2,1.65040,2048
1.588000e-2,1.66813,2070
1.589000e-2,1.65040,2048
1.590000e-2,1.66652,2068
1.591000e-2,1.64879,2046
1.592000e-2,1.66894,2071
1.593000e-2,1.64718,2044
1.594000e-2,1.66813,2070
1.595000e-2,1.65604,2055
1.596000e-2,1.66168,2062
1.597000e-2,1.65040,2048
1.598000e-2,1.66168,2062
1.599000e-2,1.65524,2054
1.600000e-2,1.66330,2064
1.601000e-2,1.65524,2054
1.602000e-2,1.65685,2056
1.603000e-2,1.66007,2060
1.604000e-2,1.65524,2054
1.605000e-2,1.66491,2066
1.606000e-2,1.64960,2047
1.607000e-2,1.66007,2060
1.608000e-2,1.64073,2036
1.609000e-2,1.65766,2057
1.610000e-2,1.65121,2049
1.611000e-2,1.65685,2056
1.612000e-2,1.65443,2053
1.613000e-2,1.65524,2054
1.614000e-2,1.65685,2056
1.615000e-2,1.64879,2046
1.616000e-2,1.66571,2067
1.617000e-2,1.64476,2041
1.618000e-2,1.66571,2067
1.619000e-2,1.65201,2050
1.620000e-2,1.65846,2058
1.621000e-2,1.64879,2046
1.622000e-2,1.65766,2057
1.623000e-2,1.65685,2056
1.624000e-2,1.66168,2062
1.625000e-2,1.65604,2055
1.626000e-2,1.66088,2061
1.627000e-2,1.65604,2055
1.628000e-2,1.66249,2063
1.629000e-2,1.65363,2052
1.630000e-2,1.65363,2052
1.631000e-2,1.66330,2064
1.632000e-2,1.65766,2057
1.633000e-2,1.66007,2060
1.634000e-2,1.65524,2054
1.635000e-2,1.65766,2057
1.636000e-2,1.64879,2046
1.637000e-2,1.65927,2059
1.638000e-2,1.64476,2041
1.639000e-2,1.66410,2065
1.640000e-2,1.64234,2038
1.641000e-2,1.65282,2051
1.642000e-2,1.64879,2046
1.643000e-2,1.65685,2056
1.644000e-2,1.65282,2051
1.645000e-2,1.65121,2049
1.646000e-2,1.65927,2059
1.647000e-2,1.64234,2038
1.648000e-2,1.66571,2067
1.649000e-2,1.65201,2050
1.650000e-2,1.65443,2053
1.651000e-2,1.65363,2052
1.652000e-2,1.65604,2055
1.653000e-2,1.65766,2057
1.654000e-2,1.64718,2044
1.655000e-2,1.66894,2071
1.656000e-2,1.65766,2057
1.657000e-2,1.66249,2063
1.658000e-2,1.65443,2053
1.659000e-2,1.65766,2057
1.660000e-2,1.65766,2057
1.661000e-2,1.65282,2051
1.662000e-2,1.66410,2065
1.663000e-2,1.64315,2039
1.664000e-2,1.66410,2065
1.665000e-2,1.65443,2053
1.666000e-2,1.66733,2069
1.667000e-2,1.65604,2055
1.668000e-2,1.66249,2063
1.669000e-2,1.66330,2064
1.670000e-2,1.64154,2037
1.671000e-2,1.66410,2065
1.672000e-2,1.64960,2047
1.673000e-2,1.65524,2054
1.674000e-2,1.65121,2049
1.675000e-2,1.65282,2051
1.676000e-2,1.65685,2056
1.677000e-2,1.65040,2048
1.678000e-2,1.66813,2070
1.679000e-2,1.65201,2050
1.680000e-2,1.66168,2062
1.681000e-2,1.65363,2052
1.682000e-2,1.66088,2061
1.683000e-2,1.65524,2054
1.684000e-2,1.66330,2064
1.685000e-2,1.65363,2052
1.686000e-2,1.65846,2058
1.687000e-2,1.65604,2055
1.688000e-2,1.64476,2041
1.689000e-2,1.66330,2064
1.690000e-2,1.64234,2038
1.691000e-2,1.65604,2055
1.692000e-2,1.64960,2047
1.693000e-2,1.65685,2056
1.694000e-2,1.64960,2047
1.695000e-2,1.65443,2053
1.696000e-2,1.65443,2053
1.697000e-2,1.64718,2044
1.698000e-2,1.66733,2069
1.699000e-2,1.64396,2040
1.700000e-2,1.65766,2057
1.701000e-2,1.65363,2052
1.702000e-2,1.65927,2059
1.703000e-2,1.65363,2052
1.704000e-2,1.66007,2060
1.705000e-2,1.65363,2052
1.706000e-2,1.65927,2059
1.707000e-2,1.65524,2054
1.708000e-2,1.65766,2057
1.709000e-2,1.65766,2057
1.710000e-2,1.65443,2053
1.711000e-2,1.66571,2067
1.712000e-2,1.64154,2037
1.713000e-2,1.66330,2064
1.714000e-2,1.64879,2046
1.715000e-2,1.65604,2055
1.716000e-2,1.65040,2048
1.717000e-2,1.65685,2056
1.718000e-2,1.65040,2048
1.719000e-2,1.66168,2062
1.720000e-2,1.65443,2053
1.721000e-2,1.65846,2058
1.722000e-2,1.65846,2058
1.723000e-2,1.65363,2052
1.724000e-2,1.66330,2064
1.725000e-2,1.64879,2046
1.726000e-2,1.66007,2060
1.727000e-2,1.64396,2040
1.728000e-2,1.66491,2066
1.729000e-2,1.64154,2037
1.730000e-2,1.65927,2059
1.731000e-2,1.64960,2047
1.732000e-2,1.64960,2047
1.733000e-2,1.64396,2040
1.734000e-2,1.65685,2056
1.735000e-2,1.65604,2055
1.736000e-2,1.66168,2062
1.737000e-2,1.65604,2055
1.738000e-2,1.66007,2060
1.739000e-2,1.66652,2068
1.740000e-2,1.66007,2060
1.741000e-2,1.65524,2054
1.742000e-2,1.65766,2057
1.743000e-2,1.65604,2055
1.744000e-2,1.65282,2051
1.745000e-2,1.66249,2063
1.746000e-2,1.64637,2043
1.747000e-2,1.66491,2066
1.748000e-2,1.64799,2045
1.749000e-2,1.66088,2061
1.750000e-2,1.65443,2053
1.751000e-2,1.66733,2069
1.752000e-2,1.65443,2053
1.753000e-2,1.65766,2057
1.754000e-2,1.65927,2059
1.755000e-2,1.60527,1992
1.756000e-2,1.66652,2068
1.757000e-2,1.64073,2036
1.758000e-2,1.66007,2060
1.759000e-2,1.65282,2051
1.760000e-2,1.65282,2051
1.761000e-2,1.65685,2056
1.762000e-2,1.64960,2047
1.763000e-2,1.66410,2065
1.764000e-2,1.65201,2050
1.765000e-2,1.65846,2058
1.766000e-2,1.65363,2052
1.767000e-2,1.65443,2053
1.768000e-2,1.66168,2062
1.769000e-2,1.65363,2052
1.770000e-2,1.66330,2064
1.771000e-2,1.65201,2050
1.772000e-2,1.64960,2047
1.773000e-2,1.65201,2050
1.774000e-2,1.65685,2056
1.775000e-2,1.65604,2055
1.776000e-2,1.64960,2047
1.777000e-2,1.66330,2064
1.778000e-2,1.64557,2042
1.779000e-2,1.66733,2069
1.780000e-2,1.65201,2050
1.781000e-2,1.65282,2051
1.782000e-2,1.65201,2050
1.783000e-2,1.65846,2058
1.784000e-2,1.65363,2052
1.785000e-2,1.65685,2056
1.786000e-2,1.66491,2066
1.787000e-2,1.64799,2045
1.788000e-2,1.66491,2066
1.789000e-2,1.64799,2045
1.790000e-2,1.65282,2051
1.791000e-2,1.65201,2050
1.792000e-2,1.65846,2058
1.793000e-2,1.65282,2051
1.794000e-2,1.65846,2058
1.795000e-2,1.65524,2054
1.796000e-2,1.65040,2048
1.797000e-2,1.66249,2063
1.798000e-2,1.63993,2035
1.799000e-2,1.66571,2067
1.800000e-2,1.65121,2049
1.801000e-2,1.65927,2059
1.802000e-2,1.65040,2048
1.803000e-2,1.65846,2058
1.804000e-2,1.65121,2049
1.805000e-2,1.65685,2056
1.806000e-2,1.65363,2052
1.807000e-2,1.65604,2055
1.808000e-2,1.65443,2053
1.809000e-2,1.65443,2053
1.810000e-2,1.65766,2057
1.811000e-2,1.65443,2053
1.812000e-2,1.65846,2058
1.813000e-2,1.65040,2048
1.814000e-2,1.66088,2061
1.815000e-2,1.64476,2041
1.816000e-2,1.66571,2067
1.817000e-2,1.64799,2045
1.818000e-2,1.66330,2064
1.819000e-2,1.65604,2055
1.820000e-2,1.66168,2062
1.821000e-2,1.65524,2054
1.822000e-2,1.66007,2060
1.823000e-2,1.66088,2061
1.824000e-2,1.65040,2048
1.825000e-2,1.66088,2061
1.826000e-2,1.64960,2047
1.827000e-2,1.66088,2061
1.828000e-2,1.64637,2043
1.829000e-2,1.66410,2065
1.830000e-2,1.65766,2057
1.831000e-2,1.65766,2057
1.832000e-2,1.65524,2054
1.833000e-2,1.66168,2062
1.834000e-2,1.65604,2055
1.835000e-2,1.66088,2061
1.836000e-2,1.66007,2060
1.837000e-2,1.65282,2051
1.838000e-2,1.66652,2068
1.839000e-2,1.64718,2044
1.840000e-2,1.67458,2078
1.841000e-2,1.65524,2054
1.842000e-2,1.66168,2062
1.843000e-2,1.65363,2052
1.844000e-2,1.65766,2057
1.845000e-2,1.65443,2053
1.846000e-2,1.65363,2052
1.847000e-2,1.65443,2053
1.848000e-2,1.64960,2047
1.849000e-2,1.66571,2067
1.850000e-2,1.64396,2040
1.851000e-2,1.66168,2062
1.852000e-2,1.64396,2040
1.853000e-2,1.66330,2064
1.854000e-2,1.65282,2051
1.855000e-2,1.65927,2059
1.856000e-2,1.65201,2050
1.857000e-2,1.65927,2059
1.858000e-2,1.65363,2052
1.859000e-2,1.65604,2055
1.860000e-2,1.65363,2052
1.861000e-2,1.65040,2048
1.862000e-2,1.66330,2064
1.863000e-2,1.64396,2040
1.864000e-2,1.66168,2062
1.865000e-2,1.65121,2049
1.866000e-2,1.65927,2059
1.867000e-2,1.64476,2041
1.868000e-2,1.65685,2056
1.869000e-2,1.65443,2053
1.870000e-2,1.65685,2056
1.871000e-2,1.65604,2055
1.872000e-2,1.65927,2059
1.873000e-2,1.65846,2058
1.874000e-2,1.64718,2044
1.875000e-2,1.65927,2059
1.876000e-2,1.64637,2043
1.877000e-2,1.66571,2067
1.878000e-2,1.64960,2047
1.879000e-2,1.66088,2061
1.880000e-2,1.65443,2053
1.881000e-2,1.66088,2061
1.882000e-2,1.65443,2053
1.883000e-2,1.65443,2053
1.884000e-2,1.65685,2056
1.885000e-2,1.65121,2049
1.886000e-2,1.65846,2058
1.887000e-2,1.64879,2046
1.888000e-2,1.66813,2070
1.889000e-2,1.64557,2042
1.890000e-2,1.66330,2064
1.891000e-2,1.65363,2052
1.892000e-2,1.65846,2058
1.893000e-2,1.65282,2051
1.894000e-2,1.65846,2058
1.895000e-2,1.65766,2057
1.896000e-2,1.65040,2048
1.897000e-2,1.66168,2062
1.898000e-2,1.64879,2046
1.899000e-2,1.66733,2069
1.900000e-2,1.64476,2041
1.901000e-2,1.66249,2063
1.902000e-2,1.65604,2055
1.903000e-2,1.65927,2059
1.904000e-2,1.65363,2052
1.905000e-2,1.66088,2061
1.906000e-2,1.65040,2048
1.907000e-2,1.65443,2053
1.908000e-2,1.64637,2043
1.909000e-2,1.64799,2045
1.910000e-2,1.66168,2062
1.911000e-2,1.64234,2038
1.912000e-2,1.65846,2058
1.913000e-2,1.65363,2052
1.914000e-2,1.66007,2060
1.915000e-2,1.65363,2052
1.916000e-2,1.66733,2069
1.917000e-2,1.65685,2056
1.918000e-2,1.64476,2041
1.919000e-2,1.66410,2065
1.920000e-2,1.64476,2041
1.921000e-2,1.66088,2061
1.922000e-2,1.65443,2053
1.923000e-2,1.66007,2060
1.924000e-2,1.66249,2063
1.925000e-2,1.65443,2053
1.926000e-2,1.66410,2065
1.927000e-2,1.64154,2037
1.928000e-2,1.65927,2059
1.929000e-2,1.64960,2047
1.930000e-2,1.65443,2053
1.931000e-2,1.65040,2048
1.932000e-2,1.64799,2045
1.933000e-2,1.66330,2064
1.934000e-2,1.65040,2048
1.935000e-2,1.66007,2060
1.936000e-2,1.65766,2057
1.937000e-2,1.65685,2056
1.938000e-2,1.65443,2053
1.939000e-2,1.64557,2042
1.940000e-2,1.66330,2064
1.941000e-2,1.64476,2041
1.942000e-2,1.66491,2066
1.943000e-2,1.65201,2050
1.944000e-2,1.65846,2058
1.945000e-2,1.65524,2054
1.946000e-2,1.65524,2054
1.947000e-2,1.65927,2059
1.948000e-2,1.64637,2043
1.949000e-2,1.66410,2065
1.950000e-2,1.65201,2050
1.951000e-2,1.65846,2058
1.952000e-2,1.65363,2052
1.953000e-2,1.65604,2055
1.954000e-2,1.65685,2056
1.955000e-2,1.65363,2052
1.956000e-2,1.66249,2063
1.957000e-2,1.64637,2043
1.958000e-2,1.66733,2069
1.959000e-2,1.64799,2045
1.960000e-2,1.66249,2063
1.961000e-2,1.65443,2053
1.962000e-2,1.66088,2061
1.963000e-2,1.65040,2048
1.964000e-2,1.64799,2045
1.965000e-2,1.65443,2053
1.966000e-2,1.64637,2043
1.967000e-2,1.65846,2058
1.968000e-2,1.64960,2047
1.969000e-2,1.65766,2057
1.970000e-2,1.65040,2048
1.971000e-2,1.66007,2060
1.972000e-2,1.65201,2050
1.973000e-2,1.66007,2060
1.974000e-2,1.65846,2058
1.975000e-2,1.65524,2054
1.976000e-2,1.66330,2064
1.977000e-2,1.65201,2050
1.978000e-2,1.66733,2069
1.979000e-2,1.65040,2048
1.980000e-2,1.65766,2057
1.981000e-2,1.65121,2049
1.982000e-2,1.65685,2056
1.983000e-2,1.66007,2060
1.984000e-2,1.65121,2049
1.985000e-2,1.66249,2063
1.986000e-2,1.64557,2042
1.987000e-2,1.66571,2067
1.988000e-2,1.64396,2040
1.989000e-2,1.65282,2051
1.990000e-2,1.65121,2049
1.991000e-2,1.65846,2058
1.992000e-2,1.65040,2048
1.993000e-2,1.65685,2056
1.994000e-2,1.65846,2058
1.995000e-2,1.64718,2044
1.996000e-2,1.66652,2068
1.997000e-2,1.64154,2037
1.998000e-2,1.65766,2057
1.999000e-2,1.65443,2053
2.000000e-2,1.66007,2060
2.001000e-2,1.65604,2055
2.002000e-2,1.65443,2053
2.003000e-2,1.65927,2059
2.004000e-2,1.65282,2051
2.005000e-2,1.66733,2069
2.006000e-2,1.64315,2039
2.007000e-2,1.65524,2054
2.008000e-2,1.64879,2046
2.009000e-2,1.65524,2054
2.010000e-2,1.65201,2050
2.011000e-2,1.64879,2046
2.012000e-2,1.65766,2057
2.013000e-2,1.64879,2046
2.014000e-2,1.66249,2063
2.015000e-2,1.65524,2054
2.016000e-2,1.66007,2060
2.017000e-2,1.66007,2060
2.018000e-2,1.65363,2052
2.019000e-2,1.66652,2068
2.020000e-2,1.64718,2044
2.021000e-2,1.65443,2053
2.022000e-2,1.65121,2049
2.023000e-2,1.65685,2056
2.024000e-2,1.65443,2053
2.025000e-2,1.65363,2052
2.026000e-2,1.65685,2056
2.027000e-2,1.65121,2049
2.028000e-2,1.66410,2065
2.029000e-2,1.65040,2048
2.030000e-2,1.65846,2058
2.031000e-2,1.65201,2050
2.032000e-2,1.65846,2058
2.033000e-2,1.65201,2050
2.034000e-2,1.65282,2051
2.035000e-2,1.65363,2052
2.036000e-2,1.66652,2068
2.037000e-2,1.65040,2048
2.038000e-2,1.65766,2057
2.039000e-2,1.65927,2059
2.040000e-2,1.65282,2051
2.041000e-2,1.66410,2065
2.042000e-2,1.64396,2040
2.043000e-2,1.66571,2067
2.044000e-2,1.64637,2043
2.045000e-2,1.65685,2056
2.046000e-2,1.64879,2046
2.047000e-2,1.65604,2055
2.048000e-2,1.65443,2053
2.049000e-2,1.65282,2051
2.050000e-2,1.66652,2068
2.051000e-2,1.65040,2048
2.052000e-2,1.66410,2065
2.053000e-2,1.65443,2053
2.054000e-2,1.65846,2058
2.055000e-2,1.65685,2056
2.056000e-2,1.65282,2051
2.057000e-2,1.66571,2067
2.058000e-2,1.65201,2050
2.059000e-2,1.65766,2057
2.060000e-2,1.65201,2050
2.061000e-2,1.65604,2055
2.062000e-2,1.65927,2059
2.063000e-2,1.64234,2038
2.064000e-2,1.67136,2074
2.065000e-2,1.64476,2041
2.066000e-2,1.65846,2058
2.067000e-2,1.65201,2050
2.068000e-2,1.65201,2050
2.069000e-2,1.65766,2057
2.070000e-2,1.64637,2043
2.071000e-2,1.66491,2066
2.072000e-2,1.65201,2050
2.073000e-2,1.65766,2057
2.074000e-2,1.65363,2052
2.075000e-2,1.65363,2052
2.076000e-2,1.66088,2061
2.077000e-2,1.64315,2039
2.078000e-2,1.66007,2060
2.079000e-2,1.65121,2049
2.080000e-2,1.65766,2057
2.081000e-2,1.65040,2048
2.082000e-2,1.65282,2051
2.083000e-2,1.65443,2053
2.084000e-2,1.65363,2052
2.085000e-2,1.66249,2063
2.086000e-2,1.64879,2046
2.087000e-2,1.66894,2071
2.088000e-2,1.64718,2044
2.089000e-2,1.66249,2063
2.090000e-2,1.65685,2056
2.091000e-2,1.66088,2061
2.092000e-2,1.65846,2058
2.093000e-2,1.65363,2052
2.094000e-2,1.66652,2068
2.095000e-2,1.64718,2044
2.096000e-2,1.66168,2062
2.097000e-2,1.65524,2054
2.098000e-2,1.66007,2060
2.099000e-2,1.65040,2048
2.100000e-2,1.65201,2050
2.101000e-2,1.65766,2057
2.102000e-2,1.64476,2041
2.103000e-2,1.66491,2066
2.104000e-2,1.64960,2047
2.105000e-2,1.65685,2056
2.106000e-2,1.65040,2048
2.107000e-2,1.65604,2055
2.108000e-2,1.65121,2049
2.109000e-2,1.66007,2060
2.110000e-2,1.65685,2056
2.111000e-2,1.64315,2039
2.112000e-2,1.66652,2068
2.113000e-2,1.65201,2050
2.114000e-2,1.65846,2058
2.115000e-2,1.65201,2050
2.116000e-2,1.65766,2057
2.117000e-2,1.65524,2054
2.118000e-2,1.64718,2044
2.119000e-2,1.66491,2066
2.120000e-2,1.64799,2045
2.121000e-2,1.65927,2059
2.122000e-2,1.65201,2050
2.123000e-2,1.65766,2057
2.124000e-2,1.65685,2056
2.125000e-2,1.64637,2043
2.126000e-2,1.66571,2067
2.127000e-2,1.65040,2048
2.128000e-2,1.66330,2064
2.129000e-2,1.65685,2056
2.130000e-2,1.66007,2060
2.131000e-2,1.65927,2059
2.132000e-2,1.64637,2043
2.133000e-2,1.66652,2068
2.134000e-2,1.64718,2044
2.135000e-2,1.66007,2060
2.136000e-2,1.65121,2049
2.137000e-2,1.65846,2058
2.138000e-2,1.66088,2061
2.139000e-2,1.65766,2057
2.140000e-2,1.65363,2052
2.141000e-2,1.65685,2056
2.142000e-2,1.65040,2048
2.143000e-2,1.65685,2056
2.144000e-2,1.65685,2056
2.145000e-2,1.64476,2041
2.146000e-2,1.66330,2064
2.147000e-2,1.64557,2042
2.148000e-2,1.65604,2055
2.149000e-2,1.65363,2052
2.150000e-2,1.66007,2060
2.151000e-2,1.65201,2050
2.152000e-2,1.65927,2059
2.153000e-2,1.65282,2051
2.154000e-2,1.66330,2064
2.155000e-2,1.65363,2052
2.156000e-2,1.65604,2055
2.157000e-2,1.65524,2054
2.158000e-2,1.65524,2054
2.159000e-2,1.65201,2050
2.160000e-2,1.65040,2048
2.161000e-2,1.66410,2065
2.162000e-2,1.64879,2046
2.163000e-2,1.66410,2065
2.164000e-2,1.64315,2039
2.165000e-2,1.67216,2075
2.166000e-2,1.64637,2043
2.167000e-2,1.65846,2058
2.168000e-2,1.65040,2048
2.169000e-2,1.65685,2056
2.170000e-2,1.65363,2052
2.171000e-2,1.65201,2050
2.172000e-2,1.66088,2061
2.173000e-2,1.64476,2041
2.174000e-2,1.66410,2065
2.175000e-2,1.65685,2056
2.176000e-2,1.65685,2056
2.177000e-2,1.65282,2051
2.178000e-2,1.66491,2066
2.179000e-2,1.65040,2048
2.180000e-2,1.65443,2053
2.181000e-2,1.66007,2060
2.182000e-2,1.65443,2053
2.183000e-2,1.66733,2069
2.184000e-2,1.65363,2052
2.185000e-2,1.66088,2061
2.186000e-2,1.65121,2049
2.187000e-2,1.65524,2054
2.188000e-2,1.66249,2063
2.189000e-2,1.64557,2042
2.190000e-2,1.66652,2068
2.191000e-2,1.64557,2042
2.192000e-2,1.65846,2058
2.193000e-2,1.65201,2050
2.194000e-2,1.66330,2064
2.195000e-2,1.65927,2059
2.196000e-2,1.65201,2050
2.197000e-2,1.66088,2061
2.198000e-2,1.63912,2034
2.199000e-2,1.67055,2073
2.200000e-2,1.66007,2060
2.201000e-2,1.65685,2056
2.202000e-2,1.65604,2055
2.203000e-2,1.66088,2061
2.204000e-2,1.64960,2047
2.205000e-2,1.65685,2056
2.206000e-2,1.66007,2060
2.207000e-2,1.65363,2052
2.208000e-2,1.66088,2061
2.209000e-2,1.64234,2038
2.210000e-2,1.66813,2070
2.211000e-2,1.65524,2054
2.212000e-2,1.66168,2062
2.213000e-2,1.65363,2052
2.214000e-2,1.66330,2064
2.215000e-2,1.65685,2056
2.216000e-2,1.65604,2055
2.217000e-2,1.66088,2061
2.218000e-2,1.64234,2038
2.219000e-2,1.65927,2059
2.220000e-2,1.64879,2046
2.221000e-2,1.65524,2054
2.222000e-2,1.65040,2048
2.223000e-2,1.65766,2057
2.224000e-2,1.65443,2053
2.225000e-2,1.65685,2056
2.226000e-2,1.66571,2067
2.227000e-2,1.65040,2048
2.228000e-2,1.66652,2068
2.229000e-2,1.64879,2046
2.230000e-2,1.66491,2066
2.231000e-2,1.64637,2043
2.232000e-2,1.66652,2068
2.233000e-2,1.65363,2052
2.234000e-2,1.66088,2061
2.235000e-2,1.65443,2053
2.236000e-2,1.65846,2058
2.237000e-2,1.65443,2053
2.238000e-2,1.65524,2054
2.239000e-2,1.65524,2054
2.240000e-2,1.64960,2047
2.241000e-2,1.65766,2057
2.242000e-2,1.64234,2038
2.243000e-2,1.66410,2065
2.244000e-2,1.65524,2054
2.245000e-2,1.66007,2060
2.246000e-2,1.65443,2053
2.247000e-2,1.66088,2061
2.248000e-2,1.65766,2057
2.249000e-2,1.64960,2047
2.250000e-2,1.66330,2064
2.251000e-2,1.64073,2036
2.252000e-2,1.65846,2058
2.253000e-2,1.65201,2050
2.254000e-2,1.65846,2058
2.255000e-2,1.65363,2052
2.256000e-2,1.65524,2054
2.257000e-2,1.65443,2053
2.258000e-2,1.65524,2054
2.259000e-2,1.65927,2059
2.260000e-2,1.64879,2046
2.261000e-2,1.66330,2064
2.262000e-2,1.64234,2038
2.263000e-2,1.66330,2064
2.264000e-2,1.65363,2052
2.265000e-2,1.65685,2056
2.266000e-2,1.64799,2045
2.267000e-2,1.65685,2056
2.268000e-2,1.65282,2051
2.269000e-2,1.65363,2052
2.270000e-2,1.65766,2057
2.271000e-2,1.64637,2043
2.272000e-2,1.66894,2071
2.273000e-2,1.64718,2044
2.274000e-2,1.66168,2062
2.275000e-2,1.65604,2055
2.276000e-2,1.66168,2062
2.277000e-2,1.65363,2052
2.278000e-2,1.65121,2049
2.279000e-2,1.65685,2056
2.280000e-2,1.65846,2058
2.281000e-2,1.66168,2062
2.282000e-2,1.64476,2041
2.283000e-2,1.66652,2068
2.284000e-2,1.65443,2053
2.285000e-2,1.66168,2062
2.286000e-2,1.65121,2049
2.287000e-2,1.65766,2057
2.288000e-2,1.65040,2048
2.289000e-2,1.65846,2058
2.290000e-2,1.65766,2057
2.291000e-2,1.65766,2057
2.292000e-2,1.65766,2057
2.293000e-2,1.65443,2053
2.294000e-2,1.66410,2065
2.295000e-2,1.64960,2047
2.296000e-2,1.66652,2068
2.297000e-2,1.64879,2046
2.298000e-2,1.66491,2066
2.299000e-2,1.65443,2053
2.300000e-2,1.66330,2064
2.301000e-2,1.64879,2046
2.302000e-2,1.65524,2054
2.303000e-2,1.65121,2049
2.304000e-2,1.65604,2055
2.305000e-2,1.65363,2052
2.306000e-2,1.65685,2056
2.307000e-2,1.65282,2051
2.308000e-2,1.64960,2047
2.309000e-2,1.66894,2071
2.310000e-2,1.65040,2048
2.311000e-2,1.66249,2063
2.312000e-2,1.65282,2051
2.313000e-2,1.66168,2062
2.314000e-2,1.64637,2043
2.315000e-2,1.66168,2062
2.316000e-2,1.65363,2052
2.317000e-2,1.65846,2058
2.318000e-2,1.65363,2052
2.319000e-2,1.65363,2052
2.320000e-2,1.65524,2054
2.321000e-2,1.64557,2042
2.322000e-2,1.66168,2062
2.323000e-2,1.64637,2043
2.324000e-2,1.66330,2064
2.325000e-2,1.64315,2039
2.326000e-2,1.66491,2066
2.327000e-2,1.65282,2051
2.328000e-2,1.65685,2056
2.329000e-2,1.65121,2049
2.330000e-2,1.65524,2054
2.331000e-2,1.65685,2056
2.332000e-2,1.65201,2050
2.333000e-2,1.66007,2060
2.334000e-2,1.63993,2035
2.335000e-2,1.66491,2066
2.336000e-2,1.64154,2037
2.337000e-2,1.65846,2058
2.338000e-2,1.66088,2061
2.339000e-2,1.66088,2061
2.340000e-2,1.65363,2052
2.341000e-2,1.65766,2057
2.342000e-2,1.65443,2053
2.343000e-2,1.65363,2052
2.344000e-2,1.66088,2061
2.345000e-2,1.64476,2041
2.346000e-2,1.66813,2070
2.347000e-2,1.63993,2035
2.348000e-2,1.66168,2062
2.349000e-2,1.65604,2055
2.350000e-2,1.66007,2060
2.351000e-2,1.65363,2052
2.352000e-2,1.66330,2064
2.353000e-2,1.65201,2050
2.354000e-2,1.65766,2057
2.355000e-2,1.64960,2047
2.356000e-2,1.64637,2043
2.357000e-2,1.66330,2064
2.358000e-2,1.64154,2037
2.359000e-2,1.65927,2059
2.360000e-2,1.65201,2050
2.361000e-2,1.65766,2057
2.362000e-2,1.65363,2052
2.363000e-2,1.65766,2057
2.364000e-2,1.65604,2055
2.365000e-2,1.65201,2050
2.366000e-2,1.66410,2065
2.367000e-2,1.64315,2039
2.368000e-2,1.66088,2061
2.369000e-2,1.65201,2050
2.370000e-2,1.65201,2050
2.371000e-2,1.65685,2056
2.372000e-2,1.64557,2042
2.373000e-2,1.65846,2058
2.374000e-2,1.65201,2050
2.375000e-2,1.65363,2052
2.376000e-2,1.65927,2059
2.377000e-2,1.64557,2042
2.378000e-2,1.66733,2069
2.379000e-2,1.65443,2053
2.380000e-2,1.65524,2054
2.381000e-2,1.66007,2060
2.382000e-2,1.65282,2051
2.383000e-2,1.66410,2065
2.384000e-2,1.64799,2045
2.385000e-2,1.65766,2057
2.386000e-2,1.65040,2048
2.387000e-2,1.65443,2053
2.388000e-2,1.65443,2053
2.389000e-2,1.64718,2044
2.390000e-2,1.66652,2068
2.391000e-2,1.65201,2050
2.392000e-2,1.65685,2056
2.393000e-2,1.65927,2059
2.394000e-2,1.64960,2047
2.395000e-2,1.66088,2061
2.396000e-2,1.65040,2048
2.397000e-2,1.66330,2064
2.398000e-2,1.65282,2051
2.399000e-2,1.65201,2050
2.400000e-2,1.66410,2065
2.401000e-2,1.65443,2053
2.402000e-2,1.66652,2068
2.403000e-2,1.64637,2043
2.404000e-2,1.65685,2056
2.405000e-2,1.65685,2056
2.406000e-2,1.65121,2049
2.407000e-2,1.66894,2071
2.408000e-2,1.64557,2042
2.409000e-2,1.65927,2059
2.410000e-2,1.65524,2054
2.411000e-2,1.66168,2062
2.412000e-2,1.65685,2056
2.413000e-2,1.65363,2052
2.414000e-2,1.66007,2060
2.415000e-2,1.65604,2055
2.416000e-2,1.66088,2061
2.417000e-2,1.64557,2042
2.418000e-2,1.65685,2056
2.419000e-2,1.64960,2047
2.420000e-2,1.65685,2056
2.421000e-2,1.65282,2051
2.422000e-2,1.65363,2052
2.423000e-2,1.66249,2063
2.424000e-2,1.64799,2045
2.425000e-2,1.66410,2065
2.426000e-2,1.65443,2053
2.427000e-2,1.66007,2060
2.428000e-2,1.65443,2053
2.429000e-2,1.65282,2051
2.430000e-2,1.66330,2064
2.431000e-2,1.65443,2053
2.432000e-2,1.66007,2060
2.433000e-2,1.65604,2055
2.434000e-2,1.65524,2054
2.435000e-2,1.66491,2066
2.436000e-2,1.64718,2044
2.437000e-2,1.65766,2057
2.438000e-2,1.65121,2049
2.439000e-2,1.65201,2050
2.440000e-2,1.65685,2056
2.441000e-2,1.64637,2043
2.442000e-2,1.66571,2067
2.443000e-2,1.65604,2055
2.444000e-2,1.65685,2056
2.445000e-2,1.65443,2053
2.446000e-2,1.65363,2052
2.447000e-2,1.66007,2060
2.448000e-2,1.64718,2044
2.449000e-2,1.66813,2070
2.450000e-2,1.64960,2047
2.451000e-2,1.65846,2058
2.452000e-2,1.66410,2065
2.453000e-2,1.64073,2036
2.454000e-2,1.66410,2065
2.455000e-2,1.65524,2054
2.456000e-2,1.65201,2050
2.457000e-2,1.65766,2057
2.458000e-2,1.64718,2044
2.459000e-2,1.66571,2067
2.460000e-2,1.65040,2048
2.461000e-2,1.65685,2056
2.462000e-2,1.65282,2051
2.463000e-2,1.65201,2050
2.464000e-2,1.66571,2067
2.465000e-2,1.65282,2051
2.466000e-2,1.66088,2061
2.467000e-2,1.65604,2055
2.468000e-2,1.65443,2053
2.469000e-2,1.66571,2067
2.470000e-2,1.64637,2043
2.471000e-2,1.65040,2048
2.472000e-2,1.65040,2048
2.473000e-2,1.65766,2057
2.474000e-2,1.65685,2056
2.475000e-2,1.65040,2048
2.476000e-2,1.66813,2070
2.477000e-2,1.65040,2048
2.478000e-2,1.65927,2059
2.479000e-2,1.65685,2056
2.480000e-2,1.64718,2044
2.481000e-2,1.66571,2067
2.482000e-2,1.64960,2047
2.483000e-2,1.65685,2056
2.484000e-2,1.66007,2060
2.485000e-2,1.64315,2039
2.486000e-2,1.66007,2060
2.487000e-2,1.65363,2052
2.488000e-2,1.65604,2055
2.489000e-2,1.65846,2058
2.490000e-2,1.64396,2040
2.491000e-2,1.65766,2057
2.492000e-2,1.64879,2046
2.493000e-2,1.66168,2062
2.494000e-2,1.66007,2060
2.495000e-2,1.65040,2048
2.496000e-2,1.66088,2061
2.497000e-2,1.63993,2035
2.498000e-2,1.65201,2050
2.499000e-2,1.66410,2065
2.500000e-2,1.65201,2050
2.501000e-2,1.65766,2057
2.502000e-2,1.66168,2062
2.503000e-2,1.65121,2049
2.504000e-2,1.66088,2061
2.505000e-2,1.64879,2046
2.506000e-2,1.65766,2057
2.507000e-2,1.65282,2051
2.508000e-2,1.65604,2055
2.509000e-2,1.65846,2058
2.510000e-2,1.63509,2029
2.511000e-2,1.65846,2058
2.512000e-2,1.64799,2045
2.513000e-2,1.66330,2064
2.514000e-2,1.65846,2058
2.515000e-2,1.65604,2055
2.516000e-2,1.66330,2064
2.517000e-2,1.64879,2046
2.518000e-2,1.66007,2060
2.519000e-2,1.65363,2052
2.520000e-2,1.65685,2056
2.521000e-2,1.64960,2047
2.522000e-2,1.65282,2051
2.523000e-2,1.65685,2056
2.524000e-2,1.64315,2039
2.525000e-2,1.66168,2062
2.526000e-2,1.65443,2053
2.527000e-2,1.65927,2059
2.528000e-2,1.65766,2057
2.529000e-2,1.64960,2047
2.530000e-2,1.66974,2072
2.531000e-2,1.65363,2052
2.532000e-2,1.66007,2060
2.533000e-2,1.65121,2049
2.534000e-2,1.65604,2055
2.535000e-2,1.66249,2063
2.536000e-2,1.64799,2045
2.537000e-2,1.66652,2068
2.538000e-2,1.65201,2050
2.539000e-2,1.65685,2056
2.540000e-2,1.65524,2054
2.541000e-2,1.66088,2061
2.542000e-2,1.65524,2054
2.543000e-2,1.65040,2048
2.544000e-2,1.66491,2066
2.545000e-2,1.65524,2054
2.546000e-2,1.66088,2061
2.547000e-2,1.65282,2051
2.548000e-2,1.65040,2048
2.549000e-2,1.66088,2061
2.550000e-2,1.64154,2037
2.551000e-2,1.65685,2056
2.552000e-2,1.65524,2054
2.553000e-2,1.66007,2060
2.554000e-2,1.66249,2063
2.555000e-2,1.64396,2040
2.556000e-2,1.66007,2060
2.557000e-2,1.64476,2041
2.558000e-2,1.65282,2051
2.559000e-2,1.66974,2072
2.560000e-2,1.64396,2040
2.561000e-2,1.66330,2064
2.562000e-2,1.66007,2060
2.563000e-2,1.66007,2060
2.564000e-2,1.66088,2061
2.565000e-2,1.65363,2052
2.566000e-2,1.65846,2058
2.567000e-2,1.64718,2044
2.568000e-2,1.65846,2058
2.569000e-2,1.64960,2047
2.570000e-2,1.65604,2055
2.571000e-2,1.64960,2047
2.572000e-2,1.65524,2054
2.573000e-2,1.66168,2062
2.574000e-2,1.64718,2044
2.575000e-2,1.66894,2071
2.576000e-2,1.65121,2049
2.577000e-2,1.65121,2049
2.578000e-2,1.65363,2052
2.579000e-2,1.65766,2057
2.580000e-2,1.65927,2059
2.581000e-2,1.65201,2050
2.582000e-2,1.66813,2070
2.583000e-2,1.65040,2048
2.584000e-2,1.65846,2058
2.585000e-2,1.65201,2050
2.586000e-2,1.65846,2058
2.587000e-2,1.65524,2054
2.588000e-2,1.64879,2046
2.589000e-2,1.66571,2067
2.590000e-2,1.64960,2047
2.591000e-2,1.65846,2058
2.592000e-2,1.65282,2051
2.593000e-2,1.64718,2044
2.594000e-2,1.66894,2071
2.595000e-2,1.65121,2049
2.596000e-2,1.65604,2055
2.597000e-2,1.66007,2060
2.598000e-2,1.65121,2049
2.599000e-2,1.65766,2057
2.600000e-2,1.65524,2054
2.601000e-2,1.64154,2037
2.602000e-2,1.66168,2062
2.603000e-2,1.65766,2057
2.604000e-2,1.65443,2053
2.605000e-2,1.66894,2071
2.606000e-2,1.65685,2056
2.607000e-2,1.65927,2059
2.608000e-2,1.65685,2056
2.609000e-2,1.64879,2046
2.610000e-2,1.67538,2079
2.611000e-2,1.65121,2049
2.612000e-2,1.65846,2058
2.613000e-2,1.65443,2053
2.614000e-2,1.64718,2044
2.615000e-2,1.66894,2071
2.616000e-2,1.65040,2048
2.617000e-2,1.65766,2057
2.618000e-2,1.65604,2055
2.619000e-2,1.64396,2040
2.620000e-2,1.65927,2059
2.621000e-2,1.65524,2054
2.622000e-2,1.65282,2051
2.623000e-2,1.65766,2057
2.624000e-2,1.65363,2052
2.625000e-2,1.66330,2064
2.626000e-2,1.65604,2055
2.627000e-2,1.66330,2064
2.628000e-2,1.65363,2052
2.629000e-2,1.65524,2054
2.630000e-2,1.66007,2060
2.631000e-2,1.64396,2040
2.632000e-2,1.66571,2067
2.633000e-2,1.65201,2050
2.634000e-2,1.65121,2049
2.635000e-2,1.64799,2045
2.636000e-2,1.66410,2065
2.637000e-2,1.66007,2060
2.638000e-2,1.64396,2040
2.639000e-2,1.65846,2058
2.640000e-2,1.65201,2050
2.641000e-2,1.65524,2054
2.642000e-2,1.65282,2051
2.643000e-2,1.64396,2040
2.644000e-2,1.66249,2063
2.645000e-2,1.65201,2050
2.646000e-2,1.65766,2057
2.647000e-2,1.65443,2053
2.648000e-2,1.65040,2048
2.649000e-2,1.66088,2061
2.650000e-2,1.65443,2053
2.651000e-2,1.66168,2062
2.652000e-2,1.65604,2055
2.653000e-2,1.65524,2054
2.654000e-2,1.66491,2066
2.655000e-2,1.64234,2038
2.656000e-2,1.66410,2065
2.657000e-2,1.65040,2048
2.658000e-2,1.66733,2069
2.659000e-2,1.65121,2049
2.660000e-2,1.65040,2048
2.661000e-2,1.66007,2060
2.662000e-2,1.64637,2043
2.663000e-2,1.67377,2077
2.664000e-2,1.65040,2048
2.665000e-2,1.65443,2053
2.666000e-2,1.65282,2051
2.667000e-2,1.65201,2050
2.668000e-2,1.66410,2065
2.669000e-2,1.64476,2041
2.670000e-2,1.65846,2058
2.671000e-2,1.65201,2050
2.672000e-2,1.65604,2055
2.673000e-2,1.65846,2058
2.674000e-2,1.64637,2043
2.675000e-2,1.66571,2067
2.676000e-2,1.65121,2049
2.677000e-2,1.65766,2057
2.678000e-2,1.65282,2051
2.679000e-2,1.64960,2047
2.680000e-2,1.66168,2062
2.681000e-2,1.64476,2041
2.682000e-2,1.66330,2064
2.683000e-2,1.65201,2050
2.684000e-2,1.66571,2067
2.685000e-2,1.65201,2050
2.686000e-2,1.65443,2053
2.687000e-2,1.66813,2070
2.688000e-2,1.64315,2039
2.689000e-2,1.65927,2059
2.690000e-2,1.64960,2047
2.691000e-2,1.65685,2056
2.692000e-2,1.65604,2055
2.693000e-2,1.64637,2043
2.694000e-2,1.66571,2067
2.695000e-2,1.65201,2050
2.696000e-2,1.65846,2058
2.697000e-2,1.65201,2050
2.698000e-2,1.65846,2058
2.699000e-2,1.65282,2051
2.700000e-2,1.65443,2053
2.701000e-2,1.65766,2057
2.702000e-2,1.64960,2047
2.703000e-2,1.66330,2064
2.704000e-2,1.64476,2041
2.705000e-2,1.66652,2068
2.706000e-2,1.65040,2048
2.707000e-2,1.65766,2057
2.708000e-2,1.65040,2048
2.709000e-2,1.65846,2058
2.710000e-2,1.64960,2047
2.711000e-2,1.65604,2055
2.712000e-2,1.65685,2056
2.713000e-2,1.64637,2043
2.714000e-2,1.65927,2059
2.715000e-2,1.64799,2045
2.716000e-2,1.66330,2064
2.717000e-2,1.64396,2040
2.718000e-2,1.66249,2063
2.719000e-2,1.65201,2050
2.720000e-2,1.66007,2060
2.721000e-2,1.66088,2061
2.722000e-2,1.65524,2054
2.723000e-2,1.66007,2060
2.724000e-2,1.64476,2041
2.725000e-2,1.66410,2065
2.726000e-2,1.64718,2044
2.727000e-2,1.65846,2058
2.728000e-2,1.65604,2055
2.729000e-2,1.65282,2051
2.730000e-2,1.67216,2075
2.731000e-2,1.64637,2043
2.732000e-2,1.66652,2068
2.733000e-2,1.65282,2051
2.734000e-2,1.66088,2061
2.735000e-2,1.65443,2053
2.736000e-2,1.65766,2057
2.737000e-2,1.65766,2057
2.738000e-2,1.65443,2053
2.739000e-2,1.65766,2057
2.740000e-2,1.64718,2044
2.741000e-2,1.66733,2069
2.742000e-2,1.65443,2053
2.743000e-2,1.65927,2059
2.744000e-2,1.65766,2057
2.745000e-2,1.65766,2057
2.746000e-2,1.65685,2056
2.747000e-2,1.65685,2056
2.748000e-2,1.66571,2067
2.749000e-2,1.65121,2049
2.750000e-2,1.65766,2057
2.751000e-2,1.65443,2053
2.752000e-2,1.66088,2061
2.753000e-2,1.66249,2063
2.754000e-2,1.65766,2057
2.755000e-2,1.66330,2064
2.756000e-2,1.64799,2045
2.757000e-2,1.66974,2072
2.758000e-2,1.65040,2048
2.759000e-2,1.65685,2056
2.760000e-2,1.65121,2049
2.761000e-2,1.65846,2058
2.762000e-2,1.65846,2058
2.763000e-2,1.65201,2050
2.764000e-2,1.67619,2080
2.765000e-2,1.64718,2044
2.766000e-2,1.66974,2072
2.767000e-2,1.65524,2054
2.768000e-2,1.66168,2062
2.769000e-2,1.65524,2054
2.770000e-2,1.65604,2055
2.771000e-2,1.66330,2064
2.772000e-2,1.64879,2046
2.773000e-2,1.66168,2062
2.774000e-2,1.65524,2054
2.775000e-2,1.66007,2060
2.776000e-2,1.66410,2065
2.777000e-2,1.64234,2038
2.778000e-2,1.66168,2062
2.779000e-2,1.65363,2052
2.780000e-2,1.66007,2060
2.781000e-2,1.65846,2058
2.782000e-2,1.65201,2050
2.783000e-2,1.66894,2071
2.784000e-2,1.64718,2044
2.785000e-2,1.66652,2068
2.786000e-2,1.65524,2054
2.787000e-2,1.66168,2062
2.788000e-2,1.65846,2058
2.789000e-2,1.65201,2050
2.790000e-2,1.66894,2071
2.791000e-2,1.65443,2053
2.792000e-2,1.66168,2062
2.793000e-2,1.65524,2054
2.794000e-2,1.65766,2057
2.795000e-2,1.66168,2062
2.796000e-2,1.64557,2042
2.797000e-2,1.66168,2062
2.798000e-2,1.65201,2050
2.799000e-2,1.66168,2062
2.800000e-2,1.65363,2052
2.801000e-2,1.65685,2056
2.802000e-2,1.66330,2064
2.803000e-2,1.64557,2042
2.804000e-2,1.66652,2068
2.805000e-2,1.65363,2052
2.806000e-2,1.66007,2060
2.807000e-2,1.65524,2054
2.808000e-2,1.65524,2054
2.809000e-2,1.66330,2064
2.810000e-2,1.64879,2046
2.811000e-2,1.66974,2072
2.812000e-2,1.66330,2064
2.813000e-2,1.66330,2064
2.814000e-2,1.66410,2065
2.815000e-2,1.65604,2055
2.816000e-2,1.65846,2058
2.817000e-2,1.64234,2038
2.818000e-2,1.65927,2059
2.819000e-2,1.64960,2047
2.820000e-2,1.65443,2053
2.821000e-2,1.65282,2051
2.822000e-2,1.65040,2048
2.823000e-2,1.66330,2064
2.824000e-2,1.64960,2047
2.825000e-2,1.65685,2056
2.826000e-2,1.64476,2041
2.827000e-2,1.65282,2051
2.828000e-2,1.65685,2056
2.829000e-2,1.64234,2038
2.830000e-2,1.66571,2067
2.831000e-2,1.65524,2054
2.832000e-2,1.66168,2062
2.833000e-2,1.65604,2055
2.834000e-2,1.66330,2064
2.835000e-2,1.66652,2068
2.836000e-2,1.64718,2044
2.837000e-2,1.66330,2064
2.838000e-2,1.65363,2052
2.839000e-2,1.65766,2057
2.840000e-2,1.66491,2066
2.841000e-2,1.64799,2045
2.842000e-2,1.66974,2072
2.843000e-2,1.65524,2054
2.844000e-2,1.66168,2062
2.845000e-2,1.65524,2054
2.846000e-2,1.66007,2060
2.847000e-2,1.66652,2068
2.848000e-2,1.65121,2049
2.849000e-2,1.66894,2071
2.850000e-2,1.64557,2042
2.851000e-2,1.66974,2072
2.852000e-2,1.65524,2054
2.853000e-2,1.66330,2064
2.854000e-2,1.65363,2052
2.855000e-2,1.66249,2063
2.856000e-2,1.65040,2048
2.857000e-2,1.65443,2053
2.858000e-2,1.66249,2063
2.859000e-2,1.64396,2040
2.860000e-2,1.65927,2059
2.861000e-2,1.65121,2049
2.862000e-2,1.65685,2056
2.863000e-2,1.65524,2054
2.864000e-2,1.65040,2048
2.865000e-2,1.65846,2058
2.866000e-2,1.64476,2041
2.867000e-2,1.65443,2053
2.868000e-2,1.65121,2049
2.869000e-2,1.65685,2056
2.870000e-2,1.65282,2051
2.871000e-2,1.65443,2053
2.872000e-2,1.65685,2056
2.873000e-2,1.64557,2042
2.874000e-2,1.65927,2059
2.875000e-2,1.65282,2051
2.876000e-2,1.66088,2061
2.877000e-2,1.64960,2047
2.878000e-2,1.65846,2058
2.879000e-2,1.65282,2051
2.880000e-2,1.65524,2054
2.881000e-2,1.66088,2061
2.882000e-2,1.64799,2045
2.883000e-2,1.66813,2070
2.884000e-2,1.65685,2056
2.885000e-2,1.65604,2055
2.886000e-2,1.65927,2059
2.887000e-2,1.64557,2042
2.888000e-2,1.66330,2064
2.889000e-2,1.65363,2052
2.890000e-2,1.65685,2056
2.891000e-2,1.67619,2080
2.892000e-2,1.65443,2053
2.893000e-2,1.66007,2060
2.894000e-2,1.65363,2052
2.895000e-2,1.65443,2053
2.896000e-2,1.66571,2067
2.897000e-2,1.64637,2043
2.898000e-2,1.69795,2107
2.899000e-2,1.65201,2050
2.900000e-2,1.66652,2068
2.901000e-2,1.65685,2056
2.902000e-2,1.64718,2044
2.903000e-2,1.66733,2069
2.904000e-2,1.65363,2052
2.905000e-2,1.65846,2058
2.906000e-2,1.64557,2042
2.907000e-2,1.65443,2053
2.908000e-2,1.65604,2055
2.909000e-2,1.65040,2048
2.910000e-2,1.66652,2068
2.911000e-2,1.65201,2050
2.912000e-2,1.65927,2059
2.913000e-2,1.65524,2054
2.914000e-2,1.65524,2054
2.915000e-2,1.66007,2060
2.916000e-2,1.64879,2046
2.917000e-2,1.66974,2072
2.918000e-2,1.65363,2052
2.919000e-2,1.65927,2059
2.920000e-2,1.65201,2050
2.921000e-2,1.65443,2053
2.922000e-2,1.66088,2061
2.923000e-2,1.64315,2039
2.924000e-2,1.65927,2059
2.925000e-2,1.65766,2057
2.926000e-2,1.65685,2056
2.927000e-2,1.65685,2056
2.928000e-2,1.65201,2050
2.929000e-2,1.66330,2064
2.930000e-2,1.65604,2055
2.931000e-2,1.65846,2058
2.932000e-2,1.65524,2054
2.933000e-2,1.65201,2050
2.934000e-2,1.66330,2064
2.935000e-2,1.64396,2040
2.936000e-2,1.66652,2068
2.937000e-2,1.65363,2052
2.938000e-2,1.65846,2058
2.939000e-2,1.65201,2050
2.940000e-2,1.65927,2059
2.941000e-2,1.65524,2054
2.942000e-2,1.65766,2057
2.943000e-2,1.66249,2063
2.944000e-2,1.64799,2045
2.945000e-2,1.67055,2073
2.946000e-2,1.65121,2049
2.947000e-2,1.65604,2055
2.948000e-2,1.64960,2047
2.949000e-2,1.65685,2056
2.950000e-2,1.65121,2049
2.951000e-2,1.64799,2045
2.952000e-2,1.65282,2051
2.953000e-2,1.65040,2048
2.954000e-2,1.66491,2066
2.955000e-2,1.64718,2044
2.956000e-2,1.66733,2069
2.957000e-2,1.63832,2033
2.958000e-2,1.66330,2064
2.959000e-2,1.65443,2053
2.960000e-2,1.66007,2060
2.961000e-2,1.65443,2053
2.962000e-2,1.65766,2057
2.963000e-2,1.66007,2060
2.964000e-2,1.64637,2043
2.965000e-2,1.66733,2069
2.966000e-2,1.64637,2043
2.967000e-2,1.66249,2063
2.968000e-2,1.64960,2047
2.969000e-2,1.66007,2060
2.970000e-2,1.65282,2051
2.971000e-2,1.65846,2058
2.972000e-2,1.65524,2054
2.973000e-2,1.64879,2046
2.974000e-2,1.66491,2066
2.975000e-2,1.64637,2043
2.976000e-2,1.66249,2063
2.977000e-2,1.65040,2048
2.978000e-2,1.66168,2062
2.979000e-2,1.65443,2053
2.980000e-2,1.65766,2057
2.981000e-2,1.65524,2054
2.982000e-2,1.64476,2041
2.983000e-2,1.66330,2064
2.984000e-2,1.64315,2039
2.985000e-2,1.66168,2062
2.986000e-2,1.65121,2049
2.987000e-2,1.65846,2058
2.988000e-2,1.65443,2053
2.989000e-2,1.65685,2056
2.990000e-2,1.65766,2057
2.991000e-2,1.64557,2042
2.992000e-2,1.66571,2067
2.993000e-2,1.65201,2050
2.994000e-2,1.66249,2063
2.995000e-2,1.65443,2053
2.996000e-2,1.65846,2058
2.997000e-2,1.65363,2052
2.998000e-2,1.65685,2056
2.999000e-2,1.65363,2052
3.000000e-2,1.65201,2050
3.001000e-2,1.66007,2060
3.002000e-2,1.64879,2046
3.003000e-2,1.66007,2060
3.004000e-2,1.64476,2041
3.005000e-2,1.66088,2061
3.006000e-2,1.65201,2050
3.007000e-2,1.65604,2055
3.008000e-2,1.64799,2045
3.009000e-2,1.66813,2070
3.010000e-2,1.65685,2056
3.011000e-2,1.65524,2054
3.012000e-2,1.66007,2060
3.013000e-2,1.64154,2037
3.014000e-2,1.65927,2059
3.015000e-2,1.65121,2049
3.016000e-2,1.65766,2057
3.017000e-2,1.65443,2053
3.018000e-2,1.65201,2050
3.019000e-2,1.65685,2056
3.020000e-2,1.65443,2053
3.021000e-2,1.66571,2067
3.022000e-2,1.64154,2037
3.023000e-2,1.66168,2062
3.024000e-2,1.64960,2047
3.025000e-2,1.66813,2070
3.026000e-2,1.64557,2042
3.027000e-2,1.65604,2055
3.028000e-2,1.65282,2051
3.029000e-2,1.65524,2054
3.030000e-2,1.65685,2056
3.031000e-2,1.64960,2047
3.032000e-2,1.66168,2062
3.033000e-2,1.64637,2043
3.034000e-2,1.66571,2067
3.035000e-2,1.64234,2038
3.036000e-2,1.67216,2075
3.037000e-2,1.63993,2035
3.038000e-2,1.66088,2061
3.039000e-2,1.64960,2047
3.040000e-2,1.66007,2060
3.041000e-2,1.65121,2049
3.042000e-2,1.65846,2058
3.043000e-2,1.65201,2050
3.044000e-2,1.65604,2055
3.045000e-2,1.65927,2059
3.046000e-2,1.64799,2045
3.047000e-2,1.66491,2066
3.048000e-2,1.65685,2056
3.049000e-2,1.65927,2059
3.050000e-2,1.65040,2048
3.051000e-2,1.65846,2058
3.052000e-2,1.65040,2048
3.053000e-2,1.65524,2054
3.054000e-2,1.66974,2072
3.055000e-2,1.64396,2040
3.056000e-2,1.66007,2060
3.057000e-2,1.65040,2048
3.058000e-2,1.65685,2056
3.059000e-2,1.65927,2059
3.060000e-2,1.64799,2045
3.061000e-2,1.65766,2057
3.062000e-2,1.65121,2049
3.063000e-2,1.65766,2057
3.064000e-2,1.65685,2056
3.065000e-2,1.65040,2048
3.066000e-2,1.66733,2069
3.067000e-2,1.64476,2041
3.068000e-2,1.66007,2060
3.069000e-2,1.65201,2050
3.070000e-2,1.66088,2061
3.071000e-2,1.65685,2056
3.072000e-2,1.65363,2052
3.073000e-2,1.66410,2065
3.074000e-2,1.64234,2038
3.075000e-2,1.65846,2058
3.076000e-2,1.65363,2052
3.077000e-2,1.65766,2057
3.078000e-2,1.65524,2054
3.079000e-2,1.65604,2055
3.080000e-2,1.65604,2055
3.081000e-2,1.65363,2052
3.082000e-2,1.66813,2070
3.083000e-2,1.64234,2038
3.084000e-2,1.66088,2061
3.085000e-2,1.65443,2053
3.086000e-2,1.65846,2058
3.087000e-2,1.65766,2057
3.088000e-2,1.65201,2050
3.089000e-2,1.66652,2068
3.090000e-2,1.64557,2042
3.091000e-2,1.66007,2060
3.092000e-2,1.64960,2047
3.093000e-2,1.65604,2055
3.094000e-2,1.65927,2059
3.095000e-2,1.64879,2046
3.096000e-2,1.65201,2050
3.097000e-2,1.65201,2050
3.098000e-2,1.65846,2058
3.099000e-2,1.65927,2059
3.100000e-2,1.64718,2044
3.101000e-2,1.66813,2070
3.102000e-2,1.65201,2050
3.103000e-2,1.65524,2054
3.104000e-2,1.65040,2048
3.105000e-2,1.65846,2058
3.106000e-2,1.65443,2053
3.107000e-2,1.64799,2045
3.108000e-2,1.66733,2069
3.109000e-2,1.65040,2048
3.110000e-2,1.65846,2058
3.111000e-2,1.65685,2056
3.112000e-2,1.65524,2054
3.113000e-2,1.65927,2059
3.114000e-2,1.64799,2045
3.115000e-2,1.66733,2069
3.116000e-2,1.65282,2051
3.117000e-2,1.66007,2060
3.118000e-2,1.65604,2055
3.119000e-2,1.65766,2057
3.120000e-2,1.65282,2051
3.121000e-2,1.65040,2048
3.122000e-2,1.66249,2063
3.123000e-2,1.64476,2041
3.124000e-2,1.66894,2071
3.125000e-2,1.65121,2049
3.126000e-2,1.66813,2070
3.127000e-2,1.65201,2050
3.128000e-2,1.65846,2058
3.129000e-2,1.65040,2048
3.130000e-2,1.65685,2056
3.131000e-2,1.65040,2048
3.132000e-2,1.64557,2042
3.133000e-2,1.66491,2066
3.134000e-2,1.64637,2043
3.135000e-2,1.65927,2059
3.136000e-2,1.65121,2049
3.137000e-2,1.65282,2051
3.138000e-2,1.65443,2053
3.139000e-2,1.66088,2061
3.140000e-2,1.65846,2058
3.141000e-2,1.65604,2055
3.142000e-2,1.65846,2058
3.143000e-2,1.65363,2052
3.144000e-2,1.65846,2058
3.145000e-2,1.65443,2053
3.146000e-2,1.66249,2063
3.147000e-2,1.64718,2044
3.148000e-2,1.66007,2060
3.149000e-2,1.64718,2044
3.150000e-2,1.65040,2048
3.151000e-2,1.66088,2061
3.152000e-2,1.66007,2060
3.153000e-2,1.65201,2050
3.154000e-2,1.66168,2062
3.155000e-2,1.65282,2051
3.156000e-2,1.65524,2054
3.157000e-2,1.65846,2058
3.158000e-2,1.65121,2049
3.159000e-2,1.66088,2061
3.160000e-2,1.64315,2039
3.161000e-2,1.66652,2068
3.162000e-2,1.65524,2054
3.163000e-2,1.65766,2057
3.164000e-2,1.64476,2041
3.165000e-2,1.65685,2056
3.166000e-2,1.65443,2053
3.167000e-2,1.65766,2057
3.168000e-2,1.65363,2052
3.169000e-2,1.65766,2057
3.170000e-2,1.64476,2041
3.171000e-2,1.64960,2047
3.172000e-2,1.65524,2054
3.173000e-2,1.65524,2054
3.174000e-2,1.65685,2056
3.175000e-2,1.65040,2048
3.176000e-2,1.66733,2069
3.177000e-2,1.63993,2035
3.178000e-2,1.66652,2068
3.179000e-2,1.65524,2054
3.180000e-2,1.66168,2062
3.181000e-2,1.65524,2054
3.182000e-2,1.65846,2058
3.183000e-2,1.65443,2053
3.184000e-2,1.66491,2066
3.185000e-2,1.65201,2050
3.186000e-2,1.65685,2056
3.187000e-2,1.65604,2055
3.188000e-2,1.65363,2052
3.189000e-2,1.66249,2063
3.190000e-2,1.64476,2041
3.191000e-2,1.66491,2066
3.192000e-2,1.64476,2041
3.193000e-2,1.65685,2056
3.194000e-2,1.65363,2052
3.195000e-2,1.65604,2055
3.196000e-2,1.65524,2054
3.197000e-2,1.65363,2052
3.198000e-2,1.66330,2064
3.199000e-2,1.64315,2039
3.200000e-2,1.66330,2064
3.201000e-2,1.65121,2049
3.202000e-2,1.65685,2056
3.203000e-2,1.65363,2052
3.204000e-2,1.65443,2053
3.205000e-2,1.65927,2059
3.206000e-2,1.65040,2048
3.207000e-2,1.66652,2068
3.208000e-2,1.64396,2040
3.209000e-2,1.67377,2077
3.210000e-2,1.64476,2041
3.211000e-2,1.65604,2055
3.212000e-2,1.65201,2050
3.213000e-2,1.65927,2059
3.214000e-2,1.65443,2053
3.215000e-2,1.65685,2056
3.216000e-2,1.66168,2062
3.217000e-2,1.65685,2056
3.218000e-2,1.65685,2056
3.219000e-2,1.65443,2053
3.220000e-2,1.65604,2055
3.221000e-2,1.64718,2044
3.222000e-2,1.66894,2071
3.223000e-2,1.63993,2035
3.224000e-2,1.66652,2068
3.225000e-2,1.64960,2047
3.226000e-2,1.66088,2061
3.227000e-2,1.65040,2048
3.228000e-2,1.66168,2062
3.229000e-2,1.65363,2052
3.230000e-2,1.65443,2053
3.231000e-2,1.65363,2052
3.232000e-2,1.65363,2052
3.233000e-2,1.66168,2062
3.234000e-2,1.64557,2042
3.235000e-2,1.66410,2065
3.236000e-2,1.64879,2046
3.237000e-2,1.66974,2072
3.238000e-2,1.65363,2052
3.239000e-2,1.66491,2066
3.240000e-2,1.66410,2065
3.241000e-2,1.64879,2046
3.242000e-2,1.66088,2061
3.243000e-2,1.65040,2048
3.244000e-2,1.65927,2059
3.245000e-2,1.64879,2046
3.246000e-2,1.65443,2053
3.247000e-2,1.65766,2057
3.248000e-2,1.65201,2050
3.249000e-2,1.65846,2058
3.250000e-2,1.64637,2043
3.251000e-2,1.66813,2070
3.252000e-2,1.64799,2045
3.253000e-2,1.65846,2058
3.254000e-2,1.65282,2051
3.255000e-2,1.65524,2054
3.256000e-2,1.65927,2059
3.257000e-2,1.65363,2052
3.258000e-2,1.66733,2069
3.259000e-2,1.65282,2051
3.260000e-2,1.66088,2061
3.261000e-2,1.65363,2052
3.262000e-2,1.65685,2056
3.263000e-2,1.64799,2045
3.264000e-2,1.65201,2050
3.265000e-2,1.66249,2063
3.266000e-2,1.64234,2038
3.267000e-2,1.66733,2069
3.268000e-2,1.65201,2050
3.269000e-2,1.66007,2060
3.270000e-2,1.65363,2052
3.271000e-2,1.65766,2057
3.272000e-2,1.65363,2052
3.273000e-2,1.65363,2052
3.274000e-2,1.66491,2066
3.275000e-2,1.64476,2041
3.276000e-2,1.66733,2069
3.277000e-2,1.65685,2056
3.278000e-2,1.66410,2065
3.279000e-2,1.65121,2049
3.280000e-2,1.65927,2059
3.281000e-2,1.64718,2044
3.282000e-2,1.65040,2048
3.283000e-2,1.65604,2055
3.284000e-2,1.64799,2045
3.285000e-2,1.67619,2080
3.286000e-2,1.64637,2043
3.287000e-2,1.66733,2069
3.288000e-2,1.64960,2047
3.289000e-2,1.66168,2062
3.290000e-2,1.65443,2053
3.291000e-2,1.66410,2065
3.292000e-2,1.65524,2054
3.293000e-2,1.65766,2057
3.294000e-2,1.66007,2060
3.295000e-2,1.64879,2046
3.296000e-2,1.66894,2071
3.297000e-2,1.64396,2040
3.298000e-2,1.66007,2060
3.299000e-2,1.65363,2052
3.300000e-2,1.65524,2054
3.301000e-2,1.65121,2049
3.302000e-2,1.65846,2058
3.303000e-2,1.65524,2054
3.304000e-2,1.65846,2058
3.305000e-2,1.66007,2060
3.306000e-2,1.65040,2048
3.307000e-2,1.66410,2065
3.308000e-2,1.64637,2043
3.309000e-2,1.65766,2057
3.310000e-2,1.64879,2046
3.311000e-2,1.66652,2068
3.312000e-2,1.64637,2043
3.313000e-2,1.66330,2064
3.314000e-2,1.65524,2054
3.315000e-2,1.65524,2054
3.316000e-2,1.65363,2052
3.317000e-2,1.65927,2059
3.318000e-2,1.65201,2050
3.319000e-2,1.65685,2056
3.320000e-2,1.65524,2054
3.321000e-2,1.65282,2051
3.322000e-2,1.65201,2050
3.323000e-2,1.65766,2057
3.324000e-2,1.65766,2057
3.325000e-2,1.65201,2050
3.326000e-2,1.66168,2062
3.327000e-2,1.64718,2044
3.328000e-2,1.66168,2062
3.329000e-2,1.64637,2043
3.330000e-2,1.66571,2067
3.331000e-2,1.63670,2031
3.332000e-2,1.66330,2064
3.333000e-2,1.64960,2047
3.334000e-2,1.65846,2058
3.335000e-2,1.65201,2050
3.336000e-2,1.65846,2058
3.337000e-2,1.65282,2051
3.338000e-2,1.66410,2065
3.339000e-2,1.65443,2053
3.340000e-2,1.64557,2042
3.341000e-2,1.66652,2068
3.342000e-2,1.64799,2045
3.343000e-2,1.66007,2060
3.344000e-2,1.65282,2051
3.345000e-2,1.65524,2054
3.346000e-2,1.65443,2053
3.347000e-2,1.65443,2053
3.348000e-2,1.65766,2057
3.349000e-2,1.65040,2048
3.350000e-2,1.65766,2057
3.351000e-2,1.64154,2037
3.352000e-2,1.66571,2067
3.353000e-2,1.65282,2051
3.354000e-2,1.65927,2059
3.355000e-2,1.65040,2048
3.356000e-2,1.65604,2055
3.357000e-2,1.65201,2050
3.358000e-2,1.65846,2058
3.359000e-2,1.64799,2045
3.360000e-2,1.65121,2049
3.361000e-2,1.66168,2062
3.362000e-2,1.64718,2044
3.363000e-2,1.66894,2071
3.364000e-2,1.65121,2049
3.365000e-2,1.66491,2066
3.366000e-2,1.65524,2054
3.367000e-2,1.65927,2059
3.368000e-2,1.64718,2044
3.369000e-2,1.65766,2057
3.370000e-2,1.66410,2065
3.371000e-2,1.65121,2049
3.372000e-2,1.66571,2067
3.373000e-2,1.64315,2039
3.374000e-2,1.66330,2064
3.375000e-2,1.64557,2042
3.376000e-2,1.66007,2060
3.377000e-2,1.65363,2052
3.378000e-2,1.65524,2054
3.379000e-2,1.65604,2055
3.380000e-2,1.65040,2048
3.381000e-2,1.66571,2067
3.382000e-2,1.64476,2041
3.383000e-2,1.66652,2068
3.384000e-2,1.65040,2048
3.385000e-2,1.65927,2059
3.386000e-2,1.65443,2053
3.387000e-2,1.65927,2059
3.388000e-2,1.65846,2058
3.389000e-2,1.65846,2058
3.390000e-2,1.65443,2053
3.391000e-2,1.65282,2051
3.392000e-2,1.66088,2061
3.393000e-2,1.64557,2042
3.394000e-2,1.66733,2069
3.395000e-2,1.64154,2037
3.396000e-2,1.66652,2068
3.397000e-2,1.65040,2048
3.398000e-2,1.65846,2058
3.399000e-2,1.64557,2042
3.400000e-2,1.66088,2061
3.401000e-2,1.65443,2053
3.402000e-2,1.66088,2061
3.403000e-2,1.65201,2050
3.404000e-2,1.65524,2054
3.405000e-2,1.64960,2047
3.406000e-2,1.65927,2059
3.407000e-2,1.66007,2060
3.408000e-2,1.65846,2058
3.409000e-2,1.65282,2051
3.410000e-2,1.65363,2052
3.411000e-2,1.65685,2056
3.412000e-2,1.65524,2054
3.413000e-2,1.65846,2058
3.414000e-2,1.64637,2043
3.415000e-2,1.66571,2067
3.416000e-2,1.65201,2050
3.417000e-2,1.65766,2057
3.418000e-2,1.64637,2043
3.419000e-2,1.66733,2069
3.420000e-2,1.65282,2051
3.421000e-2,1.66007,2060
3.422000e-2,1.65363,2052
3.423000e-2,1.66974,2072
3.424000e-2,1.65121,2049
3.425000e-2,1.66088,2061
3.426000e-2,1.65121,2049
3.427000e-2,1.65524,2054
3.428000e-2,1.65443,2053
3.429000e-2,1.65040,2048
3.430000e-2,1.66410,2065
3.431000e-2,1.64476,2041
3.432000e-2,1.67458,2078
3.433000e-2,1.65121,2049
3.434000e-2,1.65201,2050
3.435000e-2,1.65443,2053
3.436000e-2,1.66168,2062
3.437000e-2,1.65443,2053
3.438000e-2,1.66491,2066
3.439000e-2,1.66330,2064
3.440000e-2,1.64637,2043
3.441000e-2,1.66813,2070
3.442000e-2,1.65443,2053
3.443000e-2,1.66168,2062
3.444000e-2,1.64476,2041
3.445000e-2,1.65766,2057
3.446000e-2,1.65524,2054
3.447000e-2,1.64718,2044
3.448000e-2,1.66733,2069
3.449000e-2,1.65040,2048
3.450000e-2,1.66007,2060
3.451000e-2,1.65363,2052
3.452000e-2,1.64879,2046
3.453000e-2,1.66007,2060
3.454000e-2,1.64637,2043
3.455000e-2,1.65685,2056
3.456000e-2,1.65363,2052
3.457000e-2,1.66571,2067
3.458000e-2,1.65766,2057
3.459000e-2,1.65363,2052
3.460000e-2,1.66733,2069
3.461000e-2,1.64718,2044
3.462000e-2,1.65766,2057
3.463000e-2,1.65201,2050
3.464000e-2,1.65846,2058
3.465000e-2,1.65604,2055
3.466000e-2,1.65040,2048
3.467000e-2,1.66168,2062
3.468000e-2,1.63348,2027
3.469000e-2,1.66007,2060
3.470000e-2,1.65282,2051
3.471000e-2,1.66168,2062
3.472000e-2,1.64557,2042
3.473000e-2,1.65443,2053
3.474000e-2,1.66168,2062
3.475000e-2,1.64315,2039
3.476000e-2,1.66894,2071
3.477000e-2,1.65282,2051
3.478000e-2,1.65766,2057
3.479000e-2,1.65121,2049
3.480000e-2,1.65121,2049
3.481000e-2,1.66491,2066
3.482000e-2,1.64396,2040
3.483000e-2,1.66249,2063
3.484000e-2,1.65282,2051
3.485000e-2,1.65766,2057
3.486000e-2,1.64637,2043
3.487000e-2,1.65201,2050
3.488000e-2,1.66652,2068
3.489000e-2,1.65443,2053
3.490000e-2,1.66733,2069
3.491000e-2,1.65282,2051
3.492000e-2,1.65524,2054
3.493000e-2,1.65363,2052
3.494000e-2,1.64476,2041
3.495000e-2,1.65927,2059
3.496000e-2,1.64637,2043
3.497000e-2,1.65766,2057
3.498000e-2,1.65604,2055
3.499000e-2,1.65524,2054
3.500000e-2,1.66168,2062
3.501000e-2,1.65040,2048
3.502000e-2,1.66652,2068
3.503000e-2,1.65443,2053
3.504000e-2,1.66168,2062
3.505000e-2,1.65443,2053
3.506000e-2,1.64960,2047
3.507000e-2,1.66974,2072
3.508000e-2,1.64476,2041
3.509000e-2,1.65766,2057
3.510000e-2,1.64879,2046
3.511000e-2,1.65604,2055
3.512000e-2,1.65282,2051
3.513000e-2,1.64637,2043
3.514000e-2,1.66813,2070
3.515000e-2,1.64799,2045
3.516000e-2,1.65685,2056
3.517000e-2,1.65524,2054
3.518000e-2,1.65604,2055
3.519000e-2,1.66410,2065
3.520000e-2,1.64637,2043
3.521000e-2,1.66491,2066
3.522000e-2,1.65363,2052
3.523000e-2,1.66571,2067
3.524000e-2,1.65121,2049
3.525000e-2,1.66330,2064
3.526000e-2,1.65846,2058
3.527000e-2,1.65685,2056
3.528000e-2,1.65524,2054
3.529000e-2,1.65604,2055
3.530000e-2,1.65846,2058
3.531000e-2,1.65363,2052
3.532000e-2,1.66410,2065
3.533000e-2,1.64476,2041
3.534000e-2,1.66733,2069
3.535000e-2,1.64637,2043
3.536000e-2,1.65846,2058
3.537000e-2,1.65121,2049
3.538000e-2,1.66168,2062
3.539000e-2,1.65201,2050
3.540000e-2,1.66007,2060
3.541000e-2,1.65282,2051
3.542000e-2,1.66571,2067
3.543000e-2,1.66330,2064
3.544000e-2,1.64799,2045
3.545000e-2,1.66813,2070
3.546000e-2,1.64879,2046
3.547000e-2,1.66249,2063
3.548000e-2,1.64879,2046
3.549000e-2,1.65766,2057
3.550000e-2,1.65685,2056
3.551000e-2,1.65040,2048
3.552000e-2,1.66410,2065
3.553000e-2,1.64557,2042
3.554000e-2,1.65927,2059
3.555000e-2,1.65282,2051
3.556000e-2,1.65040,2048
3.557000e-2,1.65040,2048
3.558000e-2,1.65766,2057
3.559000e-2,1.65524,2054
3.560000e-2,1.65443,2053
3.561000e-2,1.66168,2062
3.562000e-2,1.64557,2042
3.563000e-2,1.66652,2068
3.564000e-2,1.65927,2059
3.565000e-2,1.65927,2059
3.566000e-2,1.65040,2048
3.567000e-2,1.65604,2055
3.568000e-2,1.65604,2055
3.569000e-2,1.66249,2063
3.570000e-2,1.65282,2051
3.571000e-2,1.66007,2060
3.572000e-2,1.65685,2056
3.573000e-2,1.65443,2053
3.574000e-2,1.66168,2062
3.575000e-2,1.65282,2051
3.576000e-2,1.65927,2059
3.577000e-2,1.65443,2053
3.578000e-2,1.65282,2051
3.579000e-2,1.64799,2045
3.580000e-2,1.67055,2073
3.581000e-2,1.64637,2043
3.582000e-2,1.66733,2069
3.583000e-2,1.65040,2048
3.584000e-2,1.66088,2061
3.585000e-2,1.65201,2050
3.586000e-2,1.66088,2061
3.587000e-2,1.65201,2050
3.588000e-2,1.65846,2058
3.589000e-2,1.65040,2048
3.590000e-2,1.65766,2057
3.591000e-2,1.65524,2054
3.592000e-2,1.65363,2052
3.593000e-2,1.66007,2060
3.594000e-2,1.64396,2040
3.595000e-2,1.66088,2061
3.596000e-2,1.65443,2053
3.597000e-2,1.65766,2057
3.598000e-2,1.65040,2048
3.599000e-2,1.65846,2058
3.600000e-2,1.65282,2051
3.601000e-2,1.65766,2057
3.602000e-2,1.65846,2058
3.603000e-2,1.65201,2050
3.604000e-2,1.66007,2060
3.605000e-2,1.65040,2048
3.606000e-2,1.66813,2070
3.607000e-2,1.64637,2043
3.608000e-2,1.66168,2062
3.609000e-2,1.65363,2052
3.610000e-2,1.66088,2061
3.611000e-2,1.65443,2053
3.612000e-2,1.65846,2058
3.613000e-2,1.65846,2058
3.614000e-2,1.65201,2050
3.615000e-2,1.65121,2049
3.616000e-2,1.65766,2057
3.617000e-2,1.64799,2045
3.618000e-2,1.65282,2051
3.619000e-2,1.65766,2057
3.620000e-2,1.65201,2050
3.621000e-2,1.66007,2060
3.622000e-2,1.64879,2046
3.623000e-2,1.67136,2074
3.624000e-2,1.64073,2036
3.625000e-2,1.66813,2070
3.626000e-2,1.64557,2042
3.627000e-2,1.66249,2063
3.628000e-2,1.64799,2045
3.629000e-2,1.65927,2059
3.630000e-2,1.65282,2051
3.631000e-2,1.65685,2056
3.632000e-2,1.65201,2050
3.633000e-2,1.65040,2048
3.634000e-2,1.65121,2049
3.635000e-2,1.65927,2059
3.636000e-2,1.65524,2054
3.637000e-2,1.65846,2058
3.638000e-2,1.65685,2056
3.639000e-2,1.65766,2057
3.640000e-2,1.66007,2060
3.641000e-2,1.65604,2055
3.642000e-2,1.65685,2056
3.643000e-2,1.65846,2058
3.644000e-2,1.65927,2059
3.645000e-2,1.65524,2054
3.646000e-2,1.66088,2061
3.647000e-2,1.65121,2049
3.648000e-2,1.66330,2064
3.649000e-2,1.64718,2044
3.650000e-2,1.66813,2070
3.651000e-2,1.64234,2038
3.652000e-2,1.66652,2068
3.653000e-2,1.64960,2047
3.654000e-2,1.65363,2052
3.655000e-2,1.65282,2051
3.656000e-2,1.65927,2059
3.657000e-2,1.65443,2053
3.658000e-2,1.65363,2052
3.659000e-2,1.66007,2060
3.660000e-2,1.64799,2045
3.661000e-2,1.66007,2060
3.662000e-2,1.64557,2042
3.663000e-2,1.66491,2066
3.664000e-2,1.64154,2037
3.665000e-2,1.66894,2071
3.666000e-2,1.65040,2048
3.667000e-2,1.66007,2060
3.668000e-2,1.66168,2062
3.669000e-2,1.65846,2058
3.670000e-2,1.65766,2057
3.671000e-2,1.64073,2036
3.672000e-2,1.66410,2065
3.673000e-2,1.65604,2055
3.674000e-2,1.65927,2059
3.675000e-2,1.65363,2052
3.676000e-2,1.65201,2050
3.677000e-2,1.65846,2058
3.678000e-2,1.64637,2043
3.679000e-2,1.66894,2071
3.680000e-2,1.64799,2045
3.681000e-2,1.65282,2051
3.682000e-2,1.65201,2050
3.683000e-2,1.65282,2051
3.684000e-2,1.66733,2069
3.685000e-2,1.65201,2050
3.686000e-2,1.65846,2058
3.687000e-2,1.64396,2040
3.688000e-2,1.65846,2058
3.689000e-2,1.65685,2056
3.690000e-2,1.65524,2054
3.691000e-2,1.66330,2064
3.692000e-2,1.64315,2039
3.693000e-2,1.66088,2061
3.694000e-2,1.65201,2050
3.695000e-2,1.65685,2056
3.696000e-2,1.65201,2050
3.697000e-2,1.65201,2050
3.698000e-2,1.66410,2065
3.699000e-2,1.64396,2040
3.700000e-2,1.66249,2063
3.701000e-2,1.65282,2051
3.702000e-2,1.65524,2054
3.703000e-2,1.65524,2054
3.704000e-2,1.65282,2051
3.705000e-2,1.67377,2077
3.706000e-2,1.65040,2048
3.707000e-2,1.65685,2056
3.708000e-2,1.65363,2052
3.709000e-2,1.65524,2054
3.710000e-2,1.66088,2061
3.711000e-2,1.64476,2041
3.712000e-2,1.65604,2055
3.713000e-2,1.65201,2050
3.714000e-2,1.65927,2059
3.715000e-2,1.66007,2060
3.716000e-2,1.64396,2040
3.717000e-2,1.66330,2064
3.718000e-2,1.64960,2047
3.719000e-2,1.65846,2058
3.720000e-2,1.65121,2049
3.721000e-2,1.66007,2060
3.722000e-2,1.65685,2056
3.723000e-2,1.64637,2043
3.724000e-2,1.66813,2070
3.725000e-2,1.64476,2041
3.726000e-2,1.66330,2064
3.727000e-2,1.65363,2052
3.728000e-2,1.65766,2057
3.729000e-2,1.65524,2054
3.730000e-2,1.64718,2044
3.731000e-2,1.66410,2065
3.732000e-2,1.64637,2043
3.733000e-2,1.65846,2058
3.734000e-2,1.65121,2049
3.735000e-2,1.66168,2062
3.736000e-2,1.65363,2052
3.737000e-2,1.65363,2052
3.738000e-2,1.66088,2061
3.739000e-2,1.64879,2046
3.740000e-2,1.66330,2064
3.741000e-2,1.64396,2040
3.742000e-2,1.66330,2064
3.743000e-2,1.65121,2049
3.744000e-2,1.65443,2053
3.745000e-2,1.65282,2051
3.746000e-2,1.65685,2056
3.747000e-2,1.65524,2054
3.748000e-2,1.65121,2049
3.749000e-2,1.66410,2065
3.750000e-2,1.64476,2041
3.751000e-2,1.65766,2057
3.752000e-2,1.65040,2048
3.753000e-2,1.65846,2058
3.754000e-2,1.65443,2053
3.755000e-2,1.65524,2054
3.756000e-2,1.66168,2062
3.757000e-2,1.64476,2041
3.758000e-2,1.66168,2062
3.759000e-2,1.65363,2052
3.760000e-2,1.65685,2056
3.761000e-2,1.64960,2047
3.762000e-2,1.64476,2041
3.763000e-2,1.66733,2069
3.764000e-2,1.65121,2049
3.765000e-2,1.65766,2057
3.766000e-2,1.65282,2051
3.767000e-2,1.64799,2045
3.768000e-2,1.65766,2057
3.769000e-2,1.65121,2049
3.770000e-2,1.66652,2068
3.771000e-2,1.65201,2050
3.772000e-2,1.65927,2059
3.773000e-2,1.65604,2055
3.774000e-2,1.65282,2051
3.775000e-2,1.66330,2064
3.776000e-2,1.63670,2031
3.777000e-2,1.65927,2059
3.778000e-2,1.66249,2063
3.779000e-2,1.65766,2057
3.780000e-2,1.65685,2056
3.781000e-2,1.65201,2050
3.782000e-2,1.66007,2060
3.783000e-2,1.64718,2044
3.784000e-2,1.66410,2065
3.785000e-2,1.65040,2048
3.786000e-2,1.65766,2057
3.787000e-2,1.65524,2054
3.788000e-2,1.64879,2046
3.789000e-2,1.66410,2065
3.790000e-2,1.65604,2055
3.791000e-2,1.66007,2060
3.792000e-2,1.66007,2060
3.793000e-2,1.65524,2054
3.794000e-2,1.66007,2060
3.795000e-2,1.64718,2044
3.796000e-2,1.65443,2053
3.797000e-2,1.65443,2053
3.798000e-2,1.65604,2055
3.799000e-2,1.64879,2046
3.800000e-2,1.65766,2057
3.801000e-2,1.65201,2050
3.802000e-2,1.65927,2059
3.803000e-2,1.65846,2058
3.804000e-2,1.64960,2047
3.805000e-2,1.66571,2067
3.806000e-2,1.65604,2055
3.807000e-2,1.65685,2056
3.808000e-2,1.65363,2052
3.809000e-2,1.65604,2055
3.810000e-2,1.66330,2064
3.811000e-2,1.64315,2039
3.812000e-2,1.66813,2070
3.813000e-2,1.65524,2054
3.814000e-2,1.66330,2064
3.815000e-2,1.65363,2052
3.816000e-2,1.65846,2058
3.817000e-2,1.65604,2055
3.818000e-2,1.65201,2050
3.819000e-2,1.66571,2067
3.820000e-2,1.63993,2035
3.821000e-2,1.65927,2059
3.822000e-2,1.65282,2051
3.823000e-2,1.66007,2060
3.824000e-2,1.65443,2053
3.825000e-2,1.64718,2044
3.826000e-2,1.66168,2062
3.827000e-2,1.65282,2051
3.828000e-2,1.65766,2057
3.829000e-2,1.65363,2052
3.830000e-2,1.65040,2048
3.831000e-2,1.66088,2061
3.832000e-2,1.64396,2040
3.833000e-2,1.66088,2061
3.834000e-2,1.65363,2052
3.835000e-2,1.65121,2049
3.836000e-2,1.65524,2054
3.837000e-2,1.65524,2054
3.838000e-2,1.66007,2060
3.839000e-2,1.64396,2040
3.840000e-2,1.65363,2052
3.841000e-2,1.65282,2051
3.842000e-2,1.65282,2051
3.843000e-2,1.65363,2052
3.844000e-2,1.65443,2053
3.845000e-2,1.64879,2046
3.846000e-2,1.64718,2044
3.847000e-2,1.66410,2065
3.848000e-2,1.65282,2051
3.849000e-2,1.65443,2053
3.850000e-2,1.65040,2048
3.851000e-2,1.65846,2058
3.852000e-2,1.64799,2045
3.853000e-2,1.64879,2046
3.854000e-2,1.66410,2065
3.855000e-2,1.64637,2043
3.856000e-2,1.65927,2059
3.857000e-2,1.65443,2053
3.858000e-2,1.65766,2057
3.859000e-2,1.65524,2054
3.860000e-2,1.65604,2055
3.861000e-2,1.66410,2065
3.862000e-2,1.65604,2055
3.863000e-2,1.66652,2068
3.864000e-2,1.64879,2046
3.865000e-2,1.66007,2060
3.866000e-2,1.65201,2050
3.867000e-2,1.65846,2058
3.868000e-2,1.65766,2057
3.869000e-2,1.65040,2048
3.870000e-2,1.66733,2069
3.871000e-2,1.65363,2052
3.872000e-2,1.65846,2058
3.873000e-2,1.65363,2052
3.874000e-2,1.64799,2045
3.875000e-2,1.66249,2063
3.876000e-2,1.64396,2040
3.877000e-2,1.66491,2066
3.878000e-2,1.65604,2055
3.879000e-2,1.66088,2061
3.880000e-2,1.65443,2053
3.881000e-2,1.65363,2052
3.882000e-2,1.66491,2066
3.883000e-2,1.65282,2051
3.884000e-2,1.65766,2057
3.885000e-2,1.65363,2052
3.886000e-2,1.65443,2053
3.887000e-2,1.65201,2050
3.888000e-2,1.65282,2051
3.889000e-2,1.66168,2062
3.890000e-2,1.64960,2047
3.891000e-2,1.65685,2056
3.892000e-2,1.65363,2052
3.893000e-2,1.65604,2055
3.894000e-2,1.66168,2062
3.895000e-2,1.64073,2036
3.896000e-2,1.66571,2067
3.897000e-2,1.65282,2051
3.898000e-2,1.66007,2060
3.899000e-2,1.65282,2051
3.900000e-2,1.65685,2056
3.901000e-2,1.65201,2050
3.902000e-2,1.65363,2052
3.903000e-2,1.66330,2064
3.904000e-2,1.64799,2045
3.905000e-2,1.66410,2065
3.906000e-2,1.64637,2043
3.907000e-2,1.67055,2073
3.908000e-2,1.64234,2038
3.909000e-2,1.65927,2059
3.910000e-2,1.65201,2050
3.911000e-2,1.66088,2061
3.912000e-2,1.65121,2049
3.913000e-2,1.65604,2055
3.914000e-2,1.65604,2055
3.915000e-2,1.64879,2046
3.916000e-2,1.66330,2064
3.917000e-2,1.64476,2041
3.918000e-2,1.65846,2058
3.919000e-2,1.65201,2050
3.920000e-2,1.66249,2063
3.921000e-2,1.65363,2052
3.922000e-2,1.65040,2048
3.923000e-2,1.66249,2063
3.924000e-2,1.64476,2041
3.925000e-2,1.66007,2060
3.926000e-2,1.64315,2039
3.927000e-2,1.65524,2054
3.928000e-2,1.65766,2057
3.929000e-2,1.64476,2041
3.930000e-2,1.66249,2063
3.931000e-2,1.64960,2047
3.932000e-2,1.65846,2058
3.933000e-2,1.64637,2043
3.934000e-2,1.65121,2049
3.935000e-2,1.66088,2061
3.936000e-2,1.64799,2045
3.937000e-2,1.66007,2060
3.938000e-2,1.64637,2043
3.939000e-2,1.65685,2056
3.940000e-2,1.65443,2053
3.941000e-2,1.65121,2049
3.942000e-2,1.66491,2066
3.943000e-2,1.65121,2049
3.944000e-2,1.66007,2060
3.945000e-2,1.65766,2057
3.946000e-2,1.65201,2050
3.947000e-2,1.65685,2056
3.948000e-2,1.64396,2040
3.949000e-2,1.66249,2063
3.950000e-2,1.65201,2050
3.951000e-2,1.65766,2057
3.952000e-2,1.65282,2051
3.953000e-2,1.64799,2045
3.954000e-2,1.66088,2061
3.955000e-2,1.65121,2049
3.956000e-2,1.64799,2045
3.957000e-2,1.65040,2048
3.958000e-2,1.64960,2047
3.959000e-2,1.66813,2070
3.960000e-2,1.65040,2048
3.961000e-2,1.65524,2054
3.962000e-2,1.64637,2043
3.963000e-2,1.65846,2058
3.964000e-2,1.65363,2052
3.965000e-2,1.64879,2046
3.966000e-2,1.66410,2065
3.967000e-2,1.64396,2040
3.968000e-2,1.65846,2058
3.969000e-2,1.65443,2053
3.970000e-2,1.65766,2057
3.971000e-2,1.65363,2052
3.972000e-2,1.64718,2044
3.973000e-2,1.65685,2056
3.974000e-2,1.64315,2039
3.975000e-2,1.65846,2058
3.976000e-2,1.65363,2052
3.977000e-2,1.66007,2060
3.978000e-2,1.64879,2046
3.979000e-2,1.65846,2058
3.980000e-2,1.65121,2049
3.981000e-2,1.65201,2050
3.982000e-2,1.66088,2061
3.983000e-2,1.64396,2040
3.984000e-2,1.66249,2063
3.985000e-2,1.65282,2051
3.986000e-2,1.65685,2056
3.987000e-2,1.65121,2049
3.988000e-2,1.65685,2056
3.989000e-2,1.65685,2056
3.990000e-2,1.65040,2048
3.991000e-2,1.66249,2063
3.992000e-2,1.64718,2044
3.993000e-2,1.65685,2056
3.994000e-2,1.65282,2051
3.995000e-2,1.65846,2058
3.996000e-2,1.65282,2051
3.997000e-2,1.65443,2053
3.998000e-2,1.65846,2058
3.999000e-2,1.64637,2043
4.000000e-2,1.66733,2069
4.001000e-2,1.66007,2060
4.002000e-2,1.65846,2058
4.003000e-2,1.64476,2041
4.004000e-2,1.65766,2057
4.005000e-2,1.65524,2054
4.006000e-2,1.65121,2049
4.007000e-2,1.65766,2057
4.008000e-2,1.64799,2045
4.009000e-2,1.67297,2076
4.010000e-2,1.64718,2044
4.011000e-2,1.66813,2070
4.012000e-2,1.65040,2048
4.013000e-2,1.65685,2056
4.014000e-2,1.65766,2057
4.015000e-2,1.65685,2056
4.016000e-2,1.65363,2052
4.017000e-2,1.65766,2057
4.018000e-2,1.65846,2058
4.019000e-2,1.64315,2039
4.020000e-2,1.66330,2064
4.021000e-2,1.65363,2052
4.022000e-2,1.65363,2052
4.023000e-2,1.65282,2051
4.024000e-2,1.65604,2055
4.025000e-2,1.66652,2068
4.026000e-2,1.65040,2048
4.027000e-2,1.66088,2061
4.028000e-2,1.64879,2046
4.029000e-2,1.65846,2058
4.030000e-2,1.64476,2041
4.031000e-2,1.65766,2057
4.032000e-2,1.65121,2049
4.033000e-2,1.65766,2057
4.034000e-2,1.66894,2071
4.035000e-2,1.65040,2048
4.036000e-2,1.67297,2076
4.037000e-2,1.64557,2042
4.038000e-2,1.66007,2060
4.039000e-2,1.64154,2037
4.040000e-2,1.65121,2049
4.041000e-2,1.65443,2053
4.042000e-2,1.65604,2055
4.043000e-2,1.65846,2058
4.044000e-2,1.65524,2054
4.045000e-2,1.66088,2061
4.046000e-2,1.64718,2044
4.047000e-2,1.66652,2068
4.048000e-2,1.65282,2051
4.049000e-2,1.65524,2054
4.050000e-2,1.65685,2056
4.051000e-2,1.64879,2046
4.052000e-2,1.67297,2076
4.053000e-2,1.65040,2048
4.054000e-2,1.66088,2061
4.055000e-2,1.65282,2051
4.056000e-2,1.65040,2048
4.057000e-2,1.66410,2065
4.058000e-2,1.65201,2050
4.059000e-2,1.65766,2057
4.060000e-2,1.65040,2048
4.061000e-2,1.65766,2057
4.062000e-2,1.65524,2054
4.063000e-2,1.64315,2039
4.064000e-2,1.65766,2057
4.065000e-2,1.65282,2051
4.066000e-2,1.65766,2057
4.067000e-2,1.66249,2063
4.068000e-2,1.64557,2042
4.069000e-2,1.65685,2056
4.070000e-2,1.64960,2047
4.071000e-2,1.64718,2044
4.072000e-2,1.65685,2056
4.073000e-2,1.65363,2052
4.074000e-2,1.65604,2055
4.075000e-2,1.66007,2060
4.076000e-2,1.64234,2038
4.077000e-2,1.65685,2056
4.078000e-2,1.65685,2056
4.079000e-2,1.65121,2049
4.080000e-2,1.66652,2068
4.081000e-2,1.65040,2048
4.082000e-2,1.65766,2057
4.083000e-2,1.64799,2045
4.084000e-2,1.65040,2048
4.085000e-2,1.67297,2076
4.086000e-2,1.64879,2046
4.087000e-2,1.65766,2057
4.088000e-2,1.66571,2067
4.089000e-2,1.64637,2043
4.090000e-2,1.67458,2078
4.091000e-2,1.64799,2045
4.092000e-2,1.65927,2059
4.093000e-2,1.65201,2050
4.094000e-2,1.65443,2053
4.095000e-2,1.65766,2057
4.096000e-2,1.64799,2045
4.097000e-2,1.66571,2067
4.098000e-2,1.65201,2050
4.099000e-2,1.65443,2053
4.100000e-2,1.64396,2040
4.101000e-2,1.65766,2057
4.102000e-2,1.66249,2063
4.103000e-2,1.64234,2038
4.104000e-2,1.66007,2060
4.105000e-2,1.65443,2053
4.106000e-2,1.65282,2051
4.107000e-2,1.66007,2060
4.108000e-2,1.64396,2040
4.109000e-2,1.65846,2058
4.110000e-2,1.65363,2052
4.111000e-2,1.65363,2052
4.112000e-2,1.66088,2061
4.113000e-2,1.64073,2036
4.114000e-2,1.65685,2056
4.115000e-2,1.65282,2051
4.116000e-2,1.65604,2055
4.117000e-2,1.65927,2059
4.118000e-2,1.64315,2039
4.119000e-2,1.65282,2051
4.120000e-2,1.65040,2048
4.121000e-2,1.65363,2052
4.122000e-2,1.66571,2067
4.123000e-2,1.64396,2040
4.124000e-2,1.66007,2060
4.125000e-2,1.65201,2050
4.126000e-2,1.65604,2055
4.127000e-2,1.66410,2065
4.128000e-2,1.64154,2037
4.129000e-2,1.65927,2059
4.130000e-2,1.64960,2047
4.131000e-2,1.65443,2053
4.132000e-2,1.66571,2067
4.133000e-2,1.64718,2044
4.134000e-2,1.66249,2063
4.135000e-2,1.64960,2047
4.136000e-2,1.65766,2057
4.137000e-2,1.65443,2053
4.138000e-2,1.65121,2049
4.139000e-2,1.66410,2065
4.140000e-2,1.64557,2042
4.141000e-2,1.66168,2062
4.142000e-2,1.65766,2057
4.143000e-2,1.65846,2058
4.144000e-2,1.65282,2051
4.145000e-2,1.65927,2059
4.146000e-2,1.65685,2056
4.147000e-2,1.64718,2044
4.148000e-2,1.66410,2065
4.149000e-2,1.65201,2050
4.150000e-2,1.65685,2056
4.151000e-2,1.65040,2048
4.152000e-2,1.65604,2055
4.153000e-2,1.65604,2055
4.154000e-2,1.64879,2046
4.155000e-2,1.66652,2068
4.156000e-2,1.65040,2048
4.157000e-2,1.65846,2058
4.158000e-2,1.65363,2052
4.159000e-2,1.65040,2048
4.160000e-2,1.66813,2070
4.161000e-2,1.64718,2044
4.162000e-2,1.65766,2057
4.163000e-2,1.65201,2050
4.164000e-2,1.66168,2062
4.165000e-2,1.66088,2061
4.166000e-2,1.63993,2035
4.167000e-2,1.65524,2054
4.168000e-2,1.64960,2047
4.169000e-2,1.64799,2045
4.170000e-2,1.66571,2067
4.171000e-2,1.65363,2052
4.172000e-2,1.65685,2056
4.173000e-2,1.66007,2060
4.174000e-2,1.64476,2041
4.175000e-2,1.65846,2058
4.176000e-2,1.65121,2049
4.177000e-2,1.65766,2057
4.178000e-2,1.65685,2056
4.179000e-2,1.65040,2048
4.180000e-2,1.66491,2066
4.181000e-2,1.65121,2049
4.182000e-2,1.66007,2060
4.183000e-2,1.65201,2050
4.184000e-2,1.65604,2055
4.185000e-2,1.66007,2060
4.186000e-2,1.64718,2044
4.187000e-2,1.66249,2063
4.188000e-2,1.65282,2051
4.189000e-2,1.65766,2057
4.190000e-2,1.65604,2055
4.191000e-2,1.64718,2044
4.192000e-2,1.66652,2068
4.193000e-2,1.65363,2052
4.194000e-2,1.65443,2053
4.195000e-2,1.66168,2062
4.196000e-2,1.65121,2049
4.197000e-2,1.65766,2057
4.198000e-2,1.65443,2053
4.199000e-2,1.65121,2049
4.200000e-2,1.66652,2068
4.201000e-2,1.64557,2042
4.202000e-2,1.65685,2056
4.203000e-2,1.65443,2053
4.204000e-2,1.64718,2044
4.205000e-2,1.65685,2056
4.206000e-2,1.64476,2041
4.207000e-2,1.66813,2070
4.208000e-2,1.65201,2050
4.209000e-2,1.65846,2058
4.210000e-2,1.65524,2054
4.211000e-2,1.65040,2048
4.212000e-2,1.66652,2068
4.213000e-2,1.65282,2051
4.214000e-2,1.65201,2050
4.215000e-2,1.65685,2056
4.216000e-2,1.63993,2035
4.217000e-2,1.65443,2053
4.218000e-2,1.64557,2042
4.219000e-2,1.65685,2056
4.220000e-2,1.65927,2059
4.221000e-2,1.65121,2049
4.222000e-2,1.66813,2070
4.223000e-2,1.65282,2051
4.224000e-2,1.66007,2060
4.225000e-2,1.65604,2055
4.226000e-2,1.65363,2052
4.227000e-2,1.66571,2067
4.228000e-2,1.65040,2048
4.229000e-2,1.65846,2058
4.230000e-2,1.65121,2049
4.231000e-2,1.65846,2058
4.232000e-2,1.66410,2065
4.233000e-2,1.64637,2043
4.234000e-2,1.65685,2056
4.235000e-2,1.65201,2050
4.236000e-2,1.65685,2056
4.237000e-2,1.65443,2053
4.238000e-2,1.65766,2057
4.239000e-2,1.66007,2060
4.240000e-2,1.64879,2046
4.241000e-2,1.66813,2070
4.242000e-2,1.64476,2041
4.243000e-2,1.66007,2060
4.244000e-2,1.65201,2050
4.245000e-2,1.65443,2053
4.246000e-2,1.66007,2060
4.247000e-2,1.63509,2029
4.248000e-2,1.65443,2053
4.249000e-2,1.65040,2048
4.250000e-2,1.66088,2061
4.251000e-2,1.65766,2057
4.252000e-2,1.65282,2051
4.253000e-2,1.66491,2066
4.254000e-2,1.64315,2039
4.255000e-2,1.66088,2061
4.256000e-2,1.65121,2049
4.257000e-2,1.65846,2058
4.258000e-2,1.65685,2056
4.259000e-2,1.64799,2045
4.260000e-2,1.66652,2068
4.261000e-2,1.64799,2045
4.262000e-2,1.65524,2054
4.263000e-2,1.65201,2050
4.264000e-2,1.65927,2059
4.265000e-2,1.65443,2053
4.266000e-2,1.66088,2061
4.267000e-2,1.64799,2045
4.268000e-2,1.65282,2051
4.269000e-2,1.66249,2063
4.270000e-2,1.64718,2044
4.271000e-2,1.66894,2071
4.272000e-2,1.65282,2051
4.273000e-2,1.66249,2063
4.274000e-2,1.64396,2040
4.275000e-2,1.66007,2060
4.276000e-2,1.65766,2057
4.277000e-2,1.65363,2052
4.278000e-2,1.66007,2060
4.279000e-2,1.63993,2035
4.280000e-2,1.65604,2055
4.281000e-2,1.65282,2051
4.282000e-2,1.65846,2058
4.283000e-2,1.66088,2061
4.284000e-2,1.64396,2040
4.285000e-2,1.66330,2064
4.286000e-2,1.65201,2050
4.287000e-2,1.65524,2054
4.288000e-2,1.65524,2054
4.289000e-2,1.65201,2050
4.290000e-2,1.66571,2067
4.291000e-2,1.64799,2045
4.292000e-2,1.66168,2062
4.293000e-2,1.64960,2047
4.294000e-2,1.65524,2054
4.295000e-2,1.65927,2059
4.296000e-2,1.64879,2046
4.297000e-2,1.66491,2066
4.298000e-2,1.64960,2047
4.299000e-2,1.66571,2067
4.300000e-2,1.65201,2050
4.301000e-2,1.65685,2056
4.302000e-2,1.65443,2053
4.303000e-2,1.64637,2043
4.304000e-2,1.65927,2059
4.305000e-2,1.65524,2054
4.306000e-2,1.66007,2060
4.307000e-2,1.65443,2053
4.308000e-2,1.64154,2037
4.309000e-2,1.65846,2058
4.310000e-2,1.65604,2055
4.311000e-2,1.66088,2061
4.312000e-2,1.65685,2056
4.313000e-2,1.65040,2048
4.314000e-2,1.66652,2068
4.315000e-2,1.65524,2054
4.316000e-2,1.65846,2058
4.317000e-2,1.65201,2050
4.318000e-2,1.66007,2060
4.319000e-2,1.65040,2048
4.320000e-2,1.65927,2059
4.321000e-2,1.65121,2049
4.322000e-2,1.65363,2052
4.323000e-2,1.66330,2064
4.324000e-2,1.64476,2041
4.325000e-2,1.66168,2062
4.326000e-2,1.65443,2053
4.327000e-2,1.65685,2056
4.328000e-2,1.65524,2054
4.329000e-2,1.65604,2055
4.330000e-2,1.66410,2065
4.331000e-2,1.64557,2042
4.332000e-2,1.65846,2058
4.333000e-2,1.64396,2040
4.334000e-2,1.65282,2051
4.335000e-2,1.66249,2063
4.336000e-2,1.64718,2044
4.337000e-2,1.65685,2056
4.338000e-2,1.64799,2045
4.339000e-2,1.65040,2048
4.340000e-2,1.66007,2060
4.341000e-2,1.64476,2041
4.342000e-2,1.66330,2064
4.343000e-2,1.65201,2050
4.344000e-2,1.66088,2061
4.345000e-2,1.65282,2051
4.346000e-2,1.65524,2054
4.347000e-2,1.66007,2060
4.348000e-2,1.64234,2038
4.349000e-2,1.66330,2064
4.350000e-2,1.65363,2052
4.351000e-2,1.65121,2049
4.352000e-2,1.65846,2058
4.353000e-2,1.65040,2048
4.354000e-2,1.66491,2066
4.355000e-2,1.64396,2040
4.356000e-2,1.65766,2057
4.357000e-2,1.65363,2052
4.358000e-2,1.65685,2056
4.359000e-2,1.66249,2063
4.360000e-2,1.64960,2047
4.361000e-2,1.66894,2071
4.362000e-2,1.64637,2043
4.363000e-2,1.65766,2057
4.364000e-2,1.64960,2047
4.365000e-2,1.65685,2056
4.366000e-2,1.65685,2056
4.367000e-2,1.65363,2052
4.368000e-2,1.66652,2068
4.369000e-2,1.64557,2042
4.370000e-2,1.66813,2070
4.371000e-2,1.64799,2045
4.372000e-2,1.66249,2063
4.373000e-2,1.65282,2051
4.374000e-2,1.66330,2064
4.375000e-2,1.65121,2049
4.376000e-2,1.65282,2051
4.377000e-2,1.65766,2057
4.378000e-2,1.64557,2042
4.379000e-2,1.67538,2079
4.380000e-2,1.64396,2040
4.381000e-2,1.66652,2068
4.382000e-2,1.65201,2050
4.383000e-2,1.65846,2058
4.384000e-2,1.65282,2051
4.385000e-2,1.66007,2060
4.386000e-2,1.65443,2053
4.387000e-2,1.65766,2057
4.388000e-2,1.66088,2061
4.389000e-2,1.64879,2046
4.390000e-2,1.66571,2067
4.391000e-2,1.64234,2038
4.392000e-2,1.66813,2070
4.393000e-2,1.64960,2047
4.394000e-2,1.65766,2057
4.395000e-2,1.65040,2048
4.396000e-2,1.66168,2062
4.397000e-2,1.65524,2054
4.398000e-2,1.65363,2052
4.399000e-2,1.65927,2059
4.400000e-2,1.64799,2045
4.401000e-2,1.66410,2065
4.402000e-2,1.65363,2052
4.403000e-2,1.66007,2060
4.404000e-2,1.65685,2056
4.405000e-2,1.65604,2055
4.406000e-2,1.65685,2056
4.407000e-2,1.64960,2047
4.408000e-2,1.66491,2066
4.409000e-2,1.65524,2054
4.410000e-2,1.66249,2063
4.411000e-2,1.65363,2052
4.412000e-2,1.66330,2064
4.413000e-2,1.65846,2058
4.414000e-2,1.65363,2052
4.415000e-2,1.66491,2066
4.416000e-2,1.65201,2050
4.417000e-2,1.65766,2057
4.418000e-2,1.65443,2053
4.419000e-2,1.66330,2064
4.420000e-2,1.65685,2056
4.421000e-2,1.64637,2043
4.422000e-2,1.66813,2070
4.423000e-2,1.64960,2047
4.424000e-2,1.65927,2059
4.425000e-2,1.65121,2049
4.426000e-2,1.65201,2050
4.427000e-2,1.66410,2065
4.428000e-2,1.63912,2034
4.429000e-2,1.66168,2062
4.430000e-2,1.65121,2049
4.431000e-2,1.65685,2056
4.432000e-2,1.65524,2054
4.433000e-2,1.65443,2053
4.434000e-2,1.66007,2060
4.435000e-2,1.64154,2037
4.436000e-2,1.66249,2063
4.437000e-2,1.65201,2050
4.438000e-2,1.66249,2063
4.439000e-2,1.65201,2050
4.440000e-2,1.66491,2066
4.441000e-2,1.64718,2044
4.442000e-2,1.64799,2045
4.443000e-2,1.66491,2066
4.444000e-2,1.65201,2050
4.445000e-2,1.65927,2059
4.446000e-2,1.65282,2051
4.447000e-2,1.67136,2074
4.448000e-2,1.65201,2050
4.449000e-2,1.66007,2060
4.450000e-2,1.65363,2052
4.451000e-2,1.65040,2048
4.452000e-2,1.65604,2055
4.453000e-2,1.65121,2049
4.454000e-2,1.66249,2063
4.455000e-2,1.64799,2045
4.456000e-2,1.66330,2064
4.457000e-2,1.64557,2042
4.458000e-2,1.66733,2069
4.459000e-2,1.64960,2047
4.460000e-2,1.65685,2056
4.461000e-2,1.66168,2062
4.462000e-2,1.65846,2058
4.463000e-2,1.65040,2048
4.464000e-2,1.65927,2059
4.465000e-2,1.65524,2054
4.466000e-2,1.65604,2055
4.467000e-2,1.65121,2049
4.468000e-2,1.66088,2061
4.469000e-2,1.66088,2061
4.470000e-2,1.65201,2050
4.471000e-2,1.66168,2062
4.472000e-2,1.64637,2043
4.473000e-2,1.66733,2069
4.474000e-2,1.64476,2041
4.475000e-2,1.67216,2075
4.476000e-2,1.64315,2039
4.477000e-2,1.66168,2062
4.478000e-2,1.65443,2053
4.479000e-2,1.65846,2058
4.480000e-2,1.65121,2049
4.481000e-2,1.65766,2057
4.482000e-2,1.64879,2046
4.483000e-2,1.65685,2056
4.484000e-2,1.65846,2058
4.485000e-2,1.64637,2043
4.486000e-2,1.66652,2068
4.487000e-2,1.64557,2042
4.488000e-2,1.66733,2069
4.489000e-2,1.64396,2040
4.490000e-2,1.65846,2058
4.491000e-2,1.65363,2052
4.492000e-2,1.66088,2061
4.493000e-2,1.64557,2042
4.494000e-2,1.66330,2064
4.495000e-2,1.65282,2051
4.496000e-2,1.65685,2056
4.497000e-2,1.65443,2053
4.498000e-2,1.64960,2047
4.499000e-2,1.66330,2064
4.500000e-2,1.64476,2041
4.501000e-2,1.66571,2067
4.502000e-2,1.64718,2044
4.503000e-2,1.66652,2068
4.504000e-2,1.65121,2049
4.505000e-2,1.66168,2062
4.506000e-2,1.65443,2053
4.507000e-2,1.65443,2053
4.508000e-2,1.64960,2047
4.509000e-2,1.64718,2044
4.510000e-2,1.66410,2065
4.511000e-2,1.64476,2041
4.512000e-2,1.66491,2066
4.513000e-2,1.65363,2052
4.514000e-2,1.65846,2058
4.515000e-2,1.65201,2050
4.516000e-2,1.66007,2060
4.517000e-2,1.65766,2057
4.518000e-2,1.65040,2048
4.519000e-2,1.65927,2059
4.520000e-2,1.64637,2043
4.521000e-2,1.66652,2068
4.522000e-2,1.64396,2040
4.523000e-2,1.66168,2062
4.524000e-2,1.65524,2054
4.525000e-2,1.66007,2060
4.526000e-2,1.65363,2052
4.527000e-2,1.65766,2057
4.528000e-2,1.65685,2056
4.529000e-2,1.64476,2041
4.530000e-2,1.66088,2061
4.531000e-2,1.65363,2052
4.532000e-2,1.65927,2059
4.533000e-2,1.64637,2043
4.534000e-2,1.66330,2064
4.535000e-2,1.64476,2041
4.536000e-2,1.66330,2064
4.537000e-2,1.65201,2050
4.538000e-2,1.65524,2054
4.539000e-2,1.64557,2042
4.540000e-2,1.66410,2065
4.541000e-2,1.65766,2057
4.542000e-2,1.65766,2057
4.543000e-2,1.65846,2058
4.544000e-2,1.65443,2053
4.545000e-2,1.65927,2059
4.546000e-2,1.65201,2050
4.547000e-2,1.67136,2074
4.548000e-2,1.64234,2038
4.549000e-2,1.66652,2068
4.550000e-2,1.64637,2043
4.551000e-2,1.66491,2066
4.552000e-2,1.65040,2048
4.553000e-2,1.66330,2064
4.554000e-2,1.65685,2056
4.555000e-2,1.66007,2060
4.556000e-2,1.65363,2052
4.557000e-2,1.65766,2057
4.558000e-2,1.65282,2051
4.559000e-2,1.65524,2054
4.560000e-2,1.66007,2060
4.561000e-2,1.65040,2048
4.562000e-2,1.66088,2061
4.563000e-2,1.64637,2043
4.564000e-2,1.66652,2068
4.565000e-2,1.64960,2047
4.566000e-2,1.66088,2061
4.567000e-2,1.65604,2055
4.568000e-2,1.66168,2062
4.569000e-2,1.65524,2054
4.570000e-2,1.65685,2056
4.571000e-2,1.65766,2057
4.572000e-2,1.64637,2043
4.573000e-2,1.66330,2064
4.574000e-2,1.64637,2043
4.575000e-2,1.66813,2070
4.576000e-2,1.65363,2052
4.577000e-2,1.66088,2061
4.578000e-2,1.65201,2050
4.579000e-2,1.65766,2057
4.580000e-2,1.65121,2049
4.581000e-2,1.65685,2056
4.582000e-2,1.65443,2053
4.583000e-2,1.65282,2051
4.584000e-2,1.66410,2065
4.585000e-2,1.64557,2042
4.586000e-2,1.66330,2064
4.587000e-2,1.64799,2045
4.588000e-2,1.65766,2057
4.589000e-2,1.65201,2050
4.590000e-2,1.66813,2070
4.591000e-2,1.65040,2048
4.592000e-2,1.65927,2059
4.593000e-2,1.65604,2055
4.594000e-2,1.64799,2045
4.595000e-2,1.66249,2063
4.596000e-2,1.64234,2038
4.597000e-2,1.65927,2059
4.598000e-2,1.65282,2051
4.599000e-2,1.65846,2058
4.600000e-2,1.65685,2056
4.601000e-2,1.65604,2055
4.602000e-2,1.65685,2056
4.603000e-2,1.65443,2053
4.604000e-2,1.66249,2063
4.605000e-2,1.64315,2039
4.606000e-2,1.65927,2059
4.607000e-2,1.65040,2048
4.608000e-2,1.65927,2059
4.609000e-2,1.65685,2056
4.610000e-2,1.65201,2050
4.611000e-2,1.66491,2066
4.612000e-2,1.64396,2040
4.613000e-2,1.66330,2064
4.614000e-2,1.65282,2051
4.615000e-2,1.66733,2069
4.616000e-2,1.65685,2056
4.617000e-2,1.64234,2038
4.618000e-2,1.66491,2066
4.619000e-2,1.65201,2050
4.620000e-2,1.65685,2056
4.621000e-2,1.66491,2066
4.622000e-2,1.66168,2062
4.623000e-2,1.66168,2062
4.624000e-2,1.64396,2040
4.625000e-2,1.65927,2059
4.626000e-2,1.65282,2051
4.627000e-2,1.65766,2057
4.628000e-2,1.65604,2055
4.629000e-2,1.65040,2048
4.630000e-2,1.66168,2062
4.631000e-2,1.64637,2043
4.632000e-2,1.66007,2060
4.633000e-2,1.65201,2050
4.634000e-2,1.65363,2052
4.635000e-2,1.66088,2061
4.636000e-2,1.63993,2035
4.637000e-2,1.65846,2058
4.638000e-2,1.65846,2058
4.639000e-2,1.66088,2061
4.640000e-2,1.65443,2053
4.641000e-2,1.65685,2056
4.642000e-2,1.65685,2056
4.643000e-2,1.64718,2044
4.644000e-2,1.66410,2065
4.645000e-2,1.65201,2050
4.646000e-2,1.65846,2058
4.647000e-2,1.65040,2048
4.648000e-2,1.65685,2056
4.649000e-2,1.65121,2049
4.650000e-2,1.64396,2040
4.651000e-2,1.66088,2061
4.652000e-2,1.64396,2040
4.653000e-2,1.66571,2067
4.654000e-2,1.65282,2051
4.655000e-2,1.65846,2058
4.656000e-2,1.65282,2051
4.657000e-2,1.65363,2052
4.658000e-2,1.66168,2062
4.659000e-2,1.64799,2045
4.660000e-2,1.66813,2070
4.661000e-2,1.66088,2061
4.662000e-2,1.65685,2056
4.663000e-2,1.65363,2052
4.664000e-2,1.65685,2056
4.665000e-2,1.65201,2050
4.666000e-2,1.65685,2056
4.667000e-2,1.65846,2058
4.668000e-2,1.64799,2045
4.669000e-2,1.65846,2058
4.670000e-2,1.64315,2039
4.671000e-2,1.66974,2072
4.672000e-2,1.64637,2043
4.673000e-2,1.66571,2067
4.674000e-2,1.65282,2051
4.675000e-2,1.65846,2058
4.676000e-2,1.65040,2048
4.677000e-2,1.66007,2060
4.678000e-2,1.64476,2041
4.679000e-2,1.65766,2057
4.680000e-2,1.65524,2054
4.681000e-2,1.66330,2064
4.682000e-2,1.65524,2054
4.683000e-2,1.65443,2053
4.684000e-2,1.66249,2063
4.685000e-2,1.64879,2046
4.686000e-2,1.66330,2064
4.687000e-2,1.64637,2043
4.688000e-2,1.66007,2060
4.689000e-2,1.64879,2046
4.690000e-2,1.66974,2072
4.691000e-2,1.64315,2039
4.692000e-2,1.66571,2067
4.693000e-2,1.65201,2050
4.694000e-2,1.65443,2053
4.695000e-2,1.65443,2053
4.696000e-2,1.66007,2060
4.697000e-2,1.65363,2052
4.698000e-2,1.64879,2046
4.699000e-2,1.66330,2064
4.700000e-2,1.65363,2052
4.701000e-2,1.65927,2059
4.702000e-2,1.64879,2046
4.703000e-2,1.66894,2071
4.704000e-2,1.65121,2049
4.705000e-2,1.65766,2057
4.706000e-2,1.65604,2055
4.707000e-2,1.65685,2056
4.708000e-2,1.65443,2053
4.709000e-2,1.65201,2050
4.710000e-2,1.66330,2064
4.711000e-2,1.64315,2039
4.712000e-2,1.66652,2068
4.713000e-2,1.65604,2055
4.714000e-2,1.65040,2048
4.715000e-2,1.65363,2052
4.716000e-2,1.66088,2061
4.717000e-2,1.65201,2050
4.718000e-2,1.65846,2058
4.719000e-2,1.65846,2058
4.720000e-2,1.65121,2049
4.721000e-2,1.65846,2058
4.722000e-2,1.64637,2043
4.723000e-2,1.66652,2068
4.724000e-2,1.65363,2052
4.725000e-2,1.66168,2062
4.726000e-2,1.64960,2047
4.727000e-2,1.65846,2058
4.728000e-2,1.65846,2058
4.729000e-2,1.65685,2056
4.730000e-2,1.65685,2056
4.731000e-2,1.64718,2044
4.732000e-2,1.66813,2070
4.733000e-2,1.64396,2040
4.734000e-2,1.65927,2059
4.735000e-2,1.64960,2047
4.736000e-2,1.66007,2060
4.737000e-2,1.65363,2052
4.738000e-2,1.66249,2063
4.739000e-2,1.64637,2043
4.740000e-2,1.65524,2054
4.741000e-2,1.65443,2053
4.742000e-2,1.65524,2054
4.743000e-2,1.66733,2069
4.744000e-2,1.64637,2043
4.745000e-2,1.66652,2068
4.746000e-2,1.64718,2044
4.747000e-2,1.66249,2063
4.748000e-2,1.65121,2049
4.749000e-2,1.65363,2052
4.750000e-2,1.65121,2049
4.751000e-2,1.65846,2058
4.752000e-2,1.66330,2064
4.753000e-2,1.65201,2050
4.754000e-2,1.65927,2059
4.755000e-2,1.64718,2044
4.756000e-2,1.67458,2078
4.757000e-2,1.65040,2048
4.758000e-2,1.65443,2053
4.759000e-2,1.65846,2058
4.760000e-2,1.65121,2049
4.761000e-2,1.65282,2051
4.762000e-2,1.65524,2054
4.763000e-2,1.65766,2057
4.764000e-2,1.64799,2045
4.765000e-2,1.66491,2066
4.766000e-2,1.65363,2052
4.767000e-2,1.65685,2056
4.768000e-2,1.65282,2051
4.769000e-2,1.65604,2055
4.770000e-2,1.65766,2057
4.771000e-2,1.65363,2052
4.772000e-2,1.66249,2063
4.773000e-2,1.64396,2040
4.774000e-2,1.66410,2065
4.775000e-2,1.65524,2054
4.776000e-2,1.66330,2064
4.777000e-2,1.65282,2051
4.778000e-2,1.65121,2049
4.779000e-2,1.66733,2069
4.780000e-2,1.65040,2048
4.781000e-2,1.66007,2060
4.782000e-2,1.65121,2049
4.783000e-2,1.65685,2056
4.784000e-2,1.65685,2056
4.785000e-2,1.64879,2046
4.786000e-2,1.66571,2067
4.787000e-2,1.64154,2037
4.788000e-2,1.65604,2055
4.789000e-2,1.65282,2051
4.790000e-2,1.65846,2058
4.791000e-2,1.65201,2050
4.792000e-2,1.65201,2050
4.793000e-2,1.66813,2070
4.794000e-2,1.65040,2048
4.795000e-2,1.65927,2059
4.796000e-2,1.65443,2053
4.797000e-2,1.65685,2056
4.798000e-2,1.66410,2065
4.799000e-2,1.64557,2042
4.800000e-2,1.67216,2075
4.801000e-2,1.65443,2053
4.802000e-2,1.65201,2050
4.803000e-2,1.66249,2063
4.804000e-2,1.64799,2045
4.805000e-2,1.66733,2069
4.806000e-2,1.64718,2044
4.807000e-2,1.65363,2052
4.808000e-2,1.66330,2064
4.809000e-2,1.64799,2045
4.810000e-2,1.65927,2059
4.811000e-2,1.65443,2053
4.812000e-2,1.65363,2052
4.813000e-2,1.65685,2056
4.814000e-2,1.64396,2040
4.815000e-2,1.65766,2057
4.816000e-2,1.64960,2047
4.817000e-2,1.65040,2048
4.818000e-2,1.65685,2056
4.819000e-2,1.64315,2039
4.820000e-2,1.65443,2053
4.821000e-2,1.65201,2050
4.822000e-2,1.65604,2055
4.823000e-2,1.65846,2058
4.824000e-2,1.65524,2054
4.825000e-2,1.66088,2061
4.826000e-2,1.65363,2052
4.827000e-2,1.65927,2059
4.828000e-2,1.65766,2057
4.829000e-2,1.63509,2029
4.830000e-2,1.65927,2059
4.831000e-2,1.64637,2043
4.832000e-2,1.65363,2052
4.833000e-2,1.66571,2067
4.834000e-2,1.64879,2046
4.835000e-2,1.66007,2060
4.836000e-2,1.65685,2056
4.837000e-2,1.65121,2049
4.838000e-2,1.66571,2067
4.839000e-2,1.65201,2050
4.840000e-2,1.65363,2052
4.841000e-2,1.65282,2051
4.842000e-2,1.65040,2048
4.843000e-2,1.66491,2066
4.844000e-2,1.65443,2053
4.845000e-2,1.65443,2053
4.846000e-2,1.65443,2053
4.847000e-2,1.64799,2045
4.848000e-2,1.66168,2062
4.849000e-2,1.65201,2050
4.850000e-2,1.65040,2048
4.851000e-2,1.66088,2061
4.852000e-2,1.64799,2045
4.853000e-2,1.66733,2069
4.854000e-2,1.64879,2046
4.855000e-2,1.65766,2057
4.856000e-2,1.65282,2051
4.857000e-2,1.65766,2057
4.858000e-2,1.65443,2053
4.859000e-2,1.65363,2052
4.860000e-2,1.67216,2075
4.861000e-2,1.64557,2042
4.862000e-2,1.67136,2074
4.863000e-2,1.66168,2062
4.864000e-2,1.66007,2060
4.865000e-2,1.65040,2048
4.866000e-2,1.66007,2060
4.867000e-2,1.66733,2069
4.868000e-2,1.64960,2047
4.869000e-2,1.65685,2056
4.870000e-2,1.65443,2053
4.871000e-2,1.65524,2054
4.872000e-2,1.66330,2064
4.873000e-2,1.65604,2055
4.874000e-2,1.65766,2057
4.875000e-2,1.65363,2052
4.876000e-2,1.65443,2053
4.877000e-2,1.66007,2060
4.878000e-2,1.64154,2037
4.879000e-2,1.65766,2057
4.880000e-2,1.65524,2054
4.881000e-2,1.65766,2057
4.882000e-2,1.65524,2054
4.883000e-2,1.65121,2049
4.884000e-2,1.66330,2064
4.885000e-2,1.65443,2053
4.886000e-2,1.65766,2057
4.887000e-2,1.65363,2052
4.888000e-2,1.65524,2054
4.889000e-2,1.65604,2055
4.890000e-2,1.65443,2053
4.891000e-2,1.66410,2065
4.892000e-2,1.64234,2038
4.893000e-2,1.65927,2059
4.894000e-2,1.65201,2050
4.895000e-2,1.65604,2055
4.896000e-2,1.66571,2067
4.897000e-2,1.64315,2039
4.898000e-2,1.65685,2056
4.899000e-2,1.65363,2052
4.900000e-2,1.65363,2052
4.901000e-2,1.66168,2062
4.902000e-2,1.64718,2044
4.903000e-2,1.66088,2061
4.904000e-2,1.65201,2050
4.905000e-2,1.66007,2060
4.906000e-2,1.65121,2049
4.907000e-2,1.65282,2051
4.908000e-2,1.65443,2053
4.909000e-2,1.65201,2050
4.910000e-2,1.65927,2059
4.911000e-2,1.63751,2032
4.912000e-2,1.65927,2059
4.913000e-2,1.64476,2041
4.914000e-2,1.65604,2055
4.915000e-2,1.65927,2059
4.916000e-2,1.64234,2038
4.917000e-2,1.66733,2069
4.918000e-2,1.64879,2046
4.919000e-2,1.66088,2061
4.920000e-2,1.65201,2050
4.921000e-2,1.65443,2053
4.922000e-2,1.66410,2065
4.923000e-2,1.64234,2038
4.924000e-2,1.66007,2060
4.925000e-2,1.64799,2045
4.926000e-2,1.65121,2049
4.927000e-2,1.66168,2062
4.928000e-2,1.64476,2041
4.929000e-2,1.65766,2057
4.930000e-2,1.65282,2051
4.931000e-2,1.65121,2049
4.932000e-2,1.65282,2051
4.933000e-2,1.65121,2049
4.934000e-2,1.65604,2055
4.935000e-2,1.65282,2051
4.936000e-2,1.66491,2066
4.937000e-2,1.64557,2042
4.938000e-2,1.65524,2054
4.939000e-2,1.64960,2047
4.940000e-2,1.65927,2059
4.941000e-2,1.65363,2052
4.942000e-2,1.64718,2044
4.943000e-2,1.66491,2066
4.944000e-2,1.65040,2048
4.945000e-2,1.65846,2058
4.946000e-2,1.65604,2055
4.947000e-2,1.65524,2054
4.948000e-2,1.66168,2062
4.949000e-2,1.64396,2040
4.950000e-2,1.65927,2059
4.951000e-2,1.65201,2050
4.952000e-2,1.65524,2054
4.953000e-2,1.64960,2047
4.954000e-2,1.65040,2048
4.955000e-2,1.66571,2067
4.956000e-2,1.64637,2043
4.957000e-2,1.66491,2066
4.958000e-2,1.65040,2048
4.959000e-2,1.65766,2057
4.960000e-2,1.65363,2052
4.961000e-2,1.65040,2048
4.962000e-2,1.65846,2058
4.963000e-2,1.64637,2043
4.964000e-2,1.66813,2070
4.965000e-2,1.64799,2045
4.966000e-2,1.66088,2061
4.967000e-2,1.65443,2053
4.968000e-2,1.65766,2057
4.969000e-2,1.64557,2042
4.970000e-2,1.65282,2051
4.971000e-2,1.66410,2065
4.972000e-2,1.64154,2037
4.973000e-2,1.65685,2056
4.974000e-2,1.65282,2051
4.975000e-2,1.65363,2052
4.976000e-2,1.65524,2054
4.977000e-2,1.65201,2050
4.978000e-2,1.66813,2070
4.979000e-2,1.64718,2044
4.980000e-2,1.66168,2062
4.981000e-2,1.65363,2052
4.982000e-2,1.65363,2052
4.983000e-2,1.66330,2064
4.984000e-2,1.64476,2041
4.985000e-2,1.66330,2064
4.986000e-2,1.65282,2051
4.987000e-2,1.66249,2063
4.988000e-2,1.65282,2051
4.989000e-2,1.65524,2054
4.990000e-2,1.65685,2056
4.991000e-2,1.64960,2047
4.992000e-2,1.66249,2063
4.993000e-2,1.64396,2040
4.994000e-2,1.66410,2065
4.995000e-2,1.65282,2051
4.996000e-2,1.65927,2059
4.997000e-2,1.65524,2054
4.998000e-2,1.65524,2054
4.999000e-2,1.65282,2051
5.000000e-2,1.64476,2041
5.001000e-2,1.66571,2067
5.002000e-2,1.65201,2050
5.003000e-2,1.65846,2058
5.004000e-2,1.65201,2050
5.005000e-2,1.65846,2058
5.006000e-2,1.65201,2050
5.007000e-2,1.65201,2050
5.008000e-2,1.66652,2068
5.009000e-2,1.64960,2047
5.010000e-2,1.65685,2056
5.011000e-2,1.65201,2050
5.012000e-2,1.65685,2056
5.013000e-2,1.65201,2050
5.014000e-2,1.65040,2048
5.015000e-2,1.66571,2067
5.016000e-2,1.64396,2040
5.017000e-2,1.66652,2068
5.018000e-2,1.65282,2051
5.019000e-2,1.65846,2058
5.020000e-2,1.65282,2051
5.021000e-2,1.65443,2053
5.022000e-2,1.65685,2056
5.023000e-2,1.64476,2041
5.024000e-2,1.66330,2064
5.025000e-2,1.64557,2042
5.026000e-2,1.65685,2056
5.027000e-2,1.65443,2053
5.028000e-2,1.66168,2062
5.029000e-2,1.65685,2056
5.030000e-2,1.64718,2044
5.031000e-2,1.67055,2073
5.032000e-2,1.65363,2052
5.033000e-2,1.66168,2062
5.034000e-2,1.65201,2050
5.035000e-2,1.65685,2056
5.036000e-2,1.65443,2053
5.037000e-2,1.64718,2044
5.038000e-2,1.65524,2054
5.039000e-2,1.64396,2040
5.040000e-2,1.66733,2069
5.041000e-2,1.65121,2049
5.042000e-2,1.65443,2053
5.043000e-2,1.65524,2054
5.044000e-2,1.65604,2055
5.045000e-2,1.65766,2057
5.046000e-2,1.65282,2051
5.047000e-2,1.65846,2058
5.048000e-2,1.64718,2044
5.049000e-2,1.66652,2068
5.050000e-2,1.65201,2050
5.051000e-2,1.65443,2053
5.052000e-2,1.65201,2050
5.053000e-2,1.65685,2056
5.054000e-2,1.65524,2054
5.055000e-2,1.65927,2059
5.056000e-2,1.66249,2063
5.057000e-2,1.64799,2045
5.058000e-2,1.66813,2070
5.059000e-2,1.65604,2055
5.060000e-2,1.65524,2054
5.061000e-2,1.65121,2049
5.062000e-2,1.66088,2061
5.063000e-2,1.66007,2060
5.064000e-2,1.64637,2043
5.065000e-2,1.66571,2067
5.066000e-2,1.63993,2035
5.067000e-2,1.66491,2066
5.068000e-2,1.65524,2054
5.069000e-2,1.66249,2063
5.070000e-2,1.65040,2048
5.071000e-2,1.65524,2054
5.072000e-2,1.64960,2047
5.073000e-2,1.65685,2056
5.074000e-2,1.65766,2057
5.075000e-2,1.65604,2055
5.076000e-2,1.65766,2057
5.077000e-2,1.64960,2047
5.078000e-2,1.66410,2065
5.079000e-2,1.64557,2042
5.080000e-2,1.66330,2064
5.081000e-2,1.65201,2050
5.082000e-2,1.65604,2055
5.083000e-2,1.64799,2045
5.084000e-2,1.65927,2059
5.085000e-2,1.65040,2048
5.086000e-2,1.65766,2057
5.087000e-2,1.65282,2051
5.088000e-2,1.65927,2059
5.089000e-2,1.65282,2051
5.090000e-2,1.65846,2058
5.091000e-2,1.65524,2054
5.092000e-2,1.66007,2060
5.093000e-2,1.65443,2053
5.094000e-2,1.66249,2063
5.095000e-2,1.65524,2054
5.096000e-2,1.65282,2051
5.097000e-2,1.66330,2064
5.098000e-2,1.64315,2039
5.099000e-2,1.66007,2060
5.100000e-2,1.65363,2052
5.101000e-2,1.65766,2057
5.102000e-2,1.65040,2048
5.103000e-2,1.65524,2054
5.104000e-2,1.66168,2062
5.105000e-2,1.64799,2045
5.106000e-2,1.66330,2064
5.107000e-2,1.65282,2051
5.108000e-2,1.65927,2059
5.109000e-2,1.65040,2048
5.110000e-2,1.65766,2057
5.111000e-2,1.66168,2062
5.112000e-2,1.64557,2042
5.113000e-2,1.67216,2075
5.114000e-2,1.65121,2049
5.115000e-2,1.65927,2059
5.116000e-2,1.65282,2051
5.117000e-2,1.65121,2049
5.118000e-2,1.65363,2052
5.119000e-2,1.65040,2048
5.120000e-2,1.66813,2070
5.121000e-2,1.64154,2037
5.122000e-2,1.66652,2068
5.123000e-2,1.65363,2052
5.124000e-2,1.65927,2059
5.125000e-2,1.65201,2050
5.126000e-2,1.65685,2056
5.127000e-2,1.64960,2047
5.128000e-2,1.65201,2050
5.129000e-2,1.65927,2059
5.130000e-2,1.64476,2041
5.131000e-2,1.66007,2060
5.132000e-2,1.65040,2048
5.133000e-2,1.65604,2055
5.134000e-2,1.65524,2054
5.135000e-2,1.65121,2049
5.136000e-2,1.67216,2075
5.137000e-2,1.65604,2055
5.138000e-2,1.66088,2061
5.139000e-2,1.65201,2050
5.140000e-2,1.66168,2062
5.141000e-2,1.65766,2057
5.142000e-2,1.64799,2045
5.143000e-2,1.66410,2065
5.144000e-2,1.64637,2043
5.145000e-2,1.66733,2069
5.146000e-2,1.66491,2066
5.147000e-2,1.65846,2058
5.148000e-2,1.65040,2048
5.149000e-2,1.65766,2057
5.150000e-2,1.65443,2053
5.151000e-2,1.65524,2054
5.152000e-2,1.65846,2058
5.153000e-2,1.64154,2037
5.154000e-2,1.65766,2057
5.155000e-2,1.65443,2053
5.156000e-2,1.65927,2059
5.157000e-2,1.65443,2053
5.158000e-2,1.65363,2052
5.159000e-2,1.65685,2056
5.160000e-2,1.64960,2047
5.161000e-2,1.66974,2072
5.162000e-2,1.64799,2045
5.163000e-2,1.65766,2057
5.164000e-2,1.65282,2051
5.165000e-2,1.66088,2061
5.166000e-2,1.64799,2045
5.167000e-2,1.65363,2052
5.168000e-2,1.65040,2048
5.169000e-2,1.65040,2048
5.170000e-2,1.66491,2066
5.171000e-2,1.64637,2043
5.172000e-2,1.66249,2063
5.173000e-2,1.65201,2050
5.174000e-2,1.66007,2060
5.175000e-2,1.65443,2053
5.176000e-2,1.65121,2049
5.177000e-2,1.66007,2060
5.178000e-2,1.64557,2042
5.179000e-2,1.66571,2067
5.180000e-2,1.65282,2051
5.181000e-2,1.65685,2056
5.182000e-2,1.65685,2056
5.183000e-2,1.65040,2048
5.184000e-2,1.67377,2077
5.185000e-2,1.65443,2053
5.186000e-2,1.66007,2060
5.187000e-2,1.65282,2051
5.188000e-2,1.65685,2056
5.189000e-2,1.66088,2061
5.190000e-2,1.64315,2039
5.191000e-2,1.65766,2057
5.192000e-2,1.65524,2054
5.193000e-2,1.65846,2058
5.194000e-2,1.65443,2053
5.195000e-2,1.65604,2055
5.196000e-2,1.65927,2059
5.197000e-2,1.65040,2048
5.198000e-2,1.66733,2069
5.199000e-2,1.64476,2041
5.200000e-2,1.65685,2056
5.201000e-2,1.65040,2048
5.202000e-2,1.65846,2058
5.203000e-2,1.65282,2051
5.204000e-2,1.65604,2055
5.205000e-2,1.65846,2058
5.206000e-2,1.64154,2037
5.207000e-2,1.66813,2070
5.208000e-2,1.65363,2052
5.209000e-2,1.65846,2058
5.210000e-2,1.65363,2052
5.211000e-2,1.65524,2054
5.212000e-2,1.66330,2064
5.213000e-2,1.64879,2046
5.214000e-2,1.66007,2060
5.215000e-2,1.65524,2054
5.216000e-2,1.65685,2056
5.217000e-2,1.65685,2056
5.218000e-2,1.65363,2052
5.219000e-2,1.66088,2061
5.220000e-2,1.64396,2040
5.221000e-2,1.66974,2072
5.222000e-2,1.65524,2054
5.223000e-2,1.65766,2057
5.224000e-2,1.65282,2051
5.225000e-2,1.66007,2060
5.226000e-2,1.65363,2052
5.227000e-2,1.65685,2056
5.228000e-2,1.66571,2067
5.229000e-2,1.65201,2050
5.230000e-2,1.65685,2056
5.231000e-2,1.64396,2040
5.232000e-2,1.66894,2071
5.233000e-2,1.64234,2038
5.234000e-2,1.66410,2065
5.235000e-2,1.65282,2051
5.236000e-2,1.65927,2059
5.237000e-2,1.65121,2049
5.238000e-2,1.65927,2059
5.239000e-2,1.64315,2039
5.240000e-2,1.65927,2059
5.241000e-2,1.65282,2051
5.242000e-2,1.65685,2056
5.243000e-2,1.65927,2059
5.244000e-2,1.64476,2041
5.245000e-2,1.66733,2069
5.246000e-2,1.64557,2042
5.247000e-2,1.65524,2054
5.248000e-2,1.64960,2047
5.249000e-2,1.66974,2072
5.250000e-2,1.65443,2053
5.251000e-2,1.66088,2061
5.252000e-2,1.64396,2040
5.253000e-2,1.65443,2053
5.254000e-2,1.64476,2041
5.255000e-2,1.65443,2053
5.256000e-2,1.66330,2064
5.257000e-2,1.64637,2043
5.258000e-2,1.66491,2066
5.259000e-2,1.65363,2052
5.260000e-2,1.66168,2062
5.261000e-2,1.64637,2043
5.262000e-2,1.66491,2066
5.263000e-2,1.64315,2039
5.264000e-2,1.66088,2061
5.265000e-2,1.64476,2041
5.266000e-2,1.65685,2056
5.267000e-2,1.65604,2055
5.268000e-2,1.66007,2060
5.269000e-2,1.65363,2052
5.270000e-2,1.65604,2055
5.271000e-2,1.66168,2062
5.272000e-2,1.64557,2042
5.273000e-2,1.66571,2067
5.274000e-2,1.64315,2039
5.275000e-2,1.66088,2061
5.276000e-2,1.64718,2044
5.277000e-2,1.65927,2059
5.278000e-2,1.65443,2053
5.279000e-2,1.65685,2056
5.280000e-2,1.65766,2057
5.281000e-2,1.65524,2054
5.282000e-2,1.65685,2056
5.283000e-2,1.65363,2052
5.284000e-2,1.66330,2064
5.285000e-2,1.64234,2038
5.286000e-2,1.66410,2065
5.287000e-2,1.65363,2052
5.288000e-2,1.65524,2054
5.289000e-2,1.65201,2050
5.290000e-2,1.65927,2059
5.291000e-2,1.65685,2056
5.292000e-2,1.64718,2044
5.293000e-2,1.66571,2067
5.294000e-2,1.65282,2051
5.295000e-2,1.65766,2057
5.296000e-2,1.65040,2048
5.297000e-2,1.65766,2057
5.298000e-2,1.65201,2050
5.299000e-2,1.65121,2049
5.300000e-2,1.66249,2063
5.301000e-2,1.64396,2040
5.302000e-2,1.66571,2067
5.303000e-2,1.64960,2047
5.304000e-2,1.66733,2069
5.305000e-2,1.65040,2048
5.306000e-2,1.65604,2055
5.307000e-2,1.65201,2050
5.308000e-2,1.65604,2055
5.309000e-2,1.64879,2046
5.310000e-2,1.65363,2052
5.311000e-2,1.65846,2058
5.312000e-2,1.64799,2045
5.313000e-2,1.66652,2068
5.314000e-2,1.65443,2053
5.315000e-2,1.66088,2061
5.316000e-2,1.65363,2052
5.317000e-2,1.65685,2056
5.318000e-2,1.65201,2050
5.319000e-2,1.65927,2059
5.320000e-2,1.65685,2056
5.321000e-2,1.65040,2048
5.322000e-2,1.66330,2064
5.323000e-2,1.63590,2030
5.324000e-2,1.66330,2064
5.325000e-2,1.65282,2051
5.326000e-2,1.66249,2063
5.327000e-2,1.65040,2048
5.328000e-2,1.66088,2061
5.329000e-2,1.65524,2054
5.330000e-2,1.65443,2053
5.331000e-2,1.65201,2050
5.332000e-2,1.65524,2054
5.333000e-2,1.65766,2057
5.334000e-2,1.65524,2054
5.335000e-2,1.66330,2064
5.336000e-2,1.64718,2044
5.337000e-2,1.66249,2063
5.338000e-2,1.65363,2052
5.339000e-2,1.65282,2051
5.340000e-2,1.65121,2049
5.341000e-2,1.65121,2049
5.342000e-2,1.65685,2056
5.343000e-2,1.65443,2053
5.344000e-2,1.65685,2056
5.345000e-2,1.65040,2048
5.346000e-2,1.66330,2064
5.347000e-2,1.64879,2046
5.348000e-2,1.66733,2069
5.349000e-2,1.64637,2043
5.350000e-2,1.65766,2057
5.351000e-2,1.65201,2050
5.352000e-2,1.65927,2059
5.353000e-2,1.65282,2051
5.354000e-2,1.65443,2053
5.355000e-2,1.65282,2051
5.356000e-2,1.65121,2049
5.357000e-2,1.65685,2056
5.358000e-2,1.65363,2052
5.359000e-2,1.65685,2056
5.360000e-2,1.65363,2052
5.361000e-2,1.65846,2058
5.362000e-2,1.64154,2037
5.363000e-2,1.65443,2053
5.364000e-2,1.63751,2032
5.365000e-2,1.66410,2065
5.366000e-2,1.65201,2050
5.367000e-2,1.66168,2062
5.368000e-2,1.64718,2044
5.369000e-2,1.65685,2056
5.370000e-2,1.65685,2056
5.371000e-2,1.65766,2057
5.372000e-2,1.65604,2055
5.373000e-2,1.65363,2052
5.374000e-2,1.66330,2064
5.375000e-2,1.64879,2046
5.376000e-2,1.66249,2063
5.377000e-2,1.65201,2050
5.378000e-2,1.66007,2060
5.379000e-2,1.65363,2052
5.380000e-2,1.65040,2048
5.381000e-2,1.66007,2060
5.382000e-2,1.65121,2049
5.383000e-2,1.66491,2066
5.384000e-2,1.65121,2049
5.385000e-2,1.65685,2056
5.386000e-2,1.65201,2050
5.387000e-2,1.65846,2058
5.388000e-2,1.65604,2055
5.389000e-2,1.66007,2060
5.390000e-2,1.65443,2053
5.391000e-2,1.65524,2054
5.392000e-2,1.66168,2062
5.393000e-2,1.64879,2046
5.394000e-2,1.66652,2068
5.395000e-2,1.65363,2052
5.396000e-2,1.65443,2053
5.397000e-2,1.65766,2057
5.398000e-2,1.65524,2054
5.399000e-2,1.65524,2054
5.400000e-2,1.65604,2055
5.401000e-2,1.66249,2063
5.402000e-2,1.64396,2040
5.403000e-2,1.66168,2062
5.404000e-2,1.65604,2055
5.405000e-2,1.65685,2056
5.406000e-2,1.65685,2056
5.407000e-2,1.64718,2044
5.408000e-2,1.66410,2065
5.409000e-2,1.64879,2046
5.410000e-2,1.66652,2068
5.411000e-2,1.64879,2046
5.412000e-2,1.65685,2056
5.413000e-2,1.65363,2052
5.414000e-2,1.65927,2059
5.415000e-2,1.65282,2051
5.416000e-2,1.65282,2051
5.417000e-2,1.66168,2062
5.418000e-2,1.63267,2026
5.419000e-2,1.66330,2064
5.420000e-2,1.65201,2050
5.421000e-2,1.66168,2062
5.422000e-2,1.65201,2050
5.423000e-2,1.65685,2056
5.424000e-2,1.65846,2058
5.425000e-2,1.64718,2044
5.426000e-2,1.65766,2057
5.427000e-2,1.64073,2036
5.428000e-2,1.66007,2060
5.429000e-2,1.64476,2041
5.430000e-2,1.66168,2062
5.431000e-2,1.66088,2061
5.432000e-2,1.65363,2052
5.433000e-2,1.65604,2055
5.434000e-2,1.64960,2047
5.435000e-2,1.66330,2064
5.436000e-2,1.65040,2048
5.437000e-2,1.66088,2061
5.438000e-2,1.65040,2048
5.439000e-2,1.65685,2056
5.440000e-2,1.65604,2055
5.441000e-2,1.64960,2047
5.442000e-2,1.66330,2064
5.443000e-2,1.64234,2038
5.444000e-2,1.65846,2058
5.445000e-2,1.64879,2046
5.446000e-2,1.65685,2056
5.447000e-2,1.65443,2053
5.448000e-2,1.66330,2064
5.449000e-2,1.66088,2061
5.450000e-2,1.65040,2048
5.451000e-2,1.66330,2064
5.452000e-2,1.65040,2048
5.453000e-2,1.66007,2060
5.454000e-2,1.65363,2052
5.455000e-2,1.65766,2057
5.456000e-2,1.65524,2054
5.457000e-2,1.65927,2059
5.458000e-2,1.65121,2049
5.459000e-2,1.66088,2061
5.460000e-2,1.65363,2052
5.461000e-2,1.66007,2060
5.462000e-2,1.65524,2054
5.463000e-2,1.65604,2055
5.464000e-2,1.65846,2058
5.465000e-2,1.65040,2048
5.466000e-2,1.66249,2063
5.467000e-2,1.64154,2037
5.468000e-2,1.67377,2077
5.469000e-2,1.64879,2046
5.470000e-2,1.65685,2056
5.471000e-2,1.65282,2051
5.472000e-2,1.65685,2056
5.473000e-2,1.66249,2063
5.474000e-2,1.65443,2053
5.475000e-2,1.65604,2055
5.476000e-2,1.64637,2043
5.477000e-2,1.65766,2057
5.478000e-2,1.64799,2045
5.479000e-2,1.66652,2068
5.480000e-2,1.64557,2042
5.481000e-2,1.65766,2057
5.482000e-2,1.64960,2047
5.483000e-2,1.66007,2060
5.484000e-2,1.65443,2053
5.485000e-2,1.66249,2063
5.486000e-2,1.65363,2052
5.487000e-2,1.65846,2058
5.488000e-2,1.65685,2056
5.489000e-2,1.65363,2052
5.490000e-2,1.65685,2056
5.491000e-2,1.65040,2048
5.492000e-2,1.65927,2059
5.493000e-2,1.65121,2049
5.494000e-2,1.65846,2058
5.495000e-2,1.65040,2048
5.496000e-2,1.66330,2064
5.497000e-2,1.64637,2043
5.498000e-2,1.66410,2065
5.499000e-2,1.64718,2044
5.500000e-2,1.66410,2065
5.501000e-2,1.65282,2051
5.502000e-2,1.65846,2058
5.503000e-2,1.65201,2050
5.504000e-2,1.65846,2058
5.505000e-2,1.64879,2046
5.506000e-2,1.66168,2062
5.507000e-2,1.65443,2053
5.508000e-2,1.65846,2058
5.509000e-2,1.65443,2053
5.510000e-2,1.65846,2058
5.511000e-2,1.65524,2054
5.512000e-2,1.65766,2057
5.513000e-2,1.65524,2054
5.514000e-2,1.65121,2049
5.515000e-2,1.66088,2061
5.516000e-2,1.64557,2042
5.517000e-2,1.66974,2072
5.518000e-2,1.65040,2048
5.519000e-2,1.66007,2060
5.520000e-2,1.65121,2049
5.521000e-2,1.66491,2066
5.522000e-2,1.65121,2049
5.523000e-2,1.66007,2060
5.524000e-2,1.65443,2053
5.525000e-2,1.65766,2057
5.526000e-2,1.65846,2058
5.527000e-2,1.65524,2054
5.528000e-2,1.66168,2062
5.529000e-2,1.65121,2049
5.530000e-2,1.66410,2065
5.531000e-2,1.64234,2038
5.532000e-2,1.66410,2065
5.533000e-2,1.65685,2056
5.534000e-2,1.65685,2056
5.535000e-2,1.65685,2056
5.536000e-2,1.65766,2057
5.537000e-2,1.65201,2050
5.538000e-2,1.65927,2059
5.539000e-2,1.65282,2051
5.540000e-2,1.65604,2055
5.541000e-2,1.65443,2053
5.542000e-2,1.64879,2046
5.543000e-2,1.65282,2051
5.544000e-2,1.65766,2057
5.545000e-2,1.65604,2055
5.546000e-2,1.65524,2054
5.547000e-2,1.65604,2055
5.548000e-2,1.65443,2053
5.549000e-2,1.65282,2051
5.550000e-2,1.65121,2049
5.551000e-2,1.65766,2057
5.552000e-2,1.65685,2056
5.553000e-2,1.65846,2058
5.554000e-2,1.65121,2049
5.555000e-2,1.66007,2060
5.556000e-2,1.64799,2045
5.557000e-2,1.65766,2057
5.558000e-2,1.64396,2040
5.559000e-2,1.66813,2070
5.560000e-2,1.65040,2048
5.561000e-2,1.66007,2060
5.562000e-2,1.65201,2050
5.563000e-2,1.65766,2057
5.564000e-2,1.65443,2053
5.565000e-2,1.65443,2053
5.566000e-2,1.65927,2059
5.567000e-2,1.64718,2044
5.568000e-2,1.66491,2066
5.569000e-2,1.65363,2052
5.570000e-2,1.66168,2062
5.571000e-2,1.65443,2053
5.572000e-2,1.65282,2051
5.573000e-2,1.66571,2067
5.574000e-2,1.64637,2043
5.575000e-2,1.66571,2067
5.576000e-2,1.65282,2051
5.577000e-2,1.65766,2057
5.578000e-2,1.65685,2056
5.579000e-2,1.66007,2060
5.580000e-2,1.65363,2052
5.581000e-2,1.65846,2058
5.582000e-2,1.65443,2053
5.583000e-2,1.65443,2053
5.584000e-2,1.65846,2058
5.585000e-2,1.64879,2046
5.586000e-2,1.66410,2065
5.587000e-2,1.64476,2041
5.588000e-2,1.67297,2076
5.589000e-2,1.64154,2037
5.590000e-2,1.66733,2069
5.591000e-2,1.65040,2048
5.592000e-2,1.65846,2058
5.593000e-2,1.65443,2053
5.594000e-2,1.65121,2049
5.595000e-2,1.65282,2051
5.596000e-2,1.65604,2055
5.597000e-2,1.65685,2056
5.598000e-2,1.65282,2051
5.599000e-2,1.65846,2058
5.600000e-2,1.64234,2038
5.601000e-2,1.66088,2061
5.602000e-2,1.64154,2037
5.603000e-2,1.66088,2061
5.604000e-2,1.65040,2048
5.605000e-2,1.66168,2062
5.606000e-2,1.65282,2051
5.607000e-2,1.65201,2050
5.608000e-2,1.65282,2051
5.609000e-2,1.65766,2057
5.610000e-2,1.66330,2064
5.611000e-2,1.64557,2042
5.612000e-2,1.66813,2070
5.613000e-2,1.64396,2040
5.614000e-2,1.66330,2064
5.615000e-2,1.65766,2057
5.616000e-2,1.65766,2057
5.617000e-2,1.65363,2052
5.618000e-2,1.65121,2049
5.619000e-2,1.65363,2052
5.620000e-2,1.66007,2060
5.621000e-2,1.64799,2045
5.622000e-2,1.65282,2051
5.623000e-2,1.66088,2061
5.624000e-2,1.65524,2054
5.625000e-2,1.65524,2054
5.626000e-2,1.65282,2051
5.627000e-2,1.65524,2054
5.628000e-2,1.66330,2064
5.629000e-2,1.65927,2059
5.630000e-2,1.65121,2049
5.631000e-2,1.66007,2060
5.632000e-2,1.65201,2050
5.633000e-2,1.66410,2065
5.634000e-2,1.63670,2031
5.635000e-2,1.66733,2069
5.636000e-2,1.64154,2037
5.637000e-2,1.66007,2060
5.638000e-2,1.65201,2050
5.639000e-2,1.66088,2061
5.640000e-2,1.65201,2050
5.641000e-2,1.66168,2062
5.642000e-2,1.65363,2052
5.643000e-2,1.65524,2054
5.644000e-2,1.65040,2048
5.645000e-2,1.65443,2053
5.646000e-2,1.66088,2061
5.647000e-2,1.64718,2044
5.648000e-2,1.65685,2056
5.649000e-2,1.64557,2042
5.650000e-2,1.66733,2069
5.651000e-2,1.64396,2040
5.652000e-2,1.65846,2058
5.653000e-2,1.65685,2056
5.654000e-2,1.65846,2058
5.655000e-2,1.65363,2052
5.656000e-2,1.66007,2060
5.657000e-2,1.65363,2052
5.658000e-2,1.66088,2061
5.659000e-2,1.65443,2053
5.660000e-2,1.65524,2054
5.661000e-2,1.65524,2054
5.662000e-2,1.65443,2053
5.663000e-2,1.66330,2064
5.664000e-2,1.64879,2046
5.665000e-2,1.66330,2064
5.666000e-2,1.64718,2044
5.667000e-2,1.66894,2071
5.668000e-2,1.63670,2031
5.669000e-2,1.65443,2053
5.670000e-2,1.64960,2047
5.671000e-2,1.65604,2055
5.672000e-2,1.64718,2044
5.673000e-2,1.65604,2055
5.674000e-2,1.65846,2058
5.675000e-2,1.65201,2050
5.676000e-2,1.66491,2066
5.677000e-2,1.64315,2039
5.678000e-2,1.66491,2066
5.679000e-2,1.65121,2049
5.680000e-2,1.66007,2060
5.681000e-2,1.65282,2051
5.682000e-2,1.65766,2057
5.683000e-2,1.66249,2063
5.684000e-2,1.65685,2056
5.685000e-2,1.66168,2062
5.686000e-2,1.65040,2048
5.687000e-2,1.66007,2060
5.688000e-2,1.64718,2044
5.689000e-2,1.66652,2068
5.690000e-2,1.65040,2048
5.691000e-2,1.66249,2063
5.692000e-2,1.64799,2045
5.693000e-2,1.65927,2059
5.694000e-2,1.65363,2052
5.695000e-2,1.65846,2058
5.696000e-2,1.65121,2049
5.697000e-2,1.66168,2062
5.698000e-2,1.66491,2066
5.699000e-2,1.64396,2040
5.700000e-2,1.66410,2065
5.701000e-2,1.65443,2053
5.702000e-2,1.66007,2060
5.703000e-2,1.64637,2043
5.704000e-2,1.66007,2060
5.705000e-2,1.66330,2064
5.706000e-2,1.65363,2052
5.707000e-2,1.66652,2068
5.708000e-2,1.64718,2044
5.709000e-2,1.66652,2068
5.710000e-2,1.65927,2059
5.711000e-2,1.65766,2057
5.712000e-2,1.65121,2049
5.713000e-2,1.66168,2062
5.714000e-2,1.65443,2053
5.715000e-2,1.65604,2055
5.716000e-2,1.65685,2056
5.717000e-2,1.65443,2053
5.718000e-2,1.66088,2061
5.719000e-2,1.64557,2042
5.720000e-2,1.66410,2065
5.721000e-2,1.64476,2041
5.722000e-2,1.65685,2056
5.723000e-2,1.65363,2052
5.724000e-2,1.65927,2059
5.725000e-2,1.65121,2049
5.726000e-2,1.66007,2060
5.727000e-2,1.65524,2054
5.728000e-2,1.65927,2059
5.729000e-2,1.65363,2052
5.730000e-2,1.64557,2042
5.731000e-2,1.66088,2061
5.732000e-2,1.64234,2038
5.733000e-2,1.66410,2065
5.734000e-2,1.66168,2062
5.735000e-2,1.65927,2059
5.736000e-2,1.65040,2048
5.737000e-2,1.65685,2056
5.738000e-2,1.64718,2044
5.739000e-2,1.65363,2052
5.740000e-2,1.65524,2054
5.741000e-2,1.65282,2051
5.742000e-2,1.65766,2057
5.743000e-2,1.65524,2054
5.744000e-2,1.65927,2059
5.745000e-2,1.64799,2045
5.746000e-2,1.66813,2070
5.747000e-2,1.65121,2049
5.748000e-2,1.65846,2058
5.749000e-2,1.65363,2052
5.750000e-2,1.66007,2060
5.751000e-2,1.65685,2056
5.752000e-2,1.65927,2059
5.753000e-2,1.65604,2055
5.754000e-2,1.65524,2054
5.755000e-2,1.65846,2058
5.756000e-2,1.64637,2043
5.757000e-2,1.66249,2063
5.758000e-2,1.64637,2043
5.759000e-2,1.65685,2056
5.760000e-2,1.65282,2051
5.761000e-2,1.65685,2056
5.762000e-2,1.65363,2052
5.763000e-2,1.65766,2057
5.764000e-2,1.65040,2048
5.765000e-2,1.65363,2052
5.766000e-2,1.66007,2060
5.767000e-2,1.64557,2042
5.768000e-2,1.66733,2069
5.769000e-2,1.64799,2045
5.770000e-2,1.65927,2059
5.771000e-2,1.65121,2049
5.772000e-2,1.65604,2055
5.773000e-2,1.66330,2064
5.774000e-2,1.64799,2045
5.775000e-2,1.66652,2068
5.776000e-2,1.65846,2058
5.777000e-2,1.66007,2060
5.778000e-2,1.65443,2053
5.779000e-2,1.66330,2064
5.780000e-2,1.65846,2058
5.781000e-2,1.64476,2041
5.782000e-2,1.66571,2067
5.783000e-2,1.65282,2051
5.784000e-2,1.65766,2057
5.785000e-2,1.65121,2049
5.786000e-2,1.65443,2053
5.787000e-2,1.66733,2069
5.788000e-2,1.65040,2048
5.789000e-2,1.65766,2057
5.790000e-2,1.65363,2052
5.791000e-2,1.65604,2055
5.792000e-2,1.65846,2058
5.793000e-2,1.64879,2046
5.794000e-2,1.65766,2057
5.795000e-2,1.65201,2050
5.796000e-2,1.66007,2060
5.797000e-2,1.65604,2055
5.798000e-2,1.66330,2064
5.799000e-2,1.65363,2052
5.800000e-2,1.65604,2055
5.801000e-2,1.65363,2052
5.802000e-2,1.65685,2056
5.803000e-2,1.65282,2051
5.804000e-2,1.66168,2062
5.805000e-2,1.65766,2057
5.806000e-2,1.65201,2050
5.807000e-2,1.66974,2072
5.808000e-2,1.64799,2045
5.809000e-2,1.66491,2066
5.810000e-2,1.64637,2043
5.811000e-2,1.66571,2067
5.812000e-2,1.64960,2047
5.813000e-2,1.65846,2058
5.814000e-2,1.65040,2048
5.815000e-2,1.65846,2058
5.816000e-2,1.65282,2051
5.817000e-2,1.65685,2056
5.818000e-2,1.65685,2056
5.819000e-2,1.65201,2050
5.820000e-2,1.66088,2061
5.821000e-2,1.65121,2049
5.822000e-2,1.66007,2060
5.823000e-2,1.65121,2049
5.824000e-2,1.65846,2058
5.825000e-2,1.65282,2051
5.826000e-2,1.65604,2055
5.827000e-2,1.65443,2053
5.828000e-2,1.65201,2050
5.829000e-2,1.66330,2064
5.830000e-2,1.64718,2044
5.831000e-2,1.66652,2068
5.832000e-2,1.65201,2050
5.833000e-2,1.66088,2061
5.834000e-2,1.65040,2048
5.835000e-2,1.66088,2061
5.836000e-2,1.65524,2054
5.837000e-2,1.65604,2055
5.838000e-2,1.65363,2052
5.839000e-2,1.64073,2036
5.840000e-2,1.66168,2062
5.841000e-2,1.64718,2044
5.842000e-2,1.67055,2073
5.843000e-2,1.63751,2032
5.844000e-2,1.66007,2060
5.845000e-2,1.66249,2063
5.846000e-2,1.65927,2059
5.847000e-2,1.64879,2046
5.848000e-2,1.65846,2058
5.849000e-2,1.65443,2053
5.850000e-2,1.65121,2049
5.851000e-2,1.66652,2068
5.852000e-2,1.64557,2042
5.853000e-2,1.65766,2057
5.854000e-2,1.64879,2046
5.855000e-2,1.65927,2059
5.856000e-2,1.65121,2049
5.857000e-2,1.66088,2061
5.858000e-2,1.65363,2052
5.859000e-2,1.65201,2050
5.860000e-2,1.65282,2051
5.861000e-2,1.65846,2058
5.862000e-2,1.65443,2053
5.863000e-2,1.64718,2044
5.864000e-2,1.65927,2059
5.865000e-2,1.64960,2047
5.866000e-2,1.66249,2063
5.867000e-2,1.64799,2045
5.868000e-2,1.66491,2066
5.869000e-2,1.64396,2040
5.870000e-2,1.66007,2060
5.871000e-2,1.65121,2049
5.872000e-2,1.65927,2059
5.873000e-2,1.65201,2050
5.874000e-2,1.65927,2059
5.875000e-2,1.65524,2054
5.876000e-2,1.65282,2051
5.877000e-2,1.66007,2060
5.878000e-2,1.65282,2051
5.879000e-2,1.66168,2062
5.880000e-2,1.65040,2048
5.881000e-2,1.65443,2053
5.882000e-2,1.64718,2044
5.883000e-2,1.66894,2071
5.884000e-2,1.65363,2052
5.885000e-2,1.66491,2066
5.886000e-2,1.63912,2034
5.887000e-2,1.66813,2070
5.888000e-2,1.64718,2044
5.889000e-2,1.66007,2060
5.890000e-2,1.65121,2049
5.891000e-2,1.65927,2059
5.892000e-2,1.65121,2049
5.893000e-2,1.65604,2055
5.894000e-2,1.66491,2066
5.895000e-2,1.64315,2039
5.896000e-2,1.66894,2071
5.897000e-2,1.65121,2049
5.898000e-2,1.65927,2059
5.899000e-2,1.65443,2053
5.900000e-2,1.65363,2052
5.901000e-2,1.66007,2060
5.902000e-2,1.64315,2039
5.903000e-2,1.66491,2066
5.904000e-2,1.65040,2048
5.905000e-2,1.65927,2059
5.906000e-2,1.65363,2052
5.907000e-2,1.64557,2042
5.908000e-2,1.65685,2056
5.909000e-2,1.64315,2039
5.910000e-2,1.66491,2066
5.911000e-2,1.65040,2048
5.912000e-2,1.65846,2058
5.913000e-2,1.65201,2050
5.914000e-2,1.65443,2053
5.915000e-2,1.65363,2052
5.916000e-2,1.65282,2051
5.917000e-2,1.66813,2070
5.918000e-2,1.64799,2045
5.919000e-2,1.66652,2068
5.920000e-2,1.64637,2043
5.921000e-2,1.65766,2057
5.922000e-2,1.65201,2050
5.923000e-2,1.65846,2058
5.924000e-2,1.65282,2051
5.925000e-2,1.65363,2052
5.926000e-2,1.66168,2062
5.927000e-2,1.64476,2041
5.928000e-2,1.67538,2079
5.929000e-2,1.65121,2049
5.930000e-2,1.66249,2063
5.931000e-2,1.65443,2053
5.932000e-2,1.65524,2054
5.933000e-2,1.65846,2058
5.934000e-2,1.64799,2045
5.935000e-2,1.66733,2069
5.936000e-2,1.64879,2046
5.937000e-2,1.66007,2060
5.938000e-2,1.65685,2056
5.939000e-2,1.64960,2047
5.940000e-2,1.66088,2061
5.941000e-2,1.64396,2040
5.942000e-2,1.66249,2063
5.943000e-2,1.65201,2050
5.944000e-2,1.66088,2061
5.945000e-2,1.65604,2055
5.946000e-2,1.65363,2052
5.947000e-2,1.65685,2056
5.948000e-2,1.65201,2050
5.949000e-2,1.65363,2052
5.950000e-2,1.64718,2044
5.951000e-2,1.66168,2062
5.952000e-2,1.65443,2053
5.953000e-2,1.65927,2059
5.954000e-2,1.65282,2051
5.955000e-2,1.65685,2056
5.956000e-2,1.65685,2056
5.957000e-2,1.64960,2047
5.958000e-2,1.66491,2066
5.959000e-2,1.64557,2042
5.960000e-2,1.65846,2058
5.961000e-2,1.65282,2051
5.962000e-2,1.65846,2058
5.963000e-2,1.65363,2052
5.964000e-2,1.65443,2053
5.965000e-2,1.65282,2051
5.966000e-2,1.64718,2044
5.967000e-2,1.66088,2061
5.968000e-2,1.64718,2044
5.969000e-2,1.66571,2067
5.970000e-2,1.64557,2042
5.971000e-2,1.65927,2059
5.972000e-2,1.66330,2064
5.973000e-2,1.65685,2056
5.974000e-2,1.65604,2055
5.975000e-2,1.65201,2050
5.976000e-2,1.66410,2065
5.977000e-2,1.64476,2041
5.978000e-2,1.65927,2059
5.979000e-2,1.65524,2054
5.980000e-2,1.65766,2057
5.981000e-2,1.65927,2059
5.982000e-2,1.65524,2054
5.983000e-2,1.65524,2054
5.984000e-2,1.66168,2062
5.985000e-2,1.66330,2064
5.986000e-2,1.65201,2050
5.987000e-2,1.66652,2068
5.988000e-2,1.64315,2039
5.989000e-2,1.66491,2066
5.990000e-2,1.64718,2044
5.991000e-2,1.66088,2061
5.992000e-2,1.64637,2043
5.993000e-2,1.65766,2057
5.994000e-2,1.66249,2063
5.995000e-2,1.65443,2053
5.996000e-2,1.65443,2053
5.997000e-2,1.65846,2058
5.998000e-2,1.65121,2049
5.999000e-2,1.64799,2045
6.000000e-2,1.66652,2068
6.001000e-2,1.64476,2041
6.002000e-2,1.65846,2058
6.003000e-2,1.64396,2040
6.004000e-2,1.65927,2059
6.005000e-2,1.65040,2048
6.006000e-2,1.65766,2057
6.007000e-2,1.65524,2054
6.008000e-2,1.65685,2056
6.009000e-2,1.65524,2054
6.010000e-2,1.65685,2056
6.011000e-2,1.66088,2061
6.012000e-2,1.64799,2045
6.013000e-2,1.66894,2071
6.014000e-2,1.65766,2057
6.015000e-2,1.65766,2057
6.016000e-2,1.65363,2052
6.017000e-2,1.66007,2060
6.018000e-2,1.65363,2052
6.019000e-2,1.64879,2046
6.020000e-2,1.66410,2065
6.021000e-2,1.65443,2053
6.022000e-2,1.65766,2057
6.023000e-2,1.64234,2038
6.024000e-2,1.65846,2058
6.025000e-2,1.65604,2055
6.026000e-2,1.66733,2069
6.027000e-2,1.64960,2047
6.028000e-2,1.65443,2053
6.029000e-2,1.66088,2061
6.030000e-2,1.64637,2043
6.031000e-2,1.66007,2060
6.032000e-2,1.65201,2050
6.033000e-2,1.66088,2061
6.034000e-2,1.65363,2052
6.035000e-2,1.65685,2056
6.036000e-2,1.65282,2051
6.037000e-2,1.65604,2055
6.038000e-2,1.65443,2053
6.039000e-2,1.65040,2048
6.040000e-2,1.66974,2072
6.041000e-2,1.64234,2038
6.042000e-2,1.66571,2067
6.043000e-2,1.65282,2051
6.044000e-2,1.65846,2058
6.045000e-2,1.65443,2053
6.046000e-2,1.65604,2055
6.047000e-2,1.66088,2061
6.048000e-2,1.64557,2042
6.049000e-2,1.65846,2058
6.050000e-2,1.65443,2053
6.051000e-2,1.66007,2060
6.052000e-2,1.65363,2052
6.053000e-2,1.65443,2053
6.054000e-2,1.66168,2062
6.055000e-2,1.64637,2043
6.056000e-2,1.66813,2070
6.057000e-2,1.65363,2052
6.058000e-2,1.65846,2058
6.059000e-2,1.65443,2053
6.060000e-2,1.65121,2049
6.061000e-2,1.66894,2071
6.062000e-2,1.64396,2040
6.063000e-2,1.66249,2063
6.064000e-2,1.65363,2052
6.065000e-2,1.65524,2054
6.066000e-2,1.66410,2065
6.067000e-2,1.64476,2041
6.068000e-2,1.66168,2062
6.069000e-2,1.65282,2051
6.070000e-2,1.65443,2053
6.071000e-2,1.65363,2052
6.072000e-2,1.64396,2040
6.073000e-2,1.66330,2064
6.074000e-2,1.65201,2050
6.075000e-2,1.66168,2062
6.076000e-2,1.65604,2055
6.077000e-2,1.64718,2044
6.078000e-2,1.66007,2060
6.079000e-2,1.65604,2055
6.080000e-2,1.65685,2056
6.081000e-2,1.65524,2054
6.082000e-2,1.64960,2047
6.083000e-2,1.66813,2070
6.084000e-2,1.65685,2056
6.085000e-2,1.65846,2058
6.086000e-2,1.65604,2055
6.087000e-2,1.65524,2054
6.088000e-2,1.66007,2060
6.089000e-2,1.64960,2047
6.090000e-2,1.66571,2067
6.091000e-2,1.64234,2038
6.092000e-2,1.66249,2063
6.093000e-2,1.64879,2046
6.094000e-2,1.65927,2059
6.095000e-2,1.65443,2053
6.096000e-2,1.65443,2053
6.097000e-2,1.66813,2070
6.098000e-2,1.64557,2042
6.099000e-2,1.65846,2058
6.100000e-2,1.64960,2047
6.101000e-2,1.65685,2056
6.102000e-2,1.65282,2051
6.103000e-2,1.65524,2054
6.104000e-2,1.65766,2057
6.105000e-2,1.65846,2058
6.106000e-2,1.66974,2072
6.107000e-2,1.65363,2052
6.108000e-2,1.66168,2062
6.109000e-2,1.65201,2050
6.110000e-2,1.65685,2056
6.111000e-2,1.65766,2057
6.112000e-2,1.64557,2042
6.113000e-2,1.66652,2068
6.114000e-2,1.65363,2052
6.115000e-2,1.66007,2060
6.116000e-2,1.65040,2048
6.117000e-2,1.65282,2051
6.118000e-2,1.66168,2062
6.119000e-2,1.64799,2045
6.120000e-2,1.66330,2064
6.121000e-2,1.64960,2047
6.122000e-2,1.65766,2057
6.123000e-2,1.65604,2055
6.124000e-2,1.65282,2051
6.125000e-2,1.65927,2059
6.126000e-2,1.64315,2039
6.127000e-2,1.66652,2068
6.128000e-2,1.65363,2052
6.129000e-2,1.66168,2062
6.130000e-2,1.65201,2050
6.131000e-2,1.65604,2055
6.132000e-2,1.66168,2062
6.133000e-2,1.65685,2056
6.134000e-2,1.66733,2069
6.135000e-2,1.64637,2043
6.136000e-2,1.66168,2062
6.137000e-2,1.65121,2049
6.138000e-2,1.66249,2063
6.139000e-2,1.65443,2053
6.140000e-2,1.65685,2056
6.141000e-2,1.65685,2056
6.142000e-2,1.64960,2047
6.143000e-2,1.66491,2066
6.144000e-2,1.64476,2041
6.145000e-2,1.67055,2073
6.146000e-2,1.65604,2055
6.147000e-2,1.65685,2056
6.148000e-2,1.65927,2059
6.149000e-2,1.65363,2052
6.150000e-2,1.66007,2060
6.151000e-2,1.64637,2043
6.152000e-2,1.66491,2066
6.153000e-2,1.65121,2049
6.154000e-2,1.66088,2061
6.155000e-2,1.65282,2051
6.156000e-2,1.65443,2053
6.157000e-2,1.65604,2055
6.158000e-2,1.65201,2050
6.159000e-2,1.65685,2056
6.160000e-2,1.64799,2045
6.161000e-2,1.65766,2057
6.162000e-2,1.64557,2042
6.163000e-2,1.66007,2060
6.164000e-2,1.65363,2052
6.165000e-2,1.65927,2059
6.166000e-2,1.65766,2057
6.167000e-2,1.65121,2049
6.168000e-2,1.65846,2058
6.169000e-2,1.65121,2049
6.170000e-2,1.65846,2058
6.171000e-2,1.64315,2039
6.172000e-2,1.66410,2065
6.173000e-2,1.64960,2047
6.174000e-2,1.65766,2057
6.175000e-2,1.65040,2048
6.176000e-2,1.65846,2058
6.177000e-2,1.65282,2051
6.178000e-2,1.65604,2055
6.179000e-2,1.65927,2059
6.180000e-2,1.65363,2052
6.181000e-2,1.65846,2058
6.182000e-2,1.65443,2053
6.183000e-2,1.66330,2064
6.184000e-2,1.64315,2039
6.185000e-2,1.66249,2063
6.186000e-2,1.65040,2048
6.187000e-2,1.66007,2060
6.188000e-2,1.66330,2064
6.189000e-2,1.65443,2053
6.190000e-2,1.65766,2057
6.191000e-2,1.64718,2044
6.192000e-2,1.67136,2074
6.193000e-2,1.65443,2053
6.194000e-2,1.66088,2061
6.195000e-2,1.65363,2052
6.196000e-2,1.65685,2056
6.197000e-2,1.65282,2051
6.198000e-2,1.65846,2058
6.199000e-2,1.65201,2050
6.200000e-2,1.66168,2062
6.201000e-2,1.65524,2054
6.202000e-2,1.65685,2056
6.203000e-2,1.65524,2054
6.204000e-2,1.64637,2043
6.205000e-2,1.65927,2059
6.206000e-2,1.65363,2052
6.207000e-2,1.65927,2059
6.208000e-2,1.65040,2048
6.209000e-2,1.65685,2056
6.210000e-2,1.65282,2051
6.211000e-2,1.65685,2056
6.212000e-2,1.65363,2052
6.213000e-2,1.66007,2060
6.214000e-2,1.65604,2055
6.215000e-2,1.66007,2060
6.216000e-2,1.65363,2052
6.217000e-2,1.66410,2065
6.218000e-2,1.65443,2053
6.219000e-2,1.66007,2060
6.220000e-2,1.65282,2051
6.221000e-2,1.66249,2063
6.222000e-2,1.65363,2052
6.223000e-2,1.66007,2060
6.224000e-2,1.65363,2052
6.225000e-2,1.65524,2054
6.226000e-2,1.66007,2060
6.227000e-2,1.65201,2050
6.228000e-2,1.66168,2062
6.229000e-2,1.64879,2046
6.230000e-2,1.66007,2060
6.231000e-2,1.64637,2043
6.232000e-2,1.66330,2064
6.233000e-2,1.65282,2051
6.234000e-2,1.66733,2069
6.235000e-2,1.65040,2048
6.236000e-2,1.65524,2054
6.237000e-2,1.66007,2060
6.238000e-2,1.65201,2050
6.239000e-2,1.66088,2061
6.240000e-2,1.65040,2048
6.241000e-2,1.66088,2061
6.242000e-2,1.64396,2040
6.243000e-2,1.65927,2059
6.244000e-2,1.65201,2050
6.245000e-2,1.65604,2055
6.246000e-2,1.65443,2053
6.247000e-2,1.65766,2057
6.248000e-2,1.65685,2056
6.249000e-2,1.64799,2045
6.250000e-2,1.66330,2064
6.251000e-2,1.64799,2045
6.252000e-2,1.66168,2062
6.253000e-2,1.65766,2057
6.254000e-2,1.65524,2054
6.255000e-2,1.65040,2048
6.256000e-2,1.65927,2059
6.257000e-2,1.65443,2053
6.258000e-2,1.65282,2051
6.259000e-2,1.66088,2061
6.260000e-2,1.64396,2040
6.261000e-2,1.66652,2068
6.262000e-2,1.65201,2050
6.263000e-2,1.66088,2061
6.264000e-2,1.65040,2048
6.265000e-2,1.65443,2053
6.266000e-2,1.65282,2051
6.267000e-2,1.65443,2053
6.268000e-2,1.66088,2061
6.269000e-2,1.64799,2045
6.270000e-2,1.66410,2065
6.271000e-2,1.64315,2039
6.272000e-2,1.66733,2069
6.273000e-2,1.64073,2036
6.274000e-2,1.65685,2056
6.275000e-2,1.64960,2047
6.276000e-2,1.65685,2056
6.277000e-2,1.65121,2049
6.278000e-2,1.65766,2057
6.279000e-2,1.65201,2050
6.280000e-2,1.66088,2061
6.281000e-2,1.65604,2055
6.282000e-2,1.65121,2049
6.283000e-2,1.66330,2064
6.284000e-2,1.64396,2040
6.285000e-2,1.66491,2066
6.286000e-2,1.64879,2046
6.287000e-2,1.65685,2056
6.288000e-2,1.65363,2052
6.289000e-2,1.65846,2058
6.290000e-2,1.65363,2052
6.291000e-2,1.66007,2060
6.292000e-2,1.64476,2041
6.293000e-2,1.65685,2056
6.294000e-2,1.65846,2058
6.295000e-2,1.65524,2054
6.296000e-2,1.65685,2056
6.297000e-2,1.65363,2052
6.298000e-2,1.66168,2062
6.299000e-2,1.65040,2048
6.300000e-2,1.66168,2062
6.301000e-2,1.64718,2044
6.302000e-2,1.66733,2069
6.303000e-2,1.64718,2044
6.304000e-2,1.66652,2068
6.305000e-2,1.64557,2042
6.306000e-2,1.66571,2067
6.307000e-2,1.65604,2055
6.308000e-2,1.65766,2057
6.309000e-2,1.65363,2052
6.310000e-2,1.65927,2059
6.311000e-2,1.65524,2054
6.312000e-2,1.65685,2056
6.313000e-2,1.65121,2049
6.314000e-2,1.66007,2060
6.315000e-2,1.65040,2048
6.316000e-2,1.66088,2061
6.317000e-2,1.65201,2050
6.318000e-2,1.65846,2058
6.319000e-2,1.65282,2051
6.320000e-2,1.65766,2057
6.321000e-2,1.65201,2050
6.322000e-2,1.65524,2054
6.323000e-2,1.65766,2057
6.324000e-2,1.65604,2055
6.325000e-2,1.65363,2052
6.326000e-2,1.65201,2050
6.327000e-2,1.65766,2057
6.328000e-2,1.64799,2045
6.329000e-2,1.66088,2061
6.330000e-2,1.64637,2043
6.331000e-2,1.65524,2054
6.332000e-2,1.64557,2042
6.333000e-2,1.66330,2064
6.334000e-2,1.64960,2047
6.335000e-2,1.65766,2057
6.336000e-2,1.64396,2040
6.337000e-2,1.66733,2069
6.338000e-2,1.65282,2051
6.339000e-2,1.66007,2060
6.340000e-2,1.65282,2051
6.341000e-2,1.66249,2063
6.342000e-2,1.65040,2048
6.343000e-2,1.65927,2059
6.344000e-2,1.65282,2051
6.345000e-2,1.65846,2058
6.346000e-2,1.65201,2050
6.347000e-2,1.65685,2056
6.348000e-2,1.65846,2058
6.349000e-2,1.64799,2045
6.350000e-2,1.66088,2061
6.351000e-2,1.65282,2051
6.352000e-2,1.66330,2064
6.353000e-2,1.65363,2052
6.354000e-2,1.66894,2071
6.355000e-2,1.64637,2043
6.356000e-2,1.65927,2059
6.357000e-2,1.65201,2050
6.358000e-2,1.65846,2058
6.359000e-2,1.64799,2045
6.360000e-2,1.65524,2054
6.361000e-2,1.65685,2056
6.362000e-2,1.64799,2045
6.363000e-2,1.66249,2063
6.364000e-2,1.65040,2048
6.365000e-2,1.66330,2064
6.366000e-2,1.64637,2043
6.367000e-2,1.66330,2064
6.368000e-2,1.64637,2043
6.369000e-2,1.66652,2068
6.370000e-2,1.64637,2043
6.371000e-2,1.66652,2068
6.372000e-2,1.64476,2041
6.373000e-2,1.66330,2064
6.374000e-2,1.64879,2046
6.375000e-2,1.65846,2058
6.376000e-2,1.65040,2048
6.377000e-2,1.65766,2057
6.378000e-2,1.65282,2051
6.379000e-2,1.65685,2056
6.380000e-2,1.65201,2050
6.381000e-2,1.65685,2056
6.382000e-2,1.65685,2056
6.383000e-2,1.65443,2053
6.384000e-2,1.66894,2071
6.385000e-2,1.65121,2049
6.386000e-2,1.65685,2056
6.387000e-2,1.64396,2040
6.388000e-2,1.66410,2065
6.389000e-2,1.64557,2042
6.390000e-2,1.66652,2068
6.391000e-2,1.66007,2060
6.392000e-2,1.65846,2058
6.393000e-2,1.65363,2052
6.394000e-2,1.66007,2060
6.395000e-2,1.65524,2054
6.396000e-2,1.65685,2056
6.397000e-2,1.65363,2052
6.398000e-2,1.65766,2057
6.399000e-2,1.65443,2053
6.400000e-2,1.65363,2052
6.401000e-2,1.65846,2058
6.402000e-2,1.64799,2045
6.403000e-2,1.66813,2070
6.404000e-2,1.64234,2038
6.405000e-2,1.66813,2070
6.406000e-2,1.65363,2052
6.407000e-2,1.65927,2059
6.408000e-2,1.65282,2051
6.409000e-2,1.65927,2059
6.410000e-2,1.65604,2055
6.411000e-2,1.66007,2060
6.412000e-2,1.65121,2049
6.413000e-2,1.65201,2050
6.414000e-2,1.65846,2058
6.415000e-2,1.64960,2047
6.416000e-2,1.66168,2062
6.417000e-2,1.64637,2043
6.418000e-2,1.66330,2064
6.419000e-2,1.65363,2052
6.420000e-2,1.65846,2058
6.421000e-2,1.65766,2057
6.422000e-2,1.65685,2056
6.423000e-2,1.65282,2051
6.424000e-2,1.66733,2069
6.425000e-2,1.65443,2053
6.426000e-2,1.66088,2061
6.427000e-2,1.64637,2043
6.428000e-2,1.65201,2050
6.429000e-2,1.65685,2056
6.430000e-2,1.65443,2053
6.431000e-2,1.65524,2054
6.432000e-2,1.64799,2045
6.433000e-2,1.66974,2072
6.434000e-2,1.64396,2040
6.435000e-2,1.66974,2072
6.436000e-2,1.64315,2039
6.437000e-2,1.66330,2064
6.438000e-2,1.65121,2049
6.439000e-2,1.65685,2056
6.440000e-2,1.64557,2042
6.441000e-2,1.65685,2056
6.442000e-2,1.65201,2050
6.443000e-2,1.65766,2057
6.444000e-2,1.65524,2054
6.445000e-2,1.65363,2052
6.446000e-2,1.66088,2061
6.447000e-2,1.64718,2044
6.448000e-2,1.66733,2069
6.449000e-2,1.64315,2039
6.450000e-2,1.66168,2062
6.451000e-2,1.65282,2051
6.452000e-2,1.65524,2054
6.453000e-2,1.65121,2049
6.454000e-2,1.65927,2059
6.455000e-2,1.65927,2059
6.456000e-2,1.65685,2056
6.457000e-2,1.65685,2056
6.458000e-2,1.65363,2052
6.459000e-2,1.65846,2058
6.460000e-2,1.65282,2051
6.461000e-2,1.66894,2071
6.462000e-2,1.64557,2042
6.463000e-2,1.65766,2057
6.464000e-2,1.64476,2041
6.465000e-2,1.65766,2057
6.466000e-2,1.65524,2054
6.467000e-2,1.65201,2050
6.468000e-2,1.65685,2056
6.469000e-2,1.65040,2048
6.470000e-2,1.66974,2072
6.471000e-2,1.64637,2043
6.472000e-2,1.66410,2065
6.473000e-2,1.65363,2052
6.474000e-2,1.66007,2060
6.475000e-2,1.65201,2050
6.476000e-2,1.65846,2058
6.477000e-2,1.65121,2049
6.478000e-2,1.65766,2057
6.479000e-2,1.65040,2048
6.480000e-2,1.66007,2060
6.481000e-2,1.65363,2052
6.482000e-2,1.65443,2053
6.483000e-2,1.65766,2057
6.484000e-2,1.65524,2054
6.485000e-2,1.65363,2052
6.486000e-2,1.65282,2051
6.487000e-2,1.66007,2060
6.488000e-2,1.64799,2045
6.489000e-2,1.65927,2059
6.490000e-2,1.65201,2050
6.491000e-2,1.66007,2060
6.492000e-2,1.64315,2039
6.493000e-2,1.66894,2071
6.494000e-2,1.64718,2044
6.495000e-2,1.65927,2059
6.496000e-2,1.65201,2050
6.497000e-2,1.65846,2058
6.498000e-2,1.65282,2051
6.499000e-2,1.65201,2050
6.500000e-2,1.66652,2068
6.501000e-2,1.64073,2036
6.502000e-2,1.66007,2060
6.503000e-2,1.65282,2051
6.504000e-2,1.65846,2058
6.505000e-2,1.65282,2051
6.506000e-2,1.65927,2059
6.507000e-2,1.65685,2056
6.508000e-2,1.65121,2049
6.509000e-2,1.65927,2059
6.510000e-2,1.65121,2049
6.511000e-2,1.66088,2061
6.512000e-2,1.64637,2043
6.513000e-2,1.66652,2068
6.514000e-2,1.64476,2041
6.515000e-2,1.66733,2069
6.516000e-2,1.65121,2049
6.517000e-2,1.66007,2060
6.518000e-2,1.65040,2048
6.519000e-2,1.66007,2060
6.520000e-2,1.65363,2052
6.521000e-2,1.65685,2056
6.522000e-2,1.65443,2053
6.523000e-2,1.65363,2052
6.524000e-2,1.66088,2061
6.525000e-2,1.64718,2044
6.526000e-2,1.66088,2061
6.527000e-2,1.65201,2050
6.528000e-2,1.65846,2058
6.529000e-2,1.65524,2054
6.530000e-2,1.65363,2052
6.531000e-2,1.65766,2057
6.532000e-2,1.65040,2048
6.533000e-2,1.66410,2065
6.534000e-2,1.64154,2037
6.535000e-2,1.66813,2070
6.536000e-2,1.65121,2049
6.537000e-2,1.65685,2056
6.538000e-2,1.65363,2052
6.539000e-2,1.65443,2053
6.540000e-2,1.65443,2053
6.541000e-2,1.66733,2069
6.542000e-2,1.66088,2061
6.543000e-2,1.64315,2039
6.544000e-2,1.66652,2068
6.545000e-2,1.64637,2043
6.546000e-2,1.66571,2067
6.547000e-2,1.65363,2052
6.548000e-2,1.65846,2058
6.549000e-2,1.65363,2052
6.550000e-2,1.65685,2056
6.551000e-2,1.65685,2056
6.552000e-2,1.65363,2052
6.553000e-2,1.66330,2064
6.554000e-2,1.64396,2040
6.555000e-2,1.65927,2059
6.556000e-2,1.65443,2053
6.557000e-2,1.65685,2056
6.558000e-2,1.65282,2051
6.559000e-2,1.65604,2055
6.560000e-2,1.65524,2054
6.561000e-2,1.65121,2049
6.562000e-2,1.65282,2051
6.563000e-2,1.65040,2048
6.564000e-2,1.66652,2068
6.565000e-2,1.64234,2038
6.566000e-2,1.66410,2065
6.567000e-2,1.65685,2056
6.568000e-2,1.65766,2057
6.569000e-2,1.65121,2049
6.570000e-2,1.65524,2054
6.571000e-2,1.65040,2048
6.572000e-2,1.65685,2056
6.573000e-2,1.65524,2054
6.574000e-2,1.65282,2051
6.575000e-2,1.66168,2062
6.576000e-2,1.64718,2044
6.577000e-2,1.66571,2067
6.578000e-2,1.65927,2059
6.579000e-2,1.65685,2056
6.580000e-2,1.65121,2049
6.581000e-2,1.66007,2060
6.582000e-2,1.65524,2054
6.583000e-2,1.65685,2056
6.584000e-2,1.66007,2060
6.585000e-2,1.65121,2049
6.586000e-2,1.66491,2066
6.587000e-2,1.64718,2044
6.588000e-2,1.66007,2060
6.589000e-2,1.65040,2048
6.590000e-2,1.65685,2056
6.591000e-2,1.66168,2062
6.592000e-2,1.64799,2045
6.593000e-2,1.66652,2068
6.594000e-2,1.64637,2043
6.595000e-2,1.65846,2058
6.596000e-2,1.65121,2049
6.597000e-2,1.66007,2060
6.598000e-2,1.64960,2047
6.599000e-2,1.65685,2056
6.600000e-2,1.65201,2050
6.601000e-2,1.65604,2055
6.602000e-2,1.65524,2054
6.603000e-2,1.65927,2059
6.604000e-2,1.66733,2069
6.605000e-2,1.64799,2045
6.606000e-2,1.66410,2065
6.607000e-2,1.65524,2054
6.608000e-2,1.65927,2059
6.609000e-2,1.64799,2045
6.610000e-2,1.65846,2058
6.611000e-2,1.65282,2051
6.612000e-2,1.65443,2053
6.613000e-2,1.65927,2059
6.614000e-2,1.65443,2053
6.615000e-2,1.65766,2057
6.616000e-2,1.65040,2048
6.617000e-2,1.66410,2065
6.618000e-2,1.64315,2039
6.619000e-2,1.66652,2068
6.620000e-2,1.64960,2047
6.621000e-2,1.65846,2058
6.622000e-2,1.66249,2063
6.623000e-2,1.65846,2058
6.624000e-2,1.65201,2050
6.625000e-2,1.65524,2054
6.626000e-2,1.65201,2050
6.627000e-2,1.65846,2058
6.628000e-2,1.65040,2048
6.629000e-2,1.65685,2056
6.630000e-2,1.64637,2043
6.631000e-2,1.65524,2054
6.632000e-2,1.65524,2054
6.633000e-2,1.65524,2054
6.634000e-2,1.66491,2066
6.635000e-2,1.64879,2046
6.636000e-2,1.65766,2057
6.637000e-2,1.64718,2044
6.638000e-2,1.67377,2077
6.639000e-2,1.64637,2043
6.640000e-2,1.66168,2062
6.641000e-2,1.64879,2046
6.642000e-2,1.66330,2064
6.643000e-2,1.65201,2050
6.644000e-2,1.66168,2062
6.645000e-2,1.64718,2044
6.646000e-2,1.66733,2069
6.647000e-2,1.65040,2048
6.648000e-2,1.66571,2067
6.649000e-2,1.65282,2051
6.650000e-2,1.66168,2062
6.651000e-2,1.65363,2052
6.652000e-2,1.66249,2063
6.653000e-2,1.65363,2052
6.654000e-2,1.65685,2056
6.655000e-2,1.65685,2056
6.656000e-2,1.64879,2046
6.657000e-2,1.66813,2070
6.658000e-2,1.63912,2034
6.659000e-2,1.66007,2060
6.660000e-2,1.66168,2062
6.661000e-2,1.65363,2052
6.662000e-2,1.65363,2052
6.663000e-2,1.65846,2058
6.664000e-2,1.66249,2063
6.665000e-2,1.65604,2055
6.666000e-2,1.65363,2052
6.667000e-2,1.65846,2058
6.668000e-2,1.65040,2048
6.669000e-2,1.65846,2058
6.670000e-2,1.65363,2052
6.671000e-2,1.65685,2056
6.672000e-2,1.64476,2041
6.673000e-2,1.66007,2060
6.674000e-2,1.65927,2059
6.675000e-2,1.65040,2048
6.676000e-2,1.66168,2062
6.677000e-2,1.65282,2051
6.678000e-2,1.65766,2057
6.679000e-2,1.64960,2047
6.680000e-2,1.66733,2069
6.681000e-2,1.64557,2042
6.682000e-2,1.66813,2070
6.683000e-2,1.63993,2035
6.684000e-2,1.66330,2064
6.685000e-2,1.64396,2040
6.686000e-2,1.65846,2058
6.687000e-2,1.65282,2051
6.688000e-2,1.65846,2058
6.689000e-2,1.65201,2050
6.690000e-2,1.65766,2057
6.691000e-2,1.65040,2048
6.692000e-2,1.65846,2058
6.693000e-2,1.65443,2053
6.694000e-2,1.65040,2048
6.695000e-2,1.65846,2058
6.696000e-2,1.65524,2054
6.697000e-2,1.65927,2059
6.698000e-2,1.64557,2042
6.699000e-2,1.66410,2065
6.700000e-2,1.64396,2040
6.701000e-2,1.66733,2069
6.702000e-2,1.64476,2041
6.703000e-2,1.66491,2066
6.704000e-2,1.64315,2039
6.705000e-2,1.66330,2064
6.706000e-2,1.64879,2046
6.707000e-2,1.66330,2064
6.708000e-2,1.64234,2038
6.709000e-2,1.66652,2068
6.710000e-2,1.64154,2037
6.711000e-2,1.66894,2071
6.712000e-2,1.64960,2047
6.713000e-2,1.66007,2060
6.714000e-2,1.65121,2049
6.715000e-2,1.66410,2065
6.716000e-2,1.64960,2047
6.717000e-2,1.65927,2059
6.718000e-2,1.65282,2051
6.719000e-2,1.66088,2061
6.720000e-2,1.65443,2053
6.721000e-2,1.66168,2062
6.722000e-2,1.65685,2056
6.723000e-2,1.65685,2056
6.724000e-2,1.65363,2052
6.725000e-2,1.65443,2053
6.726000e-2,1.65927,2059
6.727000e-2,1.65524,2054
6.728000e-2,1.66894,2071
6.729000e-2,1.64396,2040
6.730000e-2,1.66652,2068
6.731000e-2,1.65040,2048
6.732000e-2,1.65685,2056
6.733000e-2,1.65363,2052
6.734000e-2,1.65604,2055
6.735000e-2,1.65604,2055
6.736000e-2,1.65363,2052
6.737000e-2,1.65201,2050
6.738000e-2,1.65363,2052
6.739000e-2,1.65685,2056
6.740000e-2,1.65201,2050
6.741000e-2,1.66974,2072
6.742000e-2,1.65524,2054
6.743000e-2,1.66571,2067
6.744000e-2,1.64718,2044
6.745000e-2,1.66894,2071
6.746000e-2,1.64637,2043
6.747000e-2,1.65685,2056
6.748000e-2,1.65282,2051
6.749000e-2,1.65927,2059
6.750000e-2,1.65524,2054
6.751000e-2,1.65443,2053
6.752000e-2,1.65443,2053
6.753000e-2,1.65282,2051
6.754000e-2,1.66088,2061
6.755000e-2,1.65121,2049
6.756000e-2,1.66410,2065
6.757000e-2,1.64315,2039
6.758000e-2,1.66813,2070
6.759000e-2,1.64396,2040
6.760000e-2,1.66652,2068
6.761000e-2,1.64396,2040
6.762000e-2,1.66491,2066
6.763000e-2,1.65201,2050
6.764000e-2,1.65846,2058
6.765000e-2,1.64396,2040
6.766000e-2,1.65363,2052
6.767000e-2,1.65040,2048
6.768000e-2,1.66733,2069
6.769000e-2,1.65766,2057
6.770000e-2,1.65363,2052
6.771000e-2,1.66733,2069
6.772000e-2,1.65846,2058
6.773000e-2,1.65846,2058
6.774000e-2,1.64637,2043
6.775000e-2,1.66249,2063
6.776000e-2,1.65201,2050
6.777000e-2,1.66330,2064
6.778000e-2,1.64315,2039
6.779000e-2,1.66491,2066
6.780000e-2,1.64557,2042
6.781000e-2,1.66410,2065
6.782000e-2,1.64557,2042
6.783000e-2,1.66410,2065
6.784000e-2,1.64315,2039
6.785000e-2,1.66733,2069
6.786000e-2,1.64396,2040
6.787000e-2,1.66491,2066
6.788000e-2,1.64879,2046
6.789000e-2,1.66894,2071
6.790000e-2,1.64396,2040
6.791000e-2,1.66733,2069
6.792000e-2,1.65201,2050
6.793000e-2,1.66330,2064
6.794000e-2,1.64476,2041
6.795000e-2,1.66330,2064
6.796000e-2,1.65282,2051
6.797000e-2,1.66410,2065
6.798000e-2,1.64073,2036
6.799000e-2,1.67538,2079
6.800000e-2,1.65846,2058
6.801000e-2,1.66088,2061
6.802000e-2,1.64315,2039
6.803000e-2,1.66813,2070
6.804000e-2,1.64315,2039
6.805000e-2,1.66813,2070
6.806000e-2,1.63751,2032
6.807000e-2,1.66410,2065
6.808000e-2,1.63590,2030
6.809000e-2,1.66168,2062
6.810000e-2,1.64637,2043
6.811000e-2,1.65685,2056
6.812000e-2,1.65604,2055
6.813000e-2,1.65846,2058
6.814000e-2,1.65282,2051
6.815000e-2,1.65524,2054
6.816000e-2,1.64315,2039
6.817000e-2,1.66974,2072
6.818000e-2,1.64476,2041
6.819000e-2,1.66168,2062
6.820000e-2,1.65040,2048
6.821000e-2,1.66330,2064
6.822000e-2,1.64476,2041
6.823000e-2,1.66491,2066
6.824000e-2,1.64315,2039
6.825000e-2,1.66974,2072
6.826000e-2,1.64396,2040
6.827000e-2,1.66571,2067
6.828000e-2,1.64396,2040
6.829000e-2,1.66491,2066
6.830000e-2,1.64557,2042
6.831000e-2,1.66894,2071
6.832000e-2,1.64234,2038
6.833000e-2,1.66330,2064
6.834000e-2,1.64718,2044
6.835000e-2,1.66491,2066
6.836000e-2,1.64637,2043
6.837000e-2,1.66652,2068
6.838000e-2,1.65766,2057
6.839000e-2,1.66007,2060
6.840000e-2,1.64396,2040
6.841000e-2,1.66249,2063
6.842000e-2,1.65040,2048
6.843000e-2,1.65846,2058
6.844000e-2,1.65524,2054
6.845000e-2,1.65685,2056
6.846000e-2,1.65201,2050
6.847000e-2,1.65846,2058
6.848000e-2,1.65524,2054
6.849000e-2,1.65524,2054
6.850000e-2,1.65201,2050
6.851000e-2,1.65927,2059
6.852000e-2,1.65685,2056
6.853000e-2,1.65363,2052
6.854000e-2,1.65846,2058
6.855000e-2,1.65282,2051
6.856000e-2,1.66330,2064
6.857000e-2,1.65443,2053
6.858000e-2,1.65766,2057
6.859000e-2,1.64718,2044
6.860000e-2,1.65201,2050
6.861000e-2,1.65927,2059
6.862000e-2,1.65201,2050
6.863000e-2,1.65685,2056
6.864000e-2,1.65604,2055
6.865000e-2,1.66571,2067
6.866000e-2,1.64315,2039
6.867000e-2,1.66571,2067
6.868000e-2,1.64396,2040
6.869000e-2,1.66652,2068
6.870000e-2,1.65121,2049
6.871000e-2,1.65443,2053
6.872000e-2,1.65685,2056
6.873000e-2,1.65766,2057
6.874000e-2,1.65363,2052
6.875000e-2,1.65524,2054
6.876000e-2,1.65685,2056
6.877000e-2,1.64960,2047
6.878000e-2,1.66330,2064
6.879000e-2,1.64557,2042
6.880000e-2,1.65766,2057
6.881000e-2,1.65040,2048
6.882000e-2,1.65846,2058
6.883000e-2,1.65363,2052
6.884000e-2,1.65685,2056
6.885000e-2,1.66088,2061
6.886000e-2,1.65685,2056
6.887000e-2,1.65282,2051
6.888000e-2,1.65927,2059
6.889000e-2,1.65524,2054
6.890000e-2,1.66571,2067
6.891000e-2,1.65040,2048
6.892000e-2,1.65846,2058
6.893000e-2,1.65524,2054
6.894000e-2,1.65443,2053
6.895000e-2,1.66733,2069
6.896000e-2,1.65040,2048
6.897000e-2,1.66007,2060
6.898000e-2,1.64315,2039
6.899000e-2,1.66974,2072
6.900000e-2,1.64315,2039
6.901000e-2,1.66168,2062
6.902000e-2,1.65363,2052
6.903000e-2,1.66007,2060
6.904000e-2,1.65040,2048
6.905000e-2,1.65524,2054
6.906000e-2,1.65685,2056
6.907000e-2,1.65040,2048
6.908000e-2,1.65846,2058
6.909000e-2,1.65201,2050
6.910000e-2,1.66410,2065
6.911000e-2,1.64234,2038
6.912000e-2,1.66330,2064
6.913000e-2,1.65524,2054
6.914000e-2,1.66088,2061
6.915000e-2,1.65282,2051
6.916000e-2,1.65927,2059
6.917000e-2,1.65121,2049
6.918000e-2,1.65927,2059
6.919000e-2,1.65524,2054
6.920000e-2,1.65766,2057
6.921000e-2,1.65443,2053
6.922000e-2,1.65685,2056
6.923000e-2,1.65766,2057
6.924000e-2,1.65443,2053
6.925000e-2,1.65846,2058
6.926000e-2,1.64637,2043
6.927000e-2,1.66491,2066
6.928000e-2,1.64396,2040
6.929000e-2,1.66894,2071
6.930000e-2,1.65121,2049
6.931000e-2,1.65927,2059
6.932000e-2,1.64234,2038
6.933000e-2,1.66007,2060
6.934000e-2,1.65443,2053
6.935000e-2,1.65685,2056
6.936000e-2,1.64879,2046
6.937000e-2,1.65282,2051
6.938000e-2,1.65040,2048
6.939000e-2,1.65766,2057
6.940000e-2,1.66007,2060
6.941000e-2,1.65766,2057
6.942000e-2,1.65201,2050
6.943000e-2,1.65282,2051
6.944000e-2,1.65766,2057
6.945000e-2,1.65201,2050
6.946000e-2,1.65443,2053
6.947000e-2,1.64960,2047
6.948000e-2,1.66088,2061
6.949000e-2,1.64879,2046
6.950000e-2,1.66571,2067
6.951000e-2,1.65201,2050
6.952000e-2,1.65604,2055
6.953000e-2,1.65927,2059
6.954000e-2,1.65685,2056
6.955000e-2,1.64799,2045
6.956000e-2,1.65685,2056
6.957000e-2,1.65927,2059
6.958000e-2,1.65121,2049
6.959000e-2,1.66007,2060
6.960000e-2,1.64799,2045
6.961000e-2,1.66168,2062
6.962000e-2,1.65363,2052
6.963000e-2,1.66088,2061
6.964000e-2,1.65040,2048
6.965000e-2,1.65846,2058
6.966000e-2,1.65604,2055
6.967000e-2,1.65040,2048
6.968000e-2,1.65846,2058
6.969000e-2,1.65201,2050
6.970000e-2,1.66330,2064
6.971000e-2,1.64476,2041
6.972000e-2,1.66894,2071
6.973000e-2,1.64557,2042
6.974000e-2,1.65846,2058
6.975000e-2,1.65201,2050
6.976000e-2,1.65927,2059
6.977000e-2,1.65040,2048
6.978000e-2,1.65766,2057
6.979000e-2,1.65524,2054
6.980000e-2,1.66007,2060
6.981000e-2,1.65443,2053
6.982000e-2,1.66088,2061
6.983000e-2,1.65766,2057
6.984000e-2,1.65604,2055
6.985000e-2,1.65766,2057
6.986000e-2,1.65766,2057
6.987000e-2,1.65766,2057
6.988000e-2,1.65363,2052
6.989000e-2,1.65604,2055
6.990000e-2,1.64799,2045
6.991000e-2,1.66088,2061
6.992000e-2,1.65443,2053
6.993000e-2,1.66571,2067
6.994000e-2,1.64476,2041
6.995000e-2,1.66007,2060
6.996000e-2,1.65363,2052
6.997000e-2,1.65685,2056
6.998000e-2,1.65363,2052
6.999000e-2,1.65846,2058
7.000000e-2,1.64557,2042
7.001000e-2,1.65201,2050
7.002000e-2,1.66813,2070
7.003000e-2,1.64234,2038
7.004000e-2,1.65524,2054
7.005000e-2,1.65121,2049
7.006000e-2,1.65685,2056
7.007000e-2,1.65363,2052
7.008000e-2,1.65201,2050
7.009000e-2,1.66088,2061
7.010000e-2,1.64476,2041
7.011000e-2,1.66249,2063
7.012000e-2,1.64637,2043
7.013000e-2,1.65604,2055
7.014000e-2,1.65040,2048
7.015000e-2,1.65766,2057
7.016000e-2,1.65363,2052
7.017000e-2,1.65685,2056
7.018000e-2,1.65846,2058
7.019000e-2,1.64879,2046
7.020000e-2,1.66491,2066
7.021000e-2,1.64960,2047
7.022000e-2,1.65766,2057
7.023000e-2,1.65282,2051
7.024000e-2,1.65927,2059
7.025000e-2,1.65363,2052
7.026000e-2,1.65846,2058
7.027000e-2,1.66088,2061
7.028000e-2,1.64799,2045
7.029000e-2,1.66330,2064
7.030000e-2,1.65443,2053
7.031000e-2,1.65604,2055
7.032000e-2,1.64960,2047
7.033000e-2,1.66733,2069
7.034000e-2,1.65282,2051
7.035000e-2,1.65201,2050
7.036000e-2,1.66330,2064
7.037000e-2,1.64637,2043
7.038000e-2,1.65927,2059
7.039000e-2,1.65121,2049
7.040000e-2,1.65604,2055
7.041000e-2,1.65443,2053
7.042000e-2,1.64960,2047
7.043000e-2,1.66894,2071
7.044000e-2,1.64154,2037
7.045000e-2,1.66410,2065
7.046000e-2,1.65363,2052
7.047000e-2,1.65766,2057
7.048000e-2,1.65524,2054
7.049000e-2,1.65685,2056
7.050000e-2,1.65040,2048
7.051000e-2,1.65927,2059
7.052000e-2,1.66249,2063
7.053000e-2,1.64315,2039
7.054000e-2,1.66088,2061
7.055000e-2,1.65040,2048
7.056000e-2,1.65766,2057
7.057000e-2,1.65524,2054
7.058000e-2,1.64879,2046
7.059000e-2,1.66410,2065
7.060000e-2,1.64557,2042
7.061000e-2,1.66894,2071
7.062000e-2,1.65040,2048
7.063000e-2,1.65766,2057
7.064000e-2,1.65201,2050
7.065000e-2,1.66088,2061
7.066000e-2,1.65363,2052
7.067000e-2,1.65766,2057
7.068000e-2,1.65363,2052
7.069000e-2,1.65201,2050
7.070000e-2,1.67216,2075
7.071000e-2,1.64557,2042
7.072000e-2,1.66330,2064
7.073000e-2,1.64557,2042
7.074000e-2,1.66007,2060
7.075000e-2,1.65040,2048
7.076000e-2,1.66652,2068
7.077000e-2,1.65524,2054
7.078000e-2,1.64799,2045
7.079000e-2,1.65604,2055
7.080000e-2,1.65685,2056
7.081000e-2,1.66491,2066
7.082000e-2,1.65040,2048
7.083000e-2,1.67055,2073
7.084000e-2,1.64154,2037
7.085000e-2,1.66007,2060
7.086000e-2,1.65121,2049
7.087000e-2,1.65363,2052
7.088000e-2,1.65040,2048
7.089000e-2,1.65685,2056
7.090000e-2,1.65604,2055
7.091000e-2,1.65363,2052
7.092000e-2,1.65604,2055
7.093000e-2,1.65524,2054
7.094000e-2,1.66007,2060
7.095000e-2,1.64960,2047
7.096000e-2,1.66813,2070
7.097000e-2,1.64557,2042
7.098000e-2,1.65846,2058
7.099000e-2,1.64637,2043
7.100000e-2,1.65927,2059
7.101000e-2,1.65282,2051
7.102000e-2,1.65201,2050
7.103000e-2,1.66088,2061
7.104000e-2,1.64396,2040
7.105000e-2,1.66813,2070
7.106000e-2,1.65201,2050
7.107000e-2,1.65927,2059
7.108000e-2,1.64718,2044
7.109000e-2,1.65927,2059
7.110000e-2,1.65766,2057
7.111000e-2,1.65201,2050
7.112000e-2,1.65927,2059
7.113000e-2,1.64637,2043
7.114000e-2,1.66571,2067
7.115000e-2,1.65282,2051
7.116000e-2,1.65846,2058
7.117000e-2,1.65685,2056
7.118000e-2,1.65201,2050
7.119000e-2,1.66168,2062
7.120000e-2,1.64557,2042
7.121000e-2,1.66410,2065
7.122000e-2,1.65524,2054
7.123000e-2,1.65846,2058
7.124000e-2,1.66168,2062
7.125000e-2,1.65846,2058
7.126000e-2,1.65201,2050
7.127000e-2,1.65282,2051
7.128000e-2,1.65927,2059
7.129000e-2,1.64557,2042
7.130000e-2,1.66813,2070
7.131000e-2,1.64799,2045
7.132000e-2,1.65766,2057
7.133000e-2,1.65282,2051
7.134000e-2,1.65040,2048
7.135000e-2,1.65201,2050
7.136000e-2,1.65766,2057
7.137000e-2,1.65282,2051
7.138000e-2,1.65524,2054
7.139000e-2,1.66330,2064
7.140000e-2,1.64557,2042
7.141000e-2,1.67700,2081
7.142000e-2,1.63670,2031
7.143000e-2,1.65524,2054
7.144000e-2,1.65443,2053
7.145000e-2,1.66088,2061
7.146000e-2,1.65121,2049
7.147000e-2,1.65846,2058
7.148000e-2,1.66007,2060
7.149000e-2,1.65604,2055
7.150000e-2,1.65121,2049
7.151000e-2,1.64718,2044
7.152000e-2,1.66330,2064
7.153000e-2,1.64234,2038
7.154000e-2,1.66491,2066
7.155000e-2,1.65201,2050
7.156000e-2,1.66088,2061
7.157000e-2,1.65040,2048
7.158000e-2,1.65766,2057
7.159000e-2,1.65282,2051
7.160000e-2,1.65443,2053
7.161000e-2,1.66007,2060
7.162000e-2,1.64315,2039
7.163000e-2,1.67297,2076
7.164000e-2,1.64960,2047
7.165000e-2,1.66007,2060
7.166000e-2,1.65363,2052
7.167000e-2,1.66330,2064
7.168000e-2,1.65363,2052
7.169000e-2,1.66088,2061
7.170000e-2,1.65524,2054
7.171000e-2,1.65040,2048
7.172000e-2,1.66007,2060
7.173000e-2,1.64557,2042
7.174000e-2,1.66813,2070
7.175000e-2,1.64396,2040
7.176000e-2,1.66007,2060
7.177000e-2,1.65121,2049
7.178000e-2,1.66249,2063
7.179000e-2,1.65524,2054
7.180000e-2,1.65443,2053
7.181000e-2,1.66168,2062
7.182000e-2,1.65040,2048
7.183000e-2,1.66894,2071
7.184000e-2,1.64396,2040
7.185000e-2,1.65846,2058
7.186000e-2,1.65201,2050
7.187000e-2,1.66007,2060
7.188000e-2,1.65363,2052
7.189000e-2,1.65846,2058
7.190000e-2,1.65201,2050
7.191000e-2,1.66249,2063
7.192000e-2,1.65846,2058
7.193000e-2,1.65927,2059
7.194000e-2,1.65201,2050
7.195000e-2,1.66088,2061
7.196000e-2,1.65121,2049
7.197000e-2,1.65201,2050
7.198000e-2,1.65524,2054
7.199000e-2,1.65040,2048
7.200000e-2,1.65363,2052
7.201000e-2,1.65766,2057
7.202000e-2,1.65363,2052
7.203000e-2,1.65524,2054
7.204000e-2,1.66007,2060
7.205000e-2,1.65121,2049
7.206000e-2,1.66007,2060
7.207000e-2,1.65524,2054
7.208000e-2,1.66410,2065
7.209000e-2,1.64799,2045
7.210000e-2,1.66974,2072
7.211000e-2,1.64234,2038
7.212000e-2,1.65927,2059
7.213000e-2,1.65201,2050
7.214000e-2,1.65846,2058
7.215000e-2,1.65282,2051
7.216000e-2,1.65685,2056
7.217000e-2,1.65524,2054
7.218000e-2,1.65201,2050
7.219000e-2,1.65040,2048
7.220000e-2,1.65282,2051
7.221000e-2,1.65685,2056
7.222000e-2,1.65201,2050
7.223000e-2,1.66088,2061
7.224000e-2,1.64960,2047
7.225000e-2,1.66168,2062
7.226000e-2,1.64718,2044
7.227000e-2,1.66168,2062
7.228000e-2,1.65040,2048
7.229000e-2,1.66330,2064
7.230000e-2,1.64799,2045
7.231000e-2,1.66007,2060
7.232000e-2,1.65282,2051
7.233000e-2,1.65927,2059
7.234000e-2,1.65201,2050
7.235000e-2,1.66168,2062
7.236000e-2,1.65524,2054
7.237000e-2,1.65604,2055
7.238000e-2,1.66491,2066
7.239000e-2,1.65604,2055
7.240000e-2,1.64557,2042
7.241000e-2,1.65604,2055
7.242000e-2,1.65363,2052
7.243000e-2,1.64879,2046
7.244000e-2,1.65685,2056
7.245000e-2,1.65040,2048
7.246000e-2,1.65846,2058
7.247000e-2,1.64960,2047
7.248000e-2,1.66410,2065
7.249000e-2,1.64799,2045
7.250000e-2,1.66571,2067
7.251000e-2,1.64396,2040
7.252000e-2,1.66652,2068
7.253000e-2,1.64637,2043
7.254000e-2,1.66007,2060
7.255000e-2,1.65524,2054
7.256000e-2,1.65846,2058
7.257000e-2,1.65363,2052
7.258000e-2,1.65363,2052
7.259000e-2,1.65604,2055
7.260000e-2,1.64879,2046
7.261000e-2,1.65685,2056
7.262000e-2,1.64557,2042
7.263000e-2,1.66652,2068
7.264000e-2,1.64396,2040
7.265000e-2,1.65846,2058
7.266000e-2,1.65121,2049
7.267000e-2,1.65846,2058
7.268000e-2,1.65846,2058
7.269000e-2,1.65282,2051
7.270000e-2,1.65846,2058
7.271000e-2,1.64154,2037
7.272000e-2,1.66733,2069
7.273000e-2,1.64315,2039
7.274000e-2,1.66813,2070
7.275000e-2,1.65040,2048
7.276000e-2,1.66007,2060
7.277000e-2,1.66168,2062
7.278000e-2,1.65846,2058
7.279000e-2,1.66007,2060
7.280000e-2,1.66813,2070
7.281000e-2,1.65121,2049
7.282000e-2,1.65363,2052
7.283000e-2,1.65282,2051
7.284000e-2,1.65685,2056
7.285000e-2,1.65443,2053
7.286000e-2,1.65604,2055
7.287000e-2,1.66007,2060
7.288000e-2,1.65443,2053
7.289000e-2,1.65766,2057
7.290000e-2,1.65604,2055
7.291000e-2,1.66007,2060
7.292000e-2,1.65685,2056
7.293000e-2,1.66088,2061
7.294000e-2,1.65201,2050
7.295000e-2,1.65766,2057
7.296000e-2,1.64960,2047
7.297000e-2,1.66168,2062
7.298000e-2,1.64073,2036
7.299000e-2,1.66733,2069
7.300000e-2,1.64315,2039
7.301000e-2,1.66894,2071
7.302000e-2,1.64557,2042
7.303000e-2,1.66813,2070
7.304000e-2,1.64315,2039
7.305000e-2,1.67055,2073
7.306000e-2,1.65201,2050
7.307000e-2,1.66088,2061
7.308000e-2,1.65282,2051
7.309000e-2,1.66168,2062
7.310000e-2,1.65927,2059
7.311000e-2,1.64637,2043
7.312000e-2,1.66168,2062
7.313000e-2,1.64718,2044
7.314000e-2,1.66330,2064
7.315000e-2,1.64799,2045
7.316000e-2,1.66410,2065
7.317000e-2,1.65201,2050
7.318000e-2,1.66249,2063
7.319000e-2,1.65766,2057
7.320000e-2,1.66007,2060
7.321000e-2,1.65201,2050
7.322000e-2,1.65927,2059
7.323000e-2,1.65121,2049
7.324000e-2,1.65524,2054
7.325000e-2,1.65685,2056
7.326000e-2,1.65040,2048
7.327000e-2,1.65846,2058
7.328000e-2,1.65201,2050
7.329000e-2,1.65846,2058
7.330000e-2,1.65604,2055
7.331000e-2,1.66733,2069
7.332000e-2,1.64637,2043
7.333000e-2,1.66330,2064
7.334000e-2,1.64799,2045
7.335000e-2,1.66894,2071
7.336000e-2,1.65524,2054
7.337000e-2,1.65766,2057
7.338000e-2,1.64879,2046
7.339000e-2,1.65927,2059
7.340000e-2,1.65604,2055
7.341000e-2,1.65282,2051
7.342000e-2,1.66168,2062
7.343000e-2,1.63912,2034
7.344000e-2,1.66249,2063
7.345000e-2,1.65201,2050
7.346000e-2,1.65685,2056
7.347000e-2,1.65282,2051
7.348000e-2,1.65282,2051
7.349000e-2,1.65766,2057
7.350000e-2,1.64879,2046
7.351000e-2,1.66491,2066
7.352000e-2,1.64396,2040
7.353000e-2,1.65846,2058
7.354000e-2,1.64879,2046
7.355000e-2,1.65846,2058
7.356000e-2,1.65443,2053
7.357000e-2,1.65604,2055
7.358000e-2,1.65443,2053
7.359000e-2,1.65443,2053
7.360000e-2,1.65524,2054
7.361000e-2,1.64799,2045
7.362000e-2,1.66571,2067
7.363000e-2,1.65766,2057
7.364000e-2,1.66249,2063
7.365000e-2,1.65443,2053
7.366000e-2,1.65524,2054
7.367000e-2,1.66088,2061
7.368000e-2,1.64476,2041
7.369000e-2,1.65363,2052
7.370000e-2,1.65363,2052
7.371000e-2,1.66007,2060
7.372000e-2,1.64073,2036
7.373000e-2,1.65927,2059
7.374000e-2,1.65766,2057
7.375000e-2,1.65282,2051
7.376000e-2,1.65524,2054
7.377000e-2,1.64396,2040
7.378000e-2,1.66330,2064
7.379000e-2,1.64476,2041
7.380000e-2,1.65927,2059
7.381000e-2,1.65201,2050
7.382000e-2,1.65685,2056
7.383000e-2,1.65040,2048
7.384000e-2,1.65927,2059
7.385000e-2,1.65443,2053
7.386000e-2,1.64315,2039
7.387000e-2,1.65766,2057
7.388000e-2,1.64799,2045
7.389000e-2,1.66410,2065
7.390000e-2,1.64879,2046
7.391000e-2,1.65927,2059
7.392000e-2,1.64557,2042
7.393000e-2,1.66894,2071
7.394000e-2,1.64637,2043
7.395000e-2,1.66652,2068
7.396000e-2,1.63993,2035
7.397000e-2,1.66733,2069
7.398000e-2,1.65282,2051
7.399000e-2,1.65927,2059
7.400000e-2,1.65524,2054
7.401000e-2,1.65685,2056
7.402000e-2,1.65443,2053
7.403000e-2,1.65927,2059
7.404000e-2,1.65040,2048
7.405000e-2,1.65846,2058
7.406000e-2,1.65766,2057
7.407000e-2,1.65524,2054
7.408000e-2,1.65363,2052
7.409000e-2,1.65766,2057
7.410000e-2,1.65846,2058
7.411000e-2,1.65121,2049
7.412000e-2,1.65846,2058
7.413000e-2,1.64960,2047
7.414000e-2,1.65363,2052
7.415000e-2,1.65121,2049
7.416000e-2,1.66168,2062
7.417000e-2,1.64879,2046
7.418000e-2,1.66088,2061
7.419000e-2,1.64960,2047
7.420000e-2,1.66088,2061
7.421000e-2,1.65040,2048
7.422000e-2,1.66410,2065
7.423000e-2,1.64960,2047
7.424000e-2,1.66571,2067
7.425000e-2,1.64476,2041
7.426000e-2,1.66571,2067
7.427000e-2,1.64637,2043
7.428000e-2,1.66168,2062
7.429000e-2,1.64879,2046
7.430000e-2,1.65766,2057
7.431000e-2,1.65201,2050
7.432000e-2,1.65846,2058
7.433000e-2,1.65443,2053
7.434000e-2,1.66571,2067
7.435000e-2,1.65927,2059
7.436000e-2,1.65604,2055
7.437000e-2,1.65282,2051
7.438000e-2,1.65524,2054
7.439000e-2,1.64879,2046
7.440000e-2,1.65363,2052
7.441000e-2,1.66571,2067
7.442000e-2,1.64799,2045
7.443000e-2,1.66410,2065
7.444000e-2,1.64234,2038
7.445000e-2,1.66410,2065
7.446000e-2,1.65121,2049
7.447000e-2,1.65766,2057
7.448000e-2,1.65443,2053
7.449000e-2,1.65766,2057
7.450000e-2,1.65604,2055
7.451000e-2,1.65363,2052
7.452000e-2,1.66168,2062
7.453000e-2,1.64396,2040
7.454000e-2,1.65766,2057
7.455000e-2,1.65604,2055
7.456000e-2,1.66330,2064
7.457000e-2,1.65363,2052
7.458000e-2,1.65040,2048
7.459000e-2,1.65604,2055
7.460000e-2,1.65685,2056
7.461000e-2,1.65766,2057
7.462000e-2,1.65443,2053
7.463000e-2,1.65846,2058
7.464000e-2,1.65040,2048
7.465000e-2,1.67055,2073
7.466000e-2,1.64073,2036
7.467000e-2,1.65927,2059
7.468000e-2,1.65363,2052
7.469000e-2,1.66168,2062
7.470000e-2,1.65040,2048
7.471000e-2,1.65685,2056
7.472000e-2,1.65282,2051
7.473000e-2,1.66007,2060
7.474000e-2,1.65443,2053
7.475000e-2,1.65282,2051
7.476000e-2,1.65685,2056
7.477000e-2,1.64960,2047
7.478000e-2,1.65766,2057
7.479000e-2,1.64960,2047
7.480000e-2,1.65846,2058
7.481000e-2,1.65766,2057
7.482000e-2,1.66007,2060
7.483000e-2,1.65040,2048
7.484000e-2,1.66410,2065
7.485000e-2,1.64396,2040
7.486000e-2,1.66571,2067
7.487000e-2,1.64799,2045
7.488000e-2,1.65604,2055
7.489000e-2,1.65201,2050
7.490000e-2,1.66168,2062
7.491000e-2,1.66007,2060
7.492000e-2,1.66088,2061
7.493000e-2,1.65363,2052
7.494000e-2,1.65524,2054
7.495000e-2,1.65443,2053
7.496000e-2,1.64396,2040
7.497000e-2,1.66007,2060
7.498000e-2,1.65201,2050
7.499000e-2,1.65685,2056
7.500000e-2,1.64718,2044
7.501000e-2,1.66652,2068
7.502000e-2,1.64799,2045
7.503000e-2,1.65685,2056
7.504000e-2,1.63993,2035
7.505000e-2,1.65927,2059
7.506000e-2,1.64637,2043
7.507000e-2,1.66571,2067
7.508000e-2,1.64396,2040
7.509000e-2,1.66410,2065
7.510000e-2,1.64718,2044
7.511000e-2,1.66007,2060
7.512000e-2,1.65121,2049
7.513000e-2,1.65443,2053
7.514000e-2,1.65121,2049
7.515000e-2,1.65685,2056
7.516000e-2,1.65604,2055
7.517000e-2,1.65524,2054
7.518000e-2,1.65685,2056
7.519000e-2,1.65604,2055
7.520000e-2,1.66088,2061
7.521000e-2,1.64718,2044
7.522000e-2,1.66249,2063
7.523000e-2,1.65685,2056
7.524000e-2,1.66652,2068
7.525000e-2,1.64960,2047
7.526000e-2,1.66813,2070
7.527000e-2,1.65604,2055
7.528000e-2,1.65685,2056
7.529000e-2,1.65363,2052
7.530000e-2,1.66007,2060
7.531000e-2,1.65282,2051
7.532000e-2,1.65363,2052
7.533000e-2,1.65201,2050
7.534000e-2,1.64315,2039
7.535000e-2,1.66571,2067
7.536000e-2,1.64718,2044
7.537000e-2,1.65846,2058
7.538000e-2,1.65443,2053
7.539000e-2,1.65846,2058
7.540000e-2,1.65282,2051
7.541000e-2,1.65846,2058
7.542000e-2,1.65282,2051
7.543000e-2,1.65363,2052
7.544000e-2,1.65685,2056
7.545000e-2,1.64879,2046
7.546000e-2,1.66330,2064
7.547000e-2,1.64960,2047
7.548000e-2,1.66330,2064
7.549000e-2,1.64637,2043
7.550000e-2,1.66894,2071
7.551000e-2,1.64315,2039
7.552000e-2,1.65846,2058
7.553000e-2,1.65443,2053
7.554000e-2,1.65927,2059
7.555000e-2,1.66088,2061
7.556000e-2,1.65443,2053
7.557000e-2,1.66974,2072
7.558000e-2,1.64476,2041
7.559000e-2,1.66813,2070
7.560000e-2,1.65443,2053
7.561000e-2,1.65685,2056
7.562000e-2,1.65282,2051
7.563000e-2,1.66088,2061
7.564000e-2,1.65201,2050
7.565000e-2,1.65363,2052
7.566000e-2,1.66088,2061
7.567000e-2,1.64557,2042
7.568000e-2,1.65685,2056
7.569000e-2,1.65282,2051
7.570000e-2,1.65927,2059
7.571000e-2,1.65363,2052
7.572000e-2,1.65040,2048
7.573000e-2,1.67458,2078
7.574000e-2,1.64073,2036
7.575000e-2,1.65685,2056
7.576000e-2,1.65443,2053
7.577000e-2,1.65685,2056
7.578000e-2,1.65363,2052
7.579000e-2,1.65363,2052
7.580000e-2,1.66007,2060
7.581000e-2,1.64799,2045
7.582000e-2,1.66410,2065
7.583000e-2,1.64637,2043
7.584000e-2,1.65927,2059
7.585000e-2,1.65524,2054
7.586000e-2,1.65846,2058
7.587000e-2,1.65121,2049
7.588000e-2,1.66410,2065
7.589000e-2,1.66491,2066
7.590000e-2,1.65685,2056
7.591000e-2,1.65766,2057
7.592000e-2,1.64879,2046
7.593000e-2,1.66733,2069
7.594000e-2,1.64557,2042
7.595000e-2,1.66410,2065
7.596000e-2,1.65363,2052
7.597000e-2,1.65121,2049
7.598000e-2,1.65363,2052
7.599000e-2,1.66168,2062
7.600000e-2,1.65040,2048
7.601000e-2,1.65524,2054
7.602000e-2,1.64718,2044
7.603000e-2,1.65201,2050
7.604000e-2,1.66249,2063
7.605000e-2,1.64557,2042
7.606000e-2,1.66491,2066
7.607000e-2,1.65040,2048
7.608000e-2,1.65604,2055
7.609000e-2,1.65201,2050
7.610000e-2,1.65363,2052
7.611000e-2,1.64476,2041
7.612000e-2,1.65524,2054
7.613000e-2,1.65201,2050
7.614000e-2,1.65685,2056
7.615000e-2,1.65846,2058
7.616000e-2,1.65121,2049
7.617000e-2,1.66491,2066
7.618000e-2,1.65201,2050
7.619000e-2,1.65927,2059
7.620000e-2,1.65201,2050
7.621000e-2,1.65927,2059
7.622000e-2,1.65282,2051
7.623000e-2,1.66249,2063
7.624000e-2,1.65121,2049
7.625000e-2,1.67216,2075
7.626000e-2,1.65121,2049
7.627000e-2,1.65685,2056
7.628000e-2,1.65685,2056
7.629000e-2,1.65282,2051
7.630000e-2,1.65685,2056
7.631000e-2,1.65040,2048
7.632000e-2,1.66249,2063
7.633000e-2,1.64557,2042
7.634000e-2,1.66733,2069
7.635000e-2,1.64476,2041
7.636000e-2,1.67538,2079
7.637000e-2,1.65363,2052
7.638000e-2,1.66168,2062
7.639000e-2,1.65604,2055
7.640000e-2,1.66088,2061
7.641000e-2,1.65282,2051
7.642000e-2,1.65846,2058
7.643000e-2,1.65927,2059
7.644000e-2,1.65685,2056
7.645000e-2,1.65685,2056
7.646000e-2,1.65766,2057
7.647000e-2,1.65524,2054
7.648000e-2,1.65685,2056
7.649000e-2,1.66168,2062
7.650000e-2,1.64960,2047
7.651000e-2,1.66410,2065
7.652000e-2,1.64476,2041
7.653000e-2,1.65846,2058
7.654000e-2,1.64637,2043
7.655000e-2,1.65363,2052
7.656000e-2,1.65201,2050
7.657000e-2,1.65282,2051
7.658000e-2,1.65282,2051
7.659000e-2,1.65685,2056
7.660000e-2,1.65282,2051
7.661000e-2,1.65443,2053
7.662000e-2,1.65443,2053
7.663000e-2,1.65766,2057
7.664000e-2,1.65927,2059
7.665000e-2,1.65927,2059
7.666000e-2,1.65524,2054
7.667000e-2,1.64879,2046
7.668000e-2,1.66168,2062
7.669000e-2,1.64799,2045
7.670000e-2,1.66491,2066
7.671000e-2,1.64073,2036
7.672000e-2,1.65524,2054
7.673000e-2,1.65201,2050
7.674000e-2,1.66330,2064
7.675000e-2,1.65443,2053
7.676000e-2,1.65524,2054
7.677000e-2,1.64960,2047
7.678000e-2,1.65685,2056
7.679000e-2,1.65363,2052
7.680000e-2,1.64718,2044
7.681000e-2,1.65443,2053
7.682000e-2,1.65766,2057
7.683000e-2,1.65443,2053
7.684000e-2,1.65363,2052
7.685000e-2,1.65927,2059
7.686000e-2,1.63993,2035
7.687000e-2,1.66330,2064
7.688000e-2,1.65201,2050
7.689000e-2,1.65766,2057
7.690000e-2,1.65524,2054
7.691000e-2,1.65201,2050
7.692000e-2,1.65846,2058
7.693000e-2,1.65121,2049
7.694000e-2,1.66410,2065
7.695000e-2,1.64637,2043
7.696000e-2,1.66571,2067
7.697000e-2,1.65201,2050
7.698000e-2,1.65846,2058
7.699000e-2,1.65201,2050
7.700000e-2,1.65282,2051
7.701000e-2,1.65524,2054
7.702000e-2,1.65443,2053
7.703000e-2,1.65846,2058
7.704000e-2,1.64799,2045
7.705000e-2,1.66652,2068
7.706000e-2,1.65685,2056
7.707000e-2,1.65927,2059
7.708000e-2,1.65201,2050
7.709000e-2,1.65604,2055
7.710000e-2,1.65443,2053
7.711000e-2,1.65040,2048
7.712000e-2,1.66652,2068
7.713000e-2,1.64718,2044
7.714000e-2,1.66571,2067
7.715000e-2,1.64234,2038
7.716000e-2,1.66894,2071
7.717000e-2,1.64637,2043
7.718000e-2,1.66410,2065
7.719000e-2,1.64234,2038
7.720000e-2,1.66571,2067
7.721000e-2,1.64718,2044
7.722000e-2,1.66733,2069
7.723000e-2,1.65363,2052
7.724000e-2,1.65685,2056
7.725000e-2,1.65121,2049
7.726000e-2,1.66007,2060
7.727000e-2,1.65363,2052
7.728000e-2,1.64718,2044
7.729000e-2,1.66733,2069
7.730000e-2,1.65040,2048
7.731000e-2,1.65846,2058
7.732000e-2,1.64960,2047
7.733000e-2,1.66894,2071
7.734000e-2,1.65282,2051
7.735000e-2,1.66491,2066
7.736000e-2,1.64637,2043
7.737000e-2,1.66733,2069
7.738000e-2,1.64799,2045
7.739000e-2,1.66007,2060
7.740000e-2,1.65040,2048
7.741000e-2,1.66007,2060
7.742000e-2,1.65363,2052
7.743000e-2,1.65524,2054
7.744000e-2,1.65363,2052
7.745000e-2,1.65040,2048
7.746000e-2,1.65604,2055
7.747000e-2,1.65524,2054
7.748000e-2,1.66088,2061
7.749000e-2,1.64718,2044
7.750000e-2,1.66652,2068
7.751000e-2,1.65201,2050
7.752000e-2,1.65846,2058
7.753000e-2,1.65282,2051
7.754000e-2,1.65846,2058
7.755000e-2,1.65121,2049
7.756000e-2,1.66410,2065
7.757000e-2,1.64476,2041
7.758000e-2,1.65685,2056
7.759000e-2,1.65443,2053
7.760000e-2,1.65846,2058
7.761000e-2,1.65927,2059
7.762000e-2,1.65201,2050
7.763000e-2,1.65846,2058
7.764000e-2,1.65282,2051
7.765000e-2,1.66088,2061
7.766000e-2,1.64960,2047
7.767000e-2,1.66168,2062
7.768000e-2,1.64557,2042
7.769000e-2,1.65846,2058
7.770000e-2,1.64799,2045
7.771000e-2,1.66007,2060
7.772000e-2,1.64960,2047
7.773000e-2,1.66491,2066
7.774000e-2,1.64637,2043
7.775000e-2,1.65927,2059
7.776000e-2,1.64960,2047
7.777000e-2,1.66491,2066
7.778000e-2,1.65604,2055
7.779000e-2,1.65766,2057
7.780000e-2,1.65685,2056
7.781000e-2,1.65685,2056
7.782000e-2,1.65040,2048
7.783000e-2,1.65443,2053
7.784000e-2,1.65685,2056
7.785000e-2,1.65766,2057
7.786000e-2,1.65201,2050
7.787000e-2,1.65685,2056
7.788000e-2,1.65846,2058
7.789000e-2,1.65282,2051
7.790000e-2,1.65524,2054
7.791000e-2,1.65766,2057
7.792000e-2,1.65846,2058
7.793000e-2,1.65363,2052
7.794000e-2,1.65846,2058
7.795000e-2,1.65201,2050
7.796000e-2,1.65040,2048
7.797000e-2,1.65201,2050
7.798000e-2,1.65927,2059
7.799000e-2,1.65040,2048
7.800000e-2,1.65766,2057
7.801000e-2,1.66007,2060
7.802000e-2,1.66088,2061
7.803000e-2,1.65201,2050
7.804000e-2,1.66249,2063
7.805000e-2,1.65282,2051
7.806000e-2,1.66652,2068
7.807000e-2,1.64799,2045
7.808000e-2,1.66733,2069
7.809000e-2,1.64476,2041
7.810000e-2,1.65685,2056
7.811000e-2,1.65040,2048
7.812000e-2,1.66491,2066
7.813000e-2,1.64637,2043
7.814000e-2,1.66330,2064
7.815000e-2,1.65282,2051
7.816000e-2,1.66571,2067
7.817000e-2,1.64315,2039
7.818000e-2,1.66491,2066
7.819000e-2,1.64154,2037
7.820000e-2,1.66410,2065
7.821000e-2,1.64637,2043
7.822000e-2,1.65766,2057
7.823000e-2,1.65040,2048
7.824000e-2,1.66088,2061
7.825000e-2,1.65282,2051
7.826000e-2,1.65040,2048
7.827000e-2,1.66571,2067
7.828000e-2,1.65201,2050
7.829000e-2,1.65846,2058
7.830000e-2,1.65363,2052
7.831000e-2,1.65604,2055
7.832000e-2,1.65363,2052
7.833000e-2,1.66007,2060
7.834000e-2,1.65524,2054
7.835000e-2,1.65363,2052
7.836000e-2,1.65282,2051
7.837000e-2,1.65927,2059
7.838000e-2,1.65604,2055
7.839000e-2,1.65443,2053
7.840000e-2,1.65443,2053
7.841000e-2,1.65927,2059
7.842000e-2,1.65201,2050
7.843000e-2,1.65685,2056
7.844000e-2,1.65443,2053
7.845000e-2,1.65443,2053
7.846000e-2,1.65201,2050
7.847000e-2,1.65443,2053
7.848000e-2,1.66330,2064
7.849000e-2,1.64960,2047
7.850000e-2,1.66491,2066
7.851000e-2,1.64154,2037
7.852000e-2,1.66974,2072
7.853000e-2,1.64879,2046
7.854000e-2,1.66007,2060
7.855000e-2,1.65040,2048
7.856000e-2,1.65604,2055
7.857000e-2,1.65282,2051
7.858000e-2,1.65766,2057
7.859000e-2,1.65524,2054
7.860000e-2,1.66330,2064
7.861000e-2,1.65524,2054
7.862000e-2,1.65846,2058
7.863000e-2,1.65846,2058
7.864000e-2,1.65685,2056
7.865000e-2,1.65363,2052
7.866000e-2,1.66007,2060
7.867000e-2,1.65040,2048
7.868000e-2,1.66571,2067
7.869000e-2,1.64879,2046
7.870000e-2,1.66652,2068
7.871000e-2,1.64234,2038
7.872000e-2,1.66410,2065
7.873000e-2,1.65282,2051
7.874000e-2,1.67136,2074
7.875000e-2,1.64637,2043
7.876000e-2,1.66249,2063
7.877000e-2,1.65766,2057
7.878000e-2,1.66410,2065
7.879000e-2,1.64396,2040
7.880000e-2,1.66733,2069
7.881000e-2,1.64557,2042
7.882000e-2,1.66330,2064
7.883000e-2,1.64718,2044
7.884000e-2,1.66330,2064
7.885000e-2,1.64476,2041
7.886000e-2,1.66410,2065
7.887000e-2,1.64718,2044
7.888000e-2,1.66168,2062
7.889000e-2,1.64799,2045
7.890000e-2,1.65766,2057
7.891000e-2,1.65201,2050
7.892000e-2,1.66168,2062
7.893000e-2,1.65363,2052
7.894000e-2,1.65846,2058
7.895000e-2,1.65121,2049
7.896000e-2,1.65927,2059
7.897000e-2,1.64476,2041
7.898000e-2,1.67458,2078
7.899000e-2,1.64960,2047
7.900000e-2,1.65927,2059
7.901000e-2,1.65040,2048
7.902000e-2,1.66007,2060
7.903000e-2,1.65040,2048
7.904000e-2,1.66088,2061
7.905000e-2,1.64637,2043
7.906000e-2,1.66088,2061
7.907000e-2,1.64637,2043
7.908000e-2,1.66249,2063
7.909000e-2,1.64960,2047
7.910000e-2,1.65121,2049
7.911000e-2,1.65363,2052
7.912000e-2,1.66007,2060
7.913000e-2,1.65121,2049
7.914000e-2,1.64799,2045
7.915000e-2,1.65282,2051
7.916000e-2,1.65685,2056
7.917000e-2,1.65443,2053
7.918000e-2,1.65846,2058
7.919000e-2,1.65282,2051
7.920000e-2,1.65604,2055
7.921000e-2,1.65121,2049
7.922000e-2,1.65766,2057
7.923000e-2,1.64879,2046
7.924000e-2,1.66330,2064
7.925000e-2,1.64476,2041
7.926000e-2,1.66491,2066
7.927000e-2,1.64799,2045
7.928000e-2,1.66652,2068
7.929000e-2,1.64315,2039
7.930000e-2,1.67055,2073
7.931000e-2,1.64315,2039
7.932000e-2,1.65927,2059
7.933000e-2,1.64799,2045
7.934000e-2,1.66249,2063
7.935000e-2,1.64637,2043
7.936000e-2,1.65766,2057
7.937000e-2,1.65201,2050
7.938000e-2,1.66168,2062
7.939000e-2,1.65201,2050
7.940000e-2,1.66652,2068
7.941000e-2,1.65201,2050
7.942000e-2,1.65846,2058
7.943000e-2,1.65201,2050
7.944000e-2,1.65766,2057
7.945000e-2,1.65363,2052
7.946000e-2,1.65685,2056
7.947000e-2,1.65121,2049
7.948000e-2,1.65927,2059
7.949000e-2,1.65524,2054
7.950000e-2,1.64637,2043
7.951000e-2,1.65443,2053
7.952000e-2,1.65443,2053
7.953000e-2,1.65604,2055
7.954000e-2,1.65201,2050
7.955000e-2,1.65685,2056
7.956000e-2,1.65846,2058
7.957000e-2,1.66410,2065
7.958000e-2,1.64476,2041
7.959000e-2,1.66974,2072
7.960000e-2,1.64073,2036
7.961000e-2,1.66249,2063
7.962000e-2,1.65201,2050
7.963000e-2,1.65846,2058
7.964000e-2,1.66088,2061
7.965000e-2,1.65363,2052
7.966000e-2,1.65282,2051
7.967000e-2,1.66007,2060
7.968000e-2,1.65121,2049
7.969000e-2,1.65524,2054
7.970000e-2,1.65766,2057
7.971000e-2,1.66410,2065
7.972000e-2,1.65121,2049
7.973000e-2,1.65927,2059
7.974000e-2,1.65282,2051
7.975000e-2,1.65685,2056
7.976000e-2,1.65363,2052
7.977000e-2,1.65685,2056
7.978000e-2,1.65040,2048
7.979000e-2,1.65685,2056
7.980000e-2,1.65443,2053
7.981000e-2,1.65443,2053
7.982000e-2,1.66249,2063
7.983000e-2,1.64476,2041
7.984000e-2,1.65846,2058
7.985000e-2,1.65201,2050
7.986000e-2,1.66410,2065
7.987000e-2,1.64637,2043
7.988000e-2,1.66330,2064
7.989000e-2,1.64396,2040
7.990000e-2,1.66813,2070
7.991000e-2,1.64476,2041
7.992000e-2,1.66571,2067
7.993000e-2,1.64960,2047
7.994000e-2,1.65846,2058
7.995000e-2,1.64718,2044
7.996000e-2,1.66733,2069
7.997000e-2,1.65121,2049
7.998000e-2,1.66088,2061
7.999000e-2,1.65443,2053
8.000000e-2,1.65766,2057
8.001000e-2,1.65201,2050
8.002000e-2,1.65927,2059
8.003000e-2,1.65766,2057
8.004000e-2,1.65524,2054
8.005000e-2,1.65927,2059
8.006000e-2,1.65201,2050
8.007000e-2,1.66088,2061
8.008000e-2,1.65040,2048
8.009000e-2,1.66249,2063
8.010000e-2,1.64476,2041
8.011000e-2,1.66571,2067
8.012000e-2,1.64557,2042
8.013000e-2,1.65927,2059
8.014000e-2,1.65040,2048
8.015000e-2,1.66088,2061
8.016000e-2,1.65201,2050
8.017000e-2,1.66168,2062
8.018000e-2,1.65282,2051
8.019000e-2,1.66088,2061
8.020000e-2,1.64718,2044
8.021000e-2,1.65363,2052
8.022000e-2,1.66330,2064
8.023000e-2,1.64799,2045
8.024000e-2,1.66894,2071
8.025000e-2,1.64557,2042
8.026000e-2,1.67136,2074
8.027000e-2,1.65040,2048
8.028000e-2,1.66007,2060
8.029000e-2,1.65443,2053
8.030000e-2,1.65524,2054
8.031000e-2,1.64637,2043
8.032000e-2,1.65040,2048
8.033000e-2,1.66330,2064
8.034000e-2,1.63832,2033
8.035000e-2,1.66330,2064
8.036000e-2,1.65201,2050
8.037000e-2,1.65766,2057
8.038000e-2,1.65201,2050
8.039000e-2,1.65524,2054
8.040000e-2,1.65443,2053
8.041000e-2,1.65040,2048
8.042000e-2,1.66007,2060
8.043000e-2,1.64637,2043
8.044000e-2,1.65685,2056
8.045000e-2,1.64799,2045
8.046000e-2,1.66491,2066
8.047000e-2,1.65201,2050
8.048000e-2,1.65524,2054
8.049000e-2,1.65282,2051
8.050000e-2,1.65766,2057
8.051000e-2,1.65201,2050
8.052000e-2,1.65685,2056
8.053000e-2,1.65201,2050
8.054000e-2,1.65282,2051
8.055000e-2,1.66249,2063
8.056000e-2,1.64799,2045
8.057000e-2,1.66571,2067
8.058000e-2,1.63993,2035
8.059000e-2,1.66249,2063
8.060000e-2,1.64637,2043
8.061000e-2,1.66491,2066
8.062000e-2,1.64960,2047
8.063000e-2,1.66330,2064
8.064000e-2,1.64557,2042
8.065000e-2,1.65846,2058
8.066000e-2,1.65282,2051
8.067000e-2,1.65766,2057
8.068000e-2,1.65363,2052
8.069000e-2,1.66007,2060
8.070000e-2,1.65524,2054
8.071000e-2,1.65846,2058
8.072000e-2,1.66007,2060
8.073000e-2,1.65121,2049
8.074000e-2,1.66088,2061
8.075000e-2,1.64960,2047
8.076000e-2,1.66652,2068
8.077000e-2,1.63832,2033
8.078000e-2,1.66007,2060
8.079000e-2,1.65282,2051
8.080000e-2,1.65766,2057
8.081000e-2,1.65201,2050
8.082000e-2,1.65201,2050
8.083000e-2,1.65443,2053
8.084000e-2,1.65443,2053
8.085000e-2,1.65766,2057
8.086000e-2,1.64879,2046
8.087000e-2,1.66330,2064
8.088000e-2,1.64799,2045
8.089000e-2,1.65927,2059
8.090000e-2,1.64879,2046
8.091000e-2,1.66088,2061
8.092000e-2,1.65363,2052
8.093000e-2,1.65524,2054
8.094000e-2,1.66168,2062
8.095000e-2,1.64637,2043
8.096000e-2,1.66330,2064
8.097000e-2,1.64315,2039
8.098000e-2,1.66813,2070
8.099000e-2,1.64557,2042
8.100000e-2,1.65685,2056
8.101000e-2,1.65282,2051
8.102000e-2,1.65685,2056
8.103000e-2,1.65363,2052
8.104000e-2,1.65443,2053
8.105000e-2,1.65685,2056
8.106000e-2,1.65201,2050
8.107000e-2,1.65766,2057
8.108000e-2,1.65282,2051
8.109000e-2,1.65766,2057
8.110000e-2,1.64476,2041
8.111000e-2,1.66491,2066
8.112000e-2,1.63912,2034
8.113000e-2,1.66410,2065
8.114000e-2,1.64476,2041
8.115000e-2,1.65363,2052
8.116000e-2,1.65040,2048
8.117000e-2,1.65443,2053
8.118000e-2,1.65443,2053
8.119000e-2,1.65524,2054
8.120000e-2,1.65766,2057
8.121000e-2,1.65363,2052
8.122000e-2,1.65363,2052
8.123000e-2,1.65927,2059
8.124000e-2,1.66249,2063
8.125000e-2,1.64718,2044
8.126000e-2,1.65524,2054
8.127000e-2,1.65443,2053
8.128000e-2,1.65846,2058
8.129000e-2,1.65040,2048
8.130000e-2,1.66168,2062
8.131000e-2,1.65121,2049
8.132000e-2,1.65121,2049
8.133000e-2,1.66088,2061
8.134000e-2,1.64557,2042
8.135000e-2,1.66894,2071
8.136000e-2,1.65040,2048
8.137000e-2,1.65524,2054
8.138000e-2,1.65443,2053
8.139000e-2,1.65766,2057
8.140000e-2,1.65443,2053
8.141000e-2,1.65201,2050
8.142000e-2,1.66813,2070
8.143000e-2,1.64476,2041
8.144000e-2,1.66652,2068
8.145000e-2,1.65604,2055
8.146000e-2,1.65524,2054
8.147000e-2,1.65201,2050
8.148000e-2,1.65201,2050
8.149000e-2,1.66168,2062
8.150000e-2,1.64557,2042
8.151000e-2,1.66491,2066
8.152000e-2,1.65282,2051
8.153000e-2,1.65766,2057
8.154000e-2,1.65443,2053
8.155000e-2,1.65282,2051
8.156000e-2,1.65766,2057
8.157000e-2,1.64315,2039
8.158000e-2,1.66168,2062
8.159000e-2,1.65121,2049
8.160000e-2,1.65846,2058
8.161000e-2,1.65201,2050
8.162000e-2,1.65363,2052
8.163000e-2,1.65604,2055
8.164000e-2,1.64637,2043
8.165000e-2,1.66652,2068
8.166000e-2,1.65121,2049
8.167000e-2,1.66168,2062
8.168000e-2,1.65282,2051
8.169000e-2,1.65443,2053
8.170000e-2,1.66007,2060
8.171000e-2,1.65040,2048
8.172000e-2,1.66410,2065
8.173000e-2,1.64396,2040
8.174000e-2,1.65766,2057
8.175000e-2,1.65040,2048
8.176000e-2,1.66249,2063
8.177000e-2,1.65282,2051
8.178000e-2,1.65443,2053
8.179000e-2,1.66007,2060
8.180000e-2,1.64396,2040
8.181000e-2,1.66652,2068
8.182000e-2,1.65282,2051
8.183000e-2,1.65927,2059
8.184000e-2,1.65121,2049
8.185000e-2,1.65524,2054
8.186000e-2,1.65685,2056
8.187000e-2,1.66410,2065
8.188000e-2,1.65604,2055
8.189000e-2,1.65282,2051
8.190000e-2,1.66330,2064
8.191000e-2,1.64557,2042
8.192000e-2,1.66410,2065
8.193000e-2,1.64718,2044
8.194000e-2,1.66410,2065
8.195000e-2,1.64476,2041
8.196000e-2,1.66007,2060
8.197000e-2,1.65201,2050
8.198000e-2,1.66007,2060
8.199000e-2,1.65282,2051
8.200000e-2,1.65685,2056
8.201000e-2,1.65604,2055
8.202000e-2,1.65363,2052
8.203000e-2,1.65604,2055
8.204000e-2,1.65443,2053
8.205000e-2,1.65846,2058
8.206000e-2,1.65846,2058
8.207000e-2,1.66007,2060
8.208000e-2,1.64396,2040
8.209000e-2,1.66330,2064
8.210000e-2,1.64557,2042
8.211000e-2,1.66894,2071
8.212000e-2,1.64154,2037
8.213000e-2,1.66652,2068
8.214000e-2,1.64718,2044
8.215000e-2,1.65685,2056
8.216000e-2,1.65363,2052
8.217000e-2,1.65766,2057
8.218000e-2,1.65282,2051
8.219000e-2,1.65766,2057
8.220000e-2,1.65201,2050
8.221000e-2,1.66813,2070
8.222000e-2,1.65443,2053
8.223000e-2,1.66007,2060
8.224000e-2,1.65201,2050
8.225000e-2,1.65443,2053
8.226000e-2,1.65766,2057
8.227000e-2,1.65201,2050
8.228000e-2,1.66088,2061
8.229000e-2,1.65040,2048
8.230000e-2,1.66813,2070
8.231000e-2,1.64557,2042
8.232000e-2,1.66652,2068
8.233000e-2,1.64799,2045
8.234000e-2,1.65927,2059
8.235000e-2,1.65201,2050
8.236000e-2,1.66007,2060
8.237000e-2,1.64799,2045
8.238000e-2,1.65927,2059
8.239000e-2,1.65524,2054
8.240000e-2,1.65685,2056
8.241000e-2,1.66249,2063
8.242000e-2,1.65927,2059
8.243000e-2,1.65927,2059
8.244000e-2,1.65040,2048
8.245000e-2,1.65846,2058
8.246000e-2,1.64960,2047
8.247000e-2,1.65604,2055
8.248000e-2,1.64557,2042
8.249000e-2,1.66733,2069
8.250000e-2,1.64396,2040
8.251000e-2,1.66330,2064
8.252000e-2,1.65604,2055
8.253000e-2,1.66088,2061
8.254000e-2,1.65121,2049
8.255000e-2,1.65766,2057
8.256000e-2,1.65121,2049
8.257000e-2,1.66007,2060
8.258000e-2,1.65201,2050
8.259000e-2,1.65846,2058
8.260000e-2,1.66168,2062
8.261000e-2,1.65201,2050
8.262000e-2,1.65524,2054
8.263000e-2,1.66088,2061
8.264000e-2,1.65443,2053
8.265000e-2,1.65524,2054
8.266000e-2,1.65604,2055
8.267000e-2,1.65443,2053
8.268000e-2,1.65443,2053
8.269000e-2,1.64879,2046
8.270000e-2,1.66491,2066
8.271000e-2,1.64073,2036
8.272000e-2,1.66249,2063
8.273000e-2,1.65282,2051
8.274000e-2,1.65846,2058
8.275000e-2,1.65282,2051
8.276000e-2,1.65604,2055
8.277000e-2,1.65604,2055
8.278000e-2,1.66007,2060
8.279000e-2,1.65201,2050
8.280000e-2,1.65846,2058
8.281000e-2,1.65282,2051
8.282000e-2,1.65524,2054
8.283000e-2,1.65201,2050
8.284000e-2,1.65040,2048
8.285000e-2,1.65846,2058
8.286000e-2,1.65282,2051
8.287000e-2,1.66733,2069
8.288000e-2,1.65363,2052
8.289000e-2,1.65685,2056
8.290000e-2,1.64476,2041
8.291000e-2,1.65685,2056
8.292000e-2,1.65201,2050
8.293000e-2,1.65846,2058
8.294000e-2,1.65685,2056
8.295000e-2,1.64718,2044
8.296000e-2,1.65524,2054
8.297000e-2,1.65927,2059
8.298000e-2,1.65685,2056
8.299000e-2,1.65201,2050
8.300000e-2,1.65846,2058
8.301000e-2,1.64718,2044
8.302000e-2,1.65685,2056
8.303000e-2,1.64960,2047
8.304000e-2,1.66410,2065
8.305000e-2,1.64879,2046
8.306000e-2,1.65524,2054
8.307000e-2,1.65121,2049
8.308000e-2,1.66007,2060
8.309000e-2,1.64960,2047
8.310000e-2,1.65766,2057
8.311000e-2,1.65040,2048
8.312000e-2,1.65846,2058
8.313000e-2,1.64799,2045
8.314000e-2,1.66491,2066
8.315000e-2,1.64637,2043
8.316000e-2,1.65927,2059
8.317000e-2,1.63670,2031
8.318000e-2,1.67136,2074
8.319000e-2,1.64315,2039
8.320000e-2,1.66330,2064
8.321000e-2,1.64637,2043
8.322000e-2,1.66652,2068
8.323000e-2,1.64557,2042
8.324000e-2,1.66410,2065
8.325000e-2,1.65282,2051
8.326000e-2,1.65685,2056
8.327000e-2,1.65282,2051
8.328000e-2,1.65927,2059
8.329000e-2,1.65363,2052
8.330000e-2,1.65846,2058
8.331000e-2,1.65121,2049
8.332000e-2,1.65927,2059
8.333000e-2,1.65121,2049
8.334000e-2,1.65604,2055
8.335000e-2,1.65443,2053
8.336000e-2,1.65766,2057
8.337000e-2,1.65685,2056
8.338000e-2,1.65201,2050
8.339000e-2,1.65604,2055
8.340000e-2,1.65282,2051
8.341000e-2,1.65846,2058
8.342000e-2,1.64557,2042
8.343000e-2,1.65927,2059
8.344000e-2,1.65040,2048
8.345000e-2,1.65846,2058
8.346000e-2,1.65282,2051
8.347000e-2,1.66007,2060
8.348000e-2,1.65040,2048
8.349000e-2,1.65443,2053
8.350000e-2,1.65766,2057
8.351000e-2,1.65121,2049
8.352000e-2,1.65766,2057
8.353000e-2,1.65443,2053
8.354000e-2,1.65766,2057
8.355000e-2,1.64960,2047
8.356000e-2,1.66088,2061
8.357000e-2,1.66249,2063
8.358000e-2,1.66733,2069
8.359000e-2,1.64476,2041
8.360000e-2,1.67297,2076
8.361000e-2,1.64799,2045
8.362000e-2,1.65927,2059
8.363000e-2,1.64799,2045
8.364000e-2,1.66007,2060
8.365000e-2,1.64476,2041
8.366000e-2,1.66410,2065
8.367000e-2,1.64315,2039
8.368000e-2,1.67377,2077
8.369000e-2,1.63993,2035
8.370000e-2,1.66894,2071
8.371000e-2,1.64315,2039
8.372000e-2,1.65846,2058
8.373000e-2,1.65201,2050
8.374000e-2,1.65685,2056
8.375000e-2,1.65201,2050
8.376000e-2,1.65604,2055
8.377000e-2,1.65282,2051
8.378000e-2,1.66249,2063
8.379000e-2,1.65040,2048
8.380000e-2,1.65121,2049
8.381000e-2,1.65604,2055
8.382000e-2,1.65685,2056
8.383000e-2,1.65121,2049
8.384000e-2,1.65685,2056
8.385000e-2,1.65282,2051
8.386000e-2,1.65766,2057
8.387000e-2,1.65443,2053
8.388000e-2,1.65524,2054
8.389000e-2,1.65363,2052
8.390000e-2,1.65685,2056
8.391000e-2,1.65443,2053
8.392000e-2,1.65685,2056
8.393000e-2,1.65282,2051
8.394000e-2,1.66088,2061
8.395000e-2,1.65040,2048
8.396000e-2,1.65766,2057
8.397000e-2,1.65524,2054
8.398000e-2,1.65927,2059
8.399000e-2,1.65604,2055
8.400000e-2,1.64960,2047
8.401000e-2,1.66088,2061
8.402000e-2,1.65282,2051
8.403000e-2,1.65766,2057
8.404000e-2,1.65121,2049
8.405000e-2,1.66168,2062
8.406000e-2,1.64637,2043
8.407000e-2,1.66571,2067
8.408000e-2,1.64476,2041
8.409000e-2,1.66249,2063
8.410000e-2,1.65040,2048
8.411000e-2,1.66088,2061
8.412000e-2,1.65201,2050
8.413000e-2,1.65846,2058
8.414000e-2,1.65927,2059
8.415000e-2,1.65201,2050
8.416000e-2,1.66249,2063
8.417000e-2,1.64315,2039
8.418000e-2,1.66974,2072
8.419000e-2,1.65121,2049
8.420000e-2,1.66491,2066
8.421000e-2,1.65040,2048
8.422000e-2,1.66007,2060
8.423000e-2,1.65201,2050
8.424000e-2,1.65766,2057
8.425000e-2,1.65524,2054
8.426000e-2,1.65363,2052
8.427000e-2,1.65927,2059
8.428000e-2,1.64879,2046
8.429000e-2,1.66330,2064
8.430000e-2,1.64637,2043
8.431000e-2,1.66410,2065
8.432000e-2,1.65685,2056
8.433000e-2,1.66813,2070
8.434000e-2,1.64960,2047
8.435000e-2,1.65927,2059
8.436000e-2,1.65685,2056
8.437000e-2,1.65766,2057
8.438000e-2,1.65201,2050
8.439000e-2,1.65846,2058
8.440000e-2,1.65201,2050
8.441000e-2,1.65363,2052
8.442000e-2,1.65604,2055
8.443000e-2,1.65282,2051
8.444000e-2,1.66330,2064
8.445000e-2,1.64234,2038
8.446000e-2,1.66410,2065
8.447000e-2,1.66088,2061
8.448000e-2,1.66007,2060
8.449000e-2,1.65524,2054
8.450000e-2,1.65604,2055
8.451000e-2,1.65121,2049
8.452000e-2,1.65766,2057
8.453000e-2,1.65927,2059
8.454000e-2,1.64073,2036
8.455000e-2,1.67538,2079
8.456000e-2,1.63832,2033
8.457000e-2,1.65443,2053
8.458000e-2,1.65604,2055
8.459000e-2,1.65927,2059
8.460000e-2,1.65040,2048
8.461000e-2,1.65443,2053
8.462000e-2,1.64960,2047
8.463000e-2,1.65685,2056
8.464000e-2,1.65443,2053
8.465000e-2,1.65604,2055
8.466000e-2,1.65524,2054
8.467000e-2,1.65524,2054
8.468000e-2,1.65685,2056
8.469000e-2,1.64879,2046
8.470000e-2,1.65846,2058
8.471000e-2,1.64637,2043
8.472000e-2,1.65604,2055
8.473000e-2,1.64396,2040
8.474000e-2,1.66652,2068
8.475000e-2,1.64073,2036
8.476000e-2,1.66410,2065
8.477000e-2,1.64799,2045
8.478000e-2,1.66168,2062
8.479000e-2,1.65040,2048
8.480000e-2,1.65685,2056
8.481000e-2,1.65443,2053
8.482000e-2,1.66088,2061
8.483000e-2,1.65121,2049
8.484000e-2,1.65766,2057
8.485000e-2,1.65201,2050
8.486000e-2,1.65846,2058
8.487000e-2,1.65363,2052
8.488000e-2,1.65363,2052
8.489000e-2,1.65685,2056
8.490000e-2,1.65685,2056
8.491000e-2,1.66571,2067
8.492000e-2,1.64154,2037
8.493000e-2,1.67458,2078
8.494000e-2,1.64557,2042
8.495000e-2,1.66571,2067
8.496000e-2,1.64637,2043
8.497000e-2,1.66571,2067
8.498000e-2,1.65040,2048
8.499000e-2,1.65524,2054
8.500000e-2,1.65363,2052
8.501000e-2,1.66088,2061
8.502000e-2,1.65040,2048
8.503000e-2,1.66249,2063
8.504000e-2,1.65040,2048
8.505000e-2,1.66168,2062
8.506000e-2,1.65282,2051
8.507000e-2,1.65927,2059
8.508000e-2,1.64799,2045
8.509000e-2,1.65604,2055
8.510000e-2,1.65524,2054
8.511000e-2,1.66088,2061
8.512000e-2,1.65363,2052
8.513000e-2,1.66491,2066
8.514000e-2,1.65846,2058
8.515000e-2,1.65040,2048
8.516000e-2,1.66330,2064
8.517000e-2,1.65282,2051
8.518000e-2,1.66652,2068
8.519000e-2,1.64557,2042
8.520000e-2,1.66168,2062
8.521000e-2,1.64799,2045
8.522000e-2,1.65604,2055
8.523000e-2,1.65766,2057
8.524000e-2,1.65685,2056
8.525000e-2,1.65927,2059
8.526000e-2,1.65927,2059
8.527000e-2,1.65363,2052
8.528000e-2,1.65201,2050
8.529000e-2,1.66249,2063
8.530000e-2,1.65121,2049
8.531000e-2,1.66491,2066
8.532000e-2,1.64557,2042
8.533000e-2,1.66652,2068
8.534000e-2,1.64234,2038
8.535000e-2,1.66088,2061
8.536000e-2,1.65766,2057
8.537000e-2,1.65685,2056
8.538000e-2,1.65524,2054
8.539000e-2,1.65363,2052
8.540000e-2,1.65282,2051
8.541000e-2,1.65282,2051
8.542000e-2,1.65363,2052
8.543000e-2,1.65604,2055
8.544000e-2,1.65846,2058
8.545000e-2,1.64879,2046
8.546000e-2,1.66491,2066
8.547000e-2,1.64557,2042
8.548000e-2,1.66330,2064
8.549000e-2,1.65363,2052
8.550000e-2,1.65282,2051
8.551000e-2,1.65363,2052
8.552000e-2,1.65766,2057
8.553000e-2,1.65201,2050
8.554000e-2,1.65201,2050
8.555000e-2,1.66249,2063
8.556000e-2,1.64960,2047
8.557000e-2,1.66733,2069
8.558000e-2,1.63832,2033
8.559000e-2,1.66733,2069
8.560000e-2,1.64960,2047
8.561000e-2,1.65766,2057
8.562000e-2,1.65443,2053
8.563000e-2,1.65927,2059
8.564000e-2,1.65201,2050
8.565000e-2,1.66007,2060
8.566000e-2,1.65363,2052
8.567000e-2,1.65604,2055
8.568000e-2,1.65363,2052
8.569000e-2,1.65846,2058
8.570000e-2,1.65927,2059
8.571000e-2,1.65201,2050
8.572000e-2,1.66249,2063
8.573000e-2,1.64718,2044
8.574000e-2,1.66168,2062
8.575000e-2,1.64960,2047
8.576000e-2,1.66330,2064
8.577000e-2,1.64234,2038
8.578000e-2,1.66571,2067
8.579000e-2,1.64396,2040
8.580000e-2,1.66330,2064
8.581000e-2,1.65040,2048
8.582000e-2,1.66168,2062
8.583000e-2,1.65040,2048
8.584000e-2,1.65927,2059
8.585000e-2,1.65040,2048
8.586000e-2,1.65766,2057
8.587000e-2,1.65121,2049
8.588000e-2,1.65685,2056
8.589000e-2,1.66088,2061
8.590000e-2,1.65524,2054
8.591000e-2,1.65040,2048
8.592000e-2,1.65927,2059
8.593000e-2,1.65846,2058
8.594000e-2,1.66088,2061
8.595000e-2,1.65201,2050
8.596000e-2,1.65846,2058
8.597000e-2,1.65040,2048
8.598000e-2,1.65766,2057
8.599000e-2,1.65363,2052
8.600000e-2,1.65685,2056
8.601000e-2,1.65040,2048
8.602000e-2,1.65846,2058
8.603000e-2,1.65201,2050
8.604000e-2,1.65766,2057
8.605000e-2,1.65363,2052
8.606000e-2,1.65846,2058
8.607000e-2,1.64718,2044
8.608000e-2,1.64960,2047
8.609000e-2,1.65846,2058
8.610000e-2,1.64557,2042
8.611000e-2,1.66571,2067
8.612000e-2,1.64396,2040
8.613000e-2,1.66088,2061
8.614000e-2,1.65363,2052
8.615000e-2,1.65927,2059
8.616000e-2,1.65443,2053
8.617000e-2,1.65766,2057
8.618000e-2,1.65363,2052
8.619000e-2,1.66007,2060
8.620000e-2,1.65685,2056
8.621000e-2,1.65282,2051
8.622000e-2,1.65766,2057
8.623000e-2,1.64960,2047
8.624000e-2,1.66410,2065
8.625000e-2,1.64637,2043
8.626000e-2,1.65685,2056
8.627000e-2,1.65363,2052
8.628000e-2,1.65846,2058
8.629000e-2,1.64637,2043
8.630000e-2,1.66168,2062
8.631000e-2,1.65040,2048
8.632000e-2,1.65282,2051
8.633000e-2,1.65363,2052
8.634000e-2,1.65766,2057
8.635000e-2,1.65685,2056
8.636000e-2,1.65443,2053
8.637000e-2,1.65685,2056
8.638000e-2,1.65282,2051
8.639000e-2,1.67055,2073
8.640000e-2,1.64396,2040
8.641000e-2,1.66813,2070
8.642000e-2,1.64799,2045
8.643000e-2,1.65766,2057
8.644000e-2,1.65363,2052
8.645000e-2,1.65766,2057
8.646000e-2,1.65443,2053
8.647000e-2,1.64879,2046
8.648000e-2,1.65363,2052
8.649000e-2,1.65443,2053
8.650000e-2,1.65443,2053
8.651000e-2,1.65524,2054
8.652000e-2,1.65766,2057
8.653000e-2,1.65040,2048
8.654000e-2,1.66571,2067
8.655000e-2,1.65121,2049
8.656000e-2,1.65685,2056
8.657000e-2,1.65121,2049
8.658000e-2,1.65846,2058
8.659000e-2,1.66088,2061
8.660000e-2,1.64799,2045
8.661000e-2,1.66410,2065
8.662000e-2,1.64476,2041
8.663000e-2,1.66974,2072
8.664000e-2,1.64637,2043
8.665000e-2,1.66249,2063
8.666000e-2,1.64637,2043
8.667000e-2,1.65927,2059
8.668000e-2,1.65121,2049
8.669000e-2,1.65846,2058
8.670000e-2,1.65443,2053
8.671000e-2,1.65927,2059
8.672000e-2,1.65201,2050
8.673000e-2,1.64960,2047
8.674000e-2,1.65282,2051
8.675000e-2,1.65927,2059
8.676000e-2,1.65121,2049
8.677000e-2,1.65766,2057
8.678000e-2,1.65846,2058
8.679000e-2,1.65363,2052
8.680000e-2,1.66410,2065
8.681000e-2,1.64718,2044
8.682000e-2,1.66652,2068
8.683000e-2,1.64960,2047
8.684000e-2,1.66410,2065
8.685000e-2,1.64315,2039
8.686000e-2,1.66168,2062
8.687000e-2,1.65443,2053
8.688000e-2,1.64960,2047
8.689000e-2,1.65201,2050
8.690000e-2,1.66571,2067
8.691000e-2,1.66007,2060
8.692000e-2,1.64960,2047
8.693000e-2,1.66571,2067
8.694000e-2,1.65121,2049
8.695000e-2,1.65766,2057
8.696000e-2,1.65121,2049
8.697000e-2,1.65846,2058
8.698000e-2,1.64960,2047
8.699000e-2,1.65282,2051
8.700000e-2,1.65927,2059
8.701000e-2,1.64476,2041
8.702000e-2,1.66491,2066
8.703000e-2,1.65040,2048
8.704000e-2,1.65766,2057
8.705000e-2,1.64234,2038
8.706000e-2,1.65766,2057
8.707000e-2,1.65524,2054
8.708000e-2,1.65121,2049
8.709000e-2,1.65927,2059
8.710000e-2,1.64879,2046
8.711000e-2,1.66491,2066
8.712000e-2,1.63993,2035
8.713000e-2,1.66088,2061
8.714000e-2,1.66410,2065
8.715000e-2,1.65363,2052
8.716000e-2,1.65282,2051
8.717000e-2,1.65443,2053
8.718000e-2,1.65201,2050
8.719000e-2,1.65282,2051
8.720000e-2,1.65363,2052
8.721000e-2,1.65604,2055
8.722000e-2,1.66652,2068
8.723000e-2,1.64315,2039
8.724000e-2,1.66330,2064
8.725000e-2,1.64396,2040
8.726000e-2,1.66410,2065
8.727000e-2,1.66007,2060
8.728000e-2,1.66410,2065
8.729000e-2,1.65443,2053
8.730000e-2,1.65040,2048
8.731000e-2,1.65363,2052
8.732000e-2,1.66652,2068
8.733000e-2,1.65201,2050
8.734000e-2,1.65846,2058
8.735000e-2,1.65121,2049
8.736000e-2,1.65927,2059
8.737000e-2,1.65685,2056
8.738000e-2,1.66168,2062
8.739000e-2,1.65201,2050
8.740000e-2,1.65685,2056
8.741000e-2,1.65443,2053
8.742000e-2,1.66007,2060
8.743000e-2,1.65201,2050
8.744000e-2,1.65766,2057
8.745000e-2,1.65604,2055
8.746000e-2,1.65604,2055
8.747000e-2,1.65443,2053
8.748000e-2,1.64799,2045
8.749000e-2,1.66652,2068
8.750000e-2,1.64557,2042
8.751000e-2,1.66007,2060
8.752000e-2,1.65363,2052
8.753000e-2,1.65766,2057
8.754000e-2,1.65201,2050
8.755000e-2,1.66088,2061
8.756000e-2,1.66571,2067
8.757000e-2,1.65201,2050
8.758000e-2,1.65363,2052
8.759000e-2,1.64799,2045
8.760000e-2,1.66571,2067
8.761000e-2,1.64476,2041
8.762000e-2,1.65604,2055
8.763000e-2,1.65201,2050
8.764000e-2,1.65685,2056
8.765000e-2,1.65443,2053
8.766000e-2,1.65121,2049
8.767000e-2,1.66652,2068
8.768000e-2,1.64154,2037
8.769000e-2,1.66813,2070
8.770000e-2,1.65282,2051
8.771000e-2,1.66168,2062
8.772000e-2,1.65604,2055
8.773000e-2,1.65685,2056
8.774000e-2,1.65524,2054
8.775000e-2,1.65040,2048
8.776000e-2,1.66249,2063
8.777000e-2,1.65040,2048
8.778000e-2,1.66410,2065
8.779000e-2,1.65282,2051
8.780000e-2,1.66813,2070
8.781000e-2,1.65040,2048
8.782000e-2,1.65121,2049
8.783000e-2,1.65363,2052
8.784000e-2,1.65201,2050
8.785000e-2,1.65927,2059
8.786000e-2,1.64799,2045
8.787000e-2,1.66330,2064
8.788000e-2,1.64396,2040
8.789000e-2,1.66007,2060
8.790000e-2,1.65282,2051
8.791000e-2,1.65846,2058
8.792000e-2,1.65282,2051
8.793000e-2,1.65766,2057
8.794000e-2,1.65443,2053
8.795000e-2,1.65685,2056
8.796000e-2,1.66007,2060
8.797000e-2,1.65604,2055
8.798000e-2,1.66007,2060
8.799000e-2,1.63751,2032
8.800000e-2,1.66894,2071
8.801000e-2,1.64879,2046
8.802000e-2,1.65766,2057
8.803000e-2,1.65201,2050
8.804000e-2,1.65846,2058
8.805000e-2,1.65363,2052
8.806000e-2,1.65524,2054
8.807000e-2,1.65604,2055
8.808000e-2,1.65363,2052
8.809000e-2,1.65927,2059
8.810000e-2,1.64718,2044
8.811000e-2,1.66571,2067
8.812000e-2,1.64879,2046
8.813000e-2,1.66571,2067
8.814000e-2,1.65201,2050
8.815000e-2,1.65927,2059
8.816000e-2,1.64879,2046
8.817000e-2,1.65927,2059
8.818000e-2,1.65766,2057
8.819000e-2,1.65363,2052
8.820000e-2,1.65443,2053
8.821000e-2,1.65604,2055
8.822000e-2,1.65524,2054
8.823000e-2,1.65121,2049
8.824000e-2,1.66168,2062
8.825000e-2,1.64234,2038
8.826000e-2,1.66733,2069
8.827000e-2,1.64476,2041
8.828000e-2,1.66813,2070
8.829000e-2,1.64396,2040
8.830000e-2,1.66088,2061
8.831000e-2,1.64799,2045
8.832000e-2,1.65927,2059
8.833000e-2,1.64960,2047
8.834000e-2,1.64879,2046
8.835000e-2,1.65685,2056
8.836000e-2,1.65201,2050
8.837000e-2,1.66652,2068
8.838000e-2,1.64960,2047
8.839000e-2,1.65846,2058
8.840000e-2,1.64718,2044
8.841000e-2,1.65766,2057
8.842000e-2,1.65443,2053
8.843000e-2,1.65363,2052
8.844000e-2,1.65040,2048
8.845000e-2,1.65363,2052
8.846000e-2,1.66894,2071
8.847000e-2,1.64960,2047
8.848000e-2,1.66007,2060
8.849000e-2,1.65040,2048
8.850000e-2,1.66088,2061
8.851000e-2,1.65040,2048
8.852000e-2,1.65604,2055
8.853000e-2,1.65766,2057
8.854000e-2,1.64476,2041
8.855000e-2,1.67619,2080
8.856000e-2,1.64476,2041
8.857000e-2,1.66652,2068
8.858000e-2,1.65121,2049
8.859000e-2,1.66088,2061
8.860000e-2,1.65201,2050
8.861000e-2,1.65927,2059
8.862000e-2,1.64960,2047
8.863000e-2,1.65282,2051
8.864000e-2,1.65766,2057
8.865000e-2,1.65040,2048
8.866000e-2,1.66813,2070
8.867000e-2,1.64396,2040
8.868000e-2,1.66491,2066
8.869000e-2,1.65201,2050
8.870000e-2,1.66007,2060
8.871000e-2,1.65040,2048
8.872000e-2,1.66168,2062
8.873000e-2,1.66088,2061
8.874000e-2,1.65927,2059
8.875000e-2,1.65685,2056
8.876000e-2,1.65685,2056
8.877000e-2,1.65685,2056
8.878000e-2,1.65524,2054
8.879000e-2,1.65363,2052
8.880000e-2,1.65766,2057
8.881000e-2,1.64557,2042
8.882000e-2,1.65443,2053
8.883000e-2,1.66652,2068
8.884000e-2,1.65040,2048
8.885000e-2,1.66007,2060
8.886000e-2,1.65121,2049
8.887000e-2,1.66330,2064
8.888000e-2,1.64476,2041
8.889000e-2,1.66410,2065
8.890000e-2,1.64960,2047
8.891000e-2,1.66330,2064
8.892000e-2,1.64315,2039
8.893000e-2,1.66733,2069
8.894000e-2,1.64315,2039
8.895000e-2,1.66088,2061
8.896000e-2,1.64637,2043
8.897000e-2,1.66652,2068
8.898000e-2,1.65040,2048
8.899000e-2,1.66491,2066
8.900000e-2,1.65282,2051
8.901000e-2,1.66007,2060
8.902000e-2,1.65282,2051
8.903000e-2,1.65685,2056
8.904000e-2,1.65121,2049
8.905000e-2,1.65846,2058
8.906000e-2,1.65363,2052
8.907000e-2,1.65524,2054
8.908000e-2,1.65201,2050
8.909000e-2,1.65443,2053
8.910000e-2,1.65766,2057
8.911000e-2,1.65040,2048
8.912000e-2,1.65685,2056
8.913000e-2,1.65121,2049
8.914000e-2,1.66249,2063
8.915000e-2,1.64637,2043
8.916000e-2,1.66813,2070
8.917000e-2,1.63993,2035
8.918000e-2,1.66813,2070
8.919000e-2,1.64879,2046
8.920000e-2,1.65524,2054
8.921000e-2,1.64557,2042
8.922000e-2,1.65766,2057
8.923000e-2,1.65040,2048
8.924000e-2,1.65927,2059
8.925000e-2,1.65201,2050
8.926000e-2,1.65766,2057
8.927000e-2,1.65121,2049
8.928000e-2,1.65040,2048
8.929000e-2,1.66330,2064
8.930000e-2,1.64799,2045
8.931000e-2,1.66249,2063
8.932000e-2,1.64073,2036
8.933000e-2,1.66894,2071
8.934000e-2,1.64799,2045
8.935000e-2,1.66571,2067
8.936000e-2,1.65040,2048
8.937000e-2,1.65927,2059
8.938000e-2,1.65040,2048
8.939000e-2,1.66088,2061
8.940000e-2,1.65524,2054
8.941000e-2,1.65604,2055
8.942000e-2,1.65927,2059
8.943000e-2,1.65201,2050
8.944000e-2,1.65846,2058
8.945000e-2,1.64960,2047
8.946000e-2,1.66249,2063
8.947000e-2,1.64234,2038
8.948000e-2,1.67297,2076
8.949000e-2,1.64960,2047
8.950000e-2,1.65363,2052
8.951000e-2,1.65201,2050
8.952000e-2,1.65604,2055
8.953000e-2,1.65121,2049
8.954000e-2,1.65766,2057
8.955000e-2,1.65443,2053
8.956000e-2,1.65443,2053
8.957000e-2,1.66330,2064
8.958000e-2,1.64396,2040
8.959000e-2,1.66733,2069
8.960000e-2,1.65201,2050
8.961000e-2,1.65443,2053
8.962000e-2,1.65282,2051
8.963000e-2,1.65524,2054
8.964000e-2,1.65927,2059
8.965000e-2,1.65121,2049
8.966000e-2,1.66168,2062
8.967000e-2,1.64234,2038
8.968000e-2,1.65927,2059
8.969000e-2,1.64476,2041
8.970000e-2,1.66249,2063
8.971000e-2,1.64557,2042
8.972000e-2,1.65927,2059
8.973000e-2,1.65121,2049
8.974000e-2,1.65766,2057
8.975000e-2,1.65443,2053
8.976000e-2,1.65201,2050
8.977000e-2,1.65363,2052
8.978000e-2,1.64960,2047
8.979000e-2,1.66652,2068
8.980000e-2,1.64396,2040
8.981000e-2,1.65604,2055
8.982000e-2,1.65282,2051
8.983000e-2,1.66168,2062
8.984000e-2,1.65201,2050
8.985000e-2,1.65846,2058
8.986000e-2,1.65363,2052
8.987000e-2,1.65524,2054
8.988000e-2,1.65766,2057
8.989000e-2,1.65363,2052
8.990000e-2,1.66330,2064
8.991000e-2,1.64718,2044
8.992000e-2,1.65443,2053
8.993000e-2,1.65443,2053
8.994000e-2,1.65927,2059
8.995000e-2,1.65363,2052
8.996000e-2,1.65363,2052
8.997000e-2,1.65604,2055
8.998000e-2,1.65604,2055
8.999000e-2,1.65604,2055
9.000000e-2,1.66330,2064
9.001000e-2,1.65524,2054
9.002000e-2,1.65121,2049
9.003000e-2,1.66733,2069
9.004000e-2,1.65040,2048
9.005000e-2,1.66330,2064
9.006000e-2,1.64154,2037
9.007000e-2,1.66330,2064
9.008000e-2,1.65201,2050
9.009000e-2,1.65927,2059
9.010000e-2,1.65604,2055
9.011000e-2,1.65766,2057
9.012000e-2,1.65282,2051
9.013000e-2,1.66007,2060
9.014000e-2,1.65443,2053
9.015000e-2,1.66007,2060
9.016000e-2,1.65282,2051
9.017000e-2,1.65604,2055
9.018000e-2,1.64476,2041
9.019000e-2,1.65121,2049
9.020000e-2,1.66652,2068
9.021000e-2,1.64718,2044
9.022000e-2,1.66007,2060
9.023000e-2,1.64799,2045
9.024000e-2,1.66491,2066
9.025000e-2,1.64315,2039
9.026000e-2,1.66410,2065
9.027000e-2,1.64315,2039
9.028000e-2,1.66088,2061
9.029000e-2,1.64879,2046
9.030000e-2,1.65282,2051
9.031000e-2,1.65363,2052
9.032000e-2,1.65927,2059
9.033000e-2,1.65363,2052
9.034000e-2,1.65282,2051
9.035000e-2,1.65121,2049
9.036000e-2,1.65685,2056
9.037000e-2,1.65443,2053
9.038000e-2,1.65766,2057
9.039000e-2,1.65282,2051
9.040000e-2,1.67136,2074
9.041000e-2,1.65363,2052
9.042000e-2,1.65524,2054
9.043000e-2,1.65927,2059
9.044000e-2,1.65121,2049
9.045000e-2,1.66249,2063
9.046000e-2,1.64476,2041
9.047000e-2,1.66652,2068
9.048000e-2,1.63993,2035
9.049000e-2,1.66491,2066
9.050000e-2,1.64476,2041
9.051000e-2,1.66491,2066
9.052000e-2,1.64234,2038
9.053000e-2,1.66491,2066
9.054000e-2,1.64315,2039
9.055000e-2,1.66652,2068
9.056000e-2,1.64396,2040
9.057000e-2,1.66088,2061
9.058000e-2,1.63993,2035
9.059000e-2,1.66168,2062
9.060000e-2,1.64879,2046
9.061000e-2,1.66168,2062
9.062000e-2,1.65201,2050
9.063000e-2,1.66168,2062
9.064000e-2,1.64799,2045
9.065000e-2,1.66007,2060
9.066000e-2,1.64637,2043
9.067000e-2,1.66652,2068
9.068000e-2,1.64718,2044
9.069000e-2,1.65685,2056
9.070000e-2,1.64718,2044
9.071000e-2,1.66491,2066
9.072000e-2,1.64476,2041
9.073000e-2,1.66410,2065
9.074000e-2,1.64799,2045
9.075000e-2,1.66168,2062
9.076000e-2,1.64799,2045
9.077000e-2,1.65846,2058
9.078000e-2,1.64476,2041
9.079000e-2,1.65927,2059
9.080000e-2,1.65282,2051
9.081000e-2,1.66088,2061
9.082000e-2,1.64879,2046
9.083000e-2,1.66330,2064
9.084000e-2,1.64637,2043
9.085000e-2,1.66571,2067
9.086000e-2,1.64799,2045
9.087000e-2,1.66974,2072
9.088000e-2,1.64879,2046
9.089000e-2,1.66571,2067
9.090000e-2,1.65040,2048
9.091000e-2,1.66088,2061
9.092000e-2,1.65282,2051
9.093000e-2,1.66007,2060
9.094000e-2,1.65766,2057
9.095000e-2,1.66007,2060
9.096000e-2,1.64879,2046
9.097000e-2,1.65846,2058
9.098000e-2,1.64476,2041
9.099000e-2,1.66894,2071
9.100000e-2,1.64476,2041
9.101000e-2,1.67297,2076
9.102000e-2,1.64960,2047
9.103000e-2,1.66410,2065
9.104000e-2,1.64476,2041
9.105000e-2,1.67055,2073
9.106000e-2,1.64637,2043
9.107000e-2,1.66330,2064
9.108000e-2,1.64315,2039
9.109000e-2,1.66330,2064
9.110000e-2,1.64799,2045
9.111000e-2,1.66410,2065
9.112000e-2,1.64799,2045
9.113000e-2,1.66088,2061
9.114000e-2,1.64315,2039
9.115000e-2,1.66652,2068
9.116000e-2,1.64315,2039
9.117000e-2,1.66571,2067
9.118000e-2,1.64718,2044
9.119000e-2,1.66330,2064
9.120000e-2,1.64799,2045
9.121000e-2,1.66571,2067
9.122000e-2,1.64476,2041
9.123000e-2,1.66007,2060
9.124000e-2,1.64557,2042
9.125000e-2,1.66733,2069
9.126000e-2,1.64799,2045
9.127000e-2,1.66491,2066
9.128000e-2,1.64960,2047
9.129000e-2,1.65363,2052
9.130000e-2,1.65443,2053
9.131000e-2,1.67136,2074
9.132000e-2,1.65604,2055
9.133000e-2,1.65846,2058
9.134000e-2,1.65282,2051
9.135000e-2,1.65685,2056
9.136000e-2,1.64799,2045
9.137000e-2,1.65040,2048
9.138000e-2,1.66410,2065
9.139000e-2,1.65766,2057
9.140000e-2,1.65443,2053
9.141000e-2,1.65282,2051
9.142000e-2,1.65604,2055
9.143000e-2,1.64718,2044
9.144000e-2,1.65927,2059
9.145000e-2,1.64637,2043
9.146000e-2,1.66571,2067
9.147000e-2,1.64476,2041
9.148000e-2,1.66894,2071
9.149000e-2,1.65121,2049
9.150000e-2,1.65766,2057
9.151000e-2,1.66168,2062
9.152000e-2,1.66491,2066
9.153000e-2,1.64718,2044
9.154000e-2,1.65927,2059
9.155000e-2,1.65766,2057
9.156000e-2,1.65685,2056
9.157000e-2,1.65121,2049
9.158000e-2,1.65363,2052
9.159000e-2,1.65846,2058
9.160000e-2,1.64799,2045
9.161000e-2,1.66491,2066
9.162000e-2,1.64637,2043
9.163000e-2,1.66007,2060
9.164000e-2,1.65282,2051
9.165000e-2,1.66007,2060
9.166000e-2,1.65121,2049
9.167000e-2,1.65766,2057
9.168000e-2,1.65040,2048
9.169000e-2,1.64799,2045
9.170000e-2,1.66491,2066
9.171000e-2,1.65443,2053
9.172000e-2,1.66733,2069
9.173000e-2,1.65363,2052
9.174000e-2,1.66330,2064
9.175000e-2,1.64799,2045
9.176000e-2,1.65927,2059
9.177000e-2,1.64637,2043
9.178000e-2,1.65685,2056
9.179000e-2,1.65282,2051
9.180000e-2,1.65766,2057
9.181000e-2,1.65201,2050
9.182000e-2,1.65524,2054
9.183000e-2,1.66571,2067
9.184000e-2,1.64637,2043
9.185000e-2,1.66007,2060
9.186000e-2,1.65040,2048
9.187000e-2,1.65846,2058
9.188000e-2,1.65040,2048
9.189000e-2,1.66491,2066
9.190000e-2,1.65604,2055
9.191000e-2,1.66491,2066
9.192000e-2,1.64396,2040
9.193000e-2,1.66813,2070
9.194000e-2,1.64476,2041
9.195000e-2,1.66571,2067
9.196000e-2,1.65363,2052
9.197000e-2,1.67136,2074
9.198000e-2,1.65040,2048
9.199000e-2,1.65927,2059
9.200000e-2,1.65363,2052
9.201000e-2,1.65685,2056
9.202000e-2,1.65443,2053
9.203000e-2,1.65927,2059
9.204000e-2,1.65201,2050
9.205000e-2,1.65685,2056
9.206000e-2,1.65766,2057
9.207000e-2,1.65604,2055
9.208000e-2,1.65766,2057
9.209000e-2,1.65040,2048
9.210000e-2,1.66249,2063
9.211000e-2,1.65040,2048
9.212000e-2,1.66733,2069
9.213000e-2,1.64960,2047
9.214000e-2,1.65685,2056
9.215000e-2,1.65201,2050
9.216000e-2,1.65685,2056
9.217000e-2,1.65121,2049
9.218000e-2,1.66168,2062
9.219000e-2,1.65201,2050
9.220000e-2,1.66007,2060
9.221000e-2,1.65282,2051
9.222000e-2,1.66088,2061
9.223000e-2,1.65040,2048
9.224000e-2,1.65201,2050
9.225000e-2,1.66571,2067
9.226000e-2,1.64476,2041
9.227000e-2,1.66974,2072
9.228000e-2,1.64396,2040
9.229000e-2,1.67136,2074
9.230000e-2,1.65121,2049
9.231000e-2,1.65846,2058
9.232000e-2,1.65685,2056
9.233000e-2,1.65766,2057
9.234000e-2,1.65040,2048
9.235000e-2,1.66007,2060
9.236000e-2,1.65282,2051
9.237000e-2,1.65443,2053
9.238000e-2,1.65282,2051
9.239000e-2,1.65846,2058
9.240000e-2,1.65363,2052
9.241000e-2,1.65685,2056
9.242000e-2,1.65524,2054
9.243000e-2,1.66168,2062
9.244000e-2,1.65040,2048
9.245000e-2,1.66733,2069
9.246000e-2,1.65040,2048
9.247000e-2,1.65846,2058
9.248000e-2,1.65363,2052
9.249000e-2,1.65927,2059
9.250000e-2,1.65201,2050
9.251000e-2,1.65121,2049
9.252000e-2,1.65846,2058
9.253000e-2,1.64960,2047
9.254000e-2,1.66007,2060
9.255000e-2,1.64960,2047
9.256000e-2,1.66007,2060
9.257000e-2,1.64879,2046
9.258000e-2,1.66330,2064
9.259000e-2,1.64557,2042
9.260000e-2,1.66974,2072
9.261000e-2,1.64315,2039
9.262000e-2,1.66088,2061
9.263000e-2,1.64960,2047
9.264000e-2,1.65524,2054
9.265000e-2,1.65121,2049
9.266000e-2,1.65685,2056
9.267000e-2,1.65524,2054
9.268000e-2,1.65121,2049
9.269000e-2,1.65443,2053
9.270000e-2,1.65363,2052
9.271000e-2,1.65766,2057
9.272000e-2,1.65040,2048
9.273000e-2,1.65040,2048
9.274000e-2,1.65685,2056
9.275000e-2,1.65604,2055
9.276000e-2,1.65524,2054
9.277000e-2,1.65363,2052
9.278000e-2,1.65604,2055
9.279000e-2,1.65846,2058
9.280000e-2,1.65201,2050
9.281000e-2,1.66007,2060
9.282000e-2,1.65282,2051
9.283000e-2,1.65524,2054
9.284000e-2,1.65604,2055
9.285000e-2,1.65363,2052
9.286000e-2,1.65443,2053
9.287000e-2,1.65766,2057
9.288000e-2,1.65363,2052
9.289000e-2,1.65040,2048
9.290000e-2,1.65685,2056
9.291000e-2,1.65846,2058
9.292000e-2,1.65282,2051
9.293000e-2,1.66007,2060
9.294000e-2,1.65282,2051
9.295000e-2,1.65766,2057
9.296000e-2,1.65121,2049
9.297000e-2,1.66088,2061
9.298000e-2,1.64879,2046
9.299000e-2,1.65766,2057
9.300000e-2,1.65282,2051
9.301000e-2,1.66007,2060
9.302000e-2,1.64799,2045
9.303000e-2,1.65766,2057
9.304000e-2,1.64718,2044
9.305000e-2,1.66733,2069
9.306000e-2,1.65927,2059
9.307000e-2,1.66088,2061
9.308000e-2,1.64960,2047
9.309000e-2,1.65685,2056
9.310000e-2,1.65604,2055
9.311000e-2,1.66007,2060
9.312000e-2,1.65121,2049
9.313000e-2,1.66007,2060
9.314000e-2,1.65040,2048
9.315000e-2,1.66813,2070
9.316000e-2,1.64557,2042
9.317000e-2,1.66330,2064
9.318000e-2,1.64799,2045
9.319000e-2,1.65604,2055
9.320000e-2,1.65524,2054
9.321000e-2,1.65604,2055
9.322000e-2,1.65121,2049
9.323000e-2,1.65927,2059
9.324000e-2,1.65201,2050
9.325000e-2,1.65766,2057
9.326000e-2,1.65524,2054
9.327000e-2,1.65363,2052
9.328000e-2,1.65685,2056
9.329000e-2,1.65201,2050
9.330000e-2,1.66168,2062
9.331000e-2,1.64718,2044
9.332000e-2,1.66491,2066
9.333000e-2,1.63509,2029
9.334000e-2,1.65604,2055
9.335000e-2,1.64879,2046
9.336000e-2,1.65927,2059
9.337000e-2,1.65443,2053
9.338000e-2,1.65443,2053
9.339000e-2,1.65443,2053
9.340000e-2,1.65685,2056
9.341000e-2,1.66249,2063
9.342000e-2,1.65121,2049
9.343000e-2,1.65604,2055
9.344000e-2,1.64315,2039
9.345000e-2,1.66652,2068
9.346000e-2,1.64396,2040
9.347000e-2,1.66168,2062
9.348000e-2,1.64799,2045
9.349000e-2,1.65766,2057
9.350000e-2,1.65363,2052
9.351000e-2,1.65766,2057
9.352000e-2,1.66088,2061
9.353000e-2,1.65282,2051
9.354000e-2,1.65846,2058
9.355000e-2,1.64799,2045
9.356000e-2,1.66330,2064
9.357000e-2,1.64476,2041
9.358000e-2,1.66168,2062
9.359000e-2,1.65363,2052
9.360000e-2,1.66168,2062
9.361000e-2,1.64799,2045
9.362000e-2,1.65685,2056
9.363000e-2,1.65121,2049
9.364000e-2,1.65685,2056
9.365000e-2,1.65766,2057
9.366000e-2,1.65363,2052
9.367000e-2,1.66088,2061
9.368000e-2,1.64637,2043
9.369000e-2,1.66330,2064
9.370000e-2,1.64637,2043
9.371000e-2,1.66007,2060
9.372000e-2,1.64557,2042
9.373000e-2,1.66088,2061
9.374000e-2,1.65121,2049
9.375000e-2,1.66410,2065
9.376000e-2,1.65282,2051
9.377000e-2,1.65927,2059
9.378000e-2,1.64799,2045
9.379000e-2,1.67216,2075
9.380000e-2,1.64960,2047
9.381000e-2,1.66974,2072
9.382000e-2,1.65363,2052
9.383000e-2,1.65927,2059
9.384000e-2,1.65282,2051
9.385000e-2,1.65685,2056
9.386000e-2,1.65604,2055
9.387000e-2,1.65685,2056
9.388000e-2,1.65524,2054
9.389000e-2,1.65604,2055
9.390000e-2,1.65604,2055
9.391000e-2,1.65282,2051
9.392000e-2,1.66249,2063
9.393000e-2,1.64476,2041
9.394000e-2,1.66330,2064
9.395000e-2,1.64476,2041
9.396000e-2,1.66088,2061
9.397000e-2,1.65121,2049
9.398000e-2,1.66007,2060
9.399000e-2,1.65201,2050
9.400000e-2,1.65766,2057
9.401000e-2,1.65443,2053
9.402000e-2,1.65766,2057
9.403000e-2,1.65604,2055
9.404000e-2,1.64879,2046
9.405000e-2,1.66410,2065
9.406000e-2,1.64960,2047
9.407000e-2,1.66652,2068
9.408000e-2,1.65524,2054
9.409000e-2,1.66088,2061
9.410000e-2,1.65282,2051
9.411000e-2,1.66007,2060
9.412000e-2,1.65201,2050
9.413000e-2,1.65766,2057
9.414000e-2,1.66007,2060
9.415000e-2,1.65524,2054
9.416000e-2,1.65685,2056
9.417000e-2,1.65443,2053
9.418000e-2,1.65604,2055
9.419000e-2,1.64960,2047
9.420000e-2,1.65766,2057
9.421000e-2,1.64637,2043
9.422000e-2,1.66410,2065
9.423000e-2,1.64315,2039
9.424000e-2,1.66733,2069
9.425000e-2,1.64557,2042
9.426000e-2,1.66330,2064
9.427000e-2,1.64718,2044
9.428000e-2,1.66813,2070
9.429000e-2,1.64396,2040
9.430000e-2,1.66410,2065
9.431000e-2,1.64315,2039
9.432000e-2,1.66733,2069
9.433000e-2,1.64476,2041
9.434000e-2,1.66088,2061
9.435000e-2,1.65363,2052
9.436000e-2,1.65846,2058
9.437000e-2,1.65040,2048
9.438000e-2,1.65282,2051
9.439000e-2,1.65282,2051
9.440000e-2,1.65685,2056
9.441000e-2,1.65927,2059
9.442000e-2,1.65927,2059
9.443000e-2,1.65282,2051
9.444000e-2,1.65524,2054
9.445000e-2,1.65121,2049
9.446000e-2,1.65846,2058
9.447000e-2,1.65685,2056
9.448000e-2,1.65524,2054
9.449000e-2,1.66491,2066
9.450000e-2,1.64718,2044
9.451000e-2,1.66410,2065
9.452000e-2,1.64476,2041
9.453000e-2,1.66491,2066
9.454000e-2,1.64718,2044
9.455000e-2,1.67297,2076
9.456000e-2,1.64799,2045
9.457000e-2,1.66733,2069
9.458000e-2,1.64879,2046
9.459000e-2,1.66733,2069
9.460000e-2,1.64315,2039
9.461000e-2,1.66571,2067
9.462000e-2,1.64396,2040
9.463000e-2,1.66088,2061
9.464000e-2,1.64960,2047
9.465000e-2,1.66168,2062
9.466000e-2,1.63912,2034
9.467000e-2,1.66410,2065
9.468000e-2,1.64960,2047
9.469000e-2,1.66007,2060
9.470000e-2,1.64879,2046
9.471000e-2,1.65685,2056
9.472000e-2,1.65363,2052
9.473000e-2,1.65604,2055
9.474000e-2,1.65121,2049
9.475000e-2,1.65766,2057
9.476000e-2,1.65040,2048
9.477000e-2,1.65766,2057
9.478000e-2,1.64799,2045
9.479000e-2,1.66088,2061
9.480000e-2,1.64557,2042
9.481000e-2,1.66249,2063
9.482000e-2,1.65040,2048
9.483000e-2,1.66330,2064
9.484000e-2,1.64960,2047
9.485000e-2,1.65927,2059
9.486000e-2,1.65201,2050
9.487000e-2,1.66410,2065
9.488000e-2,1.65121,2049
9.489000e-2,1.65766,2057
9.490000e-2,1.65685,2056
9.491000e-2,1.65685,2056
9.492000e-2,1.65766,2057
9.493000e-2,1.65524,2054
9.494000e-2,1.65524,2054
9.495000e-2,1.66007,2060
9.496000e-2,1.65443,2053
9.497000e-2,1.65766,2057
9.498000e-2,1.65685,2056
9.499000e-2,1.65524,2054
9.500000e-2,1.66330,2064
9.501000e-2,1.64879,2046
9.502000e-2,1.65846,2058
9.503000e-2,1.65282,2051
9.504000e-2,1.66088,2061
9.505000e-2,1.65121,2049
9.506000e-2,1.65604,2055
9.507000e-2,1.65201,2050
9.508000e-2,1.65685,2056
9.509000e-2,1.65846,2058
9.510000e-2,1.65927,2059
9.511000e-2,1.64718,2044
9.512000e-2,1.66491,2066
9.513000e-2,1.65524,2054
9.514000e-2,1.67055,2073
9.515000e-2,1.64396,2040
9.516000e-2,1.66652,2068
9.517000e-2,1.65040,2048
9.518000e-2,1.66168,2062
9.519000e-2,1.66330,2064
9.520000e-2,1.65282,2051
9.521000e-2,1.65604,2055
9.522000e-2,1.65524,2054
9.523000e-2,1.65927,2059
9.524000e-2,1.65121,2049
9.525000e-2,1.65685,2056
9.526000e-2,1.66088,2061
9.527000e-2,1.65846,2058
9.528000e-2,1.65363,2052
9.529000e-2,1.65927,2059
9.530000e-2,1.65121,2049
9.531000e-2,1.66007,2060
9.532000e-2,1.65363,2052
9.533000e-2,1.66007,2060
9.534000e-2,1.65121,2049
9.535000e-2,1.66088,2061
9.536000e-2,1.65443,2053
9.537000e-2,1.65846,2058
9.538000e-2,1.64879,2046
9.539000e-2,1.65766,2057
9.540000e-2,1.64476,2041
9.541000e-2,1.66491,2066
9.542000e-2,1.64799,2045
9.543000e-2,1.66571,2067
9.544000e-2,1.64879,2046
9.545000e-2,1.66330,2064
9.546000e-2,1.65282,2051
9.547000e-2,1.66894,2071
9.548000e-2,1.65040,2048
9.549000e-2,1.66168,2062
9.550000e-2,1.65363,2052
9.551000e-2,1.65927,2059
9.552000e-2,1.64879,2046
9.553000e-2,1.65766,2057
9.554000e-2,1.66330,2064
9.555000e-2,1.65524,2054
9.556000e-2,1.65443,2053
9.557000e-2,1.65685,2056
9.558000e-2,1.65363,2052
9.559000e-2,1.66249,2063
9.560000e-2,1.64799,2045
9.561000e-2,1.66088,2061
9.562000e-2,1.64718,2044
9.563000e-2,1.66733,2069
9.564000e-2,1.64396,2040
9.565000e-2,1.65846,2058
9.566000e-2,1.64557,2042
9.567000e-2,1.66330,2064
9.568000e-2,1.64396,2040
9.569000e-2,1.66894,2071
9.570000e-2,1.64315,2039
9.571000e-2,1.66330,2064
9.572000e-2,1.64799,2045
9.573000e-2,1.66813,2070
9.574000e-2,1.64637,2043
9.575000e-2,1.66652,2068
9.576000e-2,1.64960,2047
9.577000e-2,1.66652,2068
9.578000e-2,1.65604,2055
9.579000e-2,1.65604,2055
9.580000e-2,1.65282,2051
9.581000e-2,1.65604,2055
9.582000e-2,1.65524,2054
9.583000e-2,1.65201,2050
9.584000e-2,1.65040,2048
9.585000e-2,1.65282,2051
9.586000e-2,1.66007,2060
9.587000e-2,1.65121,2049
9.588000e-2,1.65282,2051
9.589000e-2,1.65121,2049
9.590000e-2,1.65685,2056
9.591000e-2,1.65363,2052
9.592000e-2,1.65846,2058
9.593000e-2,1.65766,2057
9.594000e-2,1.66007,2060
9.595000e-2,1.65443,2053
9.596000e-2,1.65685,2056
9.597000e-2,1.64879,2046
9.598000e-2,1.65443,2053
9.599000e-2,1.65040,2048
9.600000e-2,1.65927,2059
9.601000e-2,1.64879,2046
9.602000e-2,1.65766,2057
9.603000e-2,1.66007,2060
9.604000e-2,1.65685,2056
9.605000e-2,1.65282,2051
9.606000e-2,1.65685,2056
9.607000e-2,1.64960,2047
9.608000e-2,1.65766,2057
9.609000e-2,1.65040,2048
9.610000e-2,1.66168,2062
9.611000e-2,1.65201,2050
9.612000e-2,1.66007,2060
9.613000e-2,1.65040,2048
9.614000e-2,1.66491,2066
9.615000e-2,1.65121,2049
9.616000e-2,1.66088,2061
9.617000e-2,1.65282,2051
9.618000e-2,1.65927,2059
9.619000e-2,1.65766,2057
9.620000e-2,1.66007,2060
9.621000e-2,1.65927,2059
9.622000e-2,1.65040,2048
9.623000e-2,1.65846,2058
9.624000e-2,1.65604,2055
9.625000e-2,1.66249,2063
9.626000e-2,1.65363,2052
9.627000e-2,1.66088,2061
9.628000e-2,1.65201,2050
9.629000e-2,1.65766,2057
9.630000e-2,1.65363,2052
9.631000e-2,1.65766,2057
9.632000e-2,1.65121,2049
9.633000e-2,1.65766,2057
9.634000e-2,1.64799,2045
9.635000e-2,1.66410,2065
9.636000e-2,1.64718,2044
9.637000e-2,1.66652,2068
9.638000e-2,1.64557,2042
9.639000e-2,1.66571,2067
9.640000e-2,1.64960,2047
9.641000e-2,1.67216,2075
9.642000e-2,1.64396,2040
9.643000e-2,1.66571,2067
9.644000e-2,1.64396,2040
9.645000e-2,1.66410,2065
9.646000e-2,1.65040,2048
9.647000e-2,1.66088,2061
9.648000e-2,1.65443,2053
9.649000e-2,1.66168,2062
9.650000e-2,1.65121,2049
9.651000e-2,1.66088,2061
9.652000e-2,1.65040,2048
9.653000e-2,1.65524,2054
9.654000e-2,1.65604,2055
9.655000e-2,1.65282,2051
9.656000e-2,1.65282,2051
9.657000e-2,1.65766,2057
9.658000e-2,1.65040,2048
9.659000e-2,1.65685,2056
9.660000e-2,1.65685,2056
9.661000e-2,1.65524,2054
9.662000e-2,1.65524,2054
9.663000e-2,1.64879,2046
9.664000e-2,1.66652,2068
9.665000e-2,1.64879,2046
9.666000e-2,1.66652,2068
9.667000e-2,1.64718,2044
9.668000e-2,1.66571,2067
9.669000e-2,1.64476,2041
9.670000e-2,1.66571,2067
9.671000e-2,1.64718,2044
9.672000e-2,1.65927,2059
9.673000e-2,1.65524,2054
9.674000e-2,1.66813,2070
9.675000e-2,1.66007,2060
9.676000e-2,1.66007,2060
9.677000e-2,1.64718,2044
9.678000e-2,1.66007,2060
9.679000e-2,1.65282,2051
9.680000e-2,1.66491,2066
9.681000e-2,1.66007,2060
9.682000e-2,1.64718,2044
9.683000e-2,1.66571,2067
9.684000e-2,1.64476,2041
9.685000e-2,1.66733,2069
9.686000e-2,1.66088,2061
9.687000e-2,1.65685,2056
9.688000e-2,1.65363,2052
9.689000e-2,1.65766,2057
9.690000e-2,1.65201,2050
9.691000e-2,1.65766,2057
9.692000e-2,1.65201,2050
9.693000e-2,1.65927,2059
9.694000e-2,1.65524,2054
9.695000e-2,1.65766,2057
9.696000e-2,1.65846,2058
9.697000e-2,1.65604,2055
9.698000e-2,1.66249,2063
9.699000e-2,1.64718,2044
9.700000e-2,1.66491,2066
9.701000e-2,1.64073,2036
9.702000e-2,1.66410,2065
9.703000e-2,1.65363,2052
9.704000e-2,1.65604,2055
9.705000e-2,1.65363,2052
9.706000e-2,1.66330,2064
9.707000e-2,1.65121,2049
9.708000e-2,1.66088,2061
9.709000e-2,1.65363,2052
9.710000e-2,1.65766,2057
9.711000e-2,1.65363,2052
9.712000e-2,1.65604,2055
9.713000e-2,1.65685,2056
9.714000e-2,1.65363,2052
9.715000e-2,1.66088,2061
9.716000e-2,1.64396,2040
9.717000e-2,1.66652,2068
9.718000e-2,1.64557,2042
9.719000e-2,1.66652,2068
9.720000e-2,1.64879,2046
9.721000e-2,1.65766,2057
9.722000e-2,1.66410,2065
9.723000e-2,1.65604,2055
9.724000e-2,1.65040,2048
9.725000e-2,1.65766,2057
9.726000e-2,1.65121,2049
9.727000e-2,1.66088,2061
9.728000e-2,1.65201,2050
9.729000e-2,1.65121,2049
9.730000e-2,1.65201,2050
9.731000e-2,1.65363,2052
9.732000e-2,1.65201,2050
9.733000e-2,1.65443,2053
9.734000e-2,1.65443,2053
9.735000e-2,1.65443,2053
9.736000e-2,1.66088,2061
9.737000e-2,1.65524,2054
9.738000e-2,1.65846,2058
9.739000e-2,1.65282,2051
9.740000e-2,1.65685,2056
9.741000e-2,1.65040,2048
9.742000e-2,1.65766,2057
9.743000e-2,1.65040,2048
9.744000e-2,1.66088,2061
9.745000e-2,1.64960,2047
9.746000e-2,1.66410,2065
9.747000e-2,1.64799,2045
9.748000e-2,1.66571,2067
9.749000e-2,1.63912,2034
9.750000e-2,1.65766,2057
9.751000e-2,1.64557,2042
9.752000e-2,1.66733,2069
9.753000e-2,1.64557,2042
9.754000e-2,1.66330,2064
9.755000e-2,1.64396,2040
9.756000e-2,1.66330,2064
9.757000e-2,1.64879,2046
9.758000e-2,1.65766,2057
9.759000e-2,1.64557,2042
9.760000e-2,1.66652,2068
9.761000e-2,1.64557,2042
9.762000e-2,1.66652,2068
9.763000e-2,1.64396,2040
9.764000e-2,1.66652,2068
9.765000e-2,1.63509,2029
9.766000e-2,1.66330,2064
9.767000e-2,1.64476,2041
9.768000e-2,1.66330,2064
9.769000e-2,1.66249,2063
9.770000e-2,1.65282,2051
9.771000e-2,1.65604,2055
9.772000e-2,1.65685,2056
9.773000e-2,1.65282,2051
9.774000e-2,1.65201,2050
9.775000e-2,1.64799,2045
9.776000e-2,1.65685,2056
9.777000e-2,1.65604,2055
9.778000e-2,1.64879,2046
9.779000e-2,1.66330,2064
9.780000e-2,1.64557,2042
9.781000e-2,1.66733,2069
9.782000e-2,1.64637,2043
9.783000e-2,1.66652,2068
9.784000e-2,1.64396,2040
9.785000e-2,1.66813,2070
9.786000e-2,1.64637,2043
9.787000e-2,1.66007,2060
9.788000e-2,1.65040,2048
9.789000e-2,1.65524,2054
9.790000e-2,1.65363,2052
9.791000e-2,1.65766,2057
9.792000e-2,1.65282,2051
9.793000e-2,1.66088,2061
9.794000e-2,1.65201,2050
9.795000e-2,1.66088,2061
9.796000e-2,1.65282,2051
9.797000e-2,1.66007,2060
9.798000e-2,1.65040,2048
9.799000e-2,1.65927,2059
9.800000e-2,1.65121,2049
9.801000e-2,1.66007,2060
9.802000e-2,1.65040,2048
9.803000e-2,1.66168,2062
9.804000e-2,1.65363,2052
9.805000e-2,1.66571,2067
9.806000e-2,1.65363,2052
9.807000e-2,1.65846,2058
9.808000e-2,1.65685,2056
9.809000e-2,1.65685,2056
9.810000e-2,1.65766,2057
9.811000e-2,1.65201,2050
9.812000e-2,1.65685,2056
9.813000e-2,1.65121,2049
9.814000e-2,1.66088,2061
9.815000e-2,1.65121,2049
9.816000e-2,1.66330,2064
9.817000e-2,1.64718,2044
9.818000e-2,1.66168,2062
9.819000e-2,1.65927,2059
9.820000e-2,1.65766,2057
9.821000e-2,1.65282,2051
9.822000e-2,1.66088,2061
9.823000e-2,1.65524,2054
9.824000e-2,1.66088,2061
9.825000e-2,1.65121,2049
9.826000e-2,1.66088,2061
9.827000e-2,1.64799,2045
9.828000e-2,1.65524,2054
9.829000e-2,1.66007,2060
9.830000e-2,1.64718,2044
9.831000e-2,1.66652,2068
9.832000e-2,1.64637,2043
9.833000e-2,1.66571,2067
9.834000e-2,1.64315,2039
9.835000e-2,1.66652,2068
9.836000e-2,1.65121,2049
9.837000e-2,1.65927,2059
9.838000e-2,1.65201,2050
9.839000e-2,1.65766,2057
9.840000e-2,1.65363,2052
9.841000e-2,1.65524,2054
9.842000e-2,1.65040,2048
9.843000e-2,1.65685,2056
9.844000e-2,1.65363,2052
9.845000e-2,1.65685,2056
9.846000e-2,1.65927,2059
9.847000e-2,1.64799,2045
9.848000e-2,1.65846,2058
9.849000e-2,1.65040,2048
9.850000e-2,1.67458,2078
9.851000e-2,1.64073,2036
9.852000e-2,1.66410,2065
9.853000e-2,1.64476,2041
9.854000e-2,1.65927,2059
9.855000e-2,1.65443,2053
9.856000e-2,1.65846,2058
9.857000e-2,1.66410,2065
9.858000e-2,1.65363,2052
9.859000e-2,1.65524,2054
9.860000e-2,1.65846,2058
9.861000e-2,1.65524,2054
9.862000e-2,1.65524,2054
9.863000e-2,1.65927,2059
9.864000e-2,1.65040,2048
9.865000e-2,1.66168,2062
9.866000e-2,1.64718,2044
9.867000e-2,1.65846,2058
9.868000e-2,1.64476,2041
9.869000e-2,1.66813,2070
9.870000e-2,1.64476,2041
9.871000e-2,1.66652,2068
9.872000e-2,1.65524,2054
9.873000e-2,1.66571,2067
9.874000e-2,1.64799,2045
9.875000e-2,1.66249,2063
9.876000e-2,1.65121,2049
9.877000e-2,1.65846,2058
9.878000e-2,1.65121,2049
9.879000e-2,1.65846,2058
9.880000e-2,1.65121,2049
9.881000e-2,1.66007,2060
9.882000e-2,1.64557,2042
9.883000e-2,1.66652,2068
9.884000e-2,1.64557,2042
9.885000e-2,1.65927,2059
9.886000e-2,1.65121,2049
9.887000e-2,1.65604,2055
9.888000e-2,1.65443,2053
9.889000e-2,1.65363,2052
9.890000e-2,1.65040,2048
9.891000e-2,1.66410,2065
9.892000e-2,1.65040,2048
9.893000e-2,1.65846,2058
9.894000e-2,1.65443,2053
9.895000e-2,1.66007,2060
9.896000e-2,1.65121,2049
9.897000e-2,1.65363,2052
9.898000e-2,1.66168,2062
9.899000e-2,1.64476,2041
9.900000e-2,1.66733,2069
9.901000e-2,1.64960,2047
9.902000e-2,1.65846,2058
9.903000e-2,1.65282,2051
9.904000e-2,1.65766,2057
9.905000e-2,1.65201,2050
9.906000e-2,1.65846,2058
9.907000e-2,1.65040,2048
9.908000e-2,1.65604,2055
9.909000e-2,1.65443,2053
9.910000e-2,1.64879,2046
9.911000e-2,1.66330,2064
9.912000e-2,1.64234,2038
9.913000e-2,1.66088,2061
9.914000e-2,1.65121,2049
9.915000e-2,1.65846,2058
9.916000e-2,1.65040,2048
9.917000e-2,1.65282,2051
9.918000e-2,1.65524,2054
9.919000e-2,1.65201,2050
9.920000e-2,1.66410,2065
9.921000e-2,1.64476,2041
9.922000e-2,1.65846,2058
9.923000e-2,1.65121,2049
9.924000e-2,1.65846,2058
9.925000e-2,1.64879,2046
9.926000e-2,1.65443,2053
9.927000e-2,1.65685,2056
9.928000e-2,1.65201,2050
9.929000e-2,1.66007,2060
9.930000e-2,1.64637,2043
9.931000e-2,1.66652,2068
9.932000e-2,1.65363,2052
9.933000e-2,1.66491,2066
9.934000e-2,1.65443,2053
9.935000e-2,1.65443,2053
9.936000e-2,1.65927,2059
9.937000e-2,1.65040,2048
9.938000e-2,1.66007,2060
9.939000e-2,1.65201,2050
9.940000e-2,1.66168,2062
9.941000e-2,1.64315,2039
9.942000e-2,1.67216,2075
9.943000e-2,1.64396,2040
9.944000e-2,1.67055,2073
9.945000e-2,1.66330,2064
9.946000e-2,1.62542,2017
9.947000e-2,1.69795,2107
9.948000e-2,1.60769,1995
9.949000e-2,1.68505,2091
9.950000e-2,1.65040,2048
9.951000e-2,1.63187,2025
9.952000e-2,1.71004,2122
9.953000e-2,1.60366,1990
9.954000e-2,1.71245,2125
9.955000e-2,1.63187,2025
9.956000e-2,1.63509,2029
9.957000e-2,1.72777,2144
9.958000e-2,1.57223,1951
9.959000e-2,1.73179,2149
9.960000e-2,1.62220,2013
9.961000e-2,1.62462,2016
9.962000e-2,1.74469,2165
9.963000e-2,1.53919,1910
9.964000e-2,1.76967,2196
9.965000e-2,1.58432,1966
9.966000e-2,1.64557,2042
9.967000e-2,1.75919,2183
9.968000e-2,1.49729,1858
9.969000e-2,1.82689,2267
9.970000e-2,1.52952,1898
9.971000e-2,1.67619,2080
9.972000e-2,1.74066,2160
9.973000e-2,1.46989,1824
9.974000e-2,1.88974,2345
9.975000e-2,1.45458,1805
9.976000e-2,1.77128,2198
9.977000e-2,1.68425,2090
9.978000e-2,1.49407,1854
9.979000e-2,1.90586,2365
9.980000e-2,1.39414,1730
9.981000e-2,1.84542,2290
9.982000e-2,1.60205,1988
9.983000e-2,1.54484,1917
9.984000e-2,1.90505,2364
9.985000e-2,1.34498,1669
9.986000e-2,1.93810,2405
9.987000e-2,1.49326,1853
9.988000e-2,1.63670,2031
9.989000e-2,1.85832,2306
9.990000e-2,1.31839,1636
9.991000e-2,2.03802,2529
9.992000e-2,1.35465,1681
9.993000e-2,1.78982,2221
9.994000e-2,1.73260,2150
9.995000e-2,1.38527,1719
9.996000e-2,2.04689,2540
9.997000e-2,1.26198,1566
9.998000e-2,1.93245,2398
9.999000e-2,1.57788,1958
1.000000e-1,1.49810,1859
1.000100e-1,2.02110,2508
1.000200e-1,1.18945,1476
1.000300e-1,2.08960,2593
1.000400e-1,1.36593,1695
1.000500e-1,1.70278,2113
1.000600e-1,1.86234,2311
1.000700e-1,1.25392,1556
1.000800e-1,2.15165,2670
1.000900e-1,1.20476,1495
1.001000e-1,1.93326,2399
1.001100e-1,1.63670,2031
1.001200e-1,1.41509,1756
1.001300e-1,2.09927,2605
1.001400e-1,1.12901,1401
1.001500e-1,2.11941,2630
1.001600e-1,1.37641,1708
1.001700e-1,1.66491,2066
1.001800e-1,1.92198,2385
1.001900e-1,1.18462,1470
1.002000e-1,2.21451,2748
1.002100e-1,1.14996,1427
1.002200e-1,1.97678,2453
1.002300e-1,1.60850,1996
1.002400e-1,1.42073,1763
1.002500e-1,2.10894,2617
1.002600e-1,1.08872,1351
1.002700e-1,2.18308,2709
1.002800e-1,1.29582,1608
1.002900e-1,1.76725,2193
1.003000e-1,1.84139,2285
1.003100e-1,1.23700,1535
1.003200e-1,2.20484,2736
1.003300e-1,1.11773,1387
1.003400e-1,2.05978,2556
1.003500e-1,1.49487,1855
1.003600e-1,1.53919,1910
1.003700e-1,2.02593,2514
1.003800e-1,1.13385,1407
1.003900e-1,2.21773,2752
1.004000e-1,1.19026,1477
1.004100e-1,1.91231,2373
1.004200e-1,1.66652,2068
1.004300e-1,1.38689,1721
1.004400e-1,2.12264,2634
1.004500e-1,1.11048,1378
1.004600e-1,2.15648,2676
1.004700e-1,1.30952,1625
1.004800e-1,1.77451,2202
1.004900e-1,1.79143,2223
1.005000e-1,1.30549,1620
1.005100e-1,2.14440,2661
1.005200e-1,1.14996,1427
1.005300e-1,2.06784,2566
1.005400e-1,1.41509,1756
1.005500e-1,1.66007,2060
1.005600e-1,1.87524,2327
1.005700e-1,1.26842,1574
1.005800e-1,2.12264,2634
1.005900e-1,1.21524,1508
1.006000e-1,1.97758,2454
1.006100e-1,1.51018,1874
1.006200e-1,1.59319,1977
1.006300e-1,1.90828,2368
1.006400e-1,1.27648,1584
1.006500e-1,2.08234,2584
1.006600e-1,1.27971,1588
1.006700e-1,1.91634,2378
1.006800e-1,1.56337,1940
1.006900e-1,1.56256,1939
1.007000e-1,1.90586,2365
1.007100e-1,1.31436,1631
1.007200e-1,2.02674,2515
1.007300e-1,1.32806,1648
1.007400e-1,1.87846,2331
1.007500e-1,1.57626,1956
1.007600e-1,1.58271,1964
1.007700e-1,1.85993,2308
1.007800e-1,1.36513,1694
1.007900e-1,1.97597,2452
1.008000e-1,1.37560,1707
1.008100e-1,1.84703,2292
1.008200e-1,1.57788,1958
1.008300e-1,1.61414,2003
1.008400e-1,1.79707,2230
1.008500e-1,1.43927,1786
1.008600e-1,1.90103,2359
1.008700e-1,1.42960,1774
1.008800e-1,1.82930,2270
1.008900e-1,1.56256,1939
1.009000e-1,1.65282,2051
1.009100e-1,1.74872,2170
1.009200e-1,1.50696,1870
1.009300e-1,1.83092,2272
1.009400e-1,1.48762,1846
1.009500e-1,1.78821,2219
1.009600e-1,1.57707,1957
1.009700e-1,1.67216,2075
1.009800e-1,1.69956,2109
1.009900e-1,1.55773,1933
1.010000e-1,1.77289,2200
1.010100e-1,1.53678,1907
1.010200e-1,1.75355,2176
1.010300e-1,1.58593,1968
1.010400e-1,1.68183,2087
1.010500e-1,1.67055,2073
1.010600e-1,1.61253,2001
1.010700e-1,1.72374,2139
1.010800e-1,1.56982,1948
1.010900e-1,1.73260,2150
1.011000e-1,1.59158,1975
1.011100e-1,1.69714,2106
1.011200e-1,1.63912,2034
1.011300e-1,1.65443,2053
1.011400e-1,1.67377,2077
1.011500e-1,1.63106,2024
1.011600e-1,1.68264,2088
1.011700e-1,1.62784,2020
1.011800e-1,1.67619,2080
1.011900e-1,1.63993,2035
1.012000e-1,1.65685,2056
1.012100e-1,1.64960,2047
1.012200e-1,1.66088,2061
1.012300e-1,1.65524,2054
1.012400e-1,1.65363,2052
1.012500e-1,1.65604,2055
1.012600e-1,1.65443,2053
1.012700e-1,1.65443,2053
1.012800e-1,1.65604,2055
1.012900e-1,1.65685,2056
1.013000e-1,1.65201,2050
1.013100e-1,1.66088,2061
1.013200e-1,1.64396,2040
1.013300e-1,1.66733,2069
1.013400e-1,1.65443,2053
1.013500e-1,1.65766,2057
1.013600e-1,1.65363,2052
1.013700e-1,1.66330,2064
1.013800e-1,1.65201,2050
1.013900e-1,1.65685,2056
1.014000e-1,1.65524,2054
1.014100e-1,1.65524,2054
1.014200e-1,1.65927,2059
1.014300e-1,1.65121,2049
1.014400e-1,1.66733,2069
1.014500e-1,1.64154,2037
1.014600e-1,1.66088,2061
1.014700e-1,1.64799,2045
1.014800e-1,1.65685,2056
1.014900e-1,1.64637,2043
1.015000e-1,1.65604,2055
1.015100e-1,1.65282,2051
1.015200e-1,1.65121,2049
1.015300e-1,1.66088,2061
1.015400e-1,1.65201,2050
1.015500e-1,1.65201,2050
1.015600e-1,1.65604,2055
1.015700e-1,1.66088,2061
1.015800e-1,1.63590,2030
1.015900e-1,1.66571,2067
1.016000e-1,1.66330,2064
1.016100e-1,1.65685,2056
1.016200e-1,1.65121,2049
1.016300e-1,1.66007,2060
1.016400e-1,1.65363,2052
1.016500e-1,1.65524,2054
1.016600e-1,1.66974,2072
1.016700e-1,1.64879,2046
1.016800e-1,1.66410,2065
1.016900e-1,1.64557,2042
1.017000e-1,1.65766,2057
1.017100e-1,1.65443,2053
1.017200e-1,1.65766,2057
1.017300e-1,1.65282,2051
1.017400e-1,1.65604,2055
1.017500e-1,1.65363,2052
1.017600e-1,1.65201,2050
1.017700e-1,1.65927,2059
1.017800e-1,1.64879,2046
1.017900e-1,1.66571,2067
1.018000e-1,1.64396,2040
1.018100e-1,1.66733,2069
1.018200e-1,1.65282,2051
1.018300e-1,1.65685,2056
1.018400e-1,1.65363,2052
1.018500e-1,1.66007,2060
1.018600e-1,1.64718,2044
1.018700e-1,1.65363,2052
1.018800e-1,1.65766,2057
1.018900e-1,1.65282,2051
1.019000e-1,1.66088,2061
1.019100e-1,1.65040,2048
1.019200e-1,1.66330,2064
1.019300e-1,1.64879,2046
1.019400e-1,1.66894,2071
1.019500e-1,1.64718,2044
1.019600e-1,1.65846,2058
1.019700e-1,1.65040,2048
1.019800e-1,1.66007,2060
1.019900e-1,1.65201,2050
1.020000e-1,1.65927,2059
1.020100e-1,1.65443,2053
1.020200e-1,1.65363,2052
1.020300e-1,1.65604,2055
1.020400e-1,1.65604,2055
1.020500e-1,1.66652,2068
1.020600e-1,1.64476,2041
1.020700e-1,1.65927,2059
1.020800e-1,1.64960,2047
1.020900e-1,1.65846,2058
1.021000e-1,1.64637,2043
1.021100e-1,1.65685,2056
1.021200e-1,1.66007,2060
1.021300e-1,1.64879,2046
1.021400e-1,1.66491,2066
1.021500e-1,1.64960,2047
1.021600e-1,1.66410,2065
1.021700e-1,1.64476,2041
1.021800e-1,1.66733,2069
1.021900e-1,1.63912,2034
1.022000e-1,1.65040,2048
1.022100e-1,1.65121,2049
1.022200e-1,1.65685,2056
1.022300e-1,1.65766,2057
1.022400e-1,1.65524,2054
1.022500e-1,1.66249,2063
1.022600e-1,1.65040,2048
1.022700e-1,1.66813,2070
1.022800e-1,1.64154,2037
1.022900e-1,1.65927,2059
1.023000e-1,1.65443,2053
1.023100e-1,1.65766,2057
1.023200e-1,1.65282,2051
1.023300e-1,1.64879,2046
1.023400e-1,1.65604,2055
1.023500e-1,1.65282,2051
1.023600e-1,1.66007,2060
1.023700e-1,1.64718,2044
1.023800e-1,1.66410,2065
1.023900e-1,1.64557,2042
1.024000e-1,1.65846,2058
1.024100e-1,1.65685,2056
1.024200e-1,1.64879,2046
1.024300e-1,1.65846,2058
1.024400e-1,1.65282,2051
1.024500e-1,1.66330,2064
1.024600e-1,1.64476,2041
1.024700e-1,1.65846,2058
1.024800e-1,1.65282,2051
1.024900e-1,1.65766,2057
1.025000e-1,1.65121,2049
1.025100e-1,1.65766,2057
1.025200e-1,1.65443,2053
1.025300e-1,1.64879,2046
1.025400e-1,1.66894,2071
1.025500e-1,1.64799,2045
1.025600e-1,1.65685,2056
1.025700e-1,1.65604,2055
1.025800e-1,1.65846,2058
1.025900e-1,1.64718,2044
1.026000e-1,1.65363,2052
1.026100e-1,1.66410,2065
1.026200e-1,1.64879,2046
1.026300e-1,1.66330,2064
1.026400e-1,1.64718,2044
1.026500e-1,1.66652,2068
1.026600e-1,1.64154,2037
1.026700e-1,1.65927,2059
1.026800e-1,1.65766,2057
1.026900e-1,1.65927,2059
1.027000e-1,1.64879,2046
1.027100e-1,1.65846,2058
1.027200e-1,1.64799,2045
1.027300e-1,1.65685,2056
1.027400e-1,1.65604,2055
1.027500e-1,1.65363,2052
1.027600e-1,1.65766,2057
1.027700e-1,1.65604,2055
1.027800e-1,1.66007,2060
1.027900e-1,1.65282,2051
1.028000e-1,1.66491,2066
1.028100e-1,1.64396,2040
1.028200e-1,1.66088,2061
1.028300e-1,1.65201,2050
1.028400e-1,1.65443,2053
1.028500e-1,1.65040,2048
1.028600e-1,1.66410,2065
1.028700e-1,1.65121,2049
1.028800e-1,1.65604,2055
1.028900e-1,1.65524,2054
1.029000e-1,1.65201,2050
1.029100e-1,1.65766,2057
1.029200e-1,1.65121,2049
1.029300e-1,1.66491,2066
1.029400e-1,1.65443,2053
1.029500e-1,1.66652,2068
1.029600e-1,1.65121,2049
1.029700e-1,1.65927,2059
1.029800e-1,1.65443,2053
1.029900e-1,1.66813,2070
1.030000e-1,1.65201,2050
1.030100e-1,1.66168,2062
1.030200e-1,1.64960,2047
1.030300e-1,1.66894,2071
1.030400e-1,1.65443,2053
1.030500e-1,1.65443,2053
1.030600e-1,1.65927,2059
1.030700e-1,1.64557,2042
1.030800e-1,1.66571,2067
1.030900e-1,1.64637,2043
1.031000e-1,1.65443,2053
1.031100e-1,1.65363,2052
1.031200e-1,1.66168,2062
1.031300e-1,1.65524,2054
1.031400e-1,1.65282,2051
1.031500e-1,1.66813,2070
1.031600e-1,1.65201,2050
1.031700e-1,1.66491,2066
1.031800e-1,1.63993,2035
1.031900e-1,1.66410,2065
1.032000e-1,1.65121,2049
1.032100e-1,1.65604,2055
1.032200e-1,1.65363,2052
1.032300e-1,1.65766,2057
1.032400e-1,1.65040,2048
1.032500e-1,1.66249,2063
1.032600e-1,1.64960,2047
1.032700e-1,1.65363,2052
1.032800e-1,1.65282,2051
1.032900e-1,1.65604,2055
1.033000e-1,1.65363,2052
1.033100e-1,1.65363,2052
1.033200e-1,1.65604,2055
1.033300e-1,1.65604,2055
1.033400e-1,1.64879,2046
1.033500e-1,1.65201,2050
1.033600e-1,1.66652,2068
1.033700e-1,1.64637,2043
1.033800e-1,1.66168,2062
1.033900e-1,1.64315,2039
1.034000e-1,1.66491,2066
1.034100e-1,1.64557,2042
1.034200e-1,1.66007,2060
1.034300e-1,1.64637,2043
1.034400e-1,1.66652,2068
1.034500e-1,1.65040,2048
1.034600e-1,1.66088,2061
1.034700e-1,1.64879,2046
1.034800e-1,1.65524,2054
1.034900e-1,1.65121,2049
1.035000e-1,1.65766,2057
1.035100e-1,1.65604,2055
1.035200e-1,1.65524,2054
1.035300e-1,1.65685,2056
1.035400e-1,1.65282,2051
1.035500e-1,1.66410,2065
1.035600e-1,1.64637,2043
1.035700e-1,1.66410,2065
1.035800e-1,1.64637,2043
1.035900e-1,1.66652,2068
1.036000e-1,1.65040,2048
1.036100e-1,1.66491,2066
1.036200e-1,1.65282,2051
1.036300e-1,1.66652,2068
1.036400e-1,1.65363,2052
1.036500e-1,1.65927,2059
1.036600e-1,1.65121,2049
1.036700e-1,1.65927,2059
1.036800e-1,1.65604,2055
1.036900e-1,1.65201,2050
1.037000e-1,1.65524,2054
1.037100e-1,1.65201,2050
1.037200e-1,1.66410,2065
1.037300e-1,1.64718,2044
1.037400e-1,1.66652,2068
1.037500e-1,1.64234,2038
1.037600e-1,1.66330,2064
1.037700e-1,1.65846,2058
1.037800e-1,1.66894,2071
1.037900e-1,1.65121,2049
1.038000e-1,1.65766,2057
1.038100e-1,1.65443,2053
1.038200e-1,1.66088,2061
1.038300e-1,1.65201,2050
1.038400e-1,1.66007,2060
1.038500e-1,1.65363,2052
1.038600e-1,1.66007,2060
1.038700e-1,1.65363,2052
1.038800e-1,1.65604,2055
1.038900e-1,1.65282,2051
1.039000e-1,1.65766,2057
1.039100e-1,1.65443,2053
1.039200e-1,1.65766,2057
1.039300e-1,1.65040,2048
1.039400e-1,1.66733,2069
1.039500e-1,1.65282,2051
1.039600e-1,1.65766,2057
1.039700e-1,1.64960,2047
1.039800e-1,1.65766,2057
1.039900e-1,1.64396,2040
1.040000e-1,1.65846,2058
1.040100e-1,1.65524,2054
1.040200e-1,1.65524,2054
1.040300e-1,1.65685,2056
1.040400e-1,1.65766,2057
1.040500e-1,1.66007,2060
1.040600e-1,1.64154,2037
1.040700e-1,1.66088,2061
1.040800e-1,1.64234,2038
1.040900e-1,1.66491,2066
1.041000e-1,1.63912,2034
1.041100e-1,1.66330,2064
1.041200e-1,1.65282,2051
1.041300e-1,1.65685,2056
1.041400e-1,1.65443,2053
1.041500e-1,1.66088,2061
1.041600e-1,1.64799,2045
1.041700e-1,1.65443,2053
1.041800e-1,1.65121,2049
1.041900e-1,1.65846,2058
1.042000e-1,1.65363,2052
1.042100e-1,1.65685,2056
1.042200e-1,1.66168,2062
1.042300e-1,1.66410,2065
1.042400e-1,1.66088,2061
1.042500e-1,1.63912,2034
1.042600e-1,1.66813,2070
1.042700e-1,1.64396,2040
1.042800e-1,1.67055,2073
1.042900e-1,1.65282,2051
1.043000e-1,1.67055,2073
1.043100e-1,1.65282,2051
1.043200e-1,1.65685,2056
1.043300e-1,1.64637,2043
1.043400e-1,1.65201,2050
1.043500e-1,1.65282,2051
1.043600e-1,1.65846,2058
1.043700e-1,1.65363,2052
1.043800e-1,1.66410,2065
1.043900e-1,1.65282,2051
1.044000e-1,1.65604,2055
1.044100e-1,1.66571,2067
1.044200e-1,1.65040,2048
1.044300e-1,1.65846,2058
1.044400e-1,1.65201,2050
1.044500e-1,1.65766,2057
1.044600e-1,1.64799,2045
1.044700e-1,1.66168,2062
1.044800e-1,1.64154,2037
1.044900e-1,1.66330,2064
1.045000e-1,1.64879,2046
1.045100e-1,1.66491,2066
1.045200e-1,1.64476,2041
1.045300e-1,1.66974,2072
1.045400e-1,1.64396,2040
1.045500e-1,1.66652,2068
1.045600e-1,1.64396,2040
1.045700e-1,1.66491,2066
1.045800e-1,1.65201,2050
1.045900e-1,1.65685,2056
1.046000e-1,1.65443,2053
1.046100e-1,1.65766,2057
1.046200e-1,1.65685,2056
1.046300e-1,1.65766,2057
1.046400e-1,1.65040,2048
1.046500e-1,1.65524,2054
1.046600e-1,1.65524,2054
1.046700e-1,1.65604,2055
1.046800e-1,1.65604,2055
1.046900e-1,1.65363,2052
1.047000e-1,1.65927,2059
1.047100e-1,1.64879,2046
1.047200e-1,1.66733,2069
1.047300e-1,1.64799,2045
1.047400e-1,1.66813,2070
1.047500e-1,1.64879,2046
1.047600e-1,1.66088,2061
1.047700e-1,1.65524,2054
1.047800e-1,1.65927,2059
1.047900e-1,1.65282,2051
1.048000e-1,1.65685,2056
1.048100e-1,1.65121,2049
1.048200e-1,1.65846,2058
1.048300e-1,1.65363,2052
1.048400e-1,1.65443,2053
1.048500e-1,1.65766,2057
1.048600e-1,1.65363,2052
1.048700e-1,1.65846,2058
1.048800e-1,1.64960,2047
1.048900e-1,1.66330,2064
1.049000e-1,1.64557,2042
1.049100e-1,1.66571,2067
1.049200e-1,1.64960,2047
1.049300e-1,1.65040,2048
1.049400e-1,1.65121,2049
1.049500e-1,1.65927,2059
1.049600e-1,1.65040,2048
1.049700e-1,1.66974,2072
1.049800e-1,1.65363,2052
1.049900e-1,1.65846,2058
1.050000e-1,1.65201,2050
1.050100e-1,1.65524,2054
1.050200e-1,1.65846,2058
1.050300e-1,1.65121,2049
1.050400e-1,1.66007,2060
1.050500e-1,1.64718,2044
1.050600e-1,1.66330,2064
1.050700e-1,1.63751,2032
1.050800e-1,1.66249,2063
1.050900e-1,1.65685,2056
1.051000e-1,1.65524,2054
1.051100e-1,1.65282,2051
1.051200e-1,1.65846,2058
1.051300e-1,1.65121,2049
1.051400e-1,1.65363,2052
1.051500e-1,1.65201,2050
1.051600e-1,1.66007,2060
1.051700e-1,1.65121,2049
1.051800e-1,1.65443,2053
1.051900e-1,1.65282,2051
1.052000e-1,1.65604,2055
1.052100e-1,1.65846,2058
1.052200e-1,1.65604,2055
1.052300e-1,1.66168,2062
1.052400e-1,1.65282,2051
1.052500e-1,1.66168,2062
1.052600e-1,1.64960,2047
1.052700e-1,1.66410,2065
1.052800e-1,1.65121,2049
1.052900e-1,1.65282,2051
1.053000e-1,1.64557,2042
1.053100e-1,1.65685,2056
1.053200e-1,1.65201,2050
1.053300e-1,1.65282,2051
1.053400e-1,1.66168,2062
1.053500e-1,1.64960,2047
1.053600e-1,1.66813,2070
1.053700e-1,1.64396,2040
1.053800e-1,1.66330,2064
1.053900e-1,1.65201,2050
1.054000e-1,1.65524,2054
1.054100e-1,1.64960,2047
1.054200e-1,1.66571,2067
1.054300e-1,1.65121,2049
1.054400e-1,1.65927,2059
1.054500e-1,1.65927,2059
1.054600e-1,1.65443,2053
1.054700e-1,1.66007,2060
1.054800e-1,1.63993,2035
1.054900e-1,1.66733,2069
1.055000e-1,1.65040,2048
1.055100e-1,1.66330,2064
1.055200e-1,1.65282,2051
1.055300e-1,1.65685,2056
1.055400e-1,1.65604,2055
1.055500e-1,1.65363,2052
1.055600e-1,1.65846,2058
1.055700e-1,1.65201,2050
1.055800e-1,1.66007,2060
1.055900e-1,1.63590,2030
1.056000e-1,1.67136,2074
1.056100e-1,1.64637,2043
1.056200e-1,1.65846,2058
1.056300e-1,1.65363,2052
1.056400e-1,1.66168,2062
1.056500e-1,1.65121,2049
1.056600e-1,1.64799,2045
1.056700e-1,1.66168,2062
1.056800e-1,1.64637,2043
1.056900e-1,1.66491,2066
1.057000e-1,1.64960,2047
1.057100e-1,1.66168,2062
1.057200e-1,1.65363,2052
1.057300e-1,1.66330,2064
1.057400e-1,1.65201,2050
1.057500e-1,1.65524,2054
1.057600e-1,1.65766,2057
1.057700e-1,1.64879,2046
1.057800e-1,1.66168,2062
1.057900e-1,1.64315,2039
1.058000e-1,1.66168,2062
1.058100e-1,1.64960,2047
1.058200e-1,1.65927,2059
1.058300e-1,1.65201,2050
1.058400e-1,1.65443,2053
1.058500e-1,1.65604,2055
1.058600e-1,1.65121,2049
1.058700e-1,1.66491,2066
1.058800e-1,1.64557,2042
1.058900e-1,1.66652,2068
1.059000e-1,1.65604,2055
1.059100e-1,1.65927,2059
1.059200e-1,1.64879,2046
1.059300e-1,1.65846,2058
1.059400e-1,1.65040,2048
1.059500e-1,1.65927,2059
1.059600e-1,1.65685,2056
1.059700e-1,1.65201,2050
1.059800e-1,1.66007,2060
1.059900e-1,1.64637,2043
1.060000e-1,1.65927,2059
1.060100e-1,1.65040,2048
1.060200e-1,1.65363,2052
1.060300e-1,1.65443,2053
1.060400e-1,1.65524,2054
1.060500e-1,1.66571,2067
1.060600e-1,1.64476,2041
1.060700e-1,1.66974,2072
1.060800e-1,1.64879,2046
1.060900e-1,1.65443,2053
1.061000e-1,1.65201,2050
1.061100e-1,1.65524,2054
1.061200e-1,1.64960,2047
1.061300e-1,1.65201,2050
1.061400e-1,1.66088,2061
1.061500e-1,1.64960,2047
1.061600e-1,1.66571,2067
1.061700e-1,1.64476,2041
1.061800e-1,1.66410,2065
1.061900e-1,1.65363,2052
1.062000e-1,1.66249,2063
1.062100e-1,1.65363,2052
1.062200e-1,1.64960,2047
1.062300e-1,1.65766,2057
1.062400e-1,1.64799,2045
1.062500e-1,1.66571,2067
1.062600e-1,1.64960,2047
1.062700e-1,1.65363,2052
1.062800e-1,1.65927,2059
1.062900e-1,1.65927,2059
1.063000e-1,1.65363,2052
1.063100e-1,1.65766,2057
1.063200e-1,1.65685,2056
1.063300e-1,1.65282,2051
1.063400e-1,1.66007,2060
1.063500e-1,1.64799,2045
1.063600e-1,1.66410,2065
1.063700e-1,1.64476,2041
1.063800e-1,1.65766,2057
1.063900e-1,1.65443,2053
1.064000e-1,1.66007,2060
1.064100e-1,1.65040,2048
1.064200e-1,1.66330,2064
1.064300e-1,1.65040,2048
1.064400e-1,1.65846,2058
1.064500e-1,1.65766,2057
1.064600e-1,1.65363,2052
1.064700e-1,1.65685,2056
1.064800e-1,1.64799,2045
1.064900e-1,1.66491,2066
1.065000e-1,1.64073,2036
1.065100e-1,1.66410,2065
1.065200e-1,1.65363,2052
1.065300e-1,1.65766,2057
1.065400e-1,1.65282,2051
1.065500e-1,1.65846,2058
1.065600e-1,1.65282,2051
1.065700e-1,1.65443,2053
1.065800e-1,1.65282,2051
1.065900e-1,1.65766,2057
1.066000e-1,1.65604,2055
1.066100e-1,1.65201,2050
1.066200e-1,1.65846,2058
1.066300e-1,1.64557,2042
1.066400e-1,1.66571,2067
1.066500e-1,1.65040,2048
1.066600e-1,1.66249,2063
1.066700e-1,1.64396,2040
1.066800e-1,1.66410,2065
1.066900e-1,1.64396,2040
1.067000e-1,1.66491,2066
1.067100e-1,1.65040,2048
1.067200e-1,1.66007,2060
1.067300e-1,1.65201,2050
1.067400e-1,1.65766,2057
1.067500e-1,1.65121,2049
1.067600e-1,1.65846,2058
1.067700e-1,1.64718,2044
1.067800e-1,1.65604,2055
1.067900e-1,1.65282,2051
1.068000e-1,1.65846,2058
1.068100e-1,1.65524,2054
1.068200e-1,1.65846,2058
1.068300e-1,1.65604,2055
1.068400e-1,1.65685,2056
1.068500e-1,1.65121,2049
1.068600e-1,1.65363,2052
1.068700e-1,1.65604,2055
1.068800e-1,1.65604,2055
1.068900e-1,1.65846,2058
1.069000e-1,1.65524,2054
1.069100e-1,1.65846,2058
1.069200e-1,1.65121,2049
1.069300e-1,1.65604,2055
1.069400e-1,1.65604,2055
1.069500e-1,1.65927,2059
1.069600e-1,1.64799,2045
1.069700e-1,1.66007,2060
1.069800e-1,1.64960,2047
1.069900e-1,1.65121,2049
1.070000e-1,1.65363,2052
1.070100e-1,1.66168,2062
1.070200e-1,1.64073,2036
1.070300e-1,1.66813,2070
1.070400e-1,1.64960,2047
1.070500e-1,1.66410,2065
1.070600e-1,1.64799,2045
1.070700e-1,1.66733,2069
1.070800e-1,1.65282,2051
1.070900e-1,1.65766,2057
1.071000e-1,1.66410,2065
1.071100e-1,1.65524,2054
1.071200e-1,1.65524,2054
1.071300e-1,1.65443,2053
1.071400e-1,1.66088,2061
1.071500e-1,1.64799,2045
1.071600e-1,1.66168,2062
1.071700e-1,1.64557,2042
1.071800e-1,1.65604,2055
1.071900e-1,1.65121,2049
1.072000e-1,1.66088,2061
1.072100e-1,1.65766,2057
1.072200e-1,1.65846,2058
1.072300e-1,1.65524,2054
1.072400e-1,1.65363,2052
1.072500e-1,1.65363,2052
1.072600e-1,1.65282,2051
1.072700e-1,1.66410,2065
1.072800e-1,1.64396,2040
1.072900e-1,1.65846,2058
1.073000e-1,1.64396,2040
1.073100e-1,1.66813,2070
1.073200e-1,1.65201,2050
1.073300e-1,1.66974,2072
1.073400e-1,1.65040,2048
1.073500e-1,1.65927,2059
1.073600e-1,1.65363,2052
1.073700e-1,1.66007,2060
1.073800e-1,1.65040,2048
1.073900e-1,1.65685,2056
1.074000e-1,1.65604,2055
1.074100e-1,1.65443,2053
1.074200e-1,1.65363,2052
1.074300e-1,1.65604,2055
1.074400e-1,1.65524,2054
1.074500e-1,1.65040,2048
1.074600e-1,1.66571,2067
1.074700e-1,1.64476,2041
1.074800e-1,1.66813,2070
1.074900e-1,1.64073,2036
1.075000e-1,1.66733,2069
1.075100e-1,1.64557,2042
1.075200e-1,1.65846,2058
1.075300e-1,1.65282,2051
1.075400e-1,1.65685,2056
1.075500e-1,1.65363,2052
1.075600e-1,1.65604,2055
1.075700e-1,1.65121,2049
1.075800e-1,1.64718,2044
1.075900e-1,1.65685,2056
1.076000e-1,1.64960,2047
1.076100e-1,1.66088,2061
1.076200e-1,1.64879,2046
1.076300e-1,1.66249,2063
1.076400e-1,1.64718,2044
1.076500e-1,1.66330,2064
1.076600e-1,1.64799,2045
1.076700e-1,1.66813,2070
1.076800e-1,1.64073,2036
1.076900e-1,1.66007,2060
1.077000e-1,1.65363,2052
1.077100e-1,1.65846,2058
1.077200e-1,1.64557,2042
1.077300e-1,1.65685,2056
1.077400e-1,1.65524,2054
1.077500e-1,1.65443,2053
1.077600e-1,1.65363,2052
1.077700e-1,1.66007,2060
1.077800e-1,1.65121,2049
1.077900e-1,1.65766,2057
1.078000e-1,1.65443,2053
1.078100e-1,1.66007,2060
1.078200e-1,1.65040,2048
1.078300e-1,1.66813,2070
1.078400e-1,1.64960,2047
1.078500e-1,1.65685,2056
1.078600e-1,1.65363,2052
1.078700e-1,1.65927,2059
1.078800e-1,1.65927,2059
1.078900e-1,1.65846,2058
1.079000e-1,1.65040,2048
1.079100e-1,1.65927,2059
1.079200e-1,1.64799,2045
1.079300e-1,1.65282,2051
1.079400e-1,1.65927,2059
1.079500e-1,1.65121,2049
1.079600e-1,1.65927,2059
1.079700e-1,1.65201,2050
1.079800e-1,1.66491,2066
1.079900e-1,1.64234,2038
1.080000e-1,1.66007,2060
1.080100e-1,1.65201,2050
1.080200e-1,1.66007,2060
1.080300e-1,1.65201,2050
1.080400e-1,1.65927,2059
1.080500e-1,1.65282,2051
1.080600e-1,1.65685,2056
1.080700e-1,1.65604,2055
1.080800e-1,1.65363,2052
1.080900e-1,1.66088,2061
1.081000e-1,1.64396,2040
1.081100e-1,1.66733,2069
1.081200e-1,1.64637,2043
1.081300e-1,1.65766,2057
1.081400e-1,1.65201,2050
1.081500e-1,1.66007,2060
1.081600e-1,1.64799,2045
1.081700e-1,1.66007,2060
1.081800e-1,1.65121,2049
1.081900e-1,1.65604,2055
1.082000e-1,1.64315,2039
1.082100e-1,1.66491,2066
1.082200e-1,1.65766,2057
1.082300e-1,1.65282,2051
1.082400e-1,1.65443,2053
1.082500e-1,1.65766,2057
1.082600e-1,1.65443,2053
1.082700e-1,1.65766,2057
1.082800e-1,1.65443,2053
1.082900e-1,1.65927,2059
1.083000e-1,1.65685,2056
1.083100e-1,1.65685,2056
1.083200e-1,1.65927,2059
1.083300e-1,1.65685,2056
1.083400e-1,1.65846,2058
1.083500e-1,1.64799,2045
1.083600e-1,1.66330,2064
1.083700e-1,1.64154,2037
1.083800e-1,1.66007,2060
1.083900e-1,1.65363,2052
1.084000e-1,1.65846,2058
1.084100e-1,1.65040,2048
1.084200e-1,1.65846,2058
1.084300e-1,1.65443,2053
1.084400e-1,1.65524,2054
1.084500e-1,1.65443,2053
1.084600e-1,1.64557,2042
1.084700e-1,1.66491,2066
1.084800e-1,1.64718,2044
1.084900e-1,1.66894,2071
1.085000e-1,1.64718,2044
1.085100e-1,1.65685,2056
1.085200e-1,1.65363,2052
1.085300e-1,1.65604,2055
1.085400e-1,1.65524,2054
1.085500e-1,1.64799,2045
1.085600e-1,1.65282,2051
1.085700e-1,1.65282,2051
1.085800e-1,1.66330,2064
1.085900e-1,1.64799,2045
1.086000e-1,1.66491,2066
1.086100e-1,1.64960,2047
1.086200e-1,1.66733,2069
1.086300e-1,1.65282,2051
1.086400e-1,1.65685,2056
1.086500e-1,1.65363,2052
1.086600e-1,1.66007,2060
1.086700e-1,1.65201,2050
1.086800e-1,1.65766,2057
1.086900e-1,1.65282,2051
1.087000e-1,1.64396,2040
1.087100e-1,1.66652,2068
1.087200e-1,1.64396,2040
1.087300e-1,1.65604,2055
1.087400e-1,1.65201,2050
1.087500e-1,1.65524,2054
1.087600e-1,1.65604,2055
1.087700e-1,1.65121,2049
1.087800e-1,1.66571,2067
1.087900e-1,1.64557,2042
1.088000e-1,1.65846,2058
1.088100e-1,1.65363,2052
1.088200e-1,1.66088,2061
1.088300e-1,1.65121,2049
1.088400e-1,1.65766,2057
1.088500e-1,1.65443,2053
1.088600e-1,1.65363,2052
1.088700e-1,1.66007,2060
1.088800e-1,1.64476,2041
1.088900e-1,1.66652,2068
1.089000e-1,1.65121,2049
1.089100e-1,1.65121,2049
1.089200e-1,1.65282,2051
1.089300e-1,1.66007,2060
1.089400e-1,1.65524,2054
1.089500e-1,1.65121,2049
1.089600e-1,1.66733,2069
1.089700e-1,1.64879,2046
1.089800e-1,1.65282,2051
1.089900e-1,1.65201,2050
1.090000e-1,1.65766,2057
1.090100e-1,1.66168,2062
1.090200e-1,1.64718,2044
1.090300e-1,1.66974,2072
1.090400e-1,1.65121,2049
1.090500e-1,1.66088,2061
1.090600e-1,1.65363,2052
1.090700e-1,1.65846,2058
1.090800e-1,1.65363,2052
1.090900e-1,1.65121,2049
1.091000e-1,1.66168,2062
1.091100e-1,1.63832,2033
1.091200e-1,1.65927,2059
1.091300e-1,1.65121,2049
1.091400e-1,1.65766,2057
1.091500e-1,1.65201,2050
1.091600e-1,1.65685,2056
1.091700e-1,1.65604,2055
1.091800e-1,1.65121,2049
1.091900e-1,1.65685,2056
1.092000e-1,1.64637,2043
1.092100e-1,1.66249,2063
1.092200e-1,1.65040,2048
1.092300e-1,1.66249,2063
1.092400e-1,1.65363,2052
1.092500e-1,1.65524,2054
1.092600e-1,1.66088,2061
1.092700e-1,1.64476,2041
1.092800e-1,1.66491,2066
1.092900e-1,1.65282,2051
1.093000e-1,1.65927,2059
1.093100e-1,1.65524,2054
1.093200e-1,1.65363,2052
1.093300e-1,1.65524,2054
1.093400e-1,1.64557,2042
1.093500e-1,1.66330,2064
1.093600e-1,1.65443,2053
1.093700e-1,1.65846,2058
1.093800e-1,1.64799,2045
1.093900e-1,1.65201,2050
1.094000e-1,1.65766,2057
1.094100e-1,1.64960,2047
1.094200e-1,1.66491,2066
1.094300e-1,1.65443,2053
1.094400e-1,1.65846,2058
1.094500e-1,1.65282,2051
1.094600e-1,1.65524,2054
1.094700e-1,1.66088,2061
1.094800e-1,1.64396,2040
1.094900e-1,1.66330,2064
1.095000e-1,1.65443,2053
1.095100e-1,1.66249,2063
1.095200e-1,1.65363,2052
1.095300e-1,1.66571,2067
1.095400e-1,1.65927,2059
1.095500e-1,1.64718,2044
1.095600e-1,1.66813,2070
1.095700e-1,1.65282,2051
1.095800e-1,1.65443,2053
1.095900e-1,1.65363,2052
1.096000e-1,1.65282,2051
1.096100e-1,1.65524,2054
1.096200e-1,1.64799,2045
1.096300e-1,1.66571,2067
1.096400e-1,1.64396,2040
1.096500e-1,1.66410,2065
1.096600e-1,1.65040,2048
1.096700e-1,1.66088,2061
1.096800e-1,1.65040,2048
1.096900e-1,1.66088,2061
1.097000e-1,1.66168,2062
1.097100e-1,1.65766,2057
1.097200e-1,1.65524,2054
1.097300e-1,1.65685,2056
1.097400e-1,1.65524,2054
1.097500e-1,1.65685,2056
1.097600e-1,1.66007,2060
1.097700e-1,1.64718,2044
1.097800e-1,1.66330,2064
1.097900e-1,1.64557,2042
1.098000e-1,1.66491,2066
1.098100e-1,1.64154,2037
1.098200e-1,1.65604,2055
1.098300e-1,1.65040,2048
1.098400e-1,1.65846,2058
1.098500e-1,1.65201,2050
1.098600e-1,1.65685,2056
1.098700e-1,1.65363,2052
1.098800e-1,1.65363,2052
1.098900e-1,1.65927,2059
1.099000e-1,1.64234,2038
1.099100e-1,1.66007,2060
1.099200e-1,1.64476,2041
1.099300e-1,1.65524,2054
1.099400e-1,1.64799,2045
1.099500e-1,1.66007,2060
1.099600e-1,1.65201,2050
1.099700e-1,1.65524,2054
1.099800e-1,1.65282,2051
1.099900e-1,1.65685,2056
1.100000e-1,1.65685,2056
1.100100e-1,1.65201,2050
1.100200e-1,1.66168,2062
1.100300e-1,1.64637,2043
1.100400e-1,1.66249,2063
1.100500e-1,1.65121,2049
1.100600e-1,1.65766,2057
1.100700e-1,1.64718,2044
1.100800e-1,1.66007,2060
1.100900e-1,1.65201,2050
1.101000e-1,1.65685,2056
1.101100e-1,1.65604,2055
1.101200e-1,1.65443,2053
1.101300e-1,1.65766,2057
1.101400e-1,1.65201,2050
1.101500e-1,1.65927,2059
1.101600e-1,1.64799,2045
1.101700e-1,1.66733,2069
1.101800e-1,1.64637,2043
1.101900e-1,1.66652,2068
1.102000e-1,1.65363,2052
1.102100e-1,1.66652,2068
1.102200e-1,1.65040,2048
1.102300e-1,1.65927,2059
1.102400e-1,1.65282,2051
1.102500e-1,1.65766,2057
1.102600e-1,1.65121,2049
1.102700e-1,1.65443,2053
1.102800e-1,1.66249,2063
1.102900e-1,1.64396,2040
1.103000e-1,1.66813,2070
1.103100e-1,1.64879,2046
1.103200e-1,1.65846,2058
1.103300e-1,1.65040,2048
1.103400e-1,1.65766,2057
1.103500e-1,1.65121,2049
1.103600e-1,1.65846,2058
1.103700e-1,1.65121,2049
1.103800e-1,1.65524,2054
1.103900e-1,1.65927,2059
1.104000e-1,1.64637,2043
1.104100e-1,1.66491,2066
1.104200e-1,1.64315,2039
1.104300e-1,1.65766,2057
1.104400e-1,1.65443,2053
1.104500e-1,1.65766,2057
1.104600e-1,1.65685,2056
1.104700e-1,1.65040,2048
1.104800e-1,1.66249,2063
1.104900e-1,1.64879,2046
1.105000e-1,1.66652,2068
1.105100e-1,1.65524,2054
1.105200e-1,1.65766,2057
1.105300e-1,1.65363,2052
1.105400e-1,1.65363,2052
1.105500e-1,1.66330,2064
1.105600e-1,1.64073,2036
1.105700e-1,1.65846,2058
1.105800e-1,1.65282,2051
1.105900e-1,1.66330,2064
1.106000e-1,1.65524,2054
1.106100e-1,1.65685,2056
1.106200e-1,1.66410,2065
1.106300e-1,1.65443,2053
1.106400e-1,1.65927,2059
1.106500e-1,1.65524,2054
1.106600e-1,1.65363,2052
1.106700e-1,1.65766,2057
1.106800e-1,1.65201,2050
1.106900e-1,1.66007,2060
1.107000e-1,1.64879,2046
1.107100e-1,1.67136,2074
1.107200e-1,1.65040,2048
1.107300e-1,1.65927,2059
1.107400e-1,1.65282,2051
1.107500e-1,1.65685,2056
1.107600e-1,1.65685,2056
1.107700e-1,1.64960,2047
1.107800e-1,1.66974,2072
1.107900e-1,1.64879,2046
1.108000e-1,1.66249,2063
1.108100e-1,1.65040,2048
1.108200e-1,1.65766,2057
1.108300e-1,1.65685,2056
1.108400e-1,1.65443,2053
1.108500e-1,1.66088,2061
1.108600e-1,1.64476,2041
1.108700e-1,1.66088,2061
1.108800e-1,1.64879,2046
1.108900e-1,1.65604,2055
1.109000e-1,1.65685,2056
1.109100e-1,1.65040,2048
1.109200e-1,1.66652,2068
1.109300e-1,1.65363,2052
1.109400e-1,1.65927,2059
1.109500e-1,1.65685,2056
1.109600e-1,1.66410,2065
1.109700e-1,1.66088,2061
1.109800e-1,1.64315,2039
1.109900e-1,1.66249,2063
1.110000e-1,1.65363,2052
1.110100e-1,1.65766,2057
1.110200e-1,1.65524,2054
1.110300e-1,1.65363,2052
1.110400e-1,1.66571,2067
1.110500e-1,1.64234,2038
1.110600e-1,1.67297,2076
1.110700e-1,1.65363,2052
1.110800e-1,1.65685,2056
1.110900e-1,1.65282,2051
1.111000e-1,1.66007,2060
1.111100e-1,1.65121,2049
1.111200e-1,1.65927,2059
1.111300e-1,1.65524,2054
1.111400e-1,1.65927,2059
1.111500e-1,1.65524,2054
1.111600e-1,1.64960,2047
1.111700e-1,1.66330,2064
1.111800e-1,1.64557,2042
1.111900e-1,1.66652,2068
1.112000e-1,1.64396,2040
1.112100e-1,1.66813,2070
1.112200e-1,1.64637,2043
1.112300e-1,1.66088,2061
1.112400e-1,1.65040,2048
1.112500e-1,1.65927,2059
1.112600e-1,1.65363,2052
1.112700e-1,1.65846,2058
1.112800e-1,1.65524,2054
1.112900e-1,1.64960,2047
1.113000e-1,1.65766,2057
1.113100e-1,1.64476,2041
1.113200e-1,1.66330,2064
1.113300e-1,1.64960,2047
1.113400e-1,1.66007,2060
1.113500e-1,1.65040,2048
1.113600e-1,1.65766,2057
1.113700e-1,1.65363,2052
1.113800e-1,1.66410,2065
1.113900e-1,1.65604,2055
1.114000e-1,1.65685,2056
1.114100e-1,1.65685,2056
1.114200e-1,1.64960,2047
1.114300e-1,1.67216,2075
1.114400e-1,1.64396,2040
1.114500e-1,1.65363,2052
1.114600e-1,1.65121,2049
1.114700e-1,1.66491,2066
1.114800e-1,1.65443,2053
1.114900e-1,1.66249,2063
1.115000e-1,1.66410,2065
1.115100e-1,1.64476,2041
1.115200e-1,1.66088,2061
1.115300e-1,1.64396,2040
1.115400e-1,1.65685,2056
1.115500e-1,1.65282,2051
1.115600e-1,1.65282,2051
1.115700e-1,1.65846,2058
1.115800e-1,1.65040,2048
1.115900e-1,1.65927,2059
1.116000e-1,1.66491,2066
1.116100e-1,1.65282,2051
1.116200e-1,1.66168,2062
1.116300e-1,1.64315,2039
1.116400e-1,1.65524,2054
1.116500e-1,1.65282,2051
1.116600e-1,1.66330,2064
1.116700e-1,1.65282,2051
1.116800e-1,1.65443,2053
1.116900e-1,1.65685,2056
1.117000e-1,1.65040,2048
1.117100e-1,1.67216,2075
1.117200e-1,1.65040,2048
1.117300e-1,1.65363,2052
1.117400e-1,1.65363,2052
1.117500e-1,1.65524,2054
1.117600e-1,1.66330,2064
1.117700e-1,1.64396,2040
1.117800e-1,1.66733,2069
1.117900e-1,1.64396,2040
1.118000e-1,1.65927,2059
1.118100e-1,1.65201,2050
1.118200e-1,1.65927,2059
1.118300e-1,1.66330,2064
1.118400e-1,1.66410,2065
1.118500e-1,1.65766,2057
1.118600e-1,1.65443,2053
1.118700e-1,1.65443,2053
1.118800e-1,1.64879,2046
1.118900e-1,1.65766,2057
1.119000e-1,1.64960,2047
1.119100e-1,1.66571,2067
1.119200e-1,1.64234,2038
1.119300e-1,1.65846,2058
1.119400e-1,1.65121,2049
1.119500e-1,1.65927,2059
1.119600e-1,1.65443,2053
1.119700e-1,1.65604,2055
1.119800e-1,1.65040,2048
1.119900e-1,1.66007,2060
1.120000e-1,1.65282,2051
1.120100e-1,1.65685,2056
1.120200e-1,1.65685,2056
1.120300e-1,1.65524,2054
1.120400e-1,1.65766,2057
1.120500e-1,1.65443,2053
1.120600e-1,1.65766,2057
1.120700e-1,1.65363,2052
1.120800e-1,1.66007,2060
1.120900e-1,1.64718,2044
1.121000e-1,1.66410,2065
1.121100e-1,1.64799,2045
1.121200e-1,1.66652,2068
1.121300e-1,1.64718,2044
1.121400e-1,1.65927,2059
1.121500e-1,1.65121,2049
1.121600e-1,1.65846,2058
1.121700e-1,1.65443,2053
1.121800e-1,1.65604,2055
1.121900e-1,1.65846,2058
1.122000e-1,1.65524,2054
1.122100e-1,1.65846,2058
1.122200e-1,1.65282,2051
1.122300e-1,1.66330,2064
1.122400e-1,1.63832,2033
1.122500e-1,1.66652,2068
1.122600e-1,1.64879,2046
1.122700e-1,1.65766,2057
1.122800e-1,1.65040,2048
1.122900e-1,1.66249,2063
1.123000e-1,1.65282,2051
1.123100e-1,1.66088,2061
1.123200e-1,1.65524,2054
1.123300e-1,1.64879,2046
1.123400e-1,1.66571,2067
1.123500e-1,1.64396,2040
1.123600e-1,1.66813,2070
1.123700e-1,1.65363,2052
1.123800e-1,1.65121,2049
1.123900e-1,1.65282,2051
1.124000e-1,1.65766,2057
1.124100e-1,1.66249,2063
1.124200e-1,1.66491,2066
1.124300e-1,1.64718,2044
1.124400e-1,1.65846,2058
1.124500e-1,1.65363,2052
1.124600e-1,1.65604,2055
1.124700e-1,1.65685,2056
1.124800e-1,1.65524,2054
1.124900e-1,1.65685,2056
1.125000e-1,1.65121,2049
1.125100e-1,1.66410,2065
1.125200e-1,1.63912,2034
1.125300e-1,1.66491,2066
1.125400e-1,1.64396,2040
1.125500e-1,1.65927,2059
1.125600e-1,1.65443,2053
1.125700e-1,1.65766,2057
1.125800e-1,1.65121,2049
1.125900e-1,1.66652,2068
1.126000e-1,1.64960,2047
1.126100e-1,1.65766,2057
1.126200e-1,1.64799,2045
1.126300e-1,1.66088,2061
1.126400e-1,1.65443,2053
1.126500e-1,1.65766,2057
1.126600e-1,1.66249,2063
1.126700e-1,1.66007,2060
1.126800e-1,1.65282,2051
1.126900e-1,1.65766,2057
1.127000e-1,1.65121,2049
1.127100e-1,1.65685,2056
1.127200e-1,1.66007,2060
1.127300e-1,1.65201,2050
1.127400e-1,1.65363,2052
1.127500e-1,1.65201,2050
1.127600e-1,1.66168,2062
1.127700e-1,1.64396,2040
1.127800e-1,1.65685,2056
1.127900e-1,1.65121,2049
1.128000e-1,1.65685,2056
1.128100e-1,1.65040,2048
1.128200e-1,1.65846,2058
1.128300e-1,1.65604,2055
1.128400e-1,1.65685,2056
1.128500e-1,1.65282,2051
1.128600e-1,1.65846,2058
1.128700e-1,1.65040,2048
1.128800e-1,1.66652,2068
1.128900e-1,1.64396,2040
1.129000e-1,1.66410,2065
1.129100e-1,1.64154,2037
1.129200e-1,1.66813,2070
1.129300e-1,1.64718,2044
1.129400e-1,1.66652,2068
1.129500e-1,1.65604,2055
1.129600e-1,1.66652,2068
1.129700e-1,1.64396,2040
1.129800e-1,1.66652,2068
1.129900e-1,1.64799,2045
1.130000e-1,1.66491,2066
1.130100e-1,1.64396,2040
1.130200e-1,1.66813,2070
1.130300e-1,1.64154,2037
1.130400e-1,1.66168,2062
1.130500e-1,1.64879,2046
1.130600e-1,1.65927,2059
1.130700e-1,1.65604,2055
1.130800e-1,1.66007,2060
1.130900e-1,1.65443,2053
1.131000e-1,1.65685,2056
1.131100e-1,1.65363,2052
1.131200e-1,1.65846,2058
1.131300e-1,1.65363,2052
1.131400e-1,1.65685,2056
1.131500e-1,1.65363,2052
1.131600e-1,1.66007,2060
1.131700e-1,1.65766,2057
1.131800e-1,1.66007,2060
1.131900e-1,1.64718,2044
1.132000e-1,1.65363,2052
1.132100e-1,1.64557,2042
1.132200e-1,1.65685,2056
1.132300e-1,1.65685,2056
1.132400e-1,1.64960,2047
1.132500e-1,1.65927,2059
1.132600e-1,1.64637,2043
1.132700e-1,1.66974,2072
1.132800e-1,1.64154,2037
1.132900e-1,1.66168,2062
1.133000e-1,1.64476,2041
1.133100e-1,1.66168,2062
1.133200e-1,1.64879,2046
1.133300e-1,1.66330,2064
1.133400e-1,1.64476,2041
1.133500e-1,1.66571,2067
1.133600e-1,1.64637,2043
1.133700e-1,1.66088,2061
1.133800e-1,1.65443,2053
1.133900e-1,1.66088,2061
1.134000e-1,1.65201,2050
1.134100e-1,1.66330,2064
1.134200e-1,1.65282,2051
1.134300e-1,1.65685,2056
1.134400e-1,1.65363,2052
1.134500e-1,1.65846,2058
1.134600e-1,1.65443,2053
1.134700e-1,1.65040,2048
1.134800e-1,1.65604,2055
1.134900e-1,1.66330,2064
1.135000e-1,1.65685,2056
1.135100e-1,1.66088,2061
1.135200e-1,1.66007,2060
1.135300e-1,1.64718,2044
1.135400e-1,1.66894,2071
1.135500e-1,1.64637,2043
1.135600e-1,1.66491,2066
1.135700e-1,1.64557,2042
1.135800e-1,1.66894,2071
1.135900e-1,1.64396,2040
1.136000e-1,1.65846,2058
1.136100e-1,1.65443,2053
1.136200e-1,1.65685,2056
1.136300e-1,1.64960,2047
1.136400e-1,1.65846,2058
1.136500e-1,1.65040,2048
1.136600e-1,1.65363,2052
1.136700e-1,1.65363,2052
1.136800e-1,1.66007,2060
1.136900e-1,1.65121,2049
1.137000e-1,1.65604,2055
1.137100e-1,1.64799,2045
1.137200e-1,1.65604,2055
1.137300e-1,1.64879,2046
1.137400e-1,1.65685,2056
1.137500e-1,1.65201,2050
1.137600e-1,1.66249,2063
1.137700e-1,1.65201,2050
1.137800e-1,1.66007,2060
1.137900e-1,1.65524,2054
1.138000e-1,1.66168,2062
1.138100e-1,1.65282,2051
1.138200e-1,1.65685,2056
1.138300e-1,1.64879,2046
1.138400e-1,1.65685,2056
1.138500e-1,1.65846,2058
1.138600e-1,1.65685,2056
1.138700e-1,1.65604,2055
1.138800e-1,1.65363,2052
1.138900e-1,1.65443,2053
1.139000e-1,1.65604,2055
1.139100e-1,1.65201,2050
1.139200e-1,1.65685,2056
1.139300e-1,1.65766,2057
1.139400e-1,1.65363,2052
1.139500e-1,1.65443,2053
1.139600e-1,1.65685,2056
1.139700e-1,1.65604,2055
1.139800e-1,1.65443,2053
1.139900e-1,1.65846,2058
1.140000e-1,1.65282,2051
1.140100e-1,1.65604,2055
1.140200e-1,1.65282,2051
1.140300e-1,1.65846,2058
1.140400e-1,1.65282,2051
1.140500e-1,1.65685,2056
1.140600e-1,1.65604,2055
1.140700e-1,1.66088,2061
1.140800e-1,1.65524,2054
1.140900e-1,1.66330,2064
1.141000e-1,1.64879,2046
1.141100e-1,1.66168,2062
1.141200e-1,1.64718,2044
1.141300e-1,1.66974,2072
1.141400e-1,1.64476,2041
1.141500e-1,1.66813,2070
1.141600e-1,1.64154,2037
1.141700e-1,1.65927,2059
1.141800e-1,1.65040,2048
1.141900e-1,1.66007,2060
1.142000e-1,1.65282,2051
1.142100e-1,1.65685,2056
1.142200e-1,1.65524,2054
1.142300e-1,1.65121,2049
1.142400e-1,1.65685,2056
1.142500e-1,1.64799,2045
1.142600e-1,1.66571,2067
1.142700e-1,1.64073,2036
1.142800e-1,1.66007,2060
1.142900e-1,1.65604,2055
1.143000e-1,1.65363,2052
1.143100e-1,1.65604,2055
1.143200e-1,1.66249,2063
1.143300e-1,1.65201,2050
1.143400e-1,1.65363,2052
1.143500e-1,1.65927,2059
1.143600e-1,1.64637,2043
1.143700e-1,1.66410,2065
1.143800e-1,1.65040,2048
1.143900e-1,1.65766,2057
1.144000e-1,1.65443,2053
1.144100e-1,1.65363,2052
1.144200e-1,1.65846,2058
1.144300e-1,1.64637,2043
1.144400e-1,1.66652,2068
1.144500e-1,1.65201,2050
1.144600e-1,1.65846,2058
1.144700e-1,1.65524,2054
1.144800e-1,1.65604,2055
1.144900e-1,1.66249,2063
1.145000e-1,1.65121,2049
1.145100e-1,1.66330,2064
1.145200e-1,1.64557,2042
1.145300e-1,1.66007,2060
1.145400e-1,1.65524,2054
1.145500e-1,1.65443,2053
1.145600e-1,1.65846,2058
1.145700e-1,1.64879,2046
1.145800e-1,1.66007,2060
1.145900e-1,1.64879,2046
1.146000e-1,1.67055,2073
1.146100e-1,1.64315,2039
1.146200e-1,1.66330,2064
1.146300e-1,1.65040,2048
1.146400e-1,1.66652,2068
1.146500e-1,1.65282,2051
1.146600e-1,1.65604,2055
1.146700e-1,1.65604,2055
1.146800e-1,1.65121,2049
1.146900e-1,1.66330,2064
1.147000e-1,1.64234,2038
1.147100e-1,1.66410,2065
1.147200e-1,1.65282,2051
1.147300e-1,1.65604,2055
1.147400e-1,1.65282,2051
1.147500e-1,1.65443,2053
1.147600e-1,1.66571,2067
1.147700e-1,1.64718,2044
1.147800e-1,1.67136,2074
1.147900e-1,1.64315,2039
1.148000e-1,1.66249,2063
1.148100e-1,1.65766,2057
1.148200e-1,1.65766,2057
1.148300e-1,1.65121,2049
1.148400e-1,1.66007,2060
1.148500e-1,1.65363,2052
1.148600e-1,1.65201,2050
1.148700e-1,1.65927,2059
1.148800e-1,1.64879,2046
1.148900e-1,1.66652,2068
1.149000e-1,1.65201,2050
1.149100e-1,1.66249,2063
1.149200e-1,1.65201,2050
1.149300e-1,1.65685,2056
1.149400e-1,1.65524,2054
1.149500e-1,1.65524,2054
1.149600e-1,1.65685,2056
1.149700e-1,1.64718,2044
1.149800e-1,1.66652,2068
1.149900e-1,1.64879,2046
1.150000e-1,1.65040,2048
1.150100e-1,1.65927,2059
1.150200e-1,1.65846,2058
1.150300e-1,1.65443,2053
1.150400e-1,1.65201,2050
1.150500e-1,1.65685,2056
1.150600e-1,1.64718,2044
1.150700e-1,1.65685,2056
1.150800e-1,1.65363,2052
1.150900e-1,1.66168,2062
1.151000e-1,1.64154,2037
1.151100e-1,1.66652,2068
1.151200e-1,1.64960,2047
1.151300e-1,1.66168,2062
1.151400e-1,1.65282,2051
1.151500e-1,1.65927,2059
1.151600e-1,1.65201,2050
1.151700e-1,1.66410,2065
1.151800e-1,1.65363,2052
1.151900e-1,1.65766,2057
1.152000e-1,1.66249,2063
1.152100e-1,1.65282,2051
1.152200e-1,1.66410,2065
1.152300e-1,1.64718,2044
1.152400e-1,1.66974,2072
1.152500e-1,1.64879,2046
1.152600e-1,1.65846,2058
1.152700e-1,1.65766,2057
1.152800e-1,1.64879,2046
1.152900e-1,1.65927,2059
1.153000e-1,1.65766,2057
1.153100e-1,1.66007,2060
1.153200e-1,1.66330,2064
1.153300e-1,1.64718,2044
1.153400e-1,1.66410,2065
1.153500e-1,1.64879,2046
1.153600e-1,1.65685,2056
1.153700e-1,1.65443,2053
1.153800e-1,1.65282,2051
1.153900e-1,1.66007,2060
1.154000e-1,1.64879,2046
1.154100e-1,1.66491,2066
1.154200e-1,1.65121,2049
1.154300e-1,1.65766,2057
1.154400e-1,1.66007,2060
1.154500e-1,1.65927,2059
1.154600e-1,1.65846,2058
1.154700e-1,1.65363,2052
1.154800e-1,1.66491,2066
1.154900e-1,1.64396,2040
1.155000e-1,1.66652,2068
1.155100e-1,1.65121,2049
1.155200e-1,1.65927,2059
1.155300e-1,1.65524,2054
1.155400e-1,1.66733,2069
1.155500e-1,1.65282,2051
1.155600e-1,1.65846,2058
1.155700e-1,1.64718,2044
1.155800e-1,1.65363,2052
1.155900e-1,1.66168,2062
1.156000e-1,1.65201,2050
1.156100e-1,1.65846,2058
1.156200e-1,1.65040,2048
1.156300e-1,1.66007,2060
1.156400e-1,1.65846,2058
1.156500e-1,1.64234,2038
1.156600e-1,1.66491,2066
1.156700e-1,1.65443,2053
1.156800e-1,1.65282,2051
1.156900e-1,1.65040,2048
1.157000e-1,1.64637,2043
1.157100e-1,1.66007,2060
1.157200e-1,1.64557,2042
1.157300e-1,1.66168,2062
1.157400e-1,1.65363,2052
1.157500e-1,1.65685,2056
1.157600e-1,1.65121,2049
1.157700e-1,1.65363,2052
1.157800e-1,1.65604,2055
1.157900e-1,1.64396,2040
1.158000e-1,1.66491,2066
1.158100e-1,1.65040,2048
1.158200e-1,1.66168,2062
1.158300e-1,1.65201,2050
1.158400e-1,1.66007,2060
1.158500e-1,1.65443,2053
1.158600e-1,1.65766,2057
1.158700e-1,1.67136,2074
1.158800e-1,1.64315,2039
1.158900e-1,1.65927,2059
1.159000e-1,1.65282,2051
1.159100e-1,1.66088,2061
1.159200e-1,1.65040,2048
1.159300e-1,1.64557,2042
1.159400e-1,1.66249,2063
1.159500e-1,1.65363,2052
1.159600e-1,1.66007,2060
1.159700e-1,1.65282,2051
1.159800e-1,1.65040,2048
1.159900e-1,1.67055,2073
1.160000e-1,1.64234,2038
1.160100e-1,1.65201,2050
1.160200e-1,1.65201,2050
1.160300e-1,1.65927,2059
1.160400e-1,1.65282,2051
1.160500e-1,1.65443,2053
1.160600e-1,1.66491,2066
1.160700e-1,1.64557,2042
1.160800e-1,1.66571,2067
1.160900e-1,1.64960,2047
1.161000e-1,1.65685,2056
1.161100e-1,1.64960,2047
1.161200e-1,1.65846,2058
1.161300e-1,1.66249,2063
1.161400e-1,1.64396,2040
1.161500e-1,1.66813,2070
1.161600e-1,1.65604,2055
1.161700e-1,1.66894,2071
1.161800e-1,1.65443,2053
1.161900e-1,1.66249,2063
1.162000e-1,1.65443,2053
1.162100e-1,1.65604,2055
1.162200e-1,1.65604,2055
1.162300e-1,1.64476,2041
1.162400e-1,1.65766,2057
1.162500e-1,1.65282,2051
1.162600e-1,1.66007,2060
1.162700e-1,1.65443,2053
1.162800e-1,1.65524,2054
1.162900e-1,1.65363,2052
1.163000e-1,1.65443,2053
1.163100e-1,1.66007,2060
1.163200e-1,1.65040,2048
1.163300e-1,1.66894,2071
1.163400e-1,1.64073,2036
1.163500e-1,1.65604,2055
1.163600e-1,1.65121,2049
1.163700e-1,1.65685,2056
1.163800e-1,1.65121,2049
1.163900e-1,1.64718,2044
1.164000e-1,1.66330,2064
1.164100e-1,1.64799,2045
1.164200e-1,1.66652,2068
1.164300e-1,1.65040,2048
1.164400e-1,1.65685,2056
1.164500e-1,1.65363,2052
1.164600e-1,1.66571,2067
1.164700e-1,1.65524,2054
1.164800e-1,1.65685,2056
1.164900e-1,1.65363,2052
1.165000e-1,1.64476,2041
1.165100e-1,1.66652,2068
1.165200e-1,1.65443,2053
1.165300e-1,1.65685,2056
1.165400e-1,1.65443,2053
1.165500e-1,1.64476,2041
1.165600e-1,1.67297,2076
1.165700e-1,1.64637,2043
1.165800e-1,1.66410,2065
1.165900e-1,1.65685,2056
1.166000e-1,1.65121,2049
1.166100e-1,1.66813,2070
1.166200e-1,1.65201,2050
1.166300e-1,1.65846,2058
1.166400e-1,1.66088,2061
1.166500e-1,1.64234,2038
1.166600e-1,1.65685,2056
1.166700e-1,1.65121,2049
1.166800e-1,1.65766,2057
1.166900e-1,1.65363,2052
1.167000e-1,1.65363,2052
1.167100e-1,1.66894,2071
1.167200e-1,1.65201,2050
1.167300e-1,1.66007,2060
1.167400e-1,1.65927,2059
1.167500e-1,1.65201,2050
1.167600e-1,1.66491,2066
1.167700e-1,1.65443,2053
1.167800e-1,1.65927,2059
1.167900e-1,1.65766,2057
1.168000e-1,1.65363,2052
1.168100e-1,1.66249,2063
1.168200e-1,1.65201,2050
1.168300e-1,1.66007,2060
1.168400e-1,1.65443,2053
1.168500e-1,1.65282,2051
1.168600e-1,1.66491,2066
1.168700e-1,1.65443,2053
1.168800e-1,1.65685,2056
1.168900e-1,1.65443,2053
1.169000e-1,1.65363,2052
1.169100e-1,1.66733,2069
1.169200e-1,1.65121,2049
1.169300e-1,1.66007,2060
1.169400e-1,1.65363,2052
1.169500e-1,1.65282,2051
1.169600e-1,1.66330,2064
1.169700e-1,1.64960,2047
1.169800e-1,1.65363,2052
1.169900e-1,1.64718,2044
1.170000e-1,1.65604,2055
1.170100e-1,1.66733,2069
1.170200e-1,1.64718,2044
1.170300e-1,1.66330,2064
1.170400e-1,1.65443,2053
1.170500e-1,1.65604,2055
1.170600e-1,1.66088,2061
1.170700e-1,1.64476,2041
1.170800e-1,1.65766,2057
1.170900e-1,1.65443,2053
1.171000e-1,1.65766,2057
1.171100e-1,1.65604,2055
1.171200e-1,1.65040,2048
1.171300e-1,1.66652,2068
1.171400e-1,1.65282,2051
1.171500e-1,1.65121,2049
1.171600e-1,1.65766,2057
1.171700e-1,1.64799,2045
1.171800e-1,1.66168,2062
1.171900e-1,1.65282,2051
1.172000e-1,1.65685,2056
1.172100e-1,1.65040,2048
1.172200e-1,1.65363,2052
1.172300e-1,1.67700,2081
1.172400e-1,1.65443,2053
1.172500e-1,1.65524,2054
1.172600e-1,1.65121,2049
1.172700e-1,1.65443,2053
1.172800e-1,1.65927,2059
1.172900e-1,1.64476,2041
1.173000e-1,1.65766,2057
1.173100e-1,1.65282,2051
1.173200e-1,1.65524,2054
1.173300e-1,1.66652,2068
1.173400e-1,1.65121,2049
1.173500e-1,1.65766,2057
1.173600e-1,1.65604,2055
1.173700e-1,1.65443,2053
1.173800e-1,1.66733,2069
1.173900e-1,1.65121,2049
1.174000e-1,1.66491,2066
1.174100e-1,1.65201,2050
1.174200e-1,1.65685,2056
1.174300e-1,1.66330,2064
1.174400e-1,1.64315,2039
1.174500e-1,1.65766,2057
1.174600e-1,1.65363,2052
1.174700e-1,1.65121,2049
1.174800e-1,1.66410,2065
1.174900e-1,1.64476,2041
1.175000e-1,1.66088,2061
1.175100e-1,1.65040,2048
1.175200e-1,1.65604,2055
1.175300e-1,1.65685,2056
1.175400e-1,1.64718,2044
1.175500e-1,1.66330,2064
1.175600e-1,1.65282,2051
1.175700e-1,1.65846,2058
1.175800e-1,1.65443,2053
1.175900e-1,1.64557,2042
1.176000e-1,1.66652,2068
1.176100e-1,1.65040,2048
1.176200e-1,1.66007,2060
1.176300e-1,1.65363,2052
1.176400e-1,1.65685,2056
1.176500e-1,1.65201,2050
1.176600e-1,1.64637,2043
1.176700e-1,1.66571,2067
1.176800e-1,1.66007,2060
1.176900e-1,1.65927,2059
1.177000e-1,1.65282,2051
1.177100e-1,1.65040,2048
1.177200e-1,1.66571,2067
1.177300e-1,1.64637,2043
1.177400e-1,1.65766,2057
1.177500e-1,1.65201,2050
1.177600e-1,1.65604,2055
1.177700e-1,1.65685,2056
1.177800e-1,1.64960,2047
1.177900e-1,1.66330,2064
1.178000e-1,1.64718,2044
1.178100e-1,1.66007,2060
1.178200e-1,1.65443,2053
1.178300e-1,1.65766,2057
1.178400e-1,1.64637,2043
1.178500e-1,1.64960,2047
1.178600e-1,1.66249,2063
1.178700e-1,1.64879,2046
1.178800e-1,1.65846,2058
1.178900e-1,1.65282,2051
1.179000e-1,1.65524,2054
1.179100e-1,1.65443,2053
1.179200e-1,1.65282,2051
1.179300e-1,1.66410,2065
1.179400e-1,1.65121,2049
1.179500e-1,1.65766,2057
1.179600e-1,1.65121,2049
1.179700e-1,1.65846,2058
1.179800e-1,1.65846,2058
1.179900e-1,1.64557,2042
1.180000e-1,1.65927,2059
1.180100e-1,1.65282,2051
1.180200e-1,1.65685,2056
1.180300e-1,1.65040,2048
1.180400e-1,1.65282,2051
1.180500e-1,1.66410,2065
1.180600e-1,1.64799,2045
1.180700e-1,1.66168,2062
1.180800e-1,1.65524,2054
1.180900e-1,1.64879,2046
1.181000e-1,1.65846,2058
1.181100e-1,1.64960,2047
1.181200e-1,1.66491,2066
1.181300e-1,1.65363,2052
1.181400e-1,1.66168,2062
1.181500e-1,1.64879,2046
1.181600e-1,1.65766,2057
1.181700e-1,1.65604,2055
1.181800e-1,1.65201,2050
1.181900e-1,1.66571,2067
1.182000e-1,1.65201,2050
1.182100e-1,1.65846,2058
1.182200e-1,1.64557,2042
1.182300e-1,1.65766,2057
1.182400e-1,1.65524,2054
1.182500e-1,1.65766,2057
1.182600e-1,1.64557,2042
1.182700e-1,1.65685,2056
1.182800e-1,1.66330,2064
1.182900e-1,1.64557,2042
1.183000e-1,1.67055,2073
1.183100e-1,1.64718,2044
1.183200e-1,1.66491,2066
1.183300e-1,1.65363,2052
1.183400e-1,1.66249,2063
1.183500e-1,1.65282,2051
1.183600e-1,1.66007,2060
1.183700e-1,1.65443,2053
1.183800e-1,1.65685,2056
1.183900e-1,1.65846,2058
1.184000e-1,1.64879,2046
1.184100e-1,1.66571,2067
1.184200e-1,1.64718,2044
1.184300e-1,1.66088,2061
1.184400e-1,1.64799,2045
1.184500e-1,1.65846,2058
1.184600e-1,1.65443,2053
1.184700e-1,1.65443,2053
1.184800e-1,1.65685,2056
1.184900e-1,1.65201,2050
1.185000e-1,1.66007,2060
1.185100e-1,1.64476,2041
1.185200e-1,1.66410,2065
1.185300e-1,1.65040,2048
1.185400e-1,1.65846,2058
1.185500e-1,1.65040,2048
1.185600e-1,1.66007,2060
1.185700e-1,1.65766,2057
1.185800e-1,1.65040,2048
1.185900e-1,1.65846,2058
1.186000e-1,1.64557,2042
1.186100e-1,1.66813,2070
1.186200e-1,1.64154,2037
1.186300e-1,1.65927,2059
1.186400e-1,1.65201,2050
1.186500e-1,1.65766,2057
1.186600e-1,1.65443,2053
1.186700e-1,1.65604,2055
1.186800e-1,1.66007,2060
1.186900e-1,1.64557,2042
1.187000e-1,1.66249,2063
1.187100e-1,1.64396,2040
1.187200e-1,1.65685,2056
1.187300e-1,1.65927,2059
1.187400e-1,1.65685,2056
1.187500e-1,1.65685,2056
1.187600e-1,1.65443,2053
1.187700e-1,1.65927,2059
1.187800e-1,1.64396,2040
1.187900e-1,1.66571,2067
1.188000e-1,1.65121,2049
1.188100e-1,1.66088,2061
1.188200e-1,1.65201,2050
1.188300e-1,1.66491,2066
1.188400e-1,1.65040,2048
1.188500e-1,1.65927,2059
1.188600e-1,1.65604,2055
1.188700e-1,1.65766,2057
1.188800e-1,1.65282,2051
1.188900e-1,1.65201,2050
1.189000e-1,1.65685,2056
1.189100e-1,1.65524,2054
1.189200e-1,1.65282,2051
1.189300e-1,1.65363,2052
1.189400e-1,1.65766,2057
1.189500e-1,1.65121,2049
1.189600e-1,1.66249,2063
1.189700e-1,1.64476,2041
1.189800e-1,1.66330,2064
1.189900e-1,1.64799,2045
1.190000e-1,1.66894,2071
1.190100e-1,1.64396,2040
1.190200e-1,1.66571,2067
1.190300e-1,1.65040,2048
1.190400e-1,1.65846,2058
1.190500e-1,1.65282,2051
1.190600e-1,1.66007,2060
1.190700e-1,1.65282,2051
1.190800e-1,1.65443,2053
1.190900e-1,1.65685,2056
1.191000e-1,1.64879,2046
1.191100e-1,1.66007,2060
1.191200e-1,1.63832,2033
1.191300e-1,1.66652,2068
1.191400e-1,1.65282,2051
1.191500e-1,1.65766,2057
1.191600e-1,1.65363,2052
1.191700e-1,1.65524,2054
1.191800e-1,1.65201,2050
1.191900e-1,1.65363,2052
1.192000e-1,1.65201,2050
1.192100e-1,1.65282,2051
1.192200e-1,1.65927,2059
1.192300e-1,1.64396,2040
1.192400e-1,1.67055,2073
1.192500e-1,1.65040,2048
1.192600e-1,1.66007,2060
1.192700e-1,1.65121,2049
1.192800e-1,1.65443,2053
1.192900e-1,1.66007,2060
1.193000e-1,1.64718,2044
1.193100e-1,1.66652,2068
1.193200e-1,1.65363,2052
1.193300e-1,1.66007,2060
1.193400e-1,1.65201,2050
1.193500e-1,1.66330,2064
1.193600e-1,1.64960,2047
1.193700e-1,1.65766,2057
1.193800e-1,1.66168,2062
1.193900e-1,1.65363,2052
1.194000e-1,1.65846,2058
1.194100e-1,1.64879,2046
1.194200e-1,1.66571,2067
1.194300e-1,1.64879,2046
1.194400e-1,1.66491,2066
1.194500e-1,1.64879,2046
1.194600e-1,1.66088,2061
1.194700e-1,1.64718,2044
1.194800e-1,1.66088,2061
1.194900e-1,1.65201,2050
1.195000e-1,1.66491,2066
1.195100e-1,1.64718,2044
1.195200e-1,1.66733,2069
1.195300e-1,1.64396,2040
1.195400e-1,1.65927,2059
1.195500e-1,1.65282,2051
1.195600e-1,1.65846,2058
1.195700e-1,1.64637,2043
1.195800e-1,1.65766,2057
1.195900e-1,1.64799,2045
1.196000e-1,1.65363,2052
1.196100e-1,1.66330,2064
1.196200e-1,1.64718,2044
1.196300e-1,1.67458,2078
1.196400e-1,1.64073,2036
1.196500e-1,1.66007,2060
1.196600e-1,1.65363,2052
1.196700e-1,1.65685,2056
1.196800e-1,1.65524,2054
1.196900e-1,1.65846,2058
1.197000e-1,1.65443,2053
1.197100e-1,1.64879,2046
1.197200e-1,1.65766,2057
1.197300e-1,1.65040,2048
1.197400e-1,1.66249,2063
1.197500e-1,1.64879,2046
1.197600e-1,1.66410,2065
1.197700e-1,1.64315,2039
1.197800e-1,1.65524,2054
1.197900e-1,1.65121,2049
1.198000e-1,1.65766,2057
1.198100e-1,1.65282,2051
1.198200e-1,1.65685,2056
1.198300e-1,1.65443,2053
1.198400e-1,1.65524,2054
1.198500e-1,1.66088,2061
1.198600e-1,1.64476,2041
1.198700e-1,1.66652,2068
1.198800e-1,1.65201,2050
1.198900e-1,1.65766,2057
1.199000e-1,1.65040,2048
1.199100e-1,1.65927,2059
1.199200e-1,1.65040,2048
1.199300e-1,1.65927,2059
1.199400e-1,1.65443,2053
1.199500e-1,1.65524,2054
1.199600e-1,1.65282,2051
1.199700e-1,1.65846,2058
1.199800e-1,1.65685,2056
1.199900e-1,1.65201,2050
1.200000e-1,1.66249,2063
1.200100e-1,1.64718,2044
1.200200e-1,1.66571,2067
1.200300e-1,1.64557,2042
1.200400e-1,1.66571,2067
1.200500e-1,1.65524,2054
1.200600e-1,1.65524,2054
1.200700e-1,1.65443,2053
1.200800e-1,1.65685,2056
1.200900e-1,1.65363,2052
1.201000e-1,1.65121,2049
1.201100e-1,1.65685,2056
1.201200e-1,1.65040,2048
1.201300e-1,1.66330,2064
1.201400e-1,1.64476,2041
1.201500e-1,1.66249,2063
1.201600e-1,1.64315,2039
1.201700e-1,1.66168,2062
1.201800e-1,1.65524,2054
1.201900e-1,1.65040,2048
1.202000e-1,1.65766,2057
1.202100e-1,1.65604,2055
1.202200e-1,1.65524,2054
1.202300e-1,1.65766,2057
1.202400e-1,1.65846,2058
1.202500e-1,1.64799,2045
1.202600e-1,1.66088,2061
1.202700e-1,1.65443,2053
1.202800e-1,1.66652,2068
1.202900e-1,1.64718,2044
1.203000e-1,1.66571,2067
1.203100e-1,1.65040,2048
1.203200e-1,1.66168,2062
1.203300e-1,1.65443,2053
1.203400e-1,1.66007,2060
1.203500e-1,1.65604,2055
1.203600e-1,1.65201,2050
1.203700e-1,1.66007,2060
1.203800e-1,1.65040,2048
1.203900e-1,1.66410,2065
1.204000e-1,1.64557,2042
1.204100e-1,1.66491,2066
1.204200e-1,1.65201,2050
1.204300e-1,1.65846,2058
1.204400e-1,1.65282,2051
1.204500e-1,1.65846,2058
1.204600e-1,1.65363,2052
1.204700e-1,1.65604,2055
1.204800e-1,1.65524,2054
1.204900e-1,1.64557,2042
1.205000e-1,1.66410,2065
1.205100e-1,1.64718,2044
1.205200e-1,1.66733,2069
1.205300e-1,1.64396,2040
1.205400e-1,1.66168,2062
1.205500e-1,1.65524,2054
1.205600e-1,1.65524,2054
1.205700e-1,1.65282,2051
1.205800e-1,1.65685,2056
1.205900e-1,1.64879,2046
1.206000e-1,1.65363,2052
1.206100e-1,1.65927,2059
1.206200e-1,1.64960,2047
1.206300e-1,1.66733,2069
1.206400e-1,1.65524,2054
1.206500e-1,1.65927,2059
1.206600e-1,1.65927,2059
1.206700e-1,1.65443,2053
1.206800e-1,1.65121,2049
1.206900e-1,1.65766,2057
1.207000e-1,1.65685,2056
1.207100e-1,1.65846,2058
1.207200e-1,1.66249,2063
1.207300e-1,1.64637,2043
1.207400e-1,1.65846,2058
1.207500e-1,1.65363,2052
1.207600e-1,1.66007,2060
1.207700e-1,1.65363,2052
1.207800e-1,1.65201,2050
1.207900e-1,1.65443,2053
1.208000e-1,1.63751,2032
1.208100e-1,1.66652,2068
1.208200e-1,1.64476,2041
1.208300e-1,1.66330,2064
1.208400e-1,1.65121,2049
1.208500e-1,1.65927,2059
1.208600e-1,1.65040,2048
1.208700e-1,1.65685,2056
1.208800e-1,1.65040,2048
1.208900e-1,1.65846,2058
1.209000e-1,1.65363,2052
1.209100e-1,1.65524,2054
1.209200e-1,1.66088,2061
1.209300e-1,1.64718,2044
1.209400e-1,1.65846,2058
1.209500e-1,1.65766,2057
1.209600e-1,1.66410,2065
1.209700e-1,1.64476,2041
1.209800e-1,1.66571,2067
1.209900e-1,1.64234,2038
1.210000e-1,1.66088,2061
1.210100e-1,1.64879,2046
1.210200e-1,1.65927,2059
1.210300e-1,1.65282,2051
1.210400e-1,1.65766,2057
1.210500e-1,1.65363,2052
1.210600e-1,1.65282,2051
1.210700e-1,1.65846,2058
1.210800e-1,1.65282,2051
1.210900e-1,1.65604,2055
1.211000e-1,1.65040,2048
1.211100e-1,1.66330,2064
1.211200e-1,1.63993,2035
1.211300e-1,1.65846,2058
1.211400e-1,1.65363,2052
1.211500e-1,1.66168,2062
1.211600e-1,1.66168,2062
1.211700e-1,1.66330,2064
1.211800e-1,1.65282,2051
1.211900e-1,1.65685,2056
1.212000e-1,1.65604,2055
1.212100e-1,1.64718,2044
1.212200e-1,1.65685,2056
1.212300e-1,1.65524,2054
1.212400e-1,1.65927,2059
1.212500e-1,1.64960,2047
1.212600e-1,1.65846,2058
1.212700e-1,1.64637,2043
1.212800e-1,1.66168,2062
1.212900e-1,1.64315,2039
1.213000e-1,1.66813,2070
1.213100e-1,1.65282,2051
1.213200e-1,1.66007,2060
1.213300e-1,1.65121,2049
1.213400e-1,1.66007,2060
1.213500e-1,1.65121,2049
1.213600e-1,1.65846,2058
1.213700e-1,1.65201,2050
1.213800e-1,1.65846,2058
1.213900e-1,1.65685,2056
1.214000e-1,1.64960,2047
1.214100e-1,1.66813,2070
1.214200e-1,1.65282,2051
1.214300e-1,1.66168,2062
1.214400e-1,1.65363,2052
1.214500e-1,1.65766,2057
1.214600e-1,1.65524,2054
1.214700e-1,1.64154,2037
1.214800e-1,1.66330,2064
1.214900e-1,1.63832,2033
1.215000e-1,1.66894,2071
1.215100e-1,1.65282,2051
1.215200e-1,1.66007,2060
1.215300e-1,1.65201,2050
1.215400e-1,1.65766,2057
1.215500e-1,1.65282,2051
1.215600e-1,1.65524,2054
1.215700e-1,1.66168,2062
1.215800e-1,1.64396,2040
1.215900e-1,1.66088,2061
1.216000e-1,1.64879,2046
1.216100e-1,1.65524,2054
1.216200e-1,1.65363,2052
1.216300e-1,1.65363,2052
1.216400e-1,1.66571,2067
1.216500e-1,1.64396,2040
1.216600e-1,1.66330,2064
1.216700e-1,1.64879,2046
1.216800e-1,1.66491,2066
1.216900e-1,1.65121,2049
1.217000e-1,1.65846,2058
1.217100e-1,1.65927,2059
1.217200e-1,1.65040,2048
1.217300e-1,1.66168,2062
1.217400e-1,1.64879,2046
1.217500e-1,1.66974,2072
1.217600e-1,1.64315,2039
1.217700e-1,1.65685,2056
1.217800e-1,1.65040,2048
1.217900e-1,1.65604,2055
1.218000e-1,1.66007,2060
1.218100e-1,1.65685,2056
1.218200e-1,1.66007,2060
1.218300e-1,1.64960,2047
1.218400e-1,1.66652,2068
1.218500e-1,1.65443,2053
1.218600e-1,1.65282,2051
1.218700e-1,1.65201,2050
1.218800e-1,1.65604,2055
1.218900e-1,1.65846,2058
1.219000e-1,1.64960,2047
1.219100e-1,1.66571,2067
1.219200e-1,1.65121,2049
1.219300e-1,1.66007,2060
1.219400e-1,1.65443,2053
1.219500e-1,1.65604,2055
1.219600e-1,1.65685,2056
1.219700e-1,1.65040,2048
1.219800e-1,1.66491,2066
1.219900e-1,1.64960,2047
1.220000e-1,1.65846,2058
1.220100e-1,1.64718,2044
1.220200e-1,1.65685,2056
1.220300e-1,1.65685,2056
1.220400e-1,1.65524,2054
1.220500e-1,1.66168,2062
1.220600e-1,1.64799,2045
1.220700e-1,1.66330,2064
1.220800e-1,1.64476,2041
1.220900e-1,1.65685,2056
1.221000e-1,1.65282,2051
1.221100e-1,1.65040,2048
1.221200e-1,1.65040,2048
1.221300e-1,1.65604,2055
1.221400e-1,1.65201,2050
1.221500e-1,1.65524,2054
1.221600e-1,1.66652,2068
1.221700e-1,1.65846,2058
1.221800e-1,1.66249,2063
1.221900e-1,1.65121,2049
1.222000e-1,1.65846,2058
1.222100e-1,1.65846,2058
1.222200e-1,1.64315,2039
1.222300e-1,1.66813,2070
1.222400e-1,1.65201,2050
1.222500e-1,1.65927,2059
1.222600e-1,1.65201,2050
1.222700e-1,1.66168,2062
1.222800e-1,1.65363,2052
1.222900e-1,1.66007,2060
1.223000e-1,1.65363,2052
1.223100e-1,1.65040,2048
1.223200e-1,1.66974,2072
1.223300e-1,1.64396,2040
1.223400e-1,1.66007,2060
1.223500e-1,1.66088,2061
1.223600e-1,1.65846,2058
1.223700e-1,1.65524,2054
1.223800e-1,1.64879,2046
1.223900e-1,1.66571,2067
1.224000e-1,1.65121,2049
1.224100e-1,1.65685,2056
1.224200e-1,1.65363,2052
1.224300e-1,1.66168,2062
1.224400e-1,1.65363,2052
1.224500e-1,1.65927,2059
1.224600e-1,1.66410,2065
1.224700e-1,1.65040,2048
1.224800e-1,1.65846,2058
1.224900e-1,1.65363,2052
1.225000e-1,1.65443,2053
1.225100e-1,1.65443,2053
1.225200e-1,1.65201,2050
1.225300e-1,1.66330,2064
1.225400e-1,1.64476,2041
1.225500e-1,1.66813,2070
1.225600e-1,1.65040,2048
1.225700e-1,1.65927,2059
1.225800e-1,1.65363,2052
1.225900e-1,1.65524,2054
1.226000e-1,1.66168,2062
1.226100e-1,1.64476,2041
1.226200e-1,1.66007,2060
1.226300e-1,1.64960,2047
1.226400e-1,1.65524,2054
1.226500e-1,1.65524,2054
1.226600e-1,1.65201,2050
1.226700e-1,1.66410,2065
1.226800e-1,1.64637,2043
1.226900e-1,1.66249,2063
1.227000e-1,1.64154,2037
1.227100e-1,1.66088,2061
1.227200e-1,1.65282,2051
1.227300e-1,1.66168,2062
1.227400e-1,1.65363,2052
1.227500e-1,1.65927,2059
1.227600e-1,1.64476,2041
1.227700e-1,1.66733,2069
1.227800e-1,1.65282,2051
1.227900e-1,1.66088,2061
1.228000e-1,1.65040,2048
1.228100e-1,1.65685,2056
1.228200e-1,1.65685,2056
1.228300e-1,1.64879,2046
1.228400e-1,1.65927,2059
1.228500e-1,1.64154,2037
1.228600e-1,1.66894,2071
1.228700e-1,1.64799,2045
1.228800e-1,1.65846,2058
1.228900e-1,1.65201,2050
1.229000e-1,1.65685,2056
1.229100e-1,1.66168,2062
1.229200e-1,1.65685,2056
1.229300e-1,1.66330,2064
1.229400e-1,1.65363,2052
1.229500e-1,1.65685,2056
1.229600e-1,1.65363,2052
1.229700e-1,1.65766,2057
1.229800e-1,1.65443,2053
1.229900e-1,1.64960,2047
1.230000e-1,1.65766,2057
1.230100e-1,1.64718,2044
1.230200e-1,1.66330,2064
1.230300e-1,1.65363,2052
1.230400e-1,1.65846,2058
1.230500e-1,1.65282,2051
1.230600e-1,1.64879,2046
1.230700e-1,1.66571,2067
1.230800e-1,1.65121,2049
1.230900e-1,1.65524,2054
1.231000e-1,1.65766,2057
1.231100e-1,1.64234,2038
1.231200e-1,1.66088,2061
1.231300e-1,1.65685,2056
1.231400e-1,1.65685,2056
1.231500e-1,1.65846,2058
1.231600e-1,1.64637,2043
1.231700e-1,1.65846,2058
1.231800e-1,1.64637,2043
1.231900e-1,1.65604,2055
1.232000e-1,1.65846,2058
1.232100e-1,1.64476,2041
1.232200e-1,1.65443,2053
1.232300e-1,1.65685,2056
1.232400e-1,1.65524,2054
1.232500e-1,1.65846,2058
1.232600e-1,1.64476,2041
1.232700e-1,1.65604,2055
1.232800e-1,1.65201,2050
1.232900e-1,1.65685,2056
1.233000e-1,1.65846,2058
1.233100e-1,1.64315,2039
1.233200e-1,1.65846,2058
1.233300e-1,1.65201,2050
1.233400e-1,1.65766,2057
1.233500e-1,1.65604,2055
1.233600e-1,1.63993,2035
1.233700e-1,1.66168,2062
1.233800e-1,1.65443,2053
1.233900e-1,1.65846,2058
1.234000e-1,1.66168,2062
1.234100e-1,1.64799,2045
1.234200e-1,1.66410,2065
1.234300e-1,1.65121,2049
1.234400e-1,1.66249,2063
1.234500e-1,1.65121,2049
1.234600e-1,1.65846,2058
1.234700e-1,1.65604,2055
1.234800e-1,1.64637,2043
1.234900e-1,1.66652,2068
1.235000e-1,1.65524,2054
1.235100e-1,1.66088,2061
1.235200e-1,1.65443,2053
1.235300e-1,1.65443,2053
1.235400e-1,1.66088,2061
1.235500e-1,1.64073,2036
1.235600e-1,1.65766,2057
1.235700e-1,1.65201,2050
1.235800e-1,1.65040,2048
1.235900e-1,1.65846,2058
1.236000e-1,1.65524,2054
1.236100e-1,1.65524,2054
1.236200e-1,1.64396,2040
1.236300e-1,1.65524,2054
1.236400e-1,1.65040,2048
1.236500e-1,1.65766,2057
1.236600e-1,1.65685,2056
1.236700e-1,1.64718,2044
1.236800e-1,1.66571,2067
1.236900e-1,1.64073,2036
1.237000e-1,1.66088,2061
1.237100e-1,1.65121,2049
1.237200e-1,1.65282,2051
1.237300e-1,1.65604,2055
1.237400e-1,1.65201,2050
1.237500e-1,1.66571,2067
1.237600e-1,1.64396,2040
1.237700e-1,1.66088,2061
1.237800e-1,1.65282,2051
1.237900e-1,1.66249,2063
1.238000e-1,1.66088,2061
1.238100e-1,1.65604,2055
1.238200e-1,1.65846,2058
1.238300e-1,1.64396,2040
1.238400e-1,1.66249,2063
1.238500e-1,1.65363,2052
1.238600e-1,1.66168,2062
1.238700e-1,1.65363,2052
1.238800e-1,1.65040,2048
1.238900e-1,1.66249,2063
1.239000e-1,1.64960,2047
1.239100e-1,1.65846,2058
1.239200e-1,1.65846,2058
1.239300e-1,1.64799,2045
1.239400e-1,1.66410,2065
1.239500e-1,1.64557,2042
1.239600e-1,1.66168,2062
1.239700e-1,1.65121,2049
1.239800e-1,1.65363,2052
1.239900e-1,1.66330,2064
1.240000e-1,1.64234,2038
1.240100e-1,1.65040,2048
1.240200e-1,1.64476,2041
1.240300e-1,1.65363,2052
1.240400e-1,1.64960,2047
1.240500e-1,1.64315,2039
1.240600e-1,1.67055,2073
1.240700e-1,1.65040,2048
1.240800e-1,1.66410,2065
1.240900e-1,1.65201,2050
1.241000e-1,1.65685,2056
1.241100e-1,1.66088,2061
1.241200e-1,1.64396,2040
1.241300e-1,1.66330,2064
1.241400e-1,1.65685,2056
1.241500e-1,1.66007,2060
1.241600e-1,1.65685,2056
1.241700e-1,1.65201,2050
1.241800e-1,1.67377,2077
1.241900e-1,1.65363,2052
1.242000e-1,1.65927,2059
1.242100e-1,1.65443,2053
1.242200e-1,1.65282,2051
1.242300e-1,1.66168,2062
1.242400e-1,1.65121,2049
1.242500e-1,1.65927,2059
1.242600e-1,1.65040,2048
1.242700e-1,1.65846,2058
1.242800e-1,1.66249,2063
1.242900e-1,1.65766,2057
1.243000e-1,1.66249,2063
1.243100e-1,1.65121,2049
1.243200e-1,1.65846,2058
1.243300e-1,1.66330,2064
1.243400e-1,1.64476,2041
1.243500e-1,1.66330,2064
1.243600e-1,1.65443,2053
1.243700e-1,1.65604,2055
1.243800e-1,1.65201,2050
1.243900e-1,1.64637,2043
1.244000e-1,1.66330,2064
1.244100e-1,1.65201,2050
1.244200e-1,1.65766,2057
1.244300e-1,1.65846,2058
1.244400e-1,1.64557,2042
1.244500e-1,1.67700,2081
1.244600e-1,1.65443,2053
1.244700e-1,1.65846,2058
1.244800e-1,1.65201,2050
1.244900e-1,1.65604,2055
1.245000e-1,1.66088,2061
1.245100e-1,1.64799,2045
1.245200e-1,1.66974,2072
1.245300e-1,1.65282,2051
1.245400e-1,1.66088,2061
1.245500e-1,1.64637,2043
1.245600e-1,1.65282,2051
1.245700e-1,1.65846,2058
1.245800e-1,1.64476,2041
1.245900e-1,1.66007,2060
1.246000e-1,1.65282,2051
1.246100e-1,1.65363,2052
1.246200e-1,1.65685,2056
1.246300e-1,1.64557,2042
1.246400e-1,1.66330,2064
1.246500e-1,1.65201,2050
1.246600e-1,1.65363,2052
1.246700e-1,1.65685,2056
1.246800e-1,1.65282,2051
1.246900e-1,1.67136,2074
1.247000e-1,1.65524,2054
1.247100e-1,1.65766,2057
1.247200e-1,1.65121,2049
1.247300e-1,1.66410,2065
1.247400e-1,1.65927,2059
1.247500e-1,1.65443,2053
1.247600e-1,1.66410,2065
1.247700e-1,1.65040,2048
1.247800e-1,1.66007,2060
1.247900e-1,1.65040,2048
1.248000e-1,1.65282,2051
1.248100e-1,1.66007,2060
1.248200e-1,1.64637,2043
1.248300e-1,1.67055,2073
1.248400e-1,1.65201,2050
1.248500e-1,1.66168,2062
1.248600e-1,1.65282,2051
1.248700e-1,1.66007,2060
1.248800e-1,1.66007,2060
1.248900e-1,1.64557,2042
1.249000e-1,1.65927,2059
1.249100e-1,1.65282,2051
1.249200e-1,1.66088,2061
1.249300e-1,1.65282,2051
1.249400e-1,1.66330,2064
1.249500e-1,1.65363,2052
1.249600e-1,1.65363,2052
1.249700e-1,1.66410,2065
1.249800e-1,1.64234,2038
1.249900e-1,1.65685,2056
1.250000e-1,1.65363,2052
1.250100e-1,1.65121,2049
1.250200e-1,1.65927,2059
1.250300e-1,1.65201,2050
1.250400e-1,1.66894,2071
1.250500e-1,1.64718,2044
1.250600e-1,1.66007,2060
1.250700e-1,1.65201,2050
1.250800e-1,1.65604,2055
1.250900e-1,1.65604,2055
1.251000e-1,1.65282,2051
1.251100e-1,1.66330,2064
1.251200e-1,1.64154,2037
1.251300e-1,1.66330,2064
1.251400e-1,1.65443,2053
1.251500e-1,1.65846,2058
1.251600e-1,1.65927,2059
1.251700e-1,1.65524,2054
1.251800e-1,1.65685,2056
1.251900e-1,1.64960,2047
1.252000e-1,1.66410,2065
1.252100e-1,1.64396,2040
1.252200e-1,1.66249,2063
1.252300e-1,1.65363,2052
1.252400e-1,1.65443,2053
1.252500e-1,1.65040,2048
1.252600e-1,1.66733,2069
1.252700e-1,1.65443,2053
1.252800e-1,1.65201,2050
1.252900e-1,1.65846,2058
1.253000e-1,1.64637,2043
1.253100e-1,1.66733,2069
1.253200e-1,1.65363,2052
1.253300e-1,1.66168,2062
1.253400e-1,1.65443,2053
1.253500e-1,1.65604,2055
1.253600e-1,1.66007,2060
1.253700e-1,1.64396,2040
1.253800e-1,1.66330,2064
1.253900e-1,1.64234,2038
1.254000e-1,1.66330,2064
1.254100e-1,1.65040,2048
1.254200e-1,1.66088,2061
1.254300e-1,1.65201,2050
1.254400e-1,1.66007,2060
1.254500e-1,1.65363,2052
1.254600e-1,1.66249,2063
1.254700e-1,1.65201,2050
1.254800e-1,1.65443,2053
1.254900e-1,1.66168,2062
1.255000e-1,1.64557,2042
1.255100e-1,1.66974,2072
1.255200e-1,1.64396,2040
1.255300e-1,1.67055,2073
1.255400e-1,1.65040,2048
1.255500e-1,1.66007,2060
1.255600e-1,1.65443,2053
1.255700e-1,1.65282,2051
1.255800e-1,1.65766,2057
1.255900e-1,1.65121,2049
1.256000e-1,1.66491,2066
1.256100e-1,1.64557,2042
1.256200e-1,1.66571,2067
1.256300e-1,1.65524,2054
1.256400e-1,1.65524,2054
1.256500e-1,1.65604,2055
1.256600e-1,1.64718,2044
1.256700e-1,1.66491,2066
1.256800e-1,1.64637,2043
1.256900e-1,1.65927,2059
1.257000e-1,1.65201,2050
1.257100e-1,1.65604,2055
1.257200e-1,1.65363,2052
1.257300e-1,1.65363,2052
1.257400e-1,1.65685,2056
1.257500e-1,1.64799,2045
1.257600e-1,1.65927,2059
1.257700e-1,1.65363,2052
1.257800e-1,1.65846,2058
1.257900e-1,1.66249,2063
1.258000e-1,1.65443,2053
1.258100e-1,1.65604,2055
1.258200e-1,1.64960,2047
1.258300e-1,1.66652,2068
1.258400e-1,1.65201,2050
1.258500e-1,1.66007,2060
1.258600e-1,1.65363,2052
1.258700e-1,1.65604,2055
1.258800e-1,1.66168,2062
1.258900e-1,1.65040,2048
1.259000e-1,1.65766,2057
1.259100e-1,1.64476,2041
1.259200e-1,1.66007,2060
1.259300e-1,1.64234,2038
1.259400e-1,1.65846,2058
1.259500e-1,1.65363,2052
1.259600e-1,1.65201,2050
1.259700e-1,1.65524,2054
1.259800e-1,1.65201,2050
1.259900e-1,1.65443,2053
1.260000e-1,1.66330,2064
1.260100e-1,1.64476,2041
1.260200e-1,1.65846,2058
1.260300e-1,1.65121,2049
1.260400e-1,1.65040,2048
1.260500e-1,1.66249,2063
1.260600e-1,1.64234,2038
1.260700e-1,1.65524,2054
1.260800e-1,1.65282,2051
1.260900e-1,1.65766,2057
1.261000e-1,1.65604,2055
1.261100e-1,1.65524,2054
1.261200e-1,1.66007,2060
1.261300e-1,1.64476,2041
1.261400e-1,1.66652,2068
1.261500e-1,1.64960,2047
1.261600e-1,1.66088,2061
1.261700e-1,1.65524,2054
1.261800e-1,1.65524,2054
1.261900e-1,1.66571,2067
1.262000e-1,1.64557,2042
1.262100e-1,1.67136,2074
1.262200e-1,1.64799,2045
1.262300e-1,1.65846,2058
1.262400e-1,1.65443,2053
1.262500e-1,1.65121,2049
1.262600e-1,1.65846,2058
1.262700e-1,1.65282,2051
1.262800e-1,1.66330,2064
1.262900e-1,1.64799,2045
1.263000e-1,1.65927,2059
1.263100e-1,1.65363,2052
1.263200e-1,1.65927,2059
1.263300e-1,1.64637,2043
1.263400e-1,1.64960,2047
1.263500e-1,1.66571,2067
1.263600e-1,1.65040,2048
1.263700e-1,1.65040,2048
1.263800e-1,1.66007,2060
1.263900e-1,1.65766,2057
1.264000e-1,1.65927,2059
1.264100e-1,1.65282,2051
1.264200e-1,1.66652,2068
1.264300e-1,1.65201,2050
1.264400e-1,1.66330,2064
1.264500e-1,1.65604,2055
1.264600e-1,1.65121,2049
1.264700e-1,1.66491,2066
1.264800e-1,1.64637,2043
1.264900e-1,1.65927,2059
1.265000e-1,1.65282,2051
1.265100e-1,1.64557,2042
1.265200e-1,1.65685,2056
1.265300e-1,1.64315,2039
1.265400e-1,1.66491,2066
1.265500e-1,1.64799,2045
1.265600e-1,1.65524,2054
1.265700e-1,1.66007,2060
1.265800e-1,1.64234,2038
1.265900e-1,1.66007,2060
1.266000e-1,1.65282,2051
1.266100e-1,1.65524,2054
1.266200e-1,1.66974,2072
1.266300e-1,1.64557,2042
1.266400e-1,1.66249,2063
1.266500e-1,1.65201,2050
1.266600e-1,1.65524,2054
1.266700e-1,1.66974,2072
1.266800e-1,1.64396,2040
1.266900e-1,1.66733,2069
1.267000e-1,1.65201,2050
1.267100e-1,1.66974,2072
1.267200e-1,1.65121,2049
1.267300e-1,1.65604,2055
1.267400e-1,1.66007,2060
1.267500e-1,1.64637,2043
1.267600e-1,1.66733,2069
1.267700e-1,1.65040,2048
1.267800e-1,1.65685,2056
1.267900e-1,1.64960,2047
1.268000e-1,1.65766,2057
1.268100e-1,1.65282,2051
1.268200e-1,1.64557,2042
1.268300e-1,1.66733,2069
1.268400e-1,1.64557,2042
1.268500e-1,1.66410,2065
1.268600e-1,1.65363,2052
1.268700e-1,1.65685,2056
1.268800e-1,1.65363,2052
1.268900e-1,1.65604,2055
1.269000e-1,1.65040,2048
1.269100e-1,1.65363,2052
1.269200e-1,1.65846,2058
1.269300e-1,1.64557,2042
1.269400e-1,1.66733,2069
1.269500e-1,1.65282,2051
1.269600e-1,1.65846,2058
1.269700e-1,1.66168,2062
1.269800e-1,1.66007,2060
1.269900e-1,1.64396,2040
1.270000e-1,1.65524,2054
1.270100e-1,1.65524,2054
1.270200e-1,1.65282,2051
1.270300e-1,1.66733,2069
1.270400e-1,1.65121,2049
1.270500e-1,1.66007,2060
1.270600e-1,1.64557,2042
1.270700e-1,1.65524,2054
1.270800e-1,1.66007,2060
1.270900e-1,1.65121,2049
1.271000e-1,1.66088,2061
1.271100e-1,1.65363,2052
1.271200e-1,1.65604,2055
1.271300e-1,1.65201,2050
1.271400e-1,1.65846,2058
1.271500e-1,1.65040,2048
1.271600e-1,1.66330,2064
1.271700e-1,1.65604,2055
1.271800e-1,1.65524,2054
1.271900e-1,1.65846,2058
1.272000e-1,1.65040,2048
1.272100e-1,1.66571,2067
1.272200e-1,1.64315,2039
1.272300e-1,1.65604,2055
1.272400e-1,1.65040,2048
1.272500e-1,1.65846,2058
1.272600e-1,1.65443,2053
1.272700e-1,1.65363,2052
1.272800e-1,1.65846,2058
1.272900e-1,1.65524,2054
1.273000e-1,1.65927,2059
1.273100e-1,1.65363,2052
1.273200e-1,1.65685,2056
1.273300e-1,1.65363,2052
1.273400e-1,1.65363,2052
1.273500e-1,1.65443,2053
1.273600e-1,1.65282,2051
1.273700e-1,1.66491,2066
1.273800e-1,1.64154,2037
1.273900e-1,1.65846,2058
1.274000e-1,1.65363,2052
1.274100e-1,1.66007,2060
1.274200e-1,1.65201,2050
1.274300e-1,1.65524,2054
1.274400e-1,1.65766,2057
1.274500e-1,1.64960,2047
1.274600e-1,1.66652,2068
1.274700e-1,1.65282,2051
1.274800e-1,1.65846,2058
1.274900e-1,1.65201,2050
1.275000e-1,1.66088,2061
1.275100e-1,1.65363,2052
1.275200e-1,1.65363,2052
1.275300e-1,1.65363,2052
1.275400e-1,1.65685,2056
1.275500e-1,1.66007,2060
1.275600e-1,1.64718,2044
1.275700e-1,1.66571,2067
1.275800e-1,1.65363,2052
1.275900e-1,1.66168,2062
1.276000e-1,1.65363,2052
1.276100e-1,1.65927,2059
1.276200e-1,1.65282,2051
1.276300e-1,1.65604,2055
1.276400e-1,1.65443,2053
1.276500e-1,1.65927,2059
1.276600e-1,1.65040,2048
1.276700e-1,1.65524,2054
1.276800e-1,1.65685,2056
1.276900e-1,1.64154,2037
1.277000e-1,1.66652,2068
1.277100e-1,1.65121,2049
1.277200e-1,1.65927,2059
1.277300e-1,1.65363,2052
1.277400e-1,1.65121,2049
1.277500e-1,1.65846,2058
1.277600e-1,1.65443,2053
1.277700e-1,1.65443,2053
1.277800e-1,1.65282,2051
1.277900e-1,1.66249,2063
1.278000e-1,1.64637,2043
1.278100e-1,1.66894,2071
1.278200e-1,1.64960,2047
1.278300e-1,1.65685,2056
1.278400e-1,1.65201,2050
1.278500e-1,1.65927,2059
1.278600e-1,1.65443,2053
1.278700e-1,1.65363,2052
1.278800e-1,1.65201,2050
1.278900e-1,1.65363,2052
1.279000e-1,1.66007,2060
1.279100e-1,1.65282,2051
1.279200e-1,1.65685,2056
1.279300e-1,1.64396,2040
1.279400e-1,1.66491,2066
1.279500e-1,1.64799,2045
1.279600e-1,1.65846,2058
1.279700e-1,1.65685,2056
1.279800e-1,1.65846,2058
1.279900e-1,1.65524,2054
1.280000e-1,1.66007,2060
1.280100e-1,1.65846,2058
1.280200e-1,1.64960,2047
1.280300e-1,1.67377,2077
1.280400e-1,1.64718,2044
1.280500e-1,1.66007,2060
1.280600e-1,1.65282,2051
1.280700e-1,1.65363,2052
1.280800e-1,1.65766,2057
1.280900e-1,1.65201,2050
1.281000e-1,1.65685,2056
1.281100e-1,1.65121,2049
1.281200e-1,1.65685,2056
1.281300e-1,1.65927,2059
1.281400e-1,1.64637,2043
1.281500e-1,1.66491,2066
1.281600e-1,1.65604,2055
1.281700e-1,1.66007,2060
1.281800e-1,1.65443,2053
1.281900e-1,1.65282,2051
1.282000e-1,1.66249,2063
1.282100e-1,1.64396,2040
1.282200e-1,1.66571,2067
1.282300e-1,1.65524,2054
1.282400e-1,1.65846,2058
1.282500e-1,1.65201,2050
1.282600e-1,1.65604,2055
1.282700e-1,1.65766,2057
1.282800e-1,1.64718,2044
1.282900e-1,1.66571,2067
1.283000e-1,1.64315,2039
1.283100e-1,1.66491,2066
1.283200e-1,1.65121,2049
1.283300e-1,1.65927,2059
1.283400e-1,1.65282,2051
1.283500e-1,1.65685,2056
1.283600e-1,1.65121,2049
1.283700e-1,1.64960,2047
1.283800e-1,1.66491,2066
1.283900e-1,1.64396,2040
1.284000e-1,1.65685,2056
1.284100e-1,1.64557,2042
1.284200e-1,1.65363,2052
1.284300e-1,1.65524,2054
1.284400e-1,1.65443,2053
1.284500e-1,1.66249,2063
1.284600e-1,1.64476,2041
1.284700e-1,1.65685,2056
1.284800e-1,1.65363,2052
1.284900e-1,1.65766,2057
1.285000e-1,1.65282,2051
1.285100e-1,1.66652,2068
1.285200e-1,1.65363,2052
1.285300e-1,1.65524,2054
1.285400e-1,1.65846,2058
1.285500e-1,1.65524,2054
1.285600e-1,1.66007,2060
1.285700e-1,1.65201,2050
1.285800e-1,1.66894,2071
1.285900e-1,1.64396,2040
1.286000e-1,1.66652,2068
1.286100e-1,1.64637,2043
1.286200e-1,1.65524,2054
1.286300e-1,1.65766,2057
1.286400e-1,1.67458,2078
1.286500e-1,1.64637,2043
1.286600e-1,1.66491,2066
1.286700e-1,1.65040,2048
1.286800e-1,1.65927,2059
1.286900e-1,1.65363,2052
1.287000e-1,1.66088,2061
1.287100e-1,1.64718,2044
1.287200e-1,1.65846,2058
1.287300e-1,1.65121,2049
1.287400e-1,1.65766,2057
1.287500e-1,1.65604,2055
1.287600e-1,1.65685,2056
1.287700e-1,1.64396,2040
1.287800e-1,1.66894,2071
1.287900e-1,1.65201,2050
1.288000e-1,1.65846,2058
1.288100e-1,1.65121,2049
1.288200e-1,1.65201,2050
1.288300e-1,1.64718,2044
1.288400e-1,1.65927,2059
1.288500e-1,1.65363,2052
1.288600e-1,1.65685,2056
1.288700e-1,1.64718,2044
1.288800e-1,1.65040,2048
1.288900e-1,1.66733,2069
1.289000e-1,1.64718,2044
1.289100e-1,1.66330,2064
1.289200e-1,1.65121,2049
1.289300e-1,1.65685,2056
1.289400e-1,1.65201,2050
1.289500e-1,1.66168,2062
1.289600e-1,1.65121,2049
1.289700e-1,1.66652,2068
1.289800e-1,1.63993,2035
1.289900e-1,1.68022,2085
1.290000e-1,1.64476,2041
1.290100e-1,1.66491,2066
1.290200e-1,1.64557,2042
1.290300e-1,1.66571,2067
1.290400e-1,1.64557,2042
1.290500e-1,1.66571,2067
1.290600e-1,1.65282,2051
1.290700e-1,1.65685,2056
1.290800e-1,1.65282,2051
1.290900e-1,1.66007,2060
1.291000e-1,1.65282,2051
1.291100e-1,1.65766,2057
1.291200e-1,1.64718,2044
1.291300e-1,1.65846,2058
1.291400e-1,1.65282,2051
1.291500e-1,1.65846,2058
1.291600e-1,1.65685,2056
1.291700e-1,1.65282,2051
1.291800e-1,1.65766,2057
1.291900e-1,1.65282,2051
1.292000e-1,1.66410,2065
1.292100e-1,1.64396,2040
1.292200e-1,1.66652,2068
1.292300e-1,1.65363,2052
1.292400e-1,1.65363,2052
1.292500e-1,1.65201,2050
1.292600e-1,1.66007,2060
1.292700e-1,1.65201,2050
1.292800e-1,1.65121,2049
1.292900e-1,1.65604,2055
1.293000e-1,1.65604,2055
1.293100e-1,1.65282,2051
1.293200e-1,1.64396,2040
1.293300e-1,1.66330,2064
1.293400e-1,1.65524,2054
1.293500e-1,1.66491,2066
1.293600e-1,1.64476,2041
1.293700e-1,1.66974,2072
1.293800e-1,1.64960,2047
1.293900e-1,1.65927,2059
1.294000e-1,1.64879,2046
1.294100e-1,1.66249,2063
1.294200e-1,1.65040,2048
1.294300e-1,1.65766,2057
1.294400e-1,1.65443,2053
1.294500e-1,1.66007,2060
1.294600e-1,1.65121,2049
1.294700e-1,1.65846,2058
1.294800e-1,1.65282,2051
1.294900e-1,1.65363,2052
1.295000e-1,1.65121,2049
1.295100e-1,1.65282,2051
1.295200e-1,1.65766,2057
1.295300e-1,1.64637,2043
1.295400e-1,1.66894,2071
1.295500e-1,1.64234,2038
1.295600e-1,1.66007,2060
1.295700e-1,1.65363,2052
1.295800e-1,1.65282,2051
1.295900e-1,1.65121,2049
1.296000e-1,1.65685,2056
1.296100e-1,1.65443,2053
1.296200e-1,1.65363,2052
1.296300e-1,1.66168,2062
1.296400e-1,1.64799,2045
1.296500e-1,1.66894,2071
1.296600e-1,1.64396,2040
1.296700e-1,1.66007,2060
1.296800e-1,1.65201,2050
1.296900e-1,1.65363,2052
1.297000e-1,1.64557,2042
1.297100e-1,1.65685,2056
1.297200e-1,1.64960,2047
1.297300e-1,1.65685,2056
1.297400e-1,1.65443,2053
1.297500e-1,1.66168,2062
1.297600e-1,1.65121,2049
1.297700e-1,1.65685,2056
1.297800e-1,1.65685,2056
1.297900e-1,1.65524,2054
1.298000e-1,1.65766,2057
1.298100e-1,1.64476,2041
1.298200e-1,1.66894,2071
1.298300e-1,1.64396,2040
1.298400e-1,1.66168,2062
1.298500e-1,1.65443,2053
1.298600e-1,1.65846,2058
1.298700e-1,1.65282,2051
1.298800e-1,1.66088,2061
1.298900e-1,1.65443,2053
1.299000e-1,1.65524,2054
1.299100e-1,1.65363,2052
1.299200e-1,1.65443,2053
1.299300e-1,1.66249,2063
1.299400e-1,1.64396,2040
1.299500e-1,1.66007,2060
1.299600e-1,1.65363,2052
1.299700e-1,1.65766,2057
1.299800e-1,1.65201,2050
1.299900e-1,1.65766,2057
1.300000e-1,1.65443,2053
1.300100e-1,1.65121,2049
1.300200e-1,1.65927,2059
1.300300e-1,1.64637,2043
1.300400e-1,1.66168,2062
1.300500e-1,1.64476,2041
1.300600e-1,1.66491,2066
1.300700e-1,1.64234,2038
1.300800e-1,1.66410,2065
1.300900e-1,1.64396,2040
1.301000e-1,1.67136,2074
1.301100e-1,1.64073,2036
1.301200e-1,1.66330,2064
1.301300e-1,1.65443,2053
1.301400e-1,1.65766,2057
1.301500e-1,1.64799,2045
1.301600e-1,1.66007,2060
1.301700e-1,1.65282,2051
1.301800e-1,1.65766,2057
1.301900e-1,1.65604,2055
1.302000e-1,1.65201,2050
1.302100e-1,1.66330,2064
1.302200e-1,1.64396,2040
1.302300e-1,1.66249,2063
1.302400e-1,1.65121,2049
1.302500e-1,1.65846,2058
1.302600e-1,1.65524,2054
1.302700e-1,1.65443,2053
1.302800e-1,1.65443,2053
1.302900e-1,1.65443,2053
1.303000e-1,1.65927,2059
1.303100e-1,1.64960,2047
1.303200e-1,1.66652,2068
1.303300e-1,1.64234,2038
1.303400e-1,1.66330,2064
1.303500e-1,1.65201,2050
1.303600e-1,1.65927,2059
1.303700e-1,1.65121,2049
1.303800e-1,1.65685,2056
1.303900e-1,1.65121,2049
1.304000e-1,1.66088,2061
1.304100e-1,1.64960,2047
1.304200e-1,1.65363,2052
1.304300e-1,1.65524,2054
1.304400e-1,1.64879,2046
1.304500e-1,1.65524,2054
1.304600e-1,1.65604,2055
1.304700e-1,1.65685,2056
1.304800e-1,1.63670,2031
1.304900e-1,1.66813,2070
1.305000e-1,1.65201,2050
1.305100e-1,1.65927,2059
1.305200e-1,1.65040,2048
1.305300e-1,1.66168,2062
1.305400e-1,1.65685,2056
1.305500e-1,1.65282,2051
1.305600e-1,1.66007,2060
1.305700e-1,1.64718,2044
1.305800e-1,1.66813,2070
1.305900e-1,1.65201,2050
1.306000e-1,1.65766,2057
1.306100e-1,1.65201,2050
1.306200e-1,1.66007,2060
1.306300e-1,1.65766,2057
1.306400e-1,1.65040,2048
1.306500e-1,1.66733,2069
1.306600e-1,1.65201,2050
1.306700e-1,1.65766,2057
1.306800e-1,1.65443,2053
1.306900e-1,1.65443,2053
1.307000e-1,1.65766,2057
1.307100e-1,1.64799,2045
1.307200e-1,1.66007,2060
1.307300e-1,1.65201,2050
1.307400e-1,1.65524,2054
1.307500e-1,1.65604,2055
1.307600e-1,1.65604,2055
1.307700e-1,1.65685,2056
1.307800e-1,1.65282,2051
1.307900e-1,1.66571,2067
1.308000e-1,1.63751,2032
1.308100e-1,1.65604,2055
1.308200e-1,1.65282,2051
1.308300e-1,1.65685,2056
1.308400e-1,1.65363,2052
1.308500e-1,1.65443,2053
1.308600e-1,1.66007,2060
1.308700e-1,1.64718,2044
1.308800e-1,1.66652,2068
1.308900e-1,1.64960,2047
1.309000e-1,1.65685,2056
1.309100e-1,1.65201,2050
1.309200e-1,1.65766,2057
1.309300e-1,1.65363,2052
1.309400e-1,1.65201,2050
1.309500e-1,1.65846,2058
1.309600e-1,1.64476,2041
1.309700e-1,1.66894,2071
1.309800e-1,1.65201,2050
1.309900e-1,1.65846,2058
1.310000e-1,1.65040,2048
1.310100e-1,1.65927,2059
1.310200e-1,1.65363,2052
1.310300e-1,1.65443,2053
1.310400e-1,1.65846,2058
1.310500e-1,1.64879,2046
1.310600e-1,1.66571,2067
1.310700e-1,1.65282,2051
1.310800e-1,1.65766,2057
1.310900e-1,1.65524,2054
1.311000e-1,1.65524,2054
1.311100e-1,1.65201,2050
1.311200e-1,1.65685,2056
1.311300e-1,1.65363,2052
1.311400e-1,1.64879,2046
1.311500e-1,1.66652,2068
1.311600e-1,1.64799,2045
1.311700e-1,1.66007,2060
1.311800e-1,1.65121,2049
1.311900e-1,1.65524,2054
1.312000e-1,1.66088,2061
1.312100e-1,1.65121,2049
1.312200e-1,1.66571,2067
1.312300e-1,1.64396,2040
1.312400e-1,1.65766,2057
1.312500e-1,1.65121,2049
1.312600e-1,1.65927,2059
1.312700e-1,1.65604,2055
1.312800e-1,1.65443,2053
1.312900e-1,1.65040,2048
1.313000e-1,1.64799,2045
1.313100e-1,1.66652,2068
1.313200e-1,1.64637,2043
1.313300e-1,1.65846,2058
1.313400e-1,1.65201,2050
1.313500e-1,1.65927,2059
1.313600e-1,1.65363,2052
1.313700e-1,1.65363,2052
1.313800e-1,1.65927,2059
1.313900e-1,1.64879,2046
1.314000e-1,1.65927,2059
1.314100e-1,1.64476,2041
1.314200e-1,1.66330,2064
1.314300e-1,1.64960,2047
1.314400e-1,1.66330,2064
1.314500e-1,1.64396,2040
1.314600e-1,1.65766,2057
1.314700e-1,1.65363,2052
1.314800e-1,1.65685,2056
1.314900e-1,1.65685,2056
1.315000e-1,1.65040,2048
1.315100e-1,1.66813,2070
1.315200e-1,1.64476,2041
1.315300e-1,1.66410,2065
1.315400e-1,1.65282,2051
1.315500e-1,1.65846,2058
1.315600e-1,1.65282,2051
1.315700e-1,1.66007,2060
1.315800e-1,1.65121,2049
1.315900e-1,1.65685,2056
1.316000e-1,1.66249,2063
1.316100e-1,1.64799,2045
1.316200e-1,1.66571,2067
1.316300e-1,1.64476,2041
1.316400e-1,1.65927,2059
1.316500e-1,1.65201,2050
1.316600e-1,1.66894,2071
1.316700e-1,1.65363,2052
1.316800e-1,1.65766,2057
1.316900e-1,1.65121,2049
1.317000e-1,1.65846,2058
1.317100e-1,1.66007,2060
1.317200e-1,1.64637,2043
1.317300e-1,1.67136,2074
1.317400e-1,1.65040,2048
1.317500e-1,1.65927,2059
1.317600e-1,1.65201,2050
1.317700e-1,1.66007,2060
1.317800e-1,1.64879,2046
1.317900e-1,1.65604,2055
1.318000e-1,1.65524,2054
1.318100e-1,1.65121,2049
1.318200e-1,1.66007,2060
1.318300e-1,1.65121,2049
1.318400e-1,1.66491,2066
1.318500e-1,1.64637,2043
1.318600e-1,1.66652,2068
1.318700e-1,1.64637,2043
1.318800e-1,1.66168,2062
1.318900e-1,1.65927,2059
1.319000e-1,1.66007,2060
1.319100e-1,1.64960,2047
1.319200e-1,1.65524,2054
1.319300e-1,1.65766,2057
1.319400e-1,1.65524,2054
1.319500e-1,1.65846,2058
1.319600e-1,1.65282,2051
1.319700e-1,1.65927,2059
1.319800e-1,1.65524,2054
1.319900e-1,1.66571,2067
1.320000e-1,1.64396,2040
1.320100e-1,1.65685,2056
1.320200e-1,1.65040,2048
1.320300e-1,1.66007,2060
1.320400e-1,1.65363,2052
1.320500e-1,1.65685,2056
1.320600e-1,1.65604,2055
1.320700e-1,1.65363,2052
1.320800e-1,1.66168,2062
1.320900e-1,1.64799,2045
1.321000e-1,1.65846,2058
1.321100e-1,1.65121,2049
1.321200e-1,1.66088,2061
1.321300e-1,1.65121,2049
1.321400e-1,1.65040,2048
1.321500e-1,1.65685,2056
1.321600e-1,1.65121,2049
1.321700e-1,1.66410,2065
1.321800e-1,1.64396,2040
1.321900e-1,1.66330,2064
1.322000e-1,1.65524,2054
1.322100e-1,1.66007,2060
1.322200e-1,1.65685,2056
1.322300e-1,1.65524,2054
1.322400e-1,1.65927,2059
1.322500e-1,1.64960,2047
1.322600e-1,1.66410,2065
1.322700e-1,1.63993,2035
1.322800e-1,1.66813,2070
1.322900e-1,1.63993,2035
1.323000e-1,1.65766,2057
1.323100e-1,1.65121,2049
1.323200e-1,1.66007,2060
1.323300e-1,1.65040,2048
1.323400e-1,1.65604,2055
1.323500e-1,1.65766,2057
1.323600e-1,1.65201,2050
1.323700e-1,1.65766,2057
1.323800e-1,1.64799,2045
1.323900e-1,1.66491,2066
1.324000e-1,1.64960,2047
1.324100e-1,1.65766,2057
1.324200e-1,1.65363,2052
1.324300e-1,1.65846,2058
1.324400e-1,1.65121,2049
1.324500e-1,1.65927,2059
1.324600e-1,1.65282,2051
1.324700e-1,1.65604,2055
1.324800e-1,1.65443,2053
1.324900e-1,1.65040,2048
1.325000e-1,1.66168,2062
1.325100e-1,1.64557,2042
1.325200e-1,1.66733,2069
1.325300e-1,1.64718,2044
1.325400e-1,1.65121,2049
1.325500e-1,1.64396,2040
1.325600e-1,1.65846,2058
1.325700e-1,1.65040,2048
1.325800e-1,1.66168,2062
1.325900e-1,1.65363,2052
1.326000e-1,1.65766,2057
1.326100e-1,1.65604,2055
1.326200e-1,1.65685,2056
1.326300e-1,1.65927,2059
1.326400e-1,1.64476,2041
1.326500e-1,1.66571,2067
1.326600e-1,1.64637,2043
1.326700e-1,1.66410,2065
1.326800e-1,1.64557,2042
1.326900e-1,1.65604,2055
1.327000e-1,1.65443,2053
1.327100e-1,1.66007,2060
1.327200e-1,1.65121,2049
1.327300e-1,1.65685,2056
1.327400e-1,1.64879,2046
1.327500e-1,1.65927,2059
1.327600e-1,1.66088,2061
1.327700e-1,1.64718,2044
1.327800e-1,1.66168,2062
1.327900e-1,1.63751,2032
1.328000e-1,1.66652,2068
1.328100e-1,1.65282,2051
1.328200e-1,1.65685,2056
1.328300e-1,1.65121,2049
1.328400e-1,1.65766,2057
1.328500e-1,1.65282,2051
1.328600e-1,1.65766,2057
1.328700e-1,1.66088,2061
1.328800e-1,1.64960,2047
1.328900e-1,1.66249,2063
1.329000e-1,1.65282,2051
1.329100e-1,1.66249,2063
1.329200e-1,1.64557,2042
1.329300e-1,1.66813,2070
1.329400e-1,1.64073,2036
1.329500e-1,1.66007,2060
1.329600e-1,1.65040,2048
1.329700e-1,1.65363,2052
1.329800e-1,1.65282,2051
1.329900e-1,1.65766,2057
1.330000e-1,1.65443,2053
1.330100e-1,1.65685,2056
1.330200e-1,1.65766,2057
1.330300e-1,1.65685,2056
1.330400e-1,1.65846,2058
1.330500e-1,1.65363,2052
1.330600e-1,1.66571,2067
1.330700e-1,1.65040,2048
1.330800e-1,1.66733,2069
1.330900e-1,1.65363,2052
1.331000e-1,1.66168,2062
1.331100e-1,1.65201,2050
1.331200e-1,1.65927,2059
1.331300e-1,1.65443,2053
1.331400e-1,1.65604,2055
1.331500e-1,1.64960,2047
1.331600e-1,1.65121,2049
1.331700e-1,1.66410,2065
1.331800e-1,1.64557,2042
1.331900e-1,1.66491,2066
1.332000e-1,1.63912,2034
1.332100e-1,1.66733,2069
1.332200e-1,1.64073,2036
1.332300e-1,1.66007,2060
1.332400e-1,1.65040,2048
1.332500e-1,1.66007,2060
1.332600e-1,1.64557,2042
1.332700e-1,1.65766,2057
1.332800e-1,1.65201,2050
1.332900e-1,1.65846,2058
1.333000e-1,1.65121,2049
1.333100e-1,1.66007,2060
1.333200e-1,1.65524,2054
1.333300e-1,1.65846,2058
1.333400e-1,1.65363,2052
1.333500e-1,1.66007,2060
1.333600e-1,1.65443,2053
1.333700e-1,1.65846,2058
1.333800e-1,1.65282,2051
1.333900e-1,1.65040,2048
1.334000e-1,1.65685,2056
1.334100e-1,1.64234,2038
1.334200e-1,1.66007,2060
1.334300e-1,1.65040,2048
1.334400e-1,1.66330,2064
1.334500e-1,1.64718,2044
1.334600e-1,1.66249,2063
1.334700e-1,1.64799,2045
1.334800e-1,1.65604,2055
1.334900e-1,1.65524,2054
1.335000e-1,1.65201,2050
1.335100e-1,1.66168,2062
1.335200e-1,1.65040,2048
1.335300e-1,1.66249,2063
1.335400e-1,1.64396,2040
1.335500e-1,1.65685,2056
1.335600e-1,1.65363,2052
1.335700e-1,1.66007,2060
1.335800e-1,1.65524,2054
1.335900e-1,1.65121,2049
1.336000e-1,1.65685,2056
1.336100e-1,1.65121,2049
1.336200e-1,1.66007,2060
1.336300e-1,1.64234,2038
1.336400e-1,1.66088,2061
1.336500e-1,1.64879,2046
1.336600e-1,1.66007,2060
1.336700e-1,1.65040,2048
1.336800e-1,1.66813,2070
1.336900e-1,1.65363,2052
1.337000e-1,1.65766,2057
1.337100e-1,1.66974,2072
1.337200e-1,1.65363,2052
1.337300e-1,1.65685,2056
1.337400e-1,1.65524,2054
1.337500e-1,1.65846,2058
1.337600e-1,1.65363,2052
1.337700e-1,1.65363,2052
1.337800e-1,1.65604,2055
1.337900e-1,1.65524,2054
1.338000e-1,1.66088,2061
1.338100e-1,1.64315,2039
1.338200e-1,1.67458,2078
1.338300e-1,1.65201,2050
1.338400e-1,1.66088,2061
1.338500e-1,1.65524,2054
1.338600e-1,1.65040,2048
1.338700e-1,1.65524,2054
1.338800e-1,1.65363,2052
1.338900e-1,1.66168,2062
1.339000e-1,1.65040,2048
1.339100e-1,1.66491,2066
1.339200e-1,1.64637,2043
1.339300e-1,1.66330,2064
1.339400e-1,1.64476,2041
1.339500e-1,1.65927,2059
1.339600e-1,1.65524,2054
1.339700e-1,1.66330,2064
1.339800e-1,1.65282,2051
1.339900e-1,1.65927,2059
1.340000e-1,1.65846,2058
1.340100e-1,1.64718,2044
1.340200e-1,1.66733,2069
1.340300e-1,1.64718,2044
1.340400e-1,1.66007,2060
1.340500e-1,1.65363,2052
1.340600e-1,1.66652,2068
1.340700e-1,1.65201,2050
1.340800e-1,1.65363,2052
1.340900e-1,1.65927,2059
1.341000e-1,1.64154,2037
1.341100e-1,1.66330,2064
1.341200e-1,1.65201,2050
1.341300e-1,1.65604,2055
1.341400e-1,1.65363,2052
1.341500e-1,1.65282,2051
1.341600e-1,1.66249,2063
1.341700e-1,1.63993,2035
1.341800e-1,1.66088,2061
1.341900e-1,1.64315,2039
1.342000e-1,1.67055,2073
1.342100e-1,1.65201,2050
1.342200e-1,1.66088,2061
1.342300e-1,1.65685,2056
1.342400e-1,1.65766,2057
1.342500e-1,1.65927,2059
1.342600e-1,1.64557,2042
1.342700e-1,1.66813,2070
1.342800e-1,1.65524,2054
1.342900e-1,1.66249,2063
1.343000e-1,1.64879,2046
1.343100e-1,1.65040,2048
1.343200e-1,1.65604,2055
1.343300e-1,1.65524,2054
1.343400e-1,1.66571,2067
1.343500e-1,1.64396,2040
1.343600e-1,1.66168,2062
1.343700e-1,1.65282,2051
1.343800e-1,1.65766,2057
1.343900e-1,1.65363,2052
1.344000e-1,1.65766,2057
1.344100e-1,1.65685,2056
1.344200e-1,1.64879,2046
1.344300e-1,1.66007,2060
1.344400e-1,1.64718,2044
1.344500e-1,1.66249,2063
1.344600e-1,1.65040,2048
1.344700e-1,1.66249,2063
1.344800e-1,1.64960,2047
1.344900e-1,1.65524,2054
1.345000e-1,1.65201,2050
1.345100e-1,1.66491,2066
1.345200e-1,1.65685,2056
1.345300e-1,1.65282,2051
1.345400e-1,1.66330,2064
1.345500e-1,1.64154,2037
1.345600e-1,1.66571,2067
1.345700e-1,1.65363,2052
1.345800e-1,1.66088,2061
1.345900e-1,1.65604,2055
1.346000e-1,1.65524,2054
1.346100e-1,1.66007,2060
1.346200e-1,1.64879,2046
1.346300e-1,1.66813,2070
1.346400e-1,1.64799,2045
1.346500e-1,1.65524,2054
1.346600e-1,1.65685,2056
1.346700e-1,1.65121,2049
1.346800e-1,1.66733,2069
1.346900e-1,1.65363,2052
1.347000e-1,1.66168,2062
1.347100e-1,1.65201,2050
1.347200e-1,1.66330,2064
1.347300e-1,1.66088,2061
1.347400e-1,1.64879,2046
1.347500e-1,1.66491,2066
1.347600e-1,1.65040,2048
1.347700e-1,1.66088,2061
1.347800e-1,1.65443,2053
1.347900e-1,1.66330,2064
1.348000e-1,1.65363,2052
1.348100e-1,1.64960,2047
1.348200e-1,1.66974,2072
1.348300e-1,1.65121,2049
1.348400e-1,1.65927,2059
1.348500e-1,1.65040,2048
1.348600e-1,1.65604,2055
1.348700e-1,1.66168,2062
1.348800e-1,1.64396,2040
1.348900e-1,1.66733,2069
1.349000e-1,1.65040,2048
1.349100e-1,1.65846,2058
1.349200e-1,1.65363,2052
1.349300e-1,1.64234,2038
1.349400e-1,1.66007,2060
1.349500e-1,1.64637,2043
1.349600e-1,1.66088,2061
1.349700e-1,1.65201,2050
1.349800e-1,1.66088,2061
1.349900e-1,1.65685,2056
1.350000e-1,1.64637,2043
1.350100e-1,1.66330,2064
1.350200e-1,1.65685,2056
1.350300e-1,1.65766,2057
1.350400e-1,1.66491,2066
1.350500e-1,1.64154,2037
1.350600e-1,1.65846,2058
1.350700e-1,1.65524,2054
1.350800e-1,1.66007,2060
1.350900e-1,1.65604,2055
1.351000e-1,1.65121,2049
1.351100e-1,1.66491,2066
1.351200e-1,1.64718,2044
1.351300e-1,1.65927,2059
1.351400e-1,1.65040,2048
1.351500e-1,1.65766,2057
1.351600e-1,1.66007,2060
1.351700e-1,1.64315,2039
1.351800e-1,1.66330,2064
1.351900e-1,1.64799,2045
1.352000e-1,1.65121,2049
1.352100e-1,1.65927,2059
1.352200e-1,1.64879,2046
1.352300e-1,1.66652,2068
1.352400e-1,1.64557,2042
1.352500e-1,1.66007,2060
1.352600e-1,1.65524,2054
1.352700e-1,1.65121,2049
1.352800e-1,1.66088,2061
1.352900e-1,1.64073,2036
1.353000e-1,1.66330,2064
1.353100e-1,1.65524,2054
1.353200e-1,1.65685,2056
1.353300e-1,1.65121,2049
1.353400e-1,1.64718,2044
1.353500e-1,1.65846,2058
1.353600e-1,1.64799,2045
1.353700e-1,1.66088,2061
1.353800e-1,1.64557,2042
1.353900e-1,1.65927,2059
1.354000e-1,1.65040,2048
1.354100e-1,1.65363,2052
1.354200e-1,1.65201,2050
1.354300e-1,1.65443,2053
1.354400e-1,1.66330,2064
1.354500e-1,1.64315,2039
1.354600e-1,1.65363,2052
1.354700e-1,1.65121,2049
1.354800e-1,1.65846,2058
1.354900e-1,1.65604,2055
1.355000e-1,1.65524,2054
1.355100e-1,1.65524,2054
1.355200e-1,1.64476,2041
1.355300e-1,1.66571,2067
1.355400e-1,1.65201,2050
1.355500e-1,1.65927,2059
1.355600e-1,1.65201,2050
1.355700e-1,1.65282,2051
1.355800e-1,1.66330,2064
1.355900e-1,1.63590,2030
1.356000e-1,1.65685,2056
1.356100e-1,1.64879,2046
1.356200e-1,1.66088,2061
1.356300e-1,1.65927,2059
1.356400e-1,1.64879,2046
1.356500e-1,1.66571,2067
1.356600e-1,1.65201,2050
1.356700e-1,1.65766,2057
1.356800e-1,1.64637,2043
1.356900e-1,1.65604,2055
1.357000e-1,1.66007,2060
1.357100e-1,1.64718,2044
1.357200e-1,1.66652,2068
1.357300e-1,1.65846,2058
1.357400e-1,1.65846,2058
1.357500e-1,1.66491,2066
1.357600e-1,1.65685,2056
1.357700e-1,1.65685,2056
1.357800e-1,1.65604,2055
1.357900e-1,1.65766,2057
1.358000e-1,1.65040,2048
1.358100e-1,1.66894,2071
1.358200e-1,1.65201,2050
1.358300e-1,1.66088,2061
1.358400e-1,1.65282,2051
1.358500e-1,1.66088,2061
1.358600e-1,1.65604,2055
1.358700e-1,1.65685,2056
1.358800e-1,1.65846,2058
1.358900e-1,1.64799,2045
1.359000e-1,1.66410,2065
1.359100e-1,1.64154,2037
1.359200e-1,1.65927,2059
1.359300e-1,1.65040,2048
1.359400e-1,1.66007,2060
1.359500e-1,1.65121,2049
1.359600e-1,1.65201,2050
1.359700e-1,1.66249,2063
1.359800e-1,1.65282,2051
1.359900e-1,1.65927,2059
1.360000e-1,1.65685,2056
1.360100e-1,1.65685,2056
1.360200e-1,1.65363,2052
1.360300e-1,1.66007,2060
1.360400e-1,1.65363,2052
1.360500e-1,1.65524,2054
1.360600e-1,1.65846,2058
1.360700e-1,1.65121,2049
1.360800e-1,1.65282,2051
1.360900e-1,1.64637,2043
1.361000e-1,1.66652,2068
1.361100e-1,1.65363,2052
1.361200e-1,1.66088,2061
1.361300e-1,1.65604,2055
1.361400e-1,1.65604,2055
1.361500e-1,1.65846,2058
1.361600e-1,1.64879,2046
1.361700e-1,1.66491,2066
1.361800e-1,1.64234,2038
1.361900e-1,1.65927,2059
1.362000e-1,1.65363,2052
1.362100e-1,1.65927,2059
1.362200e-1,1.65363,2052
1.362300e-1,1.65685,2056
1.362400e-1,1.66330,2064
1.362500e-1,1.64396,2040
1.362600e-1,1.66652,2068
1.362700e-1,1.65201,2050
1.362800e-1,1.66249,2063
1.362900e-1,1.65040,2048
1.363000e-1,1.65201,2050
1.363100e-1,1.66168,2062
1.363200e-1,1.64799,2045
1.363300e-1,1.66410,2065
1.363400e-1,1.65201,2050
1.363500e-1,1.66088,2061
1.363600e-1,1.65201,2050
1.363700e-1,1.65766,2057
1.363800e-1,1.65363,2052
1.363900e-1,1.65201,2050
1.364000e-1,1.65846,2058
1.364100e-1,1.64718,2044
1.364200e-1,1.65846,2058
1.364300e-1,1.64718,2044
1.364400e-1,1.66088,2061
1.364500e-1,1.65282,2051
1.364600e-1,1.65846,2058
1.364700e-1,1.65282,2051
1.364800e-1,1.65282,2051
1.364900e-1,1.66088,2061
1.365000e-1,1.65363,2052
1.365100e-1,1.66088,2061
1.365200e-1,1.65121,2049
1.365300e-1,1.65524,2054
1.365400e-1,1.65766,2057
1.365500e-1,1.66652,2068
1.365600e-1,1.65040,2048
1.365700e-1,1.65766,2057
1.365800e-1,1.65363,2052
1.365900e-1,1.64637,2043
1.366000e-1,1.66410,2065
1.366100e-1,1.64315,2039
1.366200e-1,1.66491,2066
1.366300e-1,1.65201,2050
1.366400e-1,1.64960,2047
1.366500e-1,1.65282,2051
1.366600e-1,1.66652,2068
1.366700e-1,1.65282,2051
1.366800e-1,1.65685,2056
1.366900e-1,1.65121,2049
1.367000e-1,1.65282,2051
1.367100e-1,1.65846,2058
1.367200e-1,1.64557,2042
1.367300e-1,1.66652,2068
1.367400e-1,1.64879,2046
1.367500e-1,1.65846,2058
1.367600e-1,1.65040,2048
1.367700e-1,1.65766,2057
1.367800e-1,1.64718,2044
1.367900e-1,1.65846,2058
1.368000e-1,1.65524,2054
1.368100e-1,1.65040,2048
1.368200e-1,1.66571,2067
1.368300e-1,1.64396,2040
1.368400e-1,1.66652,2068
1.368500e-1,1.65121,2049
1.368600e-1,1.65363,2052
1.368700e-1,1.64960,2047
1.368800e-1,1.65524,2054
1.368900e-1,1.65604,2055
1.369000e-1,1.65443,2053
1.369100e-1,1.66330,2064
1.369200e-1,1.64396,2040
1.369300e-1,1.66571,2067
1.369400e-1,1.64879,2046
1.369500e-1,1.65766,2057
1.369600e-1,1.65121,2049
1.369700e-1,1.66088,2061
1.369800e-1,1.64396,2040
1.369900e-1,1.65846,2058
1.370000e-1,1.65685,2056
1.370100e-1,1.65040,2048
1.370200e-1,1.66330,2064
1.370300e-1,1.63993,2035
1.370400e-1,1.67377,2077
1.370500e-1,1.65121,2049
1.370600e-1,1.65363,2052
1.370700e-1,1.65121,2049
1.370800e-1,1.66249,2063
1.370900e-1,1.64637,2043
1.371000e-1,1.66249,2063
1.371100e-1,1.65443,2053
1.371200e-1,1.65282,2051
1.371300e-1,1.65201,2050
1.371400e-1,1.63590,2030
1.371500e-1,1.66249,2063
1.371600e-1,1.65685,2056
1.371700e-1,1.66168,2062
1.371800e-1,1.65040,2048
1.371900e-1,1.65685,2056
1.372000e-1,1.65121,2049
1.372100e-1,1.65363,2052
1.372200e-1,1.65443,2053
1.372300e-1,1.65040,2048
1.372400e-1,1.65846,2058
1.372500e-1,1.64718,2044
1.372600e-1,1.66652,2068
1.372700e-1,1.64234,2038
1.372800e-1,1.66168,2062
1.372900e-1,1.65201,2050
1.373000e-1,1.66168,2062
1.373100e-1,1.65363,2052
1.373200e-1,1.65363,2052
1.373300e-1,1.65685,2056
1.373400e-1,1.65363,2052
1.373500e-1,1.66410,2065
1.373600e-1,1.64879,2046
1.373700e-1,1.66491,2066
1.373800e-1,1.65040,2048
1.373900e-1,1.66410,2065
1.374000e-1,1.65282,2051
1.374100e-1,1.65927,2059
1.374200e-1,1.65363,2052
1.374300e-1,1.65927,2059
1.374400e-1,1.64879,2046
1.374500e-1,1.65685,2056
1.374600e-1,1.65766,2057
1.374700e-1,1.65524,2054
1.374800e-1,1.66813,2070
1.374900e-1,1.65443,2053
1.375000e-1,1.65766,2057
1.375100e-1,1.65363,2052
1.375200e-1,1.66330,2064
1.375300e-1,1.64637,2043
1.375400e-1,1.66813,2070
1.375500e-1,1.65201,2050
1.375600e-1,1.65524,2054
1.375700e-1,1.65121,2049
1.375800e-1,1.66249,2063
1.375900e-1,1.65766,2057
1.376000e-1,1.66007,2060
1.376100e-1,1.65282,2051
1.376200e-1,1.65685,2056
1.376300e-1,1.66007,2060
1.376400e-1,1.65443,2053
1.376500e-1,1.65685,2056
1.376600e-1,1.64799,2045
1.376700e-1,1.66652,2068
1.376800e-1,1.64718,2044
1.376900e-1,1.66733,2069
1.377000e-1,1.64154,2037
1.377100e-1,1.65604,2055
1.377200e-1,1.64396,2040
1.377300e-1,1.65766,2057
1.377400e-1,1.65282,2051
1.377500e-1,1.66088,2061
1.377600e-1,1.65524,2054
1.377700e-1,1.65201,2050
1.377800e-1,1.66330,2064
1.377900e-1,1.64073,2036
1.378000e-1,1.65685,2056
1.378100e-1,1.65201,2050
1.378200e-1,1.66330,2064
1.378300e-1,1.65766,2057
1.378400e-1,1.65040,2048
1.378500e-1,1.65846,2058
1.378600e-1,1.64557,2042
1.378700e-1,1.65927,2059
1.378800e-1,1.65443,2053
1.378900e-1,1.65685,2056
1.379000e-1,1.65443,2053
1.379100e-1,1.66491,2066
1.379200e-1,1.66571,2067
1.379300e-1,1.63832,2033
1.379400e-1,1.66652,2068
1.379500e-1,1.65201,2050
1.379600e-1,1.65766,2057
1.379700e-1,1.66088,2061
1.379800e-1,1.65604,2055
1.379900e-1,1.65040,2048
1.380000e-1,1.66168,2062
1.380100e-1,1.65927,2059
1.380200e-1,1.65363,2052
1.380300e-1,1.65846,2058
1.380400e-1,1.65040,2048
1.380500e-1,1.66249,2063
1.380600e-1,1.64960,2047
1.380700e-1,1.66491,2066
1.380800e-1,1.64718,2044
1.380900e-1,1.66410,2065
1.381000e-1,1.64960,2047
1.381100e-1,1.65766,2057
1.381200e-1,1.65524,2054
1.381300e-1,1.65363,2052
1.381400e-1,1.66007,2060
1.381500e-1,1.65040,2048
1.381600e-1,1.66410,2065
1.381700e-1,1.64154,2037
1.381800e-1,1.67297,2076
1.381900e-1,1.64799,2045
1.382000e-1,1.65766,2057
1.382100e-1,1.65201,2050
1.382200e-1,1.65363,2052
1.382300e-1,1.65201,2050
1.382400e-1,1.65846,2058
1.382500e-1,1.65524,2054
1.382600e-1,1.65040,2048
1.382700e-1,1.66571,2067
1.382800e-1,1.65121,2049
1.382900e-1,1.66249,2063
1.383000e-1,1.64396,2040
1.383100e-1,1.65766,2057
1.383200e-1,1.65040,2048
1.383300e-1,1.65685,2056
1.383400e-1,1.65443,2053
1.383500e-1,1.66168,2062
1.383600e-1,1.64718,2044
1.383700e-1,1.65846,2058
1.383800e-1,1.66088,2061
1.383900e-1,1.64637,2043
1.384000e-1,1.66571,2067
1.384100e-1,1.64315,2039
1.384200e-1,1.66249,2063
1.384300e-1,1.65121,2049
1.384400e-1,1.66168,2062
1.384500e-1,1.64637,2043
1.384600e-1,1.66249,2063
1.384700e-1,1.65363,2052
1.384800e-1,1.65524,2054
1.384900e-1,1.65524,2054
1.385000e-1,1.66168,2062
1.385100e-1,1.66088,2061
1.385200e-1,1.64637,2043
1.385300e-1,1.66652,2068
1.385400e-1,1.64154,2037
1.385500e-1,1.66168,2062
1.385600e-1,1.65282,2051
1.385700e-1,1.65604,2055
1.385800e-1,1.65363,2052
1.385900e-1,1.65121,2049
1.386000e-1,1.66491,2066
1.386100e-1,1.64476,2041
1.386200e-1,1.66249,2063
1.386300e-1,1.65040,2048
1.386400e-1,1.66168,2062
1.386500e-1,1.65846,2058
1.386600e-1,1.64879,2046
1.386700e-1,1.66491,2066
1.386800e-1,1.64960,2047
1.386900e-1,1.65927,2059
1.387000e-1,1.65201,2050
1.387100e-1,1.65846,2058
1.387200e-1,1.65524,2054
1.387300e-1,1.65121,2049
1.387400e-1,1.66733,2069
1.387500e-1,1.65201,2050
1.387600e-1,1.66088,2061
1.387700e-1,1.65604,2055
1.387800e-1,1.65604,2055
1.387900e-1,1.66330,2064
1.388000e-1,1.65524,2054
1.388100e-1,1.66007,2060
1.388200e-1,1.65927,2059
1.388300e-1,1.65201,2050
1.388400e-1,1.66249,2063
1.388500e-1,1.64799,2045
1.388600e-1,1.66330,2064
1.388700e-1,1.65443,2053
1.388800e-1,1.65685,2056
1.388900e-1,1.65846,2058
1.389000e-1,1.65040,2048
1.389100e-1,1.66813,2070
1.389200e-1,1.64879,2046
1.389300e-1,1.66168,2062
1.389400e-1,1.65282,2051
1.389500e-1,1.65282,2051
1.389600e-1,1.65201,2050
1.389700e-1,1.65927,2059
1.389800e-1,1.65604,2055
1.389900e-1,1.65604,2055
1.390000e-1,1.65766,2057
1.390100e-1,1.65363,2052
1.390200e-1,1.65846,2058
1.390300e-1,1.64799,2045
1.390400e-1,1.66733,2069
1.390500e-1,1.64879,2046
1.390600e-1,1.65766,2057
1.390700e-1,1.65363,2052
1.390800e-1,1.65766,2057
1.390900e-1,1.65846,2058
1.391000e-1,1.65766,2057
1.391100e-1,1.65524,2054
1.391200e-1,1.65363,2052
1.391300e-1,1.66088,2061
1.391400e-1,1.64637,2043
1.391500e-1,1.66571,2067
1.391600e-1,1.65040,2048
1.391700e-1,1.65201,2050
1.391800e-1,1.65524,2054
1.391900e-1,1.66168,2062
1.392000e-1,1.65363,2052
1.392100e-1,1.65685,2056
1.392200e-1,1.65766,2057
1.392300e-1,1.64637,2043
1.392400e-1,1.65927,2059
1.392500e-1,1.65363,2052
1.392600e-1,1.65846,2058
1.392700e-1,1.65846,2058
1.392800e-1,1.65524,2054
1.392900e-1,1.66168,2062
1.393000e-1,1.64557,2042
1.393100e-1,1.66813,2070
1.393200e-1,1.65201,2050
1.393300e-1,1.65766,2057
1.393400e-1,1.65524,2054
1.393500e-1,1.66491,2066
1.393600e-1,1.65121,2049
1.393700e-1,1.65766,2057
1.393800e-1,1.65201,2050
1.393900e-1,1.65282,2051
1.394000e-1,1.66330,2064
1.394100e-1,1.64879,2046
1.394200e-1,1.66410,2065
1.394300e-1,1.64799,2045
1.394400e-1,1.67619,2080
1.394500e-1,1.64315,2039
1.394600e-1,1.65927,2059
1.394700e-1,1.65040,2048
1.394800e-1,1.65685,2056
1.394900e-1,1.65282,2051
1.395000e-1,1.65604,2055
1.395100e-1,1.65685,2056
1.395200e-1,1.65443,2053
1.395300e-1,1.66491,2066
1.395400e-1,1.64396,2040
1.395500e-1,1.66330,2064
1.395600e-1,1.65040,2048
1.395700e-1,1.65363,2052
1.395800e-1,1.65524,2054
1.395900e-1,1.65604,2055
1.396000e-1,1.65927,2059
1.396100e-1,1.64637,2043
1.396200e-1,1.66491,2066
1.396300e-1,1.65121,2049
1.396400e-1,1.66088,2061
1.396500e-1,1.65040,2048
1.396600e-1,1.65201,2050
1.396700e-1,1.65766,2057
1.396800e-1,1.65363,2052
1.396900e-1,1.66491,2066
1.397000e-1,1.64718,2044
1.397100e-1,1.65524,2054
1.397200e-1,1.65040,2048
1.397300e-1,1.65927,2059
1.397400e-1,1.65363,2052
1.397500e-1,1.64557,2042
1.397600e-1,1.66571,2067
1.397700e-1,1.64396,2040
1.397800e-1,1.66088,2061
1.397900e-1,1.65604,2055
1.398000e-1,1.66330,2064
1.398100e-1,1.65121,2049
1.398200e-1,1.65685,2056
1.398300e-1,1.65443,2053
1.398400e-1,1.65282,2051
1.398500e-1,1.66168,2062
1.398600e-1,1.64557,2042
1.398700e-1,1.66733,2069
1.398800e-1,1.65524,2054
1.398900e-1,1.66813,2070
1.399000e-1,1.65040,2048
1.399100e-1,1.65927,2059
1.399200e-1,1.65040,2048
1.399300e-1,1.64799,2045
1.399400e-1,1.66491,2066
1.399500e-1,1.64476,2041
1.399600e-1,1.66007,2060
1.399700e-1,1.65524,2054
1.399800e-1,1.65121,2049
1.399900e-1,1.65121,2049
1.400000e-1,1.65766,2057
1.400100e-1,1.65121,2049
1.400200e-1,1.65201,2050
1.400300e-1,1.65685,2056
1.400400e-1,1.65363,2052
1.400500e-1,1.66088,2061
1.400600e-1,1.64799,2045
1.400700e-1,1.67458,2078
1.400800e-1,1.65040,2048
1.400900e-1,1.66088,2061
1.401000e-1,1.64960,2047
1.401100e-1,1.65846,2058
1.401200e-1,1.65685,2056
1.401300e-1,1.65040,2048
1.401400e-1,1.66410,2065
1.401500e-1,1.64799,2045
1.401600e-1,1.65363,2052
1.401700e-1,1.65040,2048
1.401800e-1,1.65846,2058
1.401900e-1,1.64879,2046
1.402000e-1,1.65685,2056
1.402100e-1,1.65846,2058
1.402200e-1,1.65201,2050
1.402300e-1,1.66249,2063
1.402400e-1,1.65201,2050
1.402500e-1,1.66652,2068
1.402600e-1,1.64476,2041
1.402700e-1,1.66733,2069
1.402800e-1,1.64073,2036
1.402900e-1,1.66330,2064
1.403000e-1,1.65363,2052
1.403100e-1,1.65524,2054
1.403200e-1,1.64960,2047
1.403300e-1,1.66007,2060
1.403400e-1,1.65443,2053
1.403500e-1,1.65685,2056
1.403600e-1,1.64557,2042
1.403700e-1,1.65604,2055
1.403800e-1,1.65766,2057
1.403900e-1,1.65040,2048
1.404000e-1,1.66652,2068
1.404100e-1,1.64557,2042
1.404200e-1,1.66491,2066
1.404300e-1,1.65524,2054
1.404400e-1,1.65524,2054
1.404500e-1,1.65040,2048
1.404600e-1,1.66330,2064
1.404700e-1,1.65282,2051
1.404800e-1,1.65685,2056
1.404900e-1,1.65927,2059
1.405000e-1,1.64960,2047
1.405100e-1,1.66330,2064
1.405200e-1,1.64637,2043
1.405300e-1,1.66330,2064
1.405400e-1,1.65040,2048
1.405500e-1,1.66410,2065
1.405600e-1,1.65363,2052
1.405700e-1,1.66249,2063
1.405800e-1,1.65524,2054
1.405900e-1,1.65685,2056
1.406000e-1,1.65846,2058
1.406100e-1,1.65363,2052
1.406200e-1,1.66330,2064
1.406300e-1,1.64396,2040
1.406400e-1,1.66330,2064
1.406500e-1,1.65040,2048
1.406600e-1,1.66088,2061
1.406700e-1,1.65766,2057
1.406800e-1,1.65443,2053
1.406900e-1,1.65766,2057
1.407000e-1,1.65282,2051
1.407100e-1,1.66168,2062
1.407200e-1,1.64396,2040
1.407300e-1,1.66410,2065
1.407400e-1,1.65040,2048
1.407500e-1,1.66249,2063
1.407600e-1,1.65604,2055
1.407700e-1,1.65766,2057
1.407800e-1,1.65685,2056
1.407900e-1,1.65040,2048
1.408000e-1,1.66330,2064
1.408100e-1,1.64315,2039
1.408200e-1,1.66330,2064
1.408300e-1,1.65040,2048
1.408400e-1,1.66330,2064
1.408500e-1,1.65524,2054
1.408600e-1,1.65443,2053
1.408700e-1,1.65846,2058
1.408800e-1,1.64960,2047
1.408900e-1,1.66410,2065
1.409000e-1,1.65121,2049
1.409100e-1,1.66249,2063
1.409200e-1,1.65121,2049
1.409300e-1,1.66088,2061
1.409400e-1,1.65766,2057
1.409500e-1,1.65040,2048
1.409600e-1,1.66491,2066
1.409700e-1,1.64557,2042
1.409800e-1,1.65443,2053
1.409900e-1,1.65201,2050
1.410000e-1,1.65846,2058
1.410100e-1,1.65766,2057
1.410200e-1,1.64637,2043
1.410300e-1,1.66894,2071
1.410400e-1,1.64879,2046
1.410500e-1,1.65846,2058
1.410600e-1,1.65524,2054
1.410700e-1,1.65363,2052
1.410800e-1,1.65846,2058
1.410900e-1,1.65121,2049
1.411000e-1,1.65846,2058
1.411100e-1,1.65443,2053
1.411200e-1,1.66088,2061
1.411300e-1,1.65201,2050
1.411400e-1,1.65524,2054
1.411500e-1,1.66168,2062
1.411600e-1,1.64154,2037
1.411700e-1,1.66330,2064
1.411800e-1,1.65604,2055
1.411900e-1,1.65766,2057
1.412000e-1,1.65766,2057
1.412100e-1,1.65766,2057
1.412200e-1,1.65685,2056
1.412300e-1,1.65121,2049
1.412400e-1,1.66491,2066
1.412500e-1,1.63993,2035
1.412600e-1,1.65766,2057
1.412700e-1,1.65685,2056
1.412800e-1,1.65685,2056
1.412900e-1,1.65766,2057
1.413000e-1,1.65524,2054
1.413100e-1,1.66410,2065
1.413200e-1,1.64799,2045
1.413300e-1,1.66652,2068
1.413400e-1,1.65201,2050
1.413500e-1,1.66007,2060
1.413600e-1,1.65524,2054
1.413700e-1,1.65685,2056
1.413800e-1,1.66168,2062
1.413900e-1,1.65685,2056
1.414000e-1,1.66733,2069
1.414100e-1,1.64718,2044
1.414200e-1,1.66249,2063
1.414300e-1,1.65040,2048
1.414400e-1,1.66088,2061
1.414500e-1,1.65604,2055
1.414600e-1,1.65201,2050
1.414700e-1,1.65927,2059
1.414800e-1,1.64637,2043
1.414900e-1,1.66168,2062
1.415000e-1,1.65524,2054
1.415100e-1,1.65604,2055
1.415200e-1,1.65685,2056
1.415300e-1,1.65363,2052
1.415400e-1,1.66571,2067
1.415500e-1,1.64396,2040
1.415600e-1,1.66491,2066
1.415700e-1,1.65685,2056
1.415800e-1,1.66088,2061
1.415900e-1,1.65121,2049
1.416000e-1,1.65604,2055
1.416100e-1,1.65363,2052
1.416200e-1,1.65685,2056
1.416300e-1,1.65282,2051
1.416400e-1,1.64637,2043
1.416500e-1,1.66974,2072
1.416600e-1,1.65846,2058
1.416700e-1,1.66088,2061
1.416800e-1,1.65524,2054
1.416900e-1,1.65443,2053
1.417000e-1,1.66168,2062
1.417100e-1,1.64476,2041
1.417200e-1,1.65846,2058
1.417300e-1,1.65121,2049
1.417400e-1,1.66330,2064
1.417500e-1,1.65927,2059
1.417600e-1,1.65443,2053
1.417700e-1,1.65524,2054
1.417800e-1,1.64154,2037
1.417900e-1,1.65846,2058
1.418000e-1,1.65443,2053
1.418100e-1,1.65846,2058
1.418200e-1,1.65363,2052
1.418300e-1,1.65766,2057
1.418400e-1,1.66733,2069
1.418500e-1,1.64799,2045
1.418600e-1,1.66894,2071
1.418700e-1,1.64960,2047
1.418800e-1,1.65846,2058
1.418900e-1,1.65201,2050
1.419000e-1,1.66168,2062
1.419100e-1,1.65282,2051
1.419200e-1,1.65846,2058
1.419300e-1,1.66168,2062
1.419400e-1,1.65443,2053
1.419500e-1,1.66249,2063
1.419600e-1,1.64315,2039
1.419700e-1,1.66491,2066
1.419800e-1,1.65443,2053
1.419900e-1,1.65846,2058
1.420000e-1,1.65121,2049
1.420100e-1,1.65685,2056
1.420200e-1,1.65927,2059
1.420300e-1,1.65766,2057
1.420400e-1,1.66571,2067
1.420500e-1,1.64315,2039
1.420600e-1,1.66007,2060
1.420700e-1,1.65443,2053
1.420800e-1,1.66007,2060
1.420900e-1,1.65443,2053
1.421000e-1,1.66330,2064
1.421100e-1,1.66249,2063
1.421200e-1,1.65040,2048
1.421300e-1,1.66974,2072
1.421400e-1,1.65201,2050
1.421500e-1,1.66168,2062
1.421600e-1,1.65040,2048
1.421700e-1,1.66088,2061
1.421800e-1,1.65443,2053
1.421900e-1,1.65040,2048
1.422000e-1,1.66571,2067
1.422100e-1,1.65846,2058
1.422200e-1,1.65846,2058
1.422300e-1,1.65282,2051
1.422400e-1,1.65443,2053
1.422500e-1,1.65363,2052
1.422600e-1,1.65524,2054
1.422700e-1,1.66652,2068
1.422800e-1,1.64315,2039
1.422900e-1,1.66168,2062
1.423000e-1,1.64557,2042
1.423100e-1,1.66088,2061
1.423200e-1,1.65524,2054
1.423300e-1,1.65363,2052
1.423400e-1,1.65927,2059
1.423500e-1,1.63509,2029
1.423600e-1,1.66813,2070
1.423700e-1,1.64718,2044
1.423800e-1,1.65766,2057
1.423900e-1,1.65363,2052
1.424000e-1,1.65604,2055
1.424100e-1,1.65685,2056
1.424200e-1,1.65201,2050
1.424300e-1,1.65766,2057
1.424400e-1,1.64154,2037
1.424500e-1,1.66894,2071
1.424600e-1,1.65282,2051
1.424700e-1,1.65846,2058
1.424800e-1,1.65363,2052
1.424900e-1,1.65604,2055
1.425000e-1,1.65604,2055
1.425100e-1,1.65121,2049
1.425200e-1,1.65846,2058
1.425300e-1,1.63993,2035
1.425400e-1,1.66249,2063
1.425500e-1,1.65282,2051
1.425600e-1,1.65685,2056
1.425700e-1,1.65846,2058
1.425800e-1,1.64637,2043
1.425900e-1,1.66733,2069
1.426000e-1,1.65363,2052
1.426100e-1,1.65766,2057
1.426200e-1,1.65121,2049
1.426300e-1,1.65685,2056
1.426400e-1,1.65846,2058
1.426500e-1,1.64557,2042
1.426600e-1,1.66168,2062
1.426700e-1,1.65363,2052
1.426800e-1,1.66088,2061
1.426900e-1,1.65524,2054
1.427000e-1,1.65201,2050
1.427100e-1,1.65604,2055
1.427200e-1,1.64799,2045
1.427300e-1,1.66733,2069
1.427400e-1,1.65282,2051
1.427500e-1,1.66007,2060
1.427600e-1,1.65443,2053
1.427700e-1,1.65927,2059
1.427800e-1,1.65846,2058
1.427900e-1,1.64799,2045
1.428000e-1,1.66733,2069
1.428100e-1,1.64879,2046
1.428200e-1,1.66168,2062
1.428300e-1,1.65201,2050
1.428400e-1,1.66007,2060
1.428500e-1,1.65524,2054
1.428600e-1,1.65282,2051
1.428700e-1,1.66330,2064
1.428800e-1,1.64315,2039
1.428900e-1,1.67055,2073
1.429000e-1,1.64879,2046
1.429100e-1,1.66168,2062
1.429200e-1,1.65201,2050
1.429300e-1,1.65927,2059
1.429400e-1,1.65282,2051
1.429500e-1,1.65927,2059
1.429600e-1,1.64960,2047
1.429700e-1,1.65685,2056
1.429800e-1,1.65282,2051
1.429900e-1,1.65443,2053
1.430000e-1,1.66168,2062
1.430100e-1,1.64315,2039
1.430200e-1,1.66249,2063
1.430300e-1,1.65443,2053
1.430400e-1,1.65927,2059
1.430500e-1,1.65201,2050
1.430600e-1,1.65282,2051
1.430700e-1,1.65604,2055
1.430800e-1,1.64637,2043
1.430900e-1,1.66733,2069
1.431000e-1,1.64799,2045
1.431100e-1,1.66007,2060
1.431200e-1,1.65363,2052
1.431300e-1,1.65927,2059
1.431400e-1,1.64960,2047
1.431500e-1,1.65685,2056
1.431600e-1,1.64637,2043
1.431700e-1,1.65766,2057
1.431800e-1,1.65524,2054
1.431900e-1,1.65121,2049
1.432000e-1,1.66813,2070
1.432100e-1,1.65121,2049
1.432200e-1,1.66007,2060
1.432300e-1,1.64718,2044
1.432400e-1,1.65443,2053
1.432500e-1,1.65443,2053
1.432600e-1,1.65121,2049
1.432700e-1,1.66491,2066
1.432800e-1,1.64234,2038
1.432900e-1,1.66168,2062
1.433000e-1,1.65363,2052
1.433100e-1,1.66330,2064
1.433200e-1,1.65201,2050
1.433300e-1,1.65927,2059
1.433400e-1,1.65604,2055
1.433500e-1,1.65363,2052
1.433600e-1,1.66088,2061
1.433700e-1,1.64315,2039
1.433800e-1,1.66652,2068
1.433900e-1,1.65040,2048
1.434000e-1,1.65927,2059
1.434100e-1,1.65524,2054
1.434200e-1,1.65443,2053
1.434300e-1,1.66491,2066
1.434400e-1,1.64315,2039
1.434500e-1,1.66007,2060
1.434600e-1,1.64799,2045
1.434700e-1,1.66007,2060
1.434800e-1,1.65363,2052
1.434900e-1,1.65363,2052
1.435000e-1,1.65927,2059
1.435100e-1,1.64154,2037
1.435200e-1,1.65443,2053
1.435300e-1,1.65121,2049
1.435400e-1,1.65766,2057
1.435500e-1,1.65040,2048
1.435600e-1,1.65685,2056
1.435700e-1,1.65685,2056
1.435800e-1,1.64718,2044
1.435900e-1,1.66733,2069
1.436000e-1,1.64799,2045
1.436100e-1,1.65282,2051
1.436200e-1,1.65927,2059
1.436300e-1,1.65685,2056
1.436400e-1,1.65685,2056
1.436500e-1,1.64960,2047
1.436600e-1,1.66330,2064
1.436700e-1,1.65201,2050
1.436800e-1,1.65846,2058
1.436900e-1,1.65201,2050
1.437000e-1,1.64799,2045
1.437100e-1,1.65927,2059
1.437200e-1,1.64637,2043
1.437300e-1,1.66813,2070
1.437400e-1,1.65121,2049
1.437500e-1,1.65846,2058
1.437600e-1,1.65443,2053
1.437700e-1,1.65282,2051
1.437800e-1,1.66249,2063
1.437900e-1,1.64073,2036
1.438000e-1,1.65846,2058
1.438100e-1,1.65201,2050
1.438200e-1,1.65766,2057
1.438300e-1,1.65766,2057
1.438400e-1,1.64557,2042
1.438500e-1,1.66652,2068
1.438600e-1,1.65121,2049
1.438700e-1,1.65927,2059
1.438800e-1,1.64637,2043
1.438900e-1,1.65040,2048
1.439000e-1,1.66168,2062
1.439100e-1,1.64557,2042
1.439200e-1,1.66733,2069
1.439300e-1,1.65040,2048
1.439400e-1,1.65846,2058
1.439500e-1,1.65604,2055
1.439600e-1,1.65121,2049
1.439700e-1,1.66491,2066
1.439800e-1,1.65282,2051
1.439900e-1,1.66007,2060
1.440000e-1,1.65604,2055
1.440100e-1,1.65282,2051
1.440200e-1,1.66088,2061
1.440300e-1,1.64315,2039
1.440400e-1,1.65846,2058
1.440500e-1,1.65282,2051
1.440600e-1,1.64799,2045
1.440700e-1,1.65524,2054
1.440800e-1,1.65201,2050
1.440900e-1,1.66894,2071
1.441000e-1,1.65201,2050
1.441100e-1,1.65685,2056
1.441200e-1,1.65443,2053
1.441300e-1,1.64718,2044
1.441400e-1,1.66733,2069
1.441500e-1,1.65040,2048
1.441600e-1,1.65927,2059
1.441700e-1,1.65524,2054
1.441800e-1,1.65685,2056
1.441900e-1,1.66733,2069
1.442000e-1,1.65201,2050
1.442100e-1,1.65846,2058
1.442200e-1,1.65685,2056
1.442300e-1,1.64960,2047
1.442400e-1,1.66249,2063
1.442500e-1,1.65121,2049
1.442600e-1,1.65766,2057
1.442700e-1,1.65443,2053
1.442800e-1,1.65040,2048
1.442900e-1,1.66410,2065
1.443000e-1,1.65201,2050
1.443100e-1,1.66088,2061
1.443200e-1,1.65363,2052
1.443300e-1,1.65443,2053
1.443400e-1,1.66168,2062
1.443500e-1,1.63993,2035
1.443600e-1,1.65363,2052
1.443700e-1,1.65121,2049
1.443800e-1,1.65766,2057
1.443900e-1,1.66652,2068
1.444000e-1,1.64960,2047
1.444100e-1,1.66491,2066
1.444200e-1,1.64315,2039
1.444300e-1,1.66571,2067
1.444400e-1,1.65604,2055
1.444500e-1,1.66894,2071
1.444600e-1,1.65282,2051
1.444700e-1,1.65766,2057
1.444800e-1,1.67136,2074
1.444900e-1,1.64718,2044
1.445000e-1,1.66330,2064
1.445100e-1,1.64718,2044
1.445200e-1,1.66652,2068
1.445300e-1,1.65766,2057
1.445400e-1,1.66168,2062
1.445500e-1,1.65121,2049
1.445600e-1,1.66088,2061
1.445700e-1,1.66007,2060
1.445800e-1,1.66088,2061
1.445900e-1,1.65121,2049
1.446000e-1,1.65766,2057
1.446100e-1,1.65201,2050
1.446200e-1,1.66249,2063
1.446300e-1,1.65766,2057
1.446400e-1,1.65443,2053
1.446500e-1,1.66088,2061
1.446600e-1,1.65040,2048
1.446700e-1,1.66733,2069
1.446800e-1,1.64234,2038
1.446900e-1,1.66249,2063
1.447000e-1,1.65040,2048
1.447100e-1,1.65443,2053
1.447200e-1,1.65604,2055
1.447300e-1,1.65524,2054
1.447400e-1,1.65927,2059
1.447500e-1,1.66007,2060
1.447600e-1,1.66410,2065
1.447700e-1,1.64557,2042
1.447800e-1,1.66007,2060
1.447900e-1,1.65040,2048
1.448000e-1,1.66088,2061
1.448100e-1,1.65121,2049
1.448200e-1,1.65604,2055
1.448300e-1,1.66088,2061
1.448400e-1,1.65363,2052
1.448500e-1,1.66974,2072
1.448600e-1,1.64557,2042
1.448700e-1,1.65766,2057
1.448800e-1,1.65282,2051
1.448900e-1,1.65766,2057
1.449000e-1,1.65604,2055
1.449100e-1,1.65282,2051
1.449200e-1,1.66249,2063
1.449300e-1,1.66007,2060
1.449400e-1,1.66571,2067
1.449500e-1,1.64315,2039
1.449600e-1,1.66733,2069
1.449700e-1,1.65040,2048
1.449800e-1,1.65766,2057
1.449900e-1,1.65524,2054
1.450000e-1,1.65443,2053
1.450100e-1,1.65363,2052
1.450200e-1,1.64960,2047
1.450300e-1,1.66410,2065
1.450400e-1,1.64718,2044
1.450500e-1,1.66733,2069
1.450600e-1,1.64799,2045
1.450700e-1,1.65604,2055
1.450800e-1,1.65282,2051
1.450900e-1,1.66088,2061
1.451000e-1,1.65443,2053
1.451100e-1,1.65766,2057
1.451200e-1,1.65201,2050
1.451300e-1,1.65524,2054
1.451400e-1,1.66491,2066
1.451500e-1,1.65363,2052
1.451600e-1,1.66652,2068
1.451700e-1,1.64557,2042
1.451800e-1,1.66007,2060
1.451900e-1,1.65363,2052
1.452000e-1,1.65685,2056
1.452100e-1,1.65685,2056
1.452200e-1,1.64718,2044
1.452300e-1,1.65846,2058
1.452400e-1,1.65121,2049
1.452500e-1,1.66007,2060
1.452600e-1,1.65121,2049
1.452700e-1,1.65685,2056
1.452800e-1,1.65524,2054
1.452900e-1,1.65201,2050
1.453000e-1,1.66410,2065
1.453100e-1,1.65363,2052
1.453200e-1,1.66733,2069
1.453300e-1,1.65121,2049
1.453400e-1,1.66007,2060
1.453500e-1,1.65201,2050
1.453600e-1,1.66330,2064
1.453700e-1,1.65363,2052
1.453800e-1,1.65443,2053
1.453900e-1,1.65846,2058
1.454000e-1,1.64396,2040
1.454100e-1,1.66007,2060
1.454200e-1,1.64557,2042
1.454300e-1,1.66571,2067
1.454400e-1,1.64879,2046
1.454500e-1,1.65927,2059
1.454600e-1,1.65040,2048
1.454700e-1,1.65524,2054
1.454800e-1,1.65443,2053
1.454900e-1,1.65685,2056
1.455000e-1,1.65846,2058
1.455100e-1,1.64718,2044
1.455200e-1,1.66330,2064
1.455300e-1,1.64557,2042
1.455400e-1,1.66652,2068
1.455500e-1,1.65282,2051
1.455600e-1,1.66168,2062
1.455700e-1,1.64396,2040
1.455800e-1,1.65846,2058
1.455900e-1,1.65040,2048
1.456000e-1,1.65524,2054
1.456100e-1,1.65604,2055
1.456200e-1,1.65363,2052
1.456300e-1,1.65927,2059
1.456400e-1,1.64799,2045
1.456500e-1,1.65927,2059
1.456600e-1,1.64799,2045
1.456700e-1,1.65927,2059
1.456800e-1,1.65443,2053
1.456900e-1,1.65766,2057
1.457000e-1,1.66652,2068
1.457100e-1,1.65121,2049
1.457200e-1,1.66491,2066
1.457300e-1,1.64557,2042
1.457400e-1,1.66410,2065
1.457500e-1,1.65524,2054
1.457600e-1,1.65363,2052
1.457700e-1,1.65443,2053
1.457800e-1,1.65604,2055
1.457900e-1,1.65927,2059
1.458000e-1,1.65604,2055
1.458100e-1,1.66652,2068
1.458200e-1,1.64234,2038
1.458300e-1,1.66007,2060
1.458400e-1,1.65201,2050
1.458500e-1,1.66894,2071
1.458600e-1,1.65201,2050
1.458700e-1,1.65766,2057
1.458800e-1,1.66168,2062
1.458900e-1,1.65040,2048
1.459000e-1,1.66410,2065
1.459100e-1,1.64476,2041
1.459200e-1,1.66491,2066
1.459300e-1,1.64718,2044
1.459400e-1,1.66007,2060
1.459500e-1,1.64799,2045
1.459600e-1,1.65363,2052
1.459700e-1,1.66249,2063
1.459800e-1,1.64154,2037
1.459900e-1,1.65363,2052
1.460000e-1,1.65604,2055
1.460100e-1,1.65524,2054
1.460200e-1,1.65363,2052
1.460300e-1,1.64960,2047
1.460400e-1,1.65766,2057
1.460500e-1,1.65363,2052
1.460600e-1,1.66007,2060
1.460700e-1,1.65363,2052
1.460800e-1,1.64476,2041
1.460900e-1,1.66007,2060
1.461000e-1,1.64476,2041
1.461100e-1,1.66330,2064
1.461200e-1,1.65201,2050
1.461300e-1,1.66652,2068
1.461400e-1,1.65846,2058
1.461500e-1,1.64718,2044
1.461600e-1,1.66894,2071
1.461700e-1,1.65282,2051
1.461800e-1,1.65685,2056
1.461900e-1,1.65524,2054
1.462000e-1,1.65282,2051
1.462100e-1,1.66249,2063
1.462200e-1,1.64960,2047
1.462300e-1,1.65766,2057
1.462400e-1,1.65363,2052
1.462500e-1,1.65040,2048
1.462600e-1,1.66249,2063
1.462700e-1,1.64396,2040
1.462800e-1,1.65927,2059
1.462900e-1,1.65524,2054
1.463000e-1,1.65443,2053
1.463100e-1,1.65766,2057
1.463200e-1,1.64718,2044
1.463300e-1,1.66652,2068
1.463400e-1,1.65121,2049
1.463500e-1,1.66007,2060
1.463600e-1,1.65685,2056
1.463700e-1,1.65121,2049
1.463800e-1,1.65766,2057
1.463900e-1,1.64637,2043
1.464000e-1,1.66571,2067
1.464100e-1,1.63912,2034
1.464200e-1,1.66088,2061
1.464300e-1,1.65282,2051
1.464400e-1,1.66652,2068
1.464500e-1,1.66007,2060
1.464600e-1,1.63993,2035
1.464700e-1,1.65927,2059
1.464800e-1,1.65443,2053
1.464900e-1,1.66007,2060
1.465000e-1,1.65685,2056
1.465100e-1,1.65201,2050
1.465200e-1,1.66733,2069
1.465300e-1,1.65282,2051
1.465400e-1,1.65685,2056
1.465500e-1,1.65121,2049
1.465600e-1,1.64960,2047
1.465700e-1,1.65443,2053
1.465800e-1,1.64476,2041
1.465900e-1,1.66733,2069
1.466000e-1,1.65201,2050
1.466100e-1,1.66007,2060
1.466200e-1,1.65201,2050
1.466300e-1,1.65846,2058
1.466400e-1,1.65685,2056
1.466500e-1,1.64879,2046
1.466600e-1,1.66733,2069
1.466700e-1,1.65040,2048
1.466800e-1,1.65846,2058
1.466900e-1,1.65282,2051
1.467000e-1,1.65524,2054
1.467100e-1,1.65846,2058
1.467200e-1,1.64960,2047
1.467300e-1,1.66813,2070
1.467400e-1,1.65040,2048
1.467500e-1,1.65927,2059
1.467600e-1,1.65443,2053
1.467700e-1,1.65443,2053
1.467800e-1,1.65524,2054
1.467900e-1,1.64315,2039
1.468000e-1,1.65766,2057
1.468100e-1,1.65524,2054
1.468200e-1,1.65524,2054
1.468300e-1,1.65685,2056
1.468400e-1,1.64234,2038
1.468500e-1,1.66733,2069
1.468600e-1,1.64879,2046
1.468700e-1,1.65846,2058
1.468800e-1,1.65443,2053
1.468900e-1,1.65846,2058
1.469000e-1,1.65201,2050
1.469100e-1,1.65685,2056
1.469200e-1,1.65604,2055
1.469300e-1,1.64396,2040
1.469400e-1,1.65927,2059
1.469500e-1,1.64718,2044
1.469600e-1,1.66733,2069
1.469700e-1,1.65363,2052
1.469800e-1,1.65927,2059
1.469900e-1,1.65040,2048
1.470000e-1,1.65846,2058
1.470100e-1,1.65766,2057
1.470200e-1,1.65282,2051
1.470300e-1,1.65927,2059
1.470400e-1,1.65443,2053
1.470500e-1,1.65443,2053
1.470600e-1,1.65201,2050
1.470700e-1,1.65766,2057
1.470800e-1,1.66168,2062
1.470900e-1,1.65121,2049
1.471000e-1,1.66894,2071
1.471100e-1,1.65040,2048
1.471200e-1,1.65766,2057
1.471300e-1,1.65040,2048
1.471400e-1,1.65846,2058
1.471500e-1,1.65927,2059
1.471600e-1,1.64396,2040
1.471700e-1,1.66733,2069
1.471800e-1,1.65121,2049
1.471900e-1,1.66168,2062
1.472000e-1,1.65685,2056
1.472100e-1,1.64960,2047
1.472200e-1,1.66088,2061
1.472300e-1,1.65121,2049
1.472400e-1,1.65927,2059
1.472500e-1,1.65443,2053
1.472600e-1,1.64637,2043
1.472700e-1,1.66652,2068
1.472800e-1,1.65040,2048
1.472900e-1,1.65927,2059
1.473000e-1,1.65282,2051
1.473100e-1,1.65524,2054
1.473200e-1,1.66249,2063
1.473300e-1,1.64476,2041
1.473400e-1,1.66330,2064
1.473500e-1,1.64718,2044
1.473600e-1,1.65524,2054
1.473700e-1,1.65685,2056
1.473800e-1,1.64960,2047
1.473900e-1,1.66894,2071
1.474000e-1,1.65282,2051
1.474100e-1,1.67055,2073
1.474200e-1,1.65524,2054
1.474300e-1,1.65604,2055
1.474400e-1,1.66007,2060
1.474500e-1,1.64234,2038
1.474600e-1,1.66571,2067
1.474700e-1,1.64960,2047
1.474800e-1,1.65201,2050
1.474900e-1,1.65201,2050
1.475000e-1,1.65604,2055
1.475100e-1,1.66330,2064
1.475200e-1,1.64234,2038
1.475300e-1,1.65363,2052
1.475400e-1,1.64718,2044
1.475500e-1,1.65201,2050
1.475600e-1,1.65685,2056
1.475700e-1,1.64234,2038
1.475800e-1,1.66007,2060
1.475900e-1,1.65040,2048
1.476000e-1,1.66571,2067
1.476100e-1,1.65685,2056
1.476200e-1,1.64557,2042
1.476300e-1,1.65766,2057
1.476400e-1,1.65201,2050
1.476500e-1,1.65766,2057
1.476600e-1,1.65201,2050
1.476700e-1,1.65443,2053
1.476800e-1,1.66007,2060
1.476900e-1,1.64557,2042
1.477000e-1,1.66410,2065
1.477100e-1,1.64879,2046
1.477200e-1,1.65121,2049
1.477300e-1,1.65604,2055
1.477400e-1,1.65121,2049
1.477500e-1,1.66410,2065
1.477600e-1,1.64315,2039
1.477700e-1,1.66571,2067
1.477800e-1,1.65363,2052
1.477900e-1,1.66007,2060
1.478000e-1,1.65363,2052
1.478100e-1,1.65363,2052
1.478200e-1,1.66410,2065
1.478300e-1,1.64960,2047
1.478400e-1,1.66007,2060
1.478500e-1,1.65282,2051
1.478600e-1,1.65846,2058
1.478700e-1,1.65201,2050
1.478800e-1,1.65524,2054
1.478900e-1,1.66491,2066
1.479000e-1,1.65040,2048
1.479100e-1,1.65927,2059
1.479200e-1,1.65040,2048
1.479300e-1,1.65766,2057
1.479400e-1,1.65685,2056
1.479500e-1,1.65443,2053
1.479600e-1,1.65846,2058
1.479700e-1,1.64073,2036
1.479800e-1,1.66571,2067
1.479900e-1,1.65363,2052
1.480000e-1,1.65846,2058
1.480100e-1,1.66168,2062
1.480200e-1,1.65524,2054
1.480300e-1,1.65685,2056
1.480400e-1,1.65121,2049
1.480500e-1,1.66330,2064
1.480600e-1,1.64154,2037
1.480700e-1,1.66088,2061
1.480800e-1,1.65121,2049
1.480900e-1,1.66007,2060
1.481000e-1,1.65040,2048
1.481100e-1,1.65766,2057
1.481200e-1,1.66410,2065
1.481300e-1,1.64799,2045
1.481400e-1,1.66491,2066
1.481500e-1,1.64476,2041
1.481600e-1,1.66088,2061
1.481700e-1,1.65282,2051
1.481800e-1,1.65766,2057
1.481900e-1,1.65524,2054
1.482000e-1,1.65121,2049
1.482100e-1,1.66168,2062
1.482200e-1,1.64557,2042
1.482300e-1,1.66330,2064
1.482400e-1,1.65201,2050
1.482500e-1,1.66007,2060
1.482600e-1,1.65201,2050
1.482700e-1,1.66007,2060
1.482800e-1,1.65282,2051
1.482900e-1,1.64799,2045
1.483000e-1,1.66652,2068
1.483100e-1,1.64637,2043
1.483200e-1,1.65846,2058
1.483300e-1,1.66007,2060
1.483400e-1,1.65766,2057
1.483500e-1,1.65524,2054
1.483600e-1,1.65846,2058
1.483700e-1,1.65685,2056
1.483800e-1,1.65524,2054
1.483900e-1,1.66571,2067
1.484000e-1,1.65282,2051
1.484100e-1,1.66330,2064
1.484200e-1,1.64396,2040
1.484300e-1,1.66168,2062
1.484400e-1,1.65927,2059
1.484500e-1,1.65846,2058
1.484600e-1,1.64960,2047
1.484700e-1,1.66007,2060
1.484800e-1,1.65604,2055
1.484900e-1,1.65524,2054
1.485000e-1,1.66249,2063
1.485100e-1,1.65282,2051
1.485200e-1,1.66007,2060
1.485300e-1,1.64073,2036
1.485400e-1,1.66733,2069
1.485500e-1,1.64799,2045
1.485600e-1,1.65927,2059
1.485700e-1,1.65282,2051
1.485800e-1,1.66088,2061
1.485900e-1,1.65040,2048
1.486000e-1,1.65524,2054
1.486100e-1,1.66330,2064
1.486200e-1,1.65604,2055
1.486300e-1,1.65443,2053
1.486400e-1,1.64718,2044
1.486500e-1,1.66330,2064
1.486600e-1,1.64557,2042
1.486700e-1,1.66249,2063
1.486800e-1,1.65282,2051
1.486900e-1,1.65846,2058
1.487000e-1,1.65040,2048
1.487100e-1,1.66088,2061
1.487200e-1,1.65282,2051
1.487300e-1,1.65524,2054
1.487400e-1,1.66652,2068
1.487500e-1,1.65040,2048
1.487600e-1,1.66168,2062
1.487700e-1,1.64718,2044
1.487800e-1,1.66733,2069
1.487900e-1,1.64476,2041
1.488000e-1,1.65040,2048
1.488100e-1,1.65927,2059
1.488200e-1,1.66168,2062
1.488300e-1,1.65201,2050
1.488400e-1,1.66491,2066
1.488500e-1,1.65604,2055
1.488600e-1,1.64718,2044
1.488700e-1,1.66168,2062
1.488800e-1,1.65685,2056
1.488900e-1,1.66410,2065
1.489000e-1,1.63590,2030
1.489100e-1,1.66249,2063
1.489200e-1,1.65363,2052
1.489300e-1,1.65524,2054
1.489400e-1,1.65282,2051
1.489500e-1,1.66330,2064
1.489600e-1,1.65363,2052
1.489700e-1,1.65443,2053
1.489800e-1,1.65846,2058
1.489900e-1,1.65201,2050
1.490000e-1,1.66813,2070
1.490100e-1,1.63993,2035
1.490200e-1,1.66491,2066
1.490300e-1,1.63832,2033
1.490400e-1,1.66652,2068
1.490500e-1,1.64960,2047
1.490600e-1,1.65846,2058
1.490700e-1,1.65363,2052
1.490800e-1,1.66168,2062
1.490900e-1,1.66249,2063
1.491000e-1,1.65846,2058
1.491100e-1,1.65040,2048
1.491200e-1,1.65927,2059
1.491300e-1,1.65282,2051
1.491400e-1,1.65766,2057
1.491500e-1,1.65927,2059
1.491600e-1,1.65846,2058
1.491700e-1,1.65201,2050
1.491800e-1,1.65927,2059
1.491900e-1,1.64557,2042
1.492000e-1,1.65766,2057
1.492100e-1,1.65040,2048
1.492200e-1,1.65524,2054
1.492300e-1,1.65927,2059
1.492400e-1,1.65040,2048
1.492500e-1,1.66974,2072
1.492600e-1,1.64234,2038
1.492700e-1,1.66571,2067
1.492800e-1,1.64960,2047
1.492900e-1,1.65927,2059
1.493000e-1,1.65685,2056
1.493100e-1,1.65846,2058
1.493200e-1,1.64315,2039
1.493300e-1,1.65685,2056
1.493400e-1,1.66410,2065
1.493500e-1,1.64476,2041
1.493600e-1,1.67619,2080
1.493700e-1,1.65040,2048
1.493800e-1,1.65766,2057
1.493900e-1,1.65282,2051
1.494000e-1,1.65846,2058
1.494100e-1,1.65282,2051
1.494200e-1,1.65121,2049
1.494300e-1,1.66571,2067
1.494400e-1,1.64557,2042
1.494500e-1,1.66330,2064
1.494600e-1,1.66007,2060
1.494700e-1,1.65201,2050
1.494800e-1,1.66088,2061
1.494900e-1,1.64557,2042
1.495000e-1,1.66249,2063
1.495100e-1,1.65282,2051
1.495200e-1,1.65927,2059
1.495300e-1,1.65685,2056
1.495400e-1,1.65040,2048
1.495500e-1,1.65927,2059
1.495600e-1,1.64557,2042
1.495700e-1,1.66571,2067
1.495800e-1,1.65443,2053
1.495900e-1,1.65846,2058
1.496000e-1,1.65282,2051
1.496100e-1,1.65282,2051
1.496200e-1,1.66088,2061
1.496300e-1,1.65201,2050
1.496400e-1,1.66330,2064
1.496500e-1,1.64879,2046
1.496600e-1,1.65766,2057
1.496700e-1,1.65363,2052
1.496800e-1,1.65443,2053
1.496900e-1,1.66330,2064
1.497000e-1,1.64154,2037
1.497100e-1,1.65604,2055
1.497200e-1,1.65443,2053
1.497300e-1,1.65121,2049
1.497400e-1,1.66168,2062
1.497500e-1,1.65443,2053
1.497600e-1,1.65846,2058
1.497700e-1,1.65201,2050
1.497800e-1,1.65604,2055
1.497900e-1,1.66330,2064
1.498000e-1,1.65363,2052
1.498100e-1,1.65927,2059
1.498200e-1,1.65524,2054
1.498300e-1,1.66168,2062
1.498400e-1,1.64234,2038
1.498500e-1,1.66088,2061
1.498600e-1,1.65040,2048
1.498700e-1,1.66007,2060
1.498800e-1,1.65363,2052
1.498900e-1,1.65685,2056
1.499000e-1,1.65524,2054
1.499100e-1,1.65766,2057
1.499200e-1,1.66652,2068
1.499300e-1,1.64234,2038
1.499400e-1,1.65927,2059
1.499500e-1,1.65121,2049
1.499600e-1,1.65766,2057
1.499700e-1,1.66249,2063
1.499800e-1,1.65443,2053
1.499900e-1,1.67297,2076
1.500000e-1,1.63993,2035
1.500100e-1,1.66410,2065
1.500200e-1,1.65685,2056
1.500300e-1,1.65524,2054
1.500400e-1,1.65443,2053
1.500500e-1,1.65685,2056
1.500600e-1,1.65685,2056
1.500700e-1,1.65121,2049
1.500800e-1,1.66491,2066
1.500900e-1,1.63509,2029
1.501000e-1,1.66168,2062
1.501100e-1,1.65363,2052
1.501200e-1,1.66007,2060
1.501300e-1,1.65524,2054
1.501400e-1,1.65121,2049
1.501500e-1,1.66168,2062
1.501600e-1,1.64799,2045
1.501700e-1,1.66733,2069
1.501800e-1,1.65282,2051
1.501900e-1,1.65685,2056
1.502000e-1,1.65443,2053
1.502100e-1,1.65443,2053
1.502200e-1,1.66007,2060
1.502300e-1,1.64799,2045
1.502400e-1,1.65685,2056
1.502500e-1,1.65201,2050
1.502600e-1,1.65927,2059
1.502700e-1,1.65524,2054
1.502800e-1,1.65040,2048
1.502900e-1,1.66088,2061
1.503000e-1,1.64718,2044
1.503100e-1,1.65766,2057
1.503200e-1,1.65363,2052
1.503300e-1,1.66007,2060
1.503400e-1,1.65282,2051
1.503500e-1,1.65685,2056
1.503600e-1,1.65040,2048
1.503700e-1,1.65121,2049
1.503800e-1,1.66410,2065
1.503900e-1,1.64637,2043
1.504000e-1,1.65685,2056
1.504100e-1,1.64960,2047
1.504200e-1,1.64799,2045
1.504300e-1,1.66974,2072
1.504400e-1,1.65443,2053
1.504500e-1,1.66088,2061
1.504600e-1,1.65201,2050
1.504700e-1,1.65927,2059
1.504800e-1,1.65282,2051
1.504900e-1,1.64557,2042
1.505000e-1,1.65927,2059
1.505100e-1,1.63670,2031
1.505200e-1,1.66330,2064
1.505300e-1,1.65121,2049
1.505400e-1,1.66007,2060
1.505500e-1,1.65443,2053
1.505600e-1,1.65766,2057
1.505700e-1,1.65766,2057
1.505800e-1,1.65282,2051
1.505900e-1,1.66007,2060
1.506000e-1,1.64476,2041
1.506100e-1,1.65766,2057
1.506200e-1,1.64799,2045
1.506300e-1,1.65524,2054
1.506400e-1,1.65524,2054
1.506500e-1,1.64799,2045
1.506600e-1,1.66733,2069
1.506700e-1,1.64960,2047
1.506800e-1,1.65443,2053
1.506900e-1,1.65282,2051
1.507000e-1,1.65443,2053
1.507100e-1,1.66813,2070
1.507200e-1,1.64315,2039
1.507300e-1,1.66571,2067
1.507400e-1,1.64315,2039
1.507500e-1,1.65927,2059
1.507600e-1,1.65363,2052
1.507700e-1,1.65443,2053
1.507800e-1,1.66168,2062
1.507900e-1,1.64234,2038
1.508000e-1,1.66007,2060
1.508100e-1,1.65040,2048
1.508200e-1,1.66088,2061
1.508300e-1,1.65363,2052
1.508400e-1,1.65282,2051
1.508500e-1,1.66652,2068
1.508600e-1,1.64879,2046
1.508700e-1,1.66491,2066
1.508800e-1,1.65201,2050
1.508900e-1,1.65846,2058
1.509000e-1,1.65282,2051
1.509100e-1,1.65766,2057
1.509200e-1,1.65927,2059
1.509300e-1,1.64476,2041
1.509400e-1,1.66894,2071
1.509500e-1,1.64637,2043
1.509600e-1,1.65040,2048
1.509700e-1,1.65121,2049
1.509800e-1,1.65685,2056
1.509900e-1,1.65685,2056
1.510000e-1,1.65363,2052
1.510100e-1,1.65766,2057
1.510200e-1,1.65201,2050
1.510300e-1,1.67055,2073
1.510400e-1,1.64476,2041
1.510500e-1,1.66813,2070
1.510600e-1,1.64718,2044
1.510700e-1,1.65685,2056
1.510800e-1,1.65121,2049
1.510900e-1,1.64960,2047
1.511000e-1,1.65363,2052
1.511100e-1,1.64718,2044
1.511200e-1,1.66330,2064
1.511300e-1,1.64557,2042
1.511400e-1,1.66733,2069
1.511500e-1,1.65201,2050
1.511600e-1,1.65927,2059
1.511700e-1,1.65443,2053
1.511800e-1,1.65766,2057
1.511900e-1,1.65604,2055
1.512000e-1,1.64879,2046
1.512100e-1,1.66571,2067
1.512200e-1,1.64476,2041
1.512300e-1,1.66410,2065
1.512400e-1,1.65121,2049
1.512500e-1,1.65846,2058
1.512600e-1,1.65121,2049
1.512700e-1,1.65040,2048
1.512800e-1,1.66491,2066
1.512900e-1,1.64799,2045
1.513000e-1,1.66410,2065
1.513100e-1,1.64073,2036
1.513200e-1,1.66974,2072
1.513300e-1,1.64396,2040
1.513400e-1,1.66168,2062
1.513500e-1,1.65282,2051
1.513600e-1,1.65846,2058
1.513700e-1,1.65040,2048
1.513800e-1,1.65604,2055
1.513900e-1,1.65685,2056
1.514000e-1,1.64879,2046
1.514100e-1,1.66410,2065
1.514200e-1,1.64396,2040
1.514300e-1,1.65846,2058
1.514400e-1,1.65282,2051
1.514500e-1,1.65927,2059
1.514600e-1,1.65282,2051
1.514700e-1,1.66007,2060
1.514800e-1,1.66007,2060
1.514900e-1,1.64557,2042
1.515000e-1,1.65604,2055
1.515100e-1,1.65040,2048
1.515200e-1,1.65766,2057
1.515300e-1,1.65363,2052
1.515400e-1,1.65443,2053
1.515500e-1,1.65604,2055
1.515600e-1,1.64557,2042
1.515700e-1,1.66491,2066
1.515800e-1,1.64960,2047
1.515900e-1,1.66007,2060
1.516000e-1,1.65846,2058
1.516100e-1,1.66007,2060
1.516200e-1,1.65363,2052
1.516300e-1,1.65443,2053
1.516400e-1,1.65363,2052
1.516500e-1,1.64960,2047
1.516600e-1,1.66733,2069
1.516700e-1,1.64234,2038
1.516800e-1,1.66733,2069
1.516900e-1,1.65201,2050
1.517000e-1,1.65846,2058
1.517100e-1,1.65604,2055
1.517200e-1,1.65363,2052
1.517300e-1,1.66007,2060
1.517400e-1,1.64557,2042
1.517500e-1,1.66007,2060
1.517600e-1,1.65121,2049
1.517700e-1,1.65685,2056
1.517800e-1,1.65685,2056
1.517900e-1,1.64879,2046
1.518000e-1,1.66733,2069
1.518100e-1,1.64396,2040
1.518200e-1,1.65927,2059
1.518300e-1,1.65282,2051
1.518400e-1,1.65685,2056
1.518500e-1,1.65927,2059
1.518600e-1,1.64396,2040
1.518700e-1,1.66813,2070
1.518800e-1,1.64879,2046
1.518900e-1,1.65040,2048
1.519000e-1,1.65121,2049
1.519100e-1,1.65846,2058
1.519200e-1,1.66491,2066
1.519300e-1,1.64154,2037
1.519400e-1,1.66652,2068
1.519500e-1,1.65363,2052
1.519600e-1,1.65524,2054
1.519700e-1,1.65524,2054
1.519800e-1,1.64799,2045
1.519900e-1,1.66249,2063
1.520000e-1,1.64960,2047
1.520100e-1,1.66571,2067
1.520200e-1,1.65282,2051
1.520300e-1,1.66007,2060
1.520400e-1,1.65685,2056
1.520500e-1,1.64718,2044
1.520600e-1,1.66330,2064
1.520700e-1,1.65363,2052
1.520800e-1,1.65201,2050
1.520900e-1,1.66088,2061
1.521000e-1,1.64718,2044
1.521100e-1,1.65685,2056
1.521200e-1,1.65201,2050
1.521300e-1,1.65685,2056
1.521400e-1,1.66168,2062
1.521500e-1,1.64799,2045
1.521600e-1,1.65846,2058
1.521700e-1,1.65282,2051
1.521800e-1,1.65685,2056
1.521900e-1,1.65201,2050
1.522000e-1,1.65282,2051
1.522100e-1,1.65846,2058
1.522200e-1,1.64718,2044
1.522300e-1,1.66410,2065
1.522400e-1,1.65201,2050
1.522500e-1,1.65685,2056
1.522600e-1,1.65524,2054
1.522700e-1,1.64960,2047
1.522800e-1,1.66007,2060
1.522900e-1,1.64557,2042
1.523000e-1,1.66330,2064
1.523100e-1,1.65363,2052
1.523200e-1,1.65927,2059
1.523300e-1,1.65524,2054
1.523400e-1,1.65201,2050
1.523500e-1,1.66733,2069
1.523600e-1,1.65121,2049
1.523700e-1,1.65927,2059
1.523800e-1,1.66410,2065
1.523900e-1,1.64476,2041
1.524000e-1,1.67619,2080
1.524100e-1,1.65121,2049
1.524200e-1,1.65685,2056
1.524300e-1,1.65604,2055
1.524400e-1,1.65121,2049
1.524500e-1,1.66330,2064
1.524600e-1,1.63993,2035
1.524700e-1,1.65927,2059
1.524800e-1,1.64960,2047
1.524900e-1,1.65363,2052
1.525000e-1,1.65766,2057
1.525100e-1,1.64476,2041
1.525200e-1,1.65766,2057
1.525300e-1,1.65201,2050
1.525400e-1,1.65927,2059
1.525500e-1,1.65443,2053
1.525600e-1,1.65282,2051
1.525700e-1,1.66491,2066
1.525800e-1,1.64396,2040
1.525900e-1,1.66088,2061
1.526000e-1,1.65201,2050
1.526100e-1,1.65766,2057
1.526200e-1,1.65121,2049
1.526300e-1,1.64960,2047
1.526400e-1,1.65846,2058
1.526500e-1,1.63993,2035
1.526600e-1,1.66249,2063
1.526700e-1,1.65201,2050
1.526800e-1,1.65846,2058
1.526900e-1,1.65443,2053
1.527000e-1,1.65443,2053
1.527100e-1,1.66249,2063
1.527200e-1,1.64637,2043
1.527300e-1,1.66733,2069
1.527400e-1,1.64396,2040
1.527500e-1,1.65766,2057
1.527600e-1,1.65121,2049
1.527700e-1,1.65846,2058
1.527800e-1,1.66007,2060
1.527900e-1,1.64557,2042
1.528000e-1,1.65685,2056
1.528100e-1,1.65282,2051
1.528200e-1,1.65443,2053
1.528300e-1,1.66088,2061
1.528400e-1,1.63751,2032
1.528500e-1,1.66491,2066
1.528600e-1,1.66007,2060
1.528700e-1,1.65685,2056
1.528800e-1,1.65524,2054
1.528900e-1,1.64718,2044
1.529000e-1,1.66894,2071
1.529100e-1,1.65443,2053
1.529200e-1,1.65443,2053
1.529300e-1,1.66733,2069
1.529400e-1,1.63751,2032
1.529500e-1,1.66007,2060
1.529600e-1,1.64799,2045
1.529700e-1,1.65685,2056
1.529800e-1,1.65927,2059
1.529900e-1,1.65040,2048
1.530000e-1,1.66733,2069
1.530100e-1,1.65282,2051
1.530200e-1,1.66007,2060
1.530300e-1,1.65121,2049
1.530400e-1,1.65121,2049
1.530500e-1,1.66410,2065
1.530600e-1,1.64073,2036
1.530700e-1,1.66007,2060
1.530800e-1,1.65604,2055
1.530900e-1,1.65685,2056
1.531000e-1,1.65443,2053
1.531100e-1,1.65443,2053
1.531200e-1,1.65524,2054
1.531300e-1,1.64557,2042
1.531400e-1,1.66652,2068
1.531500e-1,1.65604,2055
1.531600e-1,1.65685,2056
1.531700e-1,1.65201,2050
1.531800e-1,1.65282,2051
1.531900e-1,1.65685,2056
1.532000e-1,1.65524,2054
1.532100e-1,1.66007,2060
1.532200e-1,1.65121,2049
1.532300e-1,1.65524,2054
1.532400e-1,1.66168,2062
1.532500e-1,1.64476,2041
1.532600e-1,1.66007,2060
1.532700e-1,1.65363,2052
1.532800e-1,1.65927,2059
1.532900e-1,1.65685,2056
1.533000e-1,1.65121,2049
1.533100e-1,1.66491,2066
1.533200e-1,1.64960,2047
1.533300e-1,1.66088,2061
1.533400e-1,1.65201,2050
1.533500e-1,1.66088,2061
1.533600e-1,1.65685,2056
1.533700e-1,1.65121,2049
1.533800e-1,1.66168,2062
1.533900e-1,1.64396,2040
1.534000e-1,1.66168,2062
1.534100e-1,1.65040,2048
1.534200e-1,1.65766,2057
1.534300e-1,1.66007,2060
1.534400e-1,1.64799,2045
1.534500e-1,1.66733,2069
1.534600e-1,1.64879,2046
1.534700e-1,1.65846,2058
1.534800e-1,1.65685,2056
1.534900e-1,1.64718,2044
1.535000e-1,1.66813,2070
1.535100e-1,1.65363,2052
1.535200e-1,1.65927,2059
1.535300e-1,1.64799,2045
1.535400e-1,1.65524,2054
1.535500e-1,1.66410,2065
1.535600e-1,1.65040,2048
1.535700e-1,1.65363,2052
1.535800e-1,1.65282,2051
1.535900e-1,1.64718,2044
1.536000e-1,1.66733,2069
1.536100e-1,1.65363,2052
1.536200e-1,1.65443,2053
1.536300e-1,1.65282,2051
1.536400e-1,1.65524,2054
1.536500e-1,1.66007,2060
1.536600e-1,1.64234,2038
1.536700e-1,1.66410,2065
1.536800e-1,1.64718,2044
1.536900e-1,1.65927,2059
1.537000e-1,1.65121,2049
1.537100e-1,1.65846,2058
1.537200e-1,1.65121,2049
1.537300e-1,1.65443,2053
1.537400e-1,1.65766,2057
1.537500e-1,1.65040,2048
1.537600e-1,1.65766,2057
1.537700e-1,1.64396,2040
1.537800e-1,1.66007,2060
1.537900e-1,1.65604,2055
1.538000e-1,1.65927,2059
1.538100e-1,1.65121,2049
1.538200e-1,1.65363,2052
1.538300e-1,1.65927,2059
1.538400e-1,1.64799,2045
1.538500e-1,1.66088,2061
1.538600e-1,1.64879,2046
1.538700e-1,1.66571,2067
1.538800e-1,1.65282,2051
1.538900e-1,1.65846,2058
1.539000e-1,1.65363,2052
1.539100e-1,1.65443,2053
1.539200e-1,1.65766,2057
1.539300e-1,1.64315,2039
1.539400e-1,1.66007,2060
1.539500e-1,1.64476,2041
1.539600e-1,1.66974,2072
1.539700e-1,1.65524,2054
1.539800e-1,1.65121,2049
1.539900e-1,1.66168,2062
1.540000e-1,1.64315,2039
1.540100e-1,1.66249,2063
1.540200e-1,1.65121,2049
1.540300e-1,1.66007,2060
1.540400e-1,1.64396,2040
1.540500e-1,1.65121,2049
1.540600e-1,1.66410,2065
1.540700e-1,1.64234,2038
1.540800e-1,1.66571,2067
1.540900e-1,1.65201,2050
1.541000e-1,1.65685,2056
1.541100e-1,1.65685,2056
1.541200e-1,1.63832,2033
1.541300e-1,1.65846,2058
1.541400e-1,1.65040,2048
1.541500e-1,1.65766,2057
1.541600e-1,1.65766,2057
1.541700e-1,1.64879,2046
1.541800e-1,1.67055,2073
1.541900e-1,1.64315,2039
1.542000e-1,1.67136,2074
1.542100e-1,1.64879,2046
1.542200e-1,1.65927,2059
1.542300e-1,1.65282,2051
1.542400e-1,1.65040,2048
1.542500e-1,1.65363,2052
1.542600e-1,1.65685,2056
1.542700e-1,1.65604,2055
1.542800e-1,1.65201,2050
1.542900e-1,1.65685,2056
1.543000e-1,1.64396,2040
1.543100e-1,1.66007,2060
1.543200e-1,1.64879,2046
1.543300e-1,1.66652,2068
1.543400e-1,1.65040,2048
1.543500e-1,1.65201,2050
1.543600e-1,1.65766,2057
1.543700e-1,1.64718,2044
1.543800e-1,1.66894,2071
1.543900e-1,1.65363,2052
1.544000e-1,1.66007,2060
1.544100e-1,1.65040,2048
1.544200e-1,1.65766,2057
1.544300e-1,1.66168,2062
1.544400e-1,1.64557,2042
1.544500e-1,1.67136,2074
1.544600e-1,1.65040,2048
1.544700e-1,1.66088,2061
1.544800e-1,1.65282,2051
1.544900e-1,1.65846,2058
1.545000e-1,1.65282,2051
1.545100e-1,1.65201,2050
1.545200e-1,1.66007,2060
1.545300e-1,1.63670,2031
1.545400e-1,1.66571,2067
1.545500e-1,1.65443,2053
1.545600e-1,1.65766,2057
1.545700e-1,1.65201,2050
1.545800e-1,1.65524,2054
1.545900e-1,1.65846,2058
1.546000e-1,1.64637,2043
1.546100e-1,1.66491,2066
1.546200e-1,1.65201,2050
1.546300e-1,1.65685,2056
1.546400e-1,1.65040,2048
1.546500e-1,1.65604,2055
1.546600e-1,1.66330,2064
1.546700e-1,1.64960,2047
1.546800e-1,1.66733,2069
1.546900e-1,1.65846,2058
1.547000e-1,1.65443,2053
1.547100e-1,1.65282,2051
1.547200e-1,1.65685,2056
1.547300e-1,1.66007,2060
1.547400e-1,1.64557,2042
1.547500e-1,1.66168,2062
1.547600e-1,1.65201,2050
1.547700e-1,1.65927,2059
1.547800e-1,1.65685,2056
1.547900e-1,1.64960,2047
1.548000e-1,1.65685,2056
1.548100e-1,1.65282,2051
1.548200e-1,1.65846,2058
1.548300e-1,1.65363,2052
1.548400e-1,1.64557,2042
1.548500e-1,1.66652,2068
1.548600e-1,1.64718,2044
1.548700e-1,1.65927,2059
1.548800e-1,1.65282,2051
1.548900e-1,1.65282,2051
1.549000e-1,1.66007,2060
1.549100e-1,1.64718,2044
1.549200e-1,1.66330,2064
1.549300e-1,1.64396,2040
1.549400e-1,1.66249,2063
1.549500e-1,1.65846,2058
1.549600e-1,1.64476,2041
1.549700e-1,1.66249,2063
1.549800e-1,1.65282,2051
1.549900e-1,1.65443,2053
1.550000e-1,1.65201,2050
1.550100e-1,1.64799,2045
1.550200e-1,1.66652,2068
1.550300e-1,1.64960,2047
1.550400e-1,1.66168,2062
1.550500e-1,1.65282,2051
1.550600e-1,1.65685,2056
1.550700e-1,1.66007,2060
1.550800e-1,1.64718,2044
1.550900e-1,1.66410,2065
1.551000e-1,1.65443,2053
1.551100e-1,1.66007,2060
1.551200e-1,1.65040,2048
1.551300e-1,1.66007,2060
1.551400e-1,1.65524,2054
1.551500e-1,1.65363,2052
1.551600e-1,1.66410,2065
1.551700e-1,1.64960,2047
1.551800e-1,1.65927,2059
1.551900e-1,1.65121,2049
1.552000e-1,1.65846,2058
1.552100e-1,1.65040,2048
1.552200e-1,1.65524,2054
1.552300e-1,1.66088,2061
1.552400e-1,1.64557,2042
1.552500e-1,1.66571,2067
1.552600e-1,1.65201,2050
1.552700e-1,1.66007,2060
1.552800e-1,1.65201,2050
1.552900e-1,1.66410,2065
1.553000e-1,1.65524,2054
1.553100e-1,1.66168,2062
1.553200e-1,1.66168,2062
1.553300e-1,1.63832,2033
1.553400e-1,1.66652,2068
1.553500e-1,1.65040,2048
1.553600e-1,1.65766,2057
1.553700e-1,1.65443,2053
1.553800e-1,1.66974,2072
1.553900e-1,1.65363,2052
1.554000e-1,1.65524,2054
1.554100e-1,1.65846,2058
1.554200e-1,1.65363,2052
1.554300e-1,1.65604,2055
1.554400e-1,1.64476,2041
1.554500e-1,1.66571,2067
1.554600e-1,1.64637,2043
1.554700e-1,1.66813,2070
1.554800e-1,1.64396,2040
1.554900e-1,1.66410,2065
1.555000e-1,1.64879,2046
1.555100e-1,1.65766,2057
1.555200e-1,1.64637,2043
1.555300e-1,1.65927,2059
1.555400e-1,1.65201,2050
1.555500e-1,1.65040,2048
1.555600e-1,1.65201,2050
1.555700e-1,1.65846,2058
1.555800e-1,1.64396,2040
1.555900e-1,1.66007,2060
1.556000e-1,1.65524,2054
1.556100e-1,1.65846,2058
1.556200e-1,1.65040,2048
1.556300e-1,1.64960,2047
1.556400e-1,1.65201,2050
1.556500e-1,1.65604,2055
1.556600e-1,1.65604,2055
1.556700e-1,1.64960,2047
1.556800e-1,1.66330,2064
1.556900e-1,1.64154,2037
1.557000e-1,1.66571,2067
1.557100e-1,1.64879,2046
1.557200e-1,1.65524,2054
1.557300e-1,1.65121,2049
1.557400e-1,1.65685,2056
1.557500e-1,1.65524,2054
1.557600e-1,1.65766,2057
1.557700e-1,1.65282,2051
1.557800e-1,1.65363,2052
1.557900e-1,1.66007,2060
1.558000e-1,1.65443,2053
1.558100e-1,1.65766,2057
1.558200e-1,1.65363,2052
1.558300e-1,1.66491,2066
1.558400e-1,1.65201,2050
1.558500e-1,1.65927,2059
1.558600e-1,1.65121,2049
1.558700e-1,1.65363,2052
1.558800e-1,1.65121,2049
1.558900e-1,1.65524,2054
1.559000e-1,1.65846,2058
1.559100e-1,1.64557,2042
1.559200e-1,1.66733,2069
1.559300e-1,1.65201,2050
1.559400e-1,1.65766,2057
1.559500e-1,1.65201,2050
1.559600e-1,1.65766,2057
1.559700e-1,1.65524,2054
1.559800e-1,1.64718,2044
1.559900e-1,1.66410,2065
1.560000e-1,1.64960,2047
1.560100e-1,1.65685,2056
1.560200e-1,1.65363,2052
1.560300e-1,1.65040,2048
1.560400e-1,1.66733,2069
1.560500e-1,1.64476,2041
1.560600e-1,1.66088,2061
1.560700e-1,1.64718,2044
1.560800e-1,1.65766,2057
1.560900e-1,1.65201,2050
1.561000e-1,1.65846,2058
1.561100e-1,1.65363,2052
1.561200e-1,1.65201,2050
1.561300e-1,1.65524,2054
1.561400e-1,1.66330,2064
1.561500e-1,1.65766,2057
1.561600e-1,1.65363,2052
1.561700e-1,1.65927,2059
1.561800e-1,1.64879,2046
1.561900e-1,1.66571,2067
1.562000e-1,1.64718,2044
1.562100e-1,1.66088,2061
1.562200e-1,1.65121,2049
1.562300e-1,1.66088,2061
1.562400e-1,1.65363,2052
1.562500e-1,1.65604,2055
1.562600e-1,1.65040,2048
1.562700e-1,1.65040,2048
1.562800e-1,1.66330,2064
1.562900e-1,1.64879,2046
1.563000e-1,1.66571,2067
1.563100e-1,1.65201,2050
1.563200e-1,1.66088,2061
1.563300e-1,1.65282,2051
1.563400e-1,1.65443,2053
1.563500e-1,1.65846,2058
1.563600e-1,1.64799,2045
1.563700e-1,1.66410,2065
1.563800e-1,1.64073,2036
1.563900e-1,1.65927,2059
1.564000e-1,1.64879,2046
1.564100e-1,1.65524,2054
1.564200e-1,1.65201,2050
1.564300e-1,1.65766,2057
1.564400e-1,1.64960,2047
1.564500e-1,1.65766,2057
1.564600e-1,1.65443,2053
1.564700e-1,1.65282,2051
1.564800e-1,1.66168,2062
1.564900e-1,1.64557,2042
1.565000e-1,1.66974,2072
1.565100e-1,1.65282,2051
1.565200e-1,1.65846,2058
1.565300e-1,1.65201,2050
1.565400e-1,1.65927,2059
1.565500e-1,1.65282,2051
1.565600e-1,1.65685,2056
1.565700e-1,1.65363,2052
1.565800e-1,1.64637,2043
1.565900e-1,1.66652,2068
1.566000e-1,1.64073,2036
1.566100e-1,1.66168,2062
1.566200e-1,1.65040,2048
1.566300e-1,1.65846,2058
1.566400e-1,1.65524,2054
1.566500e-1,1.65201,2050
1.566600e-1,1.65685,2056
1.566700e-1,1.64396,2040
1.566800e-1,1.66491,2066
1.566900e-1,1.65604,2055
1.567000e-1,1.65846,2058
1.567100e-1,1.64799,2045
1.567200e-1,1.64799,2045
1.567300e-1,1.65443,2053
1.567400e-1,1.65443,2053
1.567500e-1,1.66088,2061
1.567600e-1,1.64234,2038
1.567700e-1,1.66733,2069
1.567800e-1,1.63670,2031
1.567900e-1,1.66330,2064
1.568000e-1,1.65443,2053
1.568100e-1,1.66249,2063
1.568200e-1,1.65282,2051
1.568300e-1,1.65685,2056
1.568400e-1,1.65846,2058
1.568500e-1,1.65121,2049
1.568600e-1,1.66491,2066
1.568700e-1,1.64637,2043
1.568800e-1,1.66168,2062
1.568900e-1,1.65040,2048
1.569000e-1,1.66088,2061
1.569100e-1,1.65201,2050
1.569200e-1,1.65524,2054
1.569300e-1,1.66249,2063
1.569400e-1,1.64396,2040
1.569500e-1,1.65443,2053
1.569600e-1,1.65121,2049
1.569700e-1,1.65846,2058
1.569800e-1,1.65363,2052
1.569900e-1,1.64799,2045
1.570000e-1,1.66813,2070
1.570100e-1,1.65201,2050
1.570200e-1,1.65846,2058
1.570300e-1,1.65282,2051
1.570400e-1,1.65766,2057
1.570500e-1,1.65443,2053
1.570600e-1,1.65121,2049
1.570700e-1,1.66894,2071
1.570800e-1,1.64960,2047
1.570900e-1,1.65685,2056
1.571000e-1,1.65524,2054
1.571100e-1,1.65040,2048
1.571200e-1,1.67136,2074
1.571300e-1,1.65363,2052
1.571400e-1,1.65846,2058
1.571500e-1,1.65040,2048
1.571600e-1,1.65685,2056
1.571700e-1,1.66088,2061
1.571800e-1,1.64799,2045
1.571900e-1,1.66330,2064
1.572000e-1,1.64879,2046
1.572100e-1,1.65766,2057
1.572200e-1,1.64960,2047
1.572300e-1,1.65604,2055
1.572400e-1,1.65766,2057
1.572500e-1,1.64396,2040
1.572600e-1,1.66088,2061
1.572700e-1,1.65201,2050
1.572800e-1,1.65685,2056
1.572900e-1,1.66249,2063
1.573000e-1,1.64396,2040
1.573100e-1,1.66330,2064
1.573200e-1,1.65282,2051
1.573300e-1,1.65846,2058
1.573400e-1,1.64637,2043
1.573500e-1,1.65363,2052
1.573600e-1,1.66330,2064
1.573700e-1,1.64476,2041
1.573800e-1,1.66571,2067
1.573900e-1,1.64315,2039
1.574000e-1,1.66007,2060
1.574100e-1,1.65201,2050
1.574200e-1,1.65846,2058
1.574300e-1,1.65685,2056
1.574400e-1,1.66088,2061
1.574500e-1,1.65282,2051
1.574600e-1,1.64960,2047
1.574700e-1,1.66571,2067
1.574800e-1,1.65524,2054
1.574900e-1,1.66168,2062
1.575000e-1,1.65121,2049
1.575100e-1,1.65766,2057
1.575200e-1,1.65443,2053
1.575300e-1,1.65443,2053
1.575400e-1,1.66007,2060
1.575500e-1,1.64154,2037
1.575600e-1,1.66410,2065
1.575700e-1,1.64960,2047
1.575800e-1,1.65766,2057
1.575900e-1,1.65363,2052
1.576000e-1,1.65927,2059
1.576100e-1,1.65363,2052
1.576200e-1,1.65604,2055
1.576300e-1,1.65363,2052
1.576400e-1,1.65363,2052
1.576500e-1,1.65524,2054
1.576600e-1,1.64557,2042
1.576700e-1,1.66007,2060
1.576800e-1,1.65040,2048
1.576900e-1,1.65121,2049
1.577000e-1,1.65040,2048
1.577100e-1,1.65766,2057
1.577200e-1,1.65766,2057
1.577300e-1,1.64799,2045
1.577400e-1,1.66330,2064
1.577500e-1,1.65121,2049
1.577600e-1,1.65927,2059
1.577700e-1,1.64879,2046
1.577800e-1,1.65846,2058
1.577900e-1,1.65363,2052
1.578000e-1,1.65604,2055
1.578100e-1,1.65927,2059
1.578200e-1,1.65443,2053
1.578300e-1,1.66249,2063
1.578400e-1,1.63912,2034
1.578500e-1,1.66733,2069
1.578600e-1,1.64396,2040
1.578700e-1,1.65846,2058
1.578800e-1,1.65443,2053
1.578900e-1,1.65846,2058
1.579000e-1,1.65282,2051
1.579100e-1,1.65685,2056
1.579200e-1,1.65282,2051
1.579300e-1,1.64799,2045
1.579400e-1,1.66571,2067
1.579500e-1,1.65282,2051
1.579600e-1,1.65846,2058
1.579700e-1,1.64718,2044
1.579800e-1,1.65766,2057
1.579900e-1,1.66571,2067
1.580000e-1,1.64637,2043
1.580100e-1,1.65927,2059
1.580200e-1,1.65363,2052
1.580300e-1,1.66168,2062
1.580400e-1,1.65363,2052
1.580500e-1,1.65363,2052
1.580600e-1,1.65766,2057
1.580700e-1,1.65040,2048
1.580800e-1,1.66168,2062
1.580900e-1,1.65121,2049
1.581000e-1,1.65927,2059
1.581100e-1,1.65040,2048
1.581200e-1,1.65363,2052
1.581300e-1,1.66088,2061
1.581400e-1,1.65927,2059
1.581500e-1,1.66088,2061
1.581600e-1,1.64315,2039
1.581700e-1,1.66813,2070
1.581800e-1,1.65121,2049
1.581900e-1,1.65927,2059
1.582000e-1,1.65282,2051
1.582100e-1,1.66007,2060
1.582200e-1,1.65363,2052
1.582300e-1,1.65121,2049
1.582400e-1,1.66410,2065
1.582500e-1,1.64315,2039
1.582600e-1,1.65846,2058
1.582700e-1,1.65766,2057
1.582800e-1,1.66007,2060
1.582900e-1,1.65443,2053
1.583000e-1,1.65282,2051
1.583100e-1,1.66733,2069
1.583200e-1,1.65282,2051
1.583300e-1,1.65846,2058
1.583400e-1,1.65685,2056
1.583500e-1,1.65363,2052
1.583600e-1,1.66652,2068
1.583700e-1,1.63993,2035
1.583800e-1,1.65766,2057
1.583900e-1,1.65121,2049
1.584000e-1,1.65766,2057
1.584100e-1,1.65443,2053
1.584200e-1,1.65121,2049
1.584300e-1,1.66249,2063
1.584400e-1,1.64557,2042
1.584500e-1,1.66733,2069
1.584600e-1,1.65121,2049
1.584700e-1,1.65604,2055
1.584800e-1,1.65524,2054
1.584900e-1,1.64879,2046
1.585000e-1,1.66330,2064
1.585100e-1,1.64315,2039
1.585200e-1,1.66007,2060
1.585300e-1,1.65363,2052
1.585400e-1,1.66088,2061
1.585500e-1,1.64557,2042
1.585600e-1,1.65282,2051
1.585700e-1,1.65524,2054
1.585800e-1,1.65040,2048
1.585900e-1,1.66410,2065
1.586000e-1,1.64396,2040
1.586100e-1,1.65927,2059
1.586200e-1,1.64637,2043
1.586300e-1,1.65363,2052
1.586400e-1,1.65443,2053
1.586500e-1,1.65201,2050
1.586600e-1,1.65927,2059
1.586700e-1,1.64799,2045
1.586800e-1,1.66410,2065
1.586900e-1,1.64879,2046
1.587000e-1,1.65766,2057
1.587100e-1,1.65121,2049
1.587200e-1,1.65685,2056
1.587300e-1,1.65604,2055
1.587400e-1,1.65846,2058
1.587500e-1,1.66088,2061
1.587600e-1,1.65040,2048
1.587700e-1,1.66571,2067
1.587800e-1,1.65201,2050
1.587900e-1,1.65927,2059
1.588000e-1,1.65443,2053
1.588100e-1,1.65282,2051
1.588200e-1,1.65927,2059
1.588300e-1,1.64637,2043
1.588400e-1,1.65604,2055
1.588500e-1,1.64396,2040
1.588600e-1,1.66491,2066
1.588700e-1,1.65685,2056
1.588800e-1,1.65282,2051
1.588900e-1,1.66330,2064
1.589000e-1,1.64315,2039
1.589100e-1,1.65685,2056
1.589200e-1,1.64799,2045
1.589300e-1,1.65846,2058
1.589400e-1,1.65363,2052
1.589500e-1,1.64557,2042
1.589600e-1,1.66249,2063
1.589700e-1,1.65040,2048
1.589800e-1,1.66007,2060
1.589900e-1,1.65766,2057
1.590000e-1,1.64396,2040
1.590100e-1,1.65040,2048
1.590200e-1,1.65282,2051
1.590300e-1,1.65685,2056
1.590400e-1,1.65927,2059
1.590500e-1,1.64637,2043
1.590600e-1,1.66168,2062
1.590700e-1,1.64476,2041
1.590800e-1,1.66168,2062
1.590900e-1,1.64476,2041
1.591000e-1,1.66007,2060
1.591100e-1,1.65524,2054
1.591200e-1,1.64799,2045
1.591300e-1,1.66330,2064
1.591400e-1,1.65040,2048
1.591500e-1,1.65282,2051
1.591600e-1,1.65282,2051
1.591700e-1,1.66410,2065
1.591800e-1,1.65604,2055
1.591900e-1,1.65282,2051
1.592000e-1,1.66007,2060
1.592100e-1,1.64799,2045
1.592200e-1,1.66652,2068
1.592300e-1,1.65201,2050
1.592400e-1,1.65766,2057
1.592500e-1,1.65685,2056
1.592600e-1,1.65121,2049
1.592700e-1,1.65604,2055
1.592800e-1,1.65604,2055
1.592900e-1,1.65927,2059
1.593000e-1,1.64315,2039
1.593100e-1,1.66491,2066
1.593200e-1,1.65363,2052
1.593300e-1,1.65846,2058
1.593400e-1,1.65363,2052
1.593500e-1,1.65363,2052
1.593600e-1,1.65524,2054
1.593700e-1,1.65524,2054
1.593800e-1,1.65766,2057
1.593900e-1,1.64879,2046
1.594000e-1,1.66410,2065
1.594100e-1,1.64476,2041
1.594200e-1,1.66007,2060
1.594300e-1,1.64879,2046
1.594400e-1,1.66007,2060
1.594500e-1,1.65604,2055
1.594600e-1,1.65363,2052
1.594700e-1,1.66168,2062
1.594800e-1,1.64396,2040
1.594900e-1,1.66249,2063
1.595000e-1,1.65040,2048
1.595100e-1,1.65846,2058
1.595200e-1,1.65443,2053
1.595300e-1,1.65040,2048
1.595400e-1,1.66007,2060
1.595500e-1,1.64879,2046
1.595600e-1,1.66571,2067
1.595700e-1,1.64557,2042
1.595800e-1,1.65766,2057
1.595900e-1,1.64637,2043
1.596000e-1,1.65524,2054
1.596100e-1,1.66491,2066
1.596200e-1,1.65363,2052
1.596300e-1,1.66007,2060
1.596400e-1,1.64315,2039
1.596500e-1,1.65846,2058
1.596600e-1,1.64799,2045
1.596700e-1,1.66088,2061
1.596800e-1,1.66410,2065
1.596900e-1,1.66410,2065
1.597000e-1,1.65282,2051
1.597100e-1,1.65443,2053
1.597200e-1,1.65282,2051
1.597300e-1,1.66168,2062
1.597400e-1,1.64718,2044
1.597500e-1,1.65846,2058
1.597600e-1,1.65363,2052
1.597700e-1,1.65685,2056
1.597800e-1,1.65846,2058
1.597900e-1,1.64799,2045
1.598000e-1,1.66491,2066
1.598100e-1,1.64637,2043
1.598200e-1,1.66088,2061
1.598300e-1,1.64396,2040
1.598400e-1,1.66007,2060
1.598500e-1,1.65363,2052
1.598600e-1,1.65121,2049
1.598700e-1,1.66571,2067
1.598800e-1,1.65363,2052
1.598900e-1,1.65282,2051
1.599000e-1,1.65121,2049
1.599100e-1,1.65363,2052
1.599200e-1,1.66088,2061
1.599300e-1,1.64637,2043
1.599400e-1,1.65524,2054
1.599500e-1,1.65121,2049
1.599600e-1,1.65604,2055
1.599700e-1,1.66007,2060
1.599800e-1,1.64396,2040
1.599900e-1,1.65604,2055
