# MCU_ADC_CAPTURE: ADC3 sampling PA4 through the A2-A5 jumper, TIM8-triggered, DMA2
# capture 17 mode pulse rate 500000 Hz, vref 3.3 V ASSUMED, window BLACKMAN, tap RAW_DAC
# NOT an oscilloscope measurement
time_s,volts,adc_counts
0.000000e+0,1.65443,2053
2.000000e-6,1.65927,2059
4.000000e-6,1.64799,2045
6.000000e-6,1.65766,2057
8.000000e-6,1.66088,2061
1.000000e-5,1.64718,2044
1.200000e-5,1.66007,2060
1.400000e-5,1.66088,2061
1.600000e-5,1.65604,2055
1.800000e-5,1.66249,2063
2.000000e-5,1.66007,2060
2.200000e-5,1.65363,2052
2.400000e-5,1.66571,2067
2.600000e-5,1.65363,2052
2.800000e-5,1.65363,2052
3.000000e-5,1.66571,2067
3.200000e-5,1.65766,2057
3.400000e-5,1.65282,2051
3.600000e-5,1.66894,2071
3.800000e-5,1.65282,2051
4.000000e-5,1.65363,2052
4.200000e-5,1.66894,2071
4.400000e-5,1.65282,2051
4.600000e-5,1.65443,2053
4.800000e-5,1.66733,2069
5.000000e-5,1.65121,2049
5.200000e-5,1.65363,2052
5.400000e-5,1.66571,2067
5.600000e-5,1.65282,2051
5.800000e-5,1.65363,2052
6.000000e-5,1.66410,2065
6.200000e-5,1.65121,2049
6.400000e-5,1.65363,2052
6.600000e-5,1.66168,2062
6.800000e-5,1.64879,2046
7.000000e-5,1.65604,2055
7.200000e-5,1.65604,2055
7.400000e-5,1.64960,2047
7.600000e-5,1.65524,2054
7.800000e-5,1.66007,2060
8.000000e-5,1.65040,2048
8.200000e-5,1.65443,2053
8.400000e-5,1.65282,2051
8.600000e-5,1.64799,2045
8.800000e-5,1.66007,2060
9.000000e-5,1.65766,2057
9.200000e-5,1.64718,2044
9.400000e-5,1.65927,2059
9.600000e-5,1.66088,2061
9.800000e-5,1.65282,2051
1.000000e-4,1.66249,2063
1.020000e-4,1.66007,2060
1.040000e-4,1.65443,2053
1.060000e-4,1.66330,2064
1.080000e-4,1.65443,2053
1.100000e-4,1.65363,2052
1.120000e-4,1.65927,2059
1.140000e-4,1.66007,2060
1.160000e-4,1.65363,2052
1.180000e-4,1.66571,2067
1.200000e-4,1.65927,2059
1.220000e-4,1.65363,2052
1.240000e-4,1.66410,2065
1.260000e-4,1.65766,2057
1.280000e-4,1.65443,2053
1.300000e-4,1.66733,2069
1.320000e-4,1.65766,2057
1.340000e-4,1.65363,2052
1.360000e-4,1.66894,2071
1.380000e-4,1.65040,2048
1.400000e-4,1.65282,2051
1.420000e-4,1.66733,2069
1.440000e-4,1.65443,2053
1.460000e-4,1.65443,2053
1.480000e-4,1.66007,2060
1.500000e-4,1.65121,2049
1.520000e-4,1.65524,2054
1.540000e-4,1.66007,2060
1.560000e-4,1.65040,2048
1.580000e-4,1.65363,2052
1.600000e-4,1.66088,2061
1.620000e-4,1.64637,2043
1.640000e-4,1.65443,2053
1.660000e-4,1.66088,2061
1.680000e-4,1.64799,2045
1.700000e-4,1.65443,2053
1.720000e-4,1.66088,2061
1.740000e-4,1.64315,2039
1.760000e-4,1.66007,2060
1.780000e-4,1.66088,2061
1.800000e-4,1.64879,2046
1.820000e-4,1.66088,2061
1.840000e-4,1.65927,2059
1.860000e-4,1.65282,2051
1.880000e-4,1.66088,2061
1.900000e-4,1.65846,2058
1.920000e-4,1.65363,2052
1.940000e-4,1.66007,2060
1.960000e-4,1.65443,2053
1.980000e-4,1.65443,2053
2.000000e-4,1.66571,2067
2.020000e-4,1.65685,2056
2.040000e-4,1.65604,2055
2.060000e-4,1.66733,2069
2.080000e-4,1.66410,2065
2.100000e-4,1.65363,2052
2.120000e-4,1.66652,2068
2.140000e-4,1.65685,2056
2.160000e-4,1.65443,2053
2.180000e-4,1.66733,2069
2.200000e-4,1.65040,2048
2.220000e-4,1.65363,2052
2.240000e-4,1.66813,2070
2.260000e-4,1.65443,2053
2.280000e-4,1.65443,2053
2.300000e-4,1.66410,2065
2.320000e-4,1.66088,2061
2.340000e-4,1.65363,2052
2.360000e-4,1.66571,2067
2.380000e-4,1.65363,2052
2.400000e-4,1.65443,2053
2.420000e-4,1.66249,2063
2.440000e-4,1.64637,2043
2.460000e-4,1.65443,2053
2.480000e-4,1.66088,2061
2.500000e-4,1.65040,2048
2.520000e-4,1.65443,2053
2.540000e-4,1.66007,2060
2.560000e-4,1.65040,2048
2.580000e-4,1.65443,2053
2.600000e-4,1.66088,2061
2.620000e-4,1.65040,2048
2.640000e-4,1.65443,2053
2.660000e-4,1.65927,2059
2.680000e-4,1.64154,2037
2.700000e-4,1.65524,2054
2.720000e-4,1.66007,2060
2.740000e-4,1.65040,2048
2.760000e-4,1.65685,2056
2.780000e-4,1.66088,2061
2.800000e-4,1.64718,2044
2.820000e-4,1.65927,2059
2.840000e-4,1.66733,2069
2.860000e-4,1.64476,2041
2.880000e-4,1.65685,2056
2.900000e-4,1.66249,2063
2.920000e-4,1.64476,2041
2.940000e-4,1.65766,2057
2.960000e-4,1.65282,2051
2.980000e-4,1.64073,2036
3.000000e-4,1.66088,2061
3.020000e-4,1.65927,2059
3.040000e-4,1.64234,2038
3.060000e-4,1.66007,2060
3.080000e-4,1.65927,2059
3.100000e-4,1.64960,2047
3.120000e-4,1.65846,2058
3.140000e-4,1.65766,2057
3.160000e-4,1.65282,2051
3.180000e-4,1.66491,2066
3.200000e-4,1.65685,2056
3.220000e-4,1.65282,2051
3.240000e-4,1.66652,2068
3.260000e-4,1.65282,2051
3.280000e-4,1.65282,2051
3.300000e-4,1.66652,2068
3.320000e-4,1.65524,2054
3.340000e-4,1.64960,2047
3.360000e-4,1.66894,2071
3.380000e-4,1.65363,2052
3.400000e-4,1.65282,2051
3.420000e-4,1.65766,2057
3.440000e-4,1.65927,2059
3.460000e-4,1.65121,2049
3.480000e-4,1.66652,2068
3.500000e-4,1.65685,2056
3.520000e-4,1.65282,2051
3.540000e-4,1.66652,2068
3.560000e-4,1.65604,2055
3.580000e-4,1.65121,2049
3.600000e-4,1.66571,2067
3.620000e-4,1.65201,2050
3.640000e-4,1.65121,2049
3.660000e-4,1.66330,2064
3.680000e-4,1.64637,2043
3.700000e-4,1.65121,2049
3.720000e-4,1.66410,2065
3.740000e-4,1.65201,2050
3.760000e-4,1.65443,2053
3.780000e-4,1.66410,2065
3.800000e-4,1.65443,2053
3.820000e-4,1.65524,2054
3.840000e-4,1.65524,2054
3.860000e-4,1.65040,2048
3.880000e-4,1.65201,2050
3.900000e-4,1.65685,2056
3.920000e-4,1.64799,2045
3.940000e-4,1.65927,2059
3.960000e-4,1.65927,2059
3.980000e-4,1.64799,2045
4.000000e-4,1.66007,2060
4.020000e-4,1.66410,2065
4.040000e-4,1.65040,2048
4.060000e-4,1.65201,2050
4.080000e-4,1.66249,2063
4.100000e-4,1.64073,2036
4.120000e-4,1.65040,2048
4.140000e-4,1.65524,2054
4.160000e-4,1.63832,2033
4.180000e-4,1.65443,2053
4.200000e-4,1.65846,2058
4.220000e-4,1.64315,2039
4.240000e-4,1.66733,2069
4.260000e-4,1.66813,2070
4.280000e-4,1.65363,2052
4.300000e-4,1.66571,2067
4.320000e-4,1.65766,2057
4.340000e-4,1.64799,2045
4.360000e-4,1.65282,2051
4.380000e-4,1.64637,2043
4.400000e-4,1.64073,2036
4.420000e-4,1.65927,2059
4.440000e-4,1.65685,2056
4.460000e-4,1.66088,2061
4.480000e-4,1.67136,2074
4.500000e-4,1.66733,2069
4.520000e-4,1.66330,2064
4.540000e-4,1.67377,2077
4.560000e-4,1.65443,2053
4.580000e-4,1.64557,2042
4.600000e-4,1.65524,2054
4.620000e-4,1.64396,2040
4.640000e-4,1.63187,2025
4.660000e-4,1.65443,2053
4.680000e-4,1.65524,2054
4.700000e-4,1.66249,2063
4.720000e-4,1.67780,2082
4.740000e-4,1.67538,2079
4.760000e-4,1.65927,2059
4.780000e-4,1.67216,2075
4.800000e-4,1.65443,2053
4.820000e-4,1.64396,2040
4.840000e-4,1.64637,2043
4.860000e-4,1.63670,2031
4.880000e-4,1.63912,2034
4.900000e-4,1.65685,2056
4.920000e-4,1.66007,2060
4.940000e-4,1.66491,2066
4.960000e-4,1.68103,2086
4.980000e-4,1.67941,2084
5.000000e-4,1.67055,2073
5.020000e-4,1.67216,2075
5.040000e-4,1.65201,2050
5.060000e-4,1.63832,2033
5.080000e-4,1.64154,2037
5.100000e-4,1.62945,2022
5.120000e-4,1.63106,2024
5.140000e-4,1.64718,2044
5.160000e-4,1.66571,2067
5.180000e-4,1.66733,2069
5.200000e-4,1.69392,2102
5.220000e-4,1.67941,2084
5.240000e-4,1.67458,2078
5.260000e-4,1.67780,2082
5.280000e-4,1.65121,2049
5.300000e-4,1.63348,2027
5.320000e-4,1.64073,2036
5.340000e-4,1.62300,2014
5.360000e-4,1.63267,2026
5.380000e-4,1.65363,2052
5.400000e-4,1.65363,2052
5.420000e-4,1.67458,2078
5.440000e-4,1.69795,2107
5.460000e-4,1.68667,2093
5.480000e-4,1.68022,2085
5.500000e-4,1.67619,2080
5.520000e-4,1.64879,2046
5.540000e-4,1.62462,2016
5.560000e-4,1.63026,2023
5.580000e-4,1.61333,2002
5.600000e-4,1.62623,2018
5.620000e-4,1.65524,2054
5.640000e-4,1.66410,2065
5.660000e-4,1.68264,2088
5.680000e-4,1.70359,2114
5.700000e-4,1.69553,2104
5.720000e-4,1.68586,2092
5.740000e-4,1.67055,2073
5.760000e-4,1.63670,2031
5.780000e-4,1.61817,2008
5.800000e-4,1.61092,1999
5.820000e-4,1.59641,1981
5.840000e-4,1.62139,2012
5.860000e-4,1.64557,2042
5.880000e-4,1.65685,2056
5.900000e-4,1.69956,2109
5.920000e-4,1.71084,2123
5.940000e-4,1.70681,2118
5.960000e-4,1.69875,2108
5.980000e-4,1.66974,2072
6.000000e-4,1.63590,2030
6.020000e-4,1.62381,2015
6.040000e-4,1.59883,1984
6.060000e-4,1.59399,1978
6.080000e-4,1.62784,2020
6.100000e-4,1.64637,2043
6.120000e-4,1.67619,2080
6.140000e-4,1.71890,2133
6.160000e-4,1.71971,2134
6.180000e-4,1.71407,2127
6.200000e-4,1.71004,2122
6.220000e-4,1.66652,2068
6.240000e-4,1.62703,2019
6.260000e-4,1.60930,1997
6.280000e-4,1.57707,1957
6.300000e-4,1.58755,1970
6.320000e-4,1.61495,2004
6.340000e-4,1.63832,2033
6.360000e-4,1.68586,2092
6.380000e-4,1.71890,2133
6.400000e-4,1.71729,2131
6.420000e-4,1.72857,2145
6.440000e-4,1.70681,2118
6.460000e-4,1.65443,2053
6.480000e-4,1.62542,2017
6.500000e-4,1.59158,1975
6.520000e-4,1.56176,1938
6.540000e-4,1.57949,1960
6.560000e-4,1.60769,1995
6.580000e-4,1.64234,2038
6.600000e-4,1.70037,2110
6.620000e-4,1.72696,2143
6.640000e-4,1.74469,2165
6.660000e-4,1.74872,2170
6.680000e-4,1.70923,2121
6.700000e-4,1.65524,2054
6.720000e-4,1.62381,2015
6.740000e-4,1.57304,1952
6.760000e-4,1.55612,1931
6.780000e-4,1.57788,1958
6.800000e-4,1.59722,1982
6.820000e-4,1.64315,2039
6.840000e-4,1.71326,2126
6.860000e-4,1.73421,2152
6.880000e-4,1.76564,2191
6.900000e-4,1.75194,2174
6.920000e-4,1.70278,2113
6.940000e-4,1.65443,2053
6.960000e-4,1.60125,1987
6.980000e-4,1.54806,1921
7.000000e-4,1.54081,1912
7.020000e-4,1.55773,1933
7.040000e-4,1.58916,1972
7.060000e-4,1.66007,2060
7.080000e-4,1.72293,2138
7.100000e-4,1.75355,2176
7.120000e-4,1.77692,2205
7.140000e-4,1.76322,2188
7.160000e-4,1.71729,2131
7.180000e-4,1.65766,2057
7.200000e-4,1.58996,1973
7.220000e-4,1.53114,1900
7.240000e-4,1.52952,1898
7.260000e-4,1.54645,1919
7.280000e-4,1.58996,1973
7.300000e-4,1.66733,2069
7.320000e-4,1.72938,2146
7.340000e-4,1.77692,2205
7.360000e-4,1.80835,2244
7.380000e-4,1.76564,2191
7.400000e-4,1.71245,2125
7.420000e-4,1.65443,2053
7.440000e-4,1.56659,1944
7.460000e-4,1.51582,1881
7.480000e-4,1.51341,1878
7.500000e-4,1.52952,1898
7.520000e-4,1.59399,1978
7.540000e-4,1.67700,2081
7.560000e-4,1.74227,2162
7.580000e-4,1.80271,2237
7.600000e-4,1.81399,2251
7.620000e-4,1.77612,2204
7.640000e-4,1.72132,2136
7.660000e-4,1.63590,2030
7.680000e-4,1.54081,1912
7.700000e-4,1.50454,1867
7.720000e-4,1.48842,1847
7.740000e-4,1.51744,1883
7.760000e-4,1.59722,1982
7.780000e-4,1.68667,2093
7.800000e-4,1.76322,2188
7.820000e-4,1.83011,2271
7.840000e-4,1.83575,2278
7.860000e-4,1.79143,2223
7.880000e-4,1.72051,2135
7.900000e-4,1.62139,2012
7.920000e-4,1.52630,1894
7.940000e-4,1.48681,1845
7.960000e-4,1.46747,1821
7.980000e-4,1.50535,1868
8.000000e-4,1.60850,1996
8.020000e-4,1.69311,2101
8.040000e-4,1.78579,2216
8.060000e-4,1.84864,2294
8.080000e-4,1.84703,2292
8.100000e-4,1.79385,2226
8.120000e-4,1.72615,2142
8.140000e-4,1.59963,1985
8.160000e-4,1.51099,1875
8.180000e-4,1.45458,1805
8.200000e-4,1.44088,1788
8.220000e-4,1.50454,1867
8.240000e-4,1.60447,1991
8.260000e-4,1.70278,2113
8.280000e-4,1.81077,2247
8.300000e-4,1.87443,2326
8.320000e-4,1.86315,2312
8.340000e-4,1.81480,2252
8.360000e-4,1.71084,2123
8.380000e-4,1.57868,1959
8.400000e-4,1.49084,1850
8.420000e-4,1.42879,1773
8.440000e-4,1.42799,1772
8.460000e-4,1.50051,1862
8.480000e-4,1.60527,1992
8.500000e-4,1.72454,2140
8.520000e-4,1.84703,2292
8.540000e-4,1.90022,2358
8.560000e-4,1.88652,2341
8.580000e-4,1.83253,2274
8.600000e-4,1.70520,2116
8.620000e-4,1.57707,1957
8.640000e-4,1.47150,1826
8.660000e-4,1.39817,1735
8.680000e-4,1.40864,1748
8.700000e-4,1.49971,1861
8.720000e-4,1.60447,1991
8.740000e-4,1.74147,2161
8.760000e-4,1.87201,2323
8.780000e-4,1.91714,2379
8.800000e-4,1.90505,2364
8.820000e-4,1.82930,2270
8.840000e-4,1.68747,2094
8.860000e-4,1.54806,1921
8.880000e-4,1.43685,1783
8.900000e-4,1.36835,1698
8.920000e-4,1.39414,1730
8.940000e-4,1.48923,1848
8.960000e-4,1.60608,1993
8.980000e-4,1.77934,2208
9.000000e-4,1.89377,2350
9.020000e-4,1.94212,2410
9.040000e-4,1.93245,2398
9.060000e-4,1.83414,2276
9.080000e-4,1.68586,2092
9.100000e-4,1.53275,1902
9.120000e-4,1.40139,1739
9.140000e-4,1.34740,1672
9.160000e-4,1.38286,1716
9.180000e-4,1.48681,1845
9.200000e-4,1.63106,2024
9.220000e-4,1.80271,2237
9.240000e-4,1.91473,2376
9.260000e-4,1.97194,2447
9.280000e-4,1.94696,2416
9.300000e-4,1.83092,2272
9.320000e-4,1.66974,2072
9.340000e-4,1.51502,1880
9.360000e-4,1.38366,1717
9.380000e-4,1.32000,1638
9.400000e-4,1.37480,1706
9.420000e-4,1.48117,1838
9.440000e-4,1.64637,2043
9.460000e-4,1.83253,2274
9.480000e-4,1.94696,2416
9.500000e-4,1.99289,2473
9.520000e-4,1.96388,2437
9.540000e-4,1.82447,2264
9.560000e-4,1.64960,2047
9.580000e-4,1.47795,1834
9.600000e-4,1.34418,1668
9.620000e-4,1.29582,1608
9.640000e-4,1.36432,1693
9.660000e-4,1.48037,1837
9.680000e-4,1.66491,2066
9.700000e-4,1.86073,2309
9.720000e-4,1.97758,2454
9.740000e-4,2.01465,2500
9.760000e-4,1.97597,2452
9.780000e-4,1.82366,2263
9.800000e-4,1.63348,2027
9.820000e-4,1.45700,1808
9.840000e-4,1.31275,1629
9.860000e-4,1.28132,1590
9.880000e-4,1.35385,1680
9.900000e-4,1.48762,1846
9.920000e-4,1.68586,2092
9.940000e-4,1.88491,2339
9.960000e-4,2.00176,2484
9.980000e-4,2.03802,2529
1.000000e-3,1.97919,2456
1.002000e-3,1.80996,2246
1.004000e-3,1.60769,1995
1.006000e-3,1.41751,1759
1.008000e-3,1.27810,1586
1.010000e-3,1.25150,1553
1.012000e-3,1.33773,1660
1.014000e-3,1.48762,1846
1.016000e-3,1.71729,2131
1.018000e-3,1.91150,2372
1.020000e-3,2.02755,2516
1.022000e-3,2.06542,2563
1.024000e-3,1.98322,2461
1.026000e-3,1.79626,2229
1.028000e-3,1.58755,1970
1.030000e-3,1.39172,1727
1.032000e-3,1.24747,1548
1.034000e-3,1.23458,1532
1.036000e-3,1.33048,1651
1.038000e-3,1.50777,1871
1.040000e-3,1.74469,2165
1.042000e-3,1.94051,2408
1.044000e-3,2.06462,2562
1.046000e-3,2.09766,2603
1.048000e-3,1.98484,2463
1.050000e-3,1.79304,2225
1.052000e-3,1.57707,1957
1.054000e-3,1.35143,1677
1.056000e-3,1.22168,1516
1.058000e-3,1.22410,1519
1.060000e-3,1.31919,1637
1.062000e-3,1.53033,1899
1.064000e-3,1.76886,2195
1.066000e-3,1.96388,2437
1.068000e-3,2.09201,2596
1.070000e-3,2.10168,2608
1.072000e-3,1.34256,1666
1.074000e-3,1.53516,1905
1.076000e-3,1.77934,2208
1.078000e-3,1.97436,2450
1.080000e-3,2.11055,2619
1.082000e-3,2.11055,2619
1.084000e-3,1.97597,2452
1.086000e-3,1.76967,2196
1.088000e-3,1.52308,1890
1.090000e-3,1.28938,1600
1.092000e-3,1.19832,1487
1.094000e-3,1.19670,1485
1.096000e-3,1.32725,1647
1.098000e-3,1.55370,1928
1.100000e-3,1.80513,2240
1.102000e-3,2.01385,2499
1.104000e-3,2.14440,2661
1.106000e-3,2.12344,2635
1.108000e-3,1.97839,2455
1.110000e-3,1.76081,2185
1.112000e-3,1.49568,1856
1.114000e-3,1.26762,1573
1.116000e-3,1.17414,1457
1.118000e-3,1.18059,1465
1.120000e-3,1.33048,1651
1.122000e-3,1.58271,1964
1.124000e-3,1.83172,2273
1.126000e-3,2.04286,2535
1.128000e-3,2.16454,2686
1.130000e-3,2.13070,2644
1.132000e-3,1.97597,2452
1.134000e-3,1.73502,2153
1.136000e-3,1.45861,1810
1.138000e-3,1.24667,1547
1.140000e-3,1.14029,1415
1.142000e-3,1.17011,1452
1.144000e-3,1.34095,1664
1.146000e-3,1.60044,1986
1.148000e-3,1.85670,2304
1.150000e-3,2.07267,2572
1.152000e-3,2.17582,2700
1.154000e-3,2.13070,2644
1.156000e-3,1.95905,2431
1.158000e-3,1.70923,2121
1.160000e-3,1.43121,1776
1.162000e-3,1.21685,1510
1.164000e-3,1.12498,1396
1.166000e-3,1.16044,1440
1.168000e-3,1.35626,1683
1.170000e-3,1.62462,2016
1.172000e-3,1.88249,2336
1.174000e-3,2.10168,2608
1.176000e-3,2.19516,2724
1.178000e-3,2.13070,2644
1.180000e-3,1.94615,2415
1.182000e-3,1.68103,2086
1.184000e-3,1.39414,1730
1.186000e-3,1.19751,1486
1.188000e-3,1.12176,1392
1.190000e-3,1.16527,1446
1.192000e-3,1.37077,1701
1.194000e-3,1.65040,2048
1.196000e-3,1.90828,2368
1.198000e-3,2.12667,2639
1.200000e-3,2.20725,2739
1.202000e-3,2.12586,2638
1.204000e-3,1.93810,2405
1.206000e-3,1.65604,2055
1.208000e-3,1.36835,1698
1.210000e-3,1.17656,1460
1.212000e-3,1.10403,1370
1.214000e-3,1.17172,1454
1.216000e-3,1.39978,1737
1.218000e-3,1.67458,2078
1.220000e-3,1.95018,2420
1.222000e-3,2.15729,2677
1.224000e-3,2.21370,2747
1.226000e-3,2.12425,2636
1.228000e-3,1.91553,2377
1.230000e-3,1.62220,2013
1.232000e-3,1.33773,1660
1.234000e-3,1.15722,1436
1.236000e-3,1.09194,1355
1.238000e-3,1.18462,1470
1.240000e-3,1.42315,1766
1.242000e-3,1.69956,2109
1.244000e-3,1.97678,2453
1.246000e-3,2.17905,2704
1.248000e-3,2.22015,2755
1.250000e-3,2.11216,2621
1.252000e-3,1.89619,2353
1.254000e-3,1.59158,1975
1.256000e-3,1.31436,1631
1.258000e-3,1.14593,1422
1.260000e-3,1.09275,1356
1.262000e-3,1.19670,1485
1.264000e-3,1.45619,1807
1.266000e-3,1.72051,2135
1.268000e-3,1.99773,2479
1.270000e-3,2.18630,2713
1.272000e-3,2.21531,2749
1.274000e-3,2.10330,2610
1.276000e-3,1.86637,2316
1.278000e-3,1.55531,1930
1.280000e-3,1.29341,1605
1.282000e-3,1.12015,1390
1.284000e-3,1.07824,1338
1.286000e-3,1.22491,1520
1.288000e-3,1.46586,1819
1.290000e-3,1.74227,2162
1.292000e-3,2.03238,2522
1.294000e-3,2.19678,2726
1.296000e-3,2.21531,2749
1.298000e-3,2.09282,2597
1.300000e-3,1.83736,2280
1.302000e-3,1.53355,1903
1.304000e-3,1.27648,1584
1.306000e-3,1.10564,1372
1.308000e-3,1.09114,1354
1.310000e-3,1.24747,1548
1.312000e-3,1.48762,1846
1.314000e-3,1.78498,2215
1.316000e-3,2.06059,2557
1.318000e-3,2.20484,2736
1.320000e-3,2.20564,2737
1.322000e-3,2.07590,2576
1.324000e-3,1.80835,2244
1.326000e-3,1.50938,1873
1.328000e-3,1.25875,1562
1.330000e-3,1.10161,1367
1.332000e-3,1.10242,1368
1.334000e-3,1.27165,1578
1.336000e-3,1.51824,1884
1.338000e-3,1.81238,2249
1.340000e-3,2.07509,2575
1.342000e-3,2.21048,2743
1.344000e-3,2.19678,2726
1.346000e-3,2.05092,2545
1.348000e-3,1.78095,2210
1.350000e-3,1.47956,1836
1.352000e-3,1.23377,1531
1.354000e-3,1.10161,1367
1.356000e-3,1.11048,1378
1.358000e-3,1.29421,1606
1.360000e-3,1.54967,1923
1.362000e-3,1.83897,2282
1.364000e-3,2.09685,2602
1.366000e-3,2.20806,2740
1.368000e-3,2.18227,2708
1.370000e-3,2.02835,2517
1.372000e-3,1.74872,2170
1.374000e-3,1.44491,1793
1.376000e-3,1.22894,1525
1.378000e-3,1.82125,2260
1.380000e-3,2.16212,2683
1.382000e-3,2.01304,2498
1.384000e-3,1.73744,2156
1.386000e-3,1.43766,1784
1.388000e-3,1.22491,1520
1.390000e-3,1.10161,1367
1.392000e-3,1.14110,1416
1.394000e-3,1.33531,1657
1.396000e-3,1.58835,1971
1.398000e-3,1.86960,2320
1.400000e-3,2.11055,2619
1.402000e-3,2.20000,2730
1.404000e-3,2.15487,2674
1.406000e-3,1.98725,2466
1.408000e-3,1.70842,2120
1.410000e-3,1.41993,1762
1.412000e-3,1.21201,1504
1.414000e-3,1.10886,1376
1.416000e-3,1.16286,1443
1.418000e-3,1.35868,1686
1.420000e-3,1.61253,2001
1.422000e-3,1.88733,2342
1.424000e-3,2.10733,2615
1.426000e-3,2.18549,2712
1.428000e-3,2.13311,2647
1.430000e-3,1.94938,2419
1.432000e-3,1.67297,2076
1.434000e-3,1.40542,1744
1.436000e-3,1.20799,1499
1.438000e-3,1.11934,1389
1.440000e-3,1.18784,1474
1.442000e-3,1.39092,1726
1.444000e-3,1.64154,2037
1.446000e-3,1.90908,2369
1.448000e-3,2.11136,2620
1.450000e-3,2.17502,2699
1.452000e-3,2.10410,2611
1.454000e-3,1.92520,2389
1.456000e-3,1.65040,2048
1.458000e-3,1.38527,1719
1.460000e-3,1.21685,1510
1.462000e-3,1.13626,1410
1.464000e-3,1.21282,1505
1.466000e-3,1.42718,1771
1.468000e-3,1.66813,2070
1.470000e-3,1.92359,2387
1.472000e-3,2.11538,2625
1.474000e-3,2.16051,2681
1.476000e-3,2.07267,2572
1.478000e-3,1.89377,2350
1.480000e-3,1.62139,2012
1.482000e-3,1.37480,1706
1.484000e-3,1.21363,1506
1.486000e-3,1.15560,1434
1.488000e-3,1.24183,1541
1.490000e-3,1.45458,1805
1.492000e-3,1.69231,2100
1.494000e-3,1.93648,2403
1.496000e-3,2.10410,2611
1.498000e-3,2.13956,2655
1.500000e-3,2.04689,2540
1.502000e-3,1.86637,2316
1.504000e-3,1.60125,1987
1.506000e-3,1.36755,1697
1.508000e-3,1.22249,1517
1.510000e-3,1.17333,1456
1.512000e-3,1.27326,1580
1.514000e-3,1.47553,1831
1.516000e-3,1.70681,2118
1.518000e-3,1.94454,2413
1.520000e-3,2.09282,2597
1.522000e-3,2.10813,2616
1.524000e-3,2.02190,2509
1.526000e-3,1.82689,2267
1.528000e-3,1.56982,1948
1.530000e-3,1.35949,1687
1.532000e-3,1.22652,1522
1.534000e-3,1.18623,1472
1.536000e-3,1.31114,1627
1.538000e-3,1.50615,1869
1.540000e-3,1.73099,2148
1.542000e-3,1.94696,2416
1.544000e-3,2.08315,2585
1.546000e-3,2.08637,2589
1.548000e-3,1.99128,2471
1.550000e-3,1.79868,2232
1.552000e-3,1.55289,1927
1.554000e-3,1.35868,1686
1.556000e-3,1.24264,1542
1.558000e-3,1.22571,1521
1.560000e-3,1.33773,1660
1.562000e-3,1.52952,1898
1.564000e-3,1.74791,2169
1.566000e-3,1.94857,2418
1.568000e-3,2.06864,2567
1.570000e-3,2.05978,2556
1.572000e-3,1.95744,2429
1.574000e-3,1.77048,2197
1.576000e-3,1.54161,1913
1.578000e-3,1.35707,1684
1.580000e-3,1.25714,1560
1.582000e-3,1.25070,1552
1.584000e-3,1.36835,1698
1.586000e-3,1.55773,1933
1.588000e-3,1.75839,2182
1.590000e-3,1.94857,2418
1.592000e-3,2.05253,2547
1.594000e-3,2.02835,2517
1.596000e-3,1.92601,2390
1.598000e-3,1.74549,2166
1.600000e-3,1.52147,1888
1.602000e-3,1.36271,1691
1.604000e-3,1.27407,1581
1.606000e-3,1.27971,1588
1.608000e-3,1.39736,1734
1.610000e-3,1.58996,1973
1.612000e-3,1.76806,2194
1.614000e-3,1.94615,2415
1.616000e-3,2.02996,2519
1.618000e-3,2.00015,2482
1.620000e-3,1.89861,2356
1.622000e-3,1.72293,2138
1.624000e-3,1.51421,1879
1.626000e-3,1.36674,1696
1.628000e-3,1.29744,1610
1.630000e-3,1.30711,1622
1.632000e-3,1.43846,1785
1.634000e-3,1.61011,1998
1.636000e-3,1.77209,2199
1.638000e-3,1.93971,2407
1.640000e-3,2.00821,2492
1.642000e-3,1.97516,2451
1.644000e-3,1.86799,2318
1.646000e-3,1.69875,2108
1.648000e-3,1.50938,1873
1.650000e-3,1.38286,1716
1.652000e-3,1.31597,1633
1.654000e-3,1.34015,1663
1.656000e-3,1.46667,1820
1.658000e-3,1.62703,2019
1.660000e-3,1.79223,2224
1.662000e-3,1.93084,2396
1.664000e-3,1.99128,2471
1.666000e-3,1.94454,2413
1.668000e-3,1.84059,2284
1.670000e-3,1.67941,2084
1.672000e-3,1.50535,1868
1.674000e-3,1.39253,1728
1.676000e-3,1.33853,1661
1.678000e-3,1.37077,1701
1.680000e-3,1.49568,1856
1.682000e-3,1.63429,2028
1.684000e-3,1.79143,2223
1.686000e-3,1.49004,1849
1.688000e-3,1.35143,1677
1.690000e-3,1.38447,1718
1.692000e-3,1.51179,1876
1.694000e-3,1.64879,2046
1.696000e-3,1.80110,2235
1.698000e-3,1.92037,2383
1.700000e-3,1.95260,2423
1.702000e-3,1.90586,2365
1.704000e-3,1.81641,2254
1.706000e-3,1.64718,2044
1.708000e-3,1.50857,1872
1.710000e-3,1.41026,1750
1.712000e-3,1.37077,1701
1.714000e-3,1.41509,1756
1.716000e-3,1.53114,1900
1.718000e-3,1.65766,2057
1.720000e-3,1.79788,2231
1.722000e-3,1.90425,2363
1.724000e-3,1.91875,2381
1.726000e-3,1.87766,2330
1.728000e-3,1.77773,2206
1.730000e-3,1.63429,2028
1.732000e-3,1.50696,1870
1.734000e-3,1.41751,1759
1.736000e-3,1.38930,1724
1.738000e-3,1.44652,1795
1.740000e-3,1.55128,1925
1.742000e-3,1.66733,2069
1.744000e-3,1.79546,2228
1.746000e-3,1.88088,2334
1.748000e-3,1.88733,2342
1.750000e-3,1.85106,2297
1.752000e-3,1.75516,2178
1.754000e-3,1.61736,2007
1.756000e-3,1.51341,1878
1.758000e-3,1.44410,1792
1.760000e-3,1.41267,1753
1.762000e-3,1.47473,1830
1.764000e-3,1.57143,1950
1.766000e-3,1.67619,2080
1.768000e-3,1.79626,2229
1.770000e-3,1.86879,2319
1.772000e-3,1.86476,2314
1.774000e-3,1.83011,2271
1.776000e-3,1.73905,2158
1.778000e-3,1.61333,2002
1.780000e-3,1.51985,1886
1.782000e-3,1.46022,1812
1.784000e-3,1.43927,1786
1.786000e-3,1.49810,1859
1.788000e-3,1.58835,1971
1.790000e-3,1.68667,2093
1.792000e-3,1.79062,2222
1.794000e-3,1.84784,2293
1.796000e-3,1.84381,2288
1.798000e-3,1.80916,2245
1.800000e-3,1.71971,2134
1.802000e-3,1.61011,1998
1.804000e-3,1.53275,1902
1.806000e-3,1.47714,1833
1.808000e-3,1.45941,1811
1.810000e-3,1.52388,1891
1.812000e-3,1.60044,1986
1.814000e-3,1.69553,2104
1.816000e-3,1.78659,2217
1.818000e-3,1.82769,2268
1.820000e-3,1.82689,2267
1.822000e-3,1.78821,2219
1.824000e-3,1.70278,2113
1.826000e-3,1.60689,1994
1.828000e-3,1.54484,1917
1.830000e-3,1.48842,1847
1.832000e-3,1.48923,1848
1.834000e-3,1.55289,1927
1.836000e-3,1.61414,2003
1.838000e-3,1.69553,2104
1.840000e-3,1.57949,1960
1.842000e-3,1.49971,1861
1.844000e-3,1.50454,1867
1.846000e-3,1.56095,1937
1.848000e-3,1.62300,2014
1.850000e-3,1.70037,2110
1.852000e-3,1.78176,2211
1.854000e-3,1.79223,2224
1.856000e-3,1.78901,2220
1.858000e-3,1.76081,2185
1.860000e-3,1.68344,2089
1.862000e-3,1.60366,1990
1.864000e-3,1.55773,1933
1.866000e-3,1.51744,1883
1.868000e-3,1.52147,1888
1.870000e-3,1.57546,1955
1.872000e-3,1.63590,2030
1.874000e-3,1.70037,2110
1.876000e-3,1.76564,2191
1.878000e-3,1.78901,2220
1.880000e-3,1.77289,2200
1.882000e-3,1.73582,2154
1.884000e-3,1.67458,2078
1.886000e-3,1.60125,1987
1.888000e-3,1.56418,1941
1.890000e-3,1.53597,1906
1.892000e-3,1.53919,1910
1.894000e-3,1.59158,1975
1.896000e-3,1.64234,2038
1.898000e-3,1.69795,2107
1.900000e-3,1.75355,2176
1.902000e-3,1.77048,2197
1.904000e-3,1.75355,2176
1.906000e-3,1.72615,2142
1.908000e-3,1.66652,2068
1.910000e-3,1.60850,1996
1.912000e-3,1.57546,1955
1.914000e-3,1.55048,1924
1.916000e-3,1.55853,1934
1.918000e-3,1.61092,1999
1.920000e-3,1.65040,2048
1.922000e-3,1.69714,2106
1.924000e-3,1.75839,2182
1.926000e-3,1.75516,2178
1.928000e-3,1.73744,2156
1.930000e-3,1.72132,2136
1.932000e-3,1.65685,2056
1.934000e-3,1.60769,1995
1.936000e-3,1.59077,1974
1.938000e-3,1.56256,1939
1.940000e-3,1.56821,1946
1.942000e-3,1.61736,2007
1.944000e-3,1.65363,2052
1.946000e-3,1.69634,2105
1.948000e-3,1.74066,2160
1.950000e-3,1.73744,2156
1.952000e-3,1.72777,2144
1.954000e-3,1.70681,2118
1.956000e-3,1.64396,2040
1.958000e-3,1.61253,2001
1.960000e-3,1.59238,1976
1.962000e-3,1.57626,1956
1.964000e-3,1.58835,1971
1.966000e-3,1.63106,2024
1.968000e-3,1.65766,2057
1.970000e-3,1.68908,2096
1.972000e-3,1.73018,2147
1.974000e-3,1.72454,2140
1.976000e-3,1.71245,2125
1.978000e-3,1.70278,2113
1.980000e-3,1.64960,2047
1.982000e-3,1.61575,2005
1.984000e-3,1.60527,1992
1.986000e-3,1.59319,1977
1.988000e-3,1.59560,1980
1.990000e-3,1.63509,2029
1.992000e-3,1.65363,2052
1.994000e-3,1.62139,2012
1.996000e-3,1.59802,1983
1.998000e-3,1.58352,1965
2.000000e-3,1.60447,1991
2.002000e-3,1.63590,2030
2.004000e-3,1.65282,2051
2.006000e-3,1.68908,2096
2.008000e-3,1.70359,2114
2.010000e-3,1.70037,2110
2.012000e-3,1.69875,2108
2.014000e-3,1.68022,2085
2.016000e-3,1.63509,2029
2.018000e-3,1.62864,2021
2.020000e-3,1.61172,2000
2.022000e-3,1.59560,1980
2.024000e-3,1.61978,2010
2.026000e-3,1.64315,2039
2.028000e-3,1.65040,2048
2.030000e-3,1.68828,2095
2.032000e-3,1.70198,2112
2.034000e-3,1.69070,2098
2.036000e-3,1.68989,2097
2.038000e-3,1.67458,2078
2.040000e-3,1.64234,2038
2.042000e-3,1.63348,2027
2.044000e-3,1.62139,2012
2.046000e-3,1.61092,1999
2.048000e-3,1.63187,2025
2.050000e-3,1.64960,2047
2.052000e-3,1.64718,2044
2.054000e-3,1.68586,2092
2.056000e-3,1.69634,2105
2.058000e-3,1.68183,2087
2.060000e-3,1.68425,2090
2.062000e-3,1.66894,2071
2.064000e-3,1.64315,2039
2.066000e-3,1.63832,2033
2.068000e-3,1.62623,2018
2.070000e-3,1.62381,2015
2.072000e-3,1.63912,2034
2.074000e-3,1.64476,2041
2.076000e-3,1.66330,2064
2.078000e-3,1.68425,2090
2.080000e-3,1.68586,2092
2.082000e-3,1.67538,2079
2.084000e-3,1.68103,2086
2.086000e-3,1.66652,2068
2.088000e-3,1.64476,2041
2.090000e-3,1.64234,2038
2.092000e-3,1.63187,2025
2.094000e-3,1.62864,2021
2.096000e-3,1.64637,2043
2.098000e-3,1.64557,2042
2.100000e-3,1.66007,2060
2.102000e-3,1.67297,2076
2.104000e-3,1.68586,2092
2.106000e-3,1.67136,2074
2.108000e-3,1.68022,2085
2.110000e-3,1.65685,2056
2.112000e-3,1.64476,2041
2.114000e-3,1.65121,2049
2.116000e-3,1.63832,2033
2.118000e-3,1.63670,2031
2.120000e-3,1.66491,2066
2.122000e-3,1.65201,2050
2.124000e-3,1.66249,2063
2.126000e-3,1.67780,2082
2.128000e-3,1.67297,2076
2.130000e-3,1.66491,2066
2.132000e-3,1.67619,2080
2.134000e-3,1.65524,2054
2.136000e-3,1.64637,2043
2.138000e-3,1.65282,2051
2.140000e-3,1.63670,2031
2.142000e-3,1.63912,2034
2.144000e-3,1.65524,2054
2.146000e-3,1.64879,2046
2.148000e-3,1.64879,2046
2.150000e-3,1.65201,2050
2.152000e-3,1.63993,2035
2.154000e-3,1.64234,2038
2.156000e-3,1.65363,2052
2.158000e-3,1.64799,2045
2.160000e-3,1.66733,2069
2.162000e-3,1.67377,2077
2.164000e-3,1.65363,2052
2.166000e-3,1.66491,2066
2.168000e-3,1.66330,2064
2.170000e-3,1.64315,2039
2.172000e-3,1.65201,2050
2.174000e-3,1.65201,2050
2.176000e-3,1.62623,2018
2.178000e-3,1.65604,2055
2.180000e-3,1.65443,2053
2.182000e-3,1.64637,2043
2.184000e-3,1.66088,2061
2.186000e-3,1.66571,2067
2.188000e-3,1.65040,2048
2.190000e-3,1.66571,2067
2.192000e-3,1.66410,2065
2.194000e-3,1.64234,2038
2.196000e-3,1.65524,2054
2.198000e-3,1.65766,2057
2.200000e-3,1.63832,2033
2.202000e-3,1.66249,2063
2.204000e-3,1.65604,2055
2.206000e-3,1.64799,2045
2.208000e-3,1.66088,2061
2.210000e-3,1.66330,2064
2.212000e-3,1.64557,2042
2.214000e-3,1.65927,2059
2.216000e-3,1.66007,2060
2.218000e-3,1.64557,2042
2.220000e-3,1.65524,2054
2.222000e-3,1.65524,2054
2.224000e-3,1.64234,2038
2.226000e-3,1.65524,2054
2.228000e-3,1.65927,2059
2.230000e-3,1.64637,2043
2.232000e-3,1.66168,2062
2.234000e-3,1.66410,2065
2.236000e-3,1.64799,2045
2.238000e-3,1.65846,2058
2.240000e-3,1.65927,2059
2.242000e-3,1.64476,2041
2.244000e-3,1.65604,2055
2.246000e-3,1.65685,2056
2.248000e-3,1.64476,2041
2.250000e-3,1.66249,2063
2.252000e-3,1.65766,2057
2.254000e-3,1.65040,2048
2.256000e-3,1.66249,2063
2.258000e-3,1.65766,2057
2.260000e-3,1.64879,2046
2.262000e-3,1.65927,2059
2.264000e-3,1.66007,2060
2.266000e-3,1.65927,2059
2.268000e-3,1.66088,2061
2.270000e-3,1.65685,2056
2.272000e-3,1.65282,2051
2.274000e-3,1.65685,2056
2.276000e-3,1.66249,2063
2.278000e-3,1.65282,2051
2.280000e-3,1.65927,2059
2.282000e-3,1.65685,2056
2.284000e-3,1.65121,2049
2.286000e-3,1.65766,2057
2.288000e-3,1.65846,2058
2.290000e-3,1.64154,2037
2.292000e-3,1.66088,2061
2.294000e-3,1.65766,2057
2.296000e-3,1.64879,2046
2.298000e-3,1.66249,2063
2.300000e-3,1.65604,2055
2.302000e-3,1.64234,2038
2.304000e-3,1.65927,2059
2.306000e-3,1.66491,2066
2.308000e-3,1.65443,2053
2.310000e-3,1.66088,2061
2.312000e-3,1.65766,2057
2.314000e-3,1.65040,2048
2.316000e-3,1.66007,2060
2.318000e-3,1.65040,2048
2.320000e-3,1.64396,2040
2.322000e-3,1.65927,2059
2.324000e-3,1.65927,2059
2.326000e-3,1.64557,2042
2.328000e-3,1.65766,2057
2.330000e-3,1.65766,2057
2.332000e-3,1.65040,2048
2.334000e-3,1.66007,2060
2.336000e-3,1.65443,2053
2.338000e-3,1.65604,2055
2.340000e-3,1.66088,2061
2.342000e-3,1.65443,2053
2.344000e-3,1.65524,2054
2.346000e-3,1.66088,2061
2.348000e-3,1.65604,2055
2.350000e-3,1.65524,2054
2.352000e-3,1.66491,2066
2.354000e-3,1.65685,2056
2.356000e-3,1.64799,2045
2.358000e-3,1.66249,2063
2.360000e-3,1.65443,2053
2.362000e-3,1.65040,2048
2.364000e-3,1.66410,2065
2.366000e-3,1.65201,2050
2.368000e-3,1.65282,2051
2.370000e-3,1.66330,2064
2.372000e-3,1.65443,2053
2.374000e-3,1.65443,2053
2.376000e-3,1.66330,2064
2.378000e-3,1.66088,2061
2.380000e-3,1.65282,2051
2.382000e-3,1.66330,2064
2.384000e-3,1.65443,2053
2.386000e-3,1.65201,2050
2.388000e-3,1.66491,2066
2.390000e-3,1.65524,2054
2.392000e-3,1.65443,2053
2.394000e-3,1.66007,2060
2.396000e-3,1.64396,2040
2.398000e-3,1.65040,2048
2.400000e-3,1.66813,2070
2.402000e-3,1.65524,2054
2.404000e-3,1.65363,2052
2.406000e-3,1.66571,2067
2.408000e-3,1.65363,2052
2.410000e-3,1.65121,2049
2.412000e-3,1.66652,2068
2.414000e-3,1.65443,2053
2.416000e-3,1.65201,2050
2.418000e-3,1.67297,2076
2.420000e-3,1.65443,2053
2.422000e-3,1.65040,2048
2.424000e-3,1.67216,2075
2.426000e-3,1.65443,2053
2.428000e-3,1.65443,2053
2.430000e-3,1.66330,2064
2.432000e-3,1.65040,2048
2.434000e-3,1.65604,2055
2.436000e-3,1.66088,2061
2.438000e-3,1.65121,2049
2.440000e-3,1.64718,2044
2.442000e-3,1.66652,2068
2.444000e-3,1.65443,2053
2.446000e-3,1.65121,2049
2.448000e-3,1.66974,2072
2.450000e-3,1.65363,2052
2.452000e-3,1.65201,2050
2.454000e-3,1.66410,2065
2.456000e-3,1.66410,2065
2.458000e-3,1.65201,2050
2.460000e-3,1.66491,2066
2.462000e-3,1.65443,2053
2.464000e-3,1.65040,2048
2.466000e-3,1.66410,2065
2.468000e-3,1.65524,2054
2.470000e-3,1.65443,2053
2.472000e-3,1.66330,2064
2.474000e-3,1.65201,2050
2.476000e-3,1.65363,2052
2.478000e-3,1.65927,2059
2.480000e-3,1.65040,2048
2.482000e-3,1.65201,2050
2.484000e-3,1.66168,2062
2.486000e-3,1.65121,2049
2.488000e-3,1.65282,2051
2.490000e-3,1.66330,2064
2.492000e-3,1.65201,2050
2.494000e-3,1.64637,2043
2.496000e-3,1.66571,2067
2.498000e-3,1.65282,2051
2.500000e-3,1.65040,2048
2.502000e-3,1.66410,2065
2.504000e-3,1.65040,2048
2.506000e-3,1.65201,2050
2.508000e-3,1.65846,2058
2.510000e-3,1.65443,2053
2.512000e-3,1.65363,2052
2.514000e-3,1.65524,2054
2.516000e-3,1.64637,2043
2.518000e-3,1.65040,2048
2.520000e-3,1.66007,2060
2.522000e-3,1.64879,2046
2.524000e-3,1.65685,2056
2.526000e-3,1.66007,2060
2.528000e-3,1.64315,2039
2.530000e-3,1.65524,2054
2.532000e-3,1.65685,2056
2.534000e-3,1.64637,2043
2.536000e-3,1.65363,2052
2.538000e-3,1.65766,2057
2.540000e-3,1.64396,2040
2.542000e-3,1.65685,2056
2.544000e-3,1.65282,2051
2.546000e-3,1.64396,2040
2.548000e-3,1.65685,2056
2.550000e-3,1.65685,2056
2.552000e-3,1.64476,2041
2.554000e-3,1.65121,2049
2.556000e-3,1.66330,2064
2.558000e-3,1.64396,2040
2.560000e-3,1.65846,2058
2.562000e-3,1.65927,2059
2.564000e-3,1.64315,2039
2.566000e-3,1.65846,2058
2.568000e-3,1.66007,2060
2.570000e-3,1.64637,2043
2.572000e-3,1.65685,2056
2.574000e-3,1.66088,2061
2.576000e-3,1.64315,2039
2.578000e-3,1.65604,2055
2.580000e-3,1.65524,2054
2.582000e-3,1.64879,2046
2.584000e-3,1.65363,2052
2.586000e-3,1.66168,2062
2.588000e-3,1.64476,2041
2.590000e-3,1.65604,2055
2.592000e-3,1.66088,2061
2.594000e-3,1.64154,2037
2.596000e-3,1.65363,2052
2.598000e-3,1.65846,2058
2.600000e-3,1.64396,2040
2.602000e-3,1.65685,2056
2.604000e-3,1.66088,2061
2.606000e-3,1.64557,2042
2.608000e-3,1.65604,2055
2.610000e-3,1.66088,2061
2.612000e-3,1.64234,2038
2.614000e-3,1.66088,2061
2.616000e-3,1.65846,2058
2.618000e-3,1.64718,2044
2.620000e-3,1.65443,2053
2.622000e-3,1.65201,2050
2.624000e-3,1.64396,2040
2.626000e-3,1.66330,2064
2.628000e-3,1.66249,2063
2.630000e-3,1.65121,2049
2.632000e-3,1.65201,2050
2.634000e-3,1.65604,2055
2.636000e-3,1.64718,2044
2.638000e-3,1.66249,2063
2.640000e-3,1.65846,2058
2.642000e-3,1.65201,2050
2.644000e-3,1.66249,2063
2.646000e-3,1.65685,2056
2.648000e-3,1.65363,2052
2.650000e-3,1.66330,2064
2.652000e-3,1.65846,2058
2.654000e-3,1.65040,2048
2.656000e-3,1.66088,2061
2.658000e-3,1.65443,2053
2.660000e-3,1.65363,2052
2.662000e-3,1.66410,2065
2.664000e-3,1.65604,2055
2.666000e-3,1.65201,2050
2.668000e-3,1.66088,2061
2.670000e-3,1.65604,2055
2.672000e-3,1.64718,2044
2.674000e-3,1.66571,2067
2.676000e-3,1.65443,2053
2.678000e-3,1.65201,2050
2.680000e-3,1.66652,2068
2.682000e-3,1.65282,2051
2.684000e-3,1.65524,2054
2.686000e-3,1.66652,2068
2.688000e-3,1.65363,2052
2.690000e-3,1.65040,2048
2.692000e-3,1.66571,2067
2.694000e-3,1.65121,2049
2.696000e-3,1.65040,2048
2.698000e-3,1.66652,2068
2.700000e-3,1.65121,2049
2.702000e-3,1.65443,2053
2.704000e-3,1.66168,2062
2.706000e-3,1.65201,2050
2.708000e-3,1.65040,2048
2.710000e-3,1.66168,2062
2.712000e-3,1.65040,2048
2.714000e-3,1.65201,2050
2.716000e-3,1.65846,2058
2.718000e-3,1.64557,2042
2.720000e-3,1.65443,2053
2.722000e-3,1.65846,2058
2.724000e-3,1.64557,2042
2.726000e-3,1.65363,2052
2.728000e-3,1.65927,2059
2.730000e-3,1.64557,2042
2.732000e-3,1.65685,2056
2.734000e-3,1.66007,2060
2.736000e-3,1.64557,2042
2.738000e-3,1.65201,2050
2.740000e-3,1.66410,2065
2.742000e-3,1.64799,2045
2.744000e-3,1.65040,2048
2.746000e-3,1.66491,2066
2.748000e-3,1.64557,2042
2.750000e-3,1.65685,2056
2.752000e-3,1.65766,2057
2.754000e-3,1.64315,2039
2.756000e-3,1.65524,2054
2.758000e-3,1.65927,2059
2.760000e-3,1.64799,2045
2.762000e-3,1.65524,2054
2.764000e-3,1.65846,2058
2.766000e-3,1.64718,2044
2.768000e-3,1.65040,2048
2.770000e-3,1.65927,2059
2.772000e-3,1.64557,2042
2.774000e-3,1.65604,2055
2.776000e-3,1.65443,2053
2.778000e-3,1.64637,2043
2.780000e-3,1.65604,2055
2.782000e-3,1.65846,2058
2.784000e-3,1.64154,2037
2.786000e-3,1.65363,2052
2.788000e-3,1.66007,2060
2.790000e-3,1.64396,2040
2.792000e-3,1.64879,2046
2.794000e-3,1.65846,2058
2.796000e-3,1.64718,2044
2.798000e-3,1.65443,2053
2.800000e-3,1.65766,2057
2.802000e-3,1.64154,2037
2.804000e-3,1.65363,2052
2.806000e-3,1.66007,2060
2.808000e-3,1.64396,2040
2.810000e-3,1.65604,2055
2.812000e-3,1.65766,2057
2.814000e-3,1.64315,2039
2.816000e-3,1.66249,2063
2.818000e-3,1.66330,2064
2.820000e-3,1.64396,2040
2.822000e-3,1.65685,2056
2.824000e-3,1.66007,2060
2.826000e-3,1.64557,2042
2.828000e-3,1.65604,2055
2.830000e-3,1.66088,2061
2.832000e-3,1.64396,2040
2.834000e-3,1.65363,2052
2.836000e-3,1.65846,2058
2.838000e-3,1.64557,2042
2.840000e-3,1.65443,2053
2.842000e-3,1.66007,2060
2.844000e-3,1.64073,2036
2.846000e-3,1.65443,2053
2.848000e-3,1.65846,2058
2.850000e-3,1.64557,2042
2.852000e-3,1.65604,2055
2.854000e-3,1.65685,2056
2.856000e-3,1.64234,2038
2.858000e-3,1.65604,2055
2.860000e-3,1.65846,2058
2.862000e-3,1.64557,2042
2.864000e-3,1.66733,2069
2.866000e-3,1.65524,2054
2.868000e-3,1.63832,2033
2.870000e-3,1.65685,2056
2.872000e-3,1.65443,2053
2.874000e-3,1.64557,2042
2.876000e-3,1.65766,2057
2.878000e-3,1.65927,2059
2.880000e-3,1.63993,2035
2.882000e-3,1.65282,2051
2.884000e-3,1.65766,2057
2.886000e-3,1.64476,2041
2.888000e-3,1.65524,2054
2.890000e-3,1.65685,2056
2.892000e-3,1.64718,2044
2.894000e-3,1.65443,2053
2.896000e-3,1.66733,2069
2.898000e-3,1.64476,2041
2.900000e-3,1.65443,2053
2.902000e-3,1.65927,2059
2.904000e-3,1.64234,2038
2.906000e-3,1.65443,2053
2.908000e-3,1.65040,2048
2.910000e-3,1.64396,2040
2.912000e-3,1.65524,2054
2.914000e-3,1.66007,2060
2.916000e-3,1.64315,2039
2.918000e-3,1.65604,2055
2.920000e-3,1.66088,2061
2.922000e-3,1.64315,2039
2.924000e-3,1.65766,2057
2.926000e-3,1.65363,2052
2.928000e-3,1.64315,2039
2.930000e-3,1.65927,2059
2.932000e-3,1.65685,2056
2.934000e-3,1.64879,2046
2.936000e-3,1.65766,2057
2.938000e-3,1.65685,2056
2.940000e-3,1.65201,2050
2.942000e-3,1.66088,2061
2.944000e-3,1.65685,2056
2.946000e-3,1.65363,2052
2.948000e-3,1.66007,2060
2.950000e-3,1.65685,2056
2.952000e-3,1.65040,2048
2.954000e-3,1.66491,2066
2.956000e-3,1.65282,2051
2.958000e-3,1.65363,2052
2.960000e-3,1.66410,2065
2.962000e-3,1.65604,2055
2.964000e-3,1.65443,2053
2.966000e-3,1.66410,2065
2.968000e-3,1.65121,2049
2.970000e-3,1.65201,2050
2.972000e-3,1.66491,2066
2.974000e-3,1.64557,2042
2.976000e-3,1.65201,2050
2.978000e-3,1.66733,2069
2.980000e-3,1.65363,2052
2.982000e-3,1.65604,2055
2.984000e-3,1.66813,2070
2.986000e-3,1.65766,2057
2.988000e-3,1.65201,2050
2.990000e-3,1.66894,2071
2.992000e-3,1.65363,2052
2.994000e-3,1.65121,2049
2.996000e-3,1.66652,2068
2.998000e-3,1.65685,2056
3.000000e-3,1.65040,2048
3.002000e-3,1.66813,2070
3.004000e-3,1.65524,2054
3.006000e-3,1.65282,2051
3.008000e-3,1.66733,2069
3.010000e-3,1.65282,2051
3.012000e-3,1.65201,2050
3.014000e-3,1.66652,2068
3.016000e-3,1.65524,2054
3.018000e-3,1.65282,2051
3.020000e-3,1.66088,2061
3.022000e-3,1.65121,2049
3.024000e-3,1.65443,2053
3.026000e-3,1.66652,2068
3.028000e-3,1.64396,2040
3.030000e-3,1.65524,2054
3.032000e-3,1.66652,2068
3.034000e-3,1.65443,2053
3.036000e-3,1.65201,2050
3.038000e-3,1.66571,2067
3.040000e-3,1.65443,2053
3.042000e-3,1.65040,2048
3.044000e-3,1.66330,2064
3.046000e-3,1.65040,2048
3.048000e-3,1.65363,2052
3.050000e-3,1.66410,2065
3.052000e-3,1.65524,2054
3.054000e-3,1.65121,2049
3.056000e-3,1.66088,2061
3.058000e-3,1.65685,2056
3.060000e-3,1.65040,2048
3.062000e-3,1.66571,2067
3.064000e-3,1.65040,2048
3.066000e-3,1.65201,2050
3.068000e-3,1.65846,2058
3.070000e-3,1.64718,2044
3.072000e-3,1.65443,2053
3.074000e-3,1.66168,2062
3.076000e-3,1.64718,2044
3.078000e-3,1.65040,2048
3.080000e-3,1.65766,2057
3.082000e-3,1.64396,2040
3.084000e-3,1.65524,2054
3.086000e-3,1.66249,2063
3.088000e-3,1.64557,2042
3.090000e-3,1.65040,2048
3.092000e-3,1.65927,2059
3.094000e-3,1.64557,2042
3.096000e-3,1.65685,2056
3.098000e-3,1.66007,2060
3.100000e-3,1.64234,2038
3.102000e-3,1.65766,2057
3.104000e-3,1.65685,2056
3.106000e-3,1.65040,2048
3.108000e-3,1.66007,2060
3.110000e-3,1.65846,2058
3.112000e-3,1.65040,2048
3.114000e-3,1.66168,2062
3.116000e-3,1.65685,2056
3.118000e-3,1.64557,2042
3.120000e-3,1.66571,2067
3.122000e-3,1.65927,2059
3.124000e-3,1.65121,2049
3.126000e-3,1.66813,2070
3.128000e-3,1.65524,2054
3.130000e-3,1.65040,2048
3.132000e-3,1.66007,2060
3.134000e-3,1.65685,2056
3.136000e-3,1.65443,2053
3.138000e-3,1.66652,2068
3.140000e-3,1.65766,2057
3.142000e-3,1.65524,2054
3.144000e-3,1.66491,2066
3.146000e-3,1.65443,2053
3.148000e-3,1.65201,2050
3.150000e-3,1.66491,2066
3.152000e-3,1.65685,2056
3.154000e-3,1.65685,2056
3.156000e-3,1.66652,2068
3.158000e-3,1.65121,2049
3.160000e-3,1.65121,2049
3.162000e-3,1.66571,2067
3.164000e-3,1.65363,2052
3.166000e-3,1.65524,2054
3.168000e-3,1.66491,2066
3.170000e-3,1.65685,2056
3.172000e-3,1.64637,2043
3.174000e-3,1.66491,2066
3.176000e-3,1.65685,2056
3.178000e-3,1.65040,2048
3.180000e-3,1.66491,2066
3.182000e-3,1.65363,2052
3.184000e-3,1.64960,2047
3.186000e-3,1.66652,2068
3.188000e-3,1.65846,2058
3.190000e-3,1.65121,2049
3.192000e-3,1.66249,2063
3.194000e-3,1.65524,2054
3.196000e-3,1.64718,2044
3.198000e-3,1.66410,2065
3.200000e-3,1.65524,2054
3.202000e-3,1.64960,2047
3.204000e-3,1.67377,2077
3.206000e-3,1.66571,2067
3.208000e-3,1.65524,2054
3.210000e-3,1.67136,2074
3.212000e-3,1.65927,2059
3.214000e-3,1.65040,2048
3.216000e-3,1.66652,2068
3.218000e-3,1.65201,2050
3.220000e-3,1.64396,2040
3.222000e-3,1.66330,2064
3.224000e-3,1.65604,2055
3.226000e-3,1.65363,2052
3.228000e-3,1.67136,2074
3.230000e-3,1.65524,2054
3.232000e-3,1.65201,2050
3.234000e-3,1.66007,2060
3.236000e-3,1.65443,2053
3.238000e-3,1.65604,2055
3.240000e-3,1.66330,2064
3.242000e-3,1.65443,2053
3.244000e-3,1.64960,2047
3.246000e-3,1.65201,2050
3.248000e-3,1.65685,2056
3.250000e-3,1.65040,2048
3.252000e-3,1.66330,2064
3.254000e-3,1.65846,2058
3.256000e-3,1.65443,2053
3.258000e-3,1.66733,2069
3.260000e-3,1.66007,2060
3.262000e-3,1.65846,2058
3.264000e-3,1.65927,2059
3.266000e-3,1.65766,2057
3.268000e-3,1.65201,2050
3.270000e-3,1.66168,2062
3.272000e-3,1.65363,2052
3.274000e-3,1.64637,2043
3.276000e-3,1.66410,2065
3.278000e-3,1.66249,2063
3.280000e-3,1.65282,2051
3.282000e-3,1.66168,2062
3.284000e-3,1.65846,2058
3.286000e-3,1.64637,2043
3.288000e-3,1.66007,2060
3.290000e-3,1.65927,2059
3.292000e-3,1.64315,2039
3.294000e-3,1.66088,2061
3.296000e-3,1.65766,2057
3.298000e-3,1.64315,2039
3.300000e-3,1.65604,2055
3.302000e-3,1.65766,2057
3.304000e-3,1.64476,2041
3.306000e-3,1.66007,2060
3.308000e-3,1.65604,2055
3.310000e-3,1.64637,2043
3.312000e-3,1.66168,2062
3.314000e-3,1.65201,2050
3.316000e-3,1.63993,2035
3.318000e-3,1.65201,2050
3.320000e-3,1.65201,2050
3.322000e-3,1.65282,2051
3.324000e-3,1.66168,2062
3.326000e-3,1.65685,2056
3.328000e-3,1.65121,2049
3.330000e-3,1.66249,2063
3.332000e-3,1.65927,2059
3.334000e-3,1.65282,2051
3.336000e-3,1.65685,2056
3.338000e-3,1.65685,2056
3.340000e-3,1.65604,2055
3.342000e-3,1.66088,2061
3.344000e-3,1.65927,2059
3.346000e-3,1.65121,2049
3.348000e-3,1.66007,2060
3.350000e-3,1.65685,2056
3.352000e-3,1.64234,2038
3.354000e-3,1.65524,2054
3.356000e-3,1.66571,2067
3.358000e-3,1.64718,2044
3.360000e-3,1.65846,2058
3.362000e-3,1.65685,2056
3.364000e-3,1.64234,2038
3.366000e-3,1.65685,2056
3.368000e-3,1.65685,2056
3.370000e-3,1.64879,2046
3.372000e-3,1.66007,2060
3.374000e-3,1.65927,2059
3.376000e-3,1.64879,2046
3.378000e-3,1.66330,2064
3.380000e-3,1.65846,2058
3.382000e-3,1.64879,2046
3.384000e-3,1.66007,2060
3.386000e-3,1.65846,2058
3.388000e-3,1.65121,2049
3.390000e-3,1.65846,2058
3.392000e-3,1.65604,2055
3.394000e-3,1.64637,2043
3.396000e-3,1.65685,2056
3.398000e-3,1.65927,2059
3.400000e-3,1.65201,2050
3.402000e-3,1.67136,2074
3.404000e-3,1.65524,2054
3.406000e-3,1.65201,2050
3.408000e-3,1.66088,2061
3.410000e-3,1.65685,2056
3.412000e-3,1.65685,2056
3.414000e-3,1.65604,2055
3.416000e-3,1.65685,2056
3.418000e-3,1.65201,2050
3.420000e-3,1.66088,2061
3.422000e-3,1.65846,2058
3.424000e-3,1.65282,2051
3.426000e-3,1.66652,2068
3.428000e-3,1.65766,2057
3.430000e-3,1.65040,2048
3.432000e-3,1.66168,2062
3.434000e-3,1.65524,2054
3.436000e-3,1.65201,2050
3.438000e-3,1.66249,2063
3.440000e-3,1.66168,2062
3.442000e-3,1.65121,2049
3.444000e-3,1.65443,2053
3.446000e-3,1.65766,2057
3.448000e-3,1.65282,2051
3.450000e-3,1.66007,2060
3.452000e-3,1.65685,2056
3.454000e-3,1.65685,2056
3.456000e-3,1.66410,2065
3.458000e-3,1.65685,2056
3.460000e-3,1.65604,2055
3.462000e-3,1.66168,2062
3.464000e-3,1.66571,2067
3.466000e-3,1.65040,2048
3.468000e-3,1.66007,2060
3.470000e-3,1.65685,2056
3.472000e-3,1.64799,2045
3.474000e-3,1.65604,2055
3.476000e-3,1.66007,2060
3.478000e-3,1.64637,2043
3.480000e-3,1.65685,2056
3.482000e-3,1.65927,2059
3.484000e-3,1.64073,2036
3.486000e-3,1.65443,2053
3.488000e-3,1.66007,2060
3.490000e-3,1.64557,2042
3.492000e-3,1.65766,2057
3.494000e-3,1.65766,2057
3.496000e-3,1.64637,2043
3.498000e-3,1.65846,2058
3.500000e-3,1.65766,2057
3.502000e-3,1.64234,2038
3.504000e-3,1.65685,2056
3.506000e-3,1.66088,2061
3.508000e-3,1.65040,2048
3.510000e-3,1.65604,2055
3.512000e-3,1.65766,2057
3.514000e-3,1.64315,2039
3.516000e-3,1.65443,2053
3.518000e-3,1.65604,2055
3.520000e-3,1.64718,2044
3.522000e-3,1.65121,2049
3.524000e-3,1.66007,2060
3.526000e-3,1.64476,2041
3.528000e-3,1.65363,2052
3.530000e-3,1.66249,2063
3.532000e-3,1.64476,2041
3.534000e-3,1.65282,2051
3.536000e-3,1.65685,2056
3.538000e-3,1.64476,2041
3.540000e-3,1.65363,2052
3.542000e-3,1.65846,2058
3.544000e-3,1.65363,2052
3.546000e-3,1.65604,2055
3.548000e-3,1.66168,2062
3.550000e-3,1.64718,2044
3.552000e-3,1.64476,2041
3.554000e-3,1.65040,2048
3.556000e-3,1.64315,2039
3.558000e-3,1.65846,2058
3.560000e-3,1.66088,2061
3.562000e-3,1.65040,2048
3.564000e-3,1.65201,2050
3.566000e-3,1.66491,2066
3.568000e-3,1.65201,2050
3.570000e-3,1.64718,2044
3.572000e-3,1.66330,2064
3.574000e-3,1.65040,2048
3.576000e-3,1.65604,2055
3.578000e-3,1.66733,2069
3.580000e-3,1.65363,2052
3.582000e-3,1.65201,2050
3.584000e-3,1.66733,2069
3.586000e-3,1.65201,2050
3.588000e-3,1.65201,2050
3.590000e-3,1.66168,2062
3.592000e-3,1.65363,2052
3.594000e-3,1.65121,2049
3.596000e-3,1.66491,2066
3.598000e-3,1.65201,2050
3.600000e-3,1.64879,2046
3.602000e-3,1.66330,2064
3.604000e-3,1.65121,2049
3.606000e-3,1.65201,2050
3.608000e-3,1.66813,2070
3.610000e-3,1.65443,2053
3.612000e-3,1.66007,2060
3.614000e-3,1.66894,2071
3.616000e-3,1.65604,2055
3.618000e-3,1.64960,2047
3.620000e-3,1.66410,2065
3.622000e-3,1.65524,2054
3.624000e-3,1.65282,2051
3.626000e-3,1.65927,2059
3.628000e-3,1.65282,2051
3.630000e-3,1.64476,2041
3.632000e-3,1.66330,2064
3.634000e-3,1.65524,2054
3.636000e-3,1.65121,2049
3.638000e-3,1.66652,2068
3.640000e-3,1.65363,2052
3.642000e-3,1.65443,2053
3.644000e-3,1.66410,2065
3.646000e-3,1.65363,2052
3.648000e-3,1.65524,2054
3.650000e-3,1.67297,2076
3.652000e-3,1.65443,2053
3.654000e-3,1.65040,2048
3.656000e-3,1.66088,2061
3.658000e-3,1.65604,2055
3.660000e-3,1.65121,2049
3.662000e-3,1.66088,2061
3.664000e-3,1.65846,2058
3.666000e-3,1.65040,2048
3.668000e-3,1.66410,2065
3.670000e-3,1.65282,2051
3.672000e-3,1.65685,2056
3.674000e-3,1.66330,2064
3.676000e-3,1.66007,2060
3.678000e-3,1.65443,2053
3.680000e-3,1.66410,2065
3.682000e-3,1.65685,2056
3.684000e-3,1.65282,2051
3.686000e-3,1.66491,2066
3.688000e-3,1.65604,2055
3.690000e-3,1.65040,2048
3.692000e-3,1.66571,2067
3.694000e-3,1.65846,2058
3.696000e-3,1.65121,2049
3.698000e-3,1.66571,2067
3.700000e-3,1.65282,2051
3.702000e-3,1.65604,2055
3.704000e-3,1.66168,2062
3.706000e-3,1.65201,2050
3.708000e-3,1.65040,2048
3.710000e-3,1.67700,2081
3.712000e-3,1.65201,2050
3.714000e-3,1.65201,2050
3.716000e-3,1.66249,2063
3.718000e-3,1.64718,2044
3.720000e-3,1.65040,2048
3.722000e-3,1.65927,2059
3.724000e-3,1.64960,2047
3.726000e-3,1.65443,2053
3.728000e-3,1.66007,2060
3.730000e-3,1.64960,2047
3.732000e-3,1.65766,2057
3.734000e-3,1.65685,2056
3.736000e-3,1.64718,2044
3.738000e-3,1.65363,2052
3.740000e-3,1.65846,2058
3.742000e-3,1.64960,2047
3.744000e-3,1.65040,2048
3.746000e-3,1.65766,2057
3.748000e-3,1.64637,2043
3.750000e-3,1.65282,2051
3.752000e-3,1.65766,2057
3.754000e-3,1.64315,2039
3.756000e-3,1.65363,2052
3.758000e-3,1.65766,2057
3.760000e-3,1.64557,2042
3.762000e-3,1.65524,2054
3.764000e-3,1.65766,2057
3.766000e-3,1.64637,2043
3.768000e-3,1.65604,2055
3.770000e-3,1.65766,2057
3.772000e-3,1.64234,2038
3.774000e-3,1.65443,2053
3.776000e-3,1.65846,2058
3.778000e-3,1.64315,2039
3.780000e-3,1.65685,2056
3.782000e-3,1.65927,2059
3.784000e-3,1.64234,2038
3.786000e-3,1.65443,2053
3.788000e-3,1.65685,2056
3.790000e-3,1.64234,2038
3.792000e-3,1.65604,2055
3.794000e-3,1.66088,2061
3.796000e-3,1.64396,2040
3.798000e-3,1.65524,2054
3.800000e-3,1.65927,2059
3.802000e-3,1.64637,2043
3.804000e-3,1.65685,2056
3.806000e-3,1.65766,2057
3.808000e-3,1.64396,2040
3.810000e-3,1.65524,2054
3.812000e-3,1.65846,2058
3.814000e-3,1.64637,2043
3.816000e-3,1.65524,2054
3.818000e-3,1.65927,2059
3.820000e-3,1.64315,2039
3.822000e-3,1.65524,2054
3.824000e-3,1.65846,2058
3.826000e-3,1.64154,2037
3.828000e-3,1.66088,2061
3.830000e-3,1.65685,2056
3.832000e-3,1.64234,2038
3.834000e-3,1.64960,2047
3.836000e-3,1.65685,2056
3.838000e-3,1.63832,2033
3.840000e-3,1.65443,2053
3.842000e-3,1.65927,2059
3.844000e-3,1.64073,2036
3.846000e-3,1.65766,2057
3.848000e-3,1.65766,2057
3.850000e-3,1.65040,2048
3.852000e-3,1.66007,2060
3.854000e-3,1.65766,2057
3.856000e-3,1.64396,2040
3.858000e-3,1.65846,2058
3.860000e-3,1.66007,2060
3.862000e-3,1.64637,2043
3.864000e-3,1.65201,2050
3.866000e-3,1.65604,2055
3.868000e-3,1.63751,2032
3.870000e-3,1.65846,2058
3.872000e-3,1.65685,2056
3.874000e-3,1.64315,2039
3.876000e-3,1.65363,2052
3.878000e-3,1.66007,2060
3.880000e-3,1.64396,2040
3.882000e-3,1.65685,2056
3.884000e-3,1.66168,2062
3.886000e-3,1.64315,2039
3.888000e-3,1.65604,2055
3.890000e-3,1.65846,2058
3.892000e-3,1.64154,2037
3.894000e-3,1.65685,2056
3.896000e-3,1.65927,2059
3.898000e-3,1.64396,2040
3.900000e-3,1.65927,2059
3.902000e-3,1.65685,2056
3.904000e-3,1.64396,2040
3.906000e-3,1.65524,2054
3.908000e-3,1.65524,2054
3.910000e-3,1.64073,2036
3.912000e-3,1.65524,2054
3.914000e-3,1.66088,2061
3.916000e-3,1.64960,2047
3.918000e-3,1.65927,2059
3.920000e-3,1.66168,2062
3.922000e-3,1.64315,2039
3.924000e-3,1.65524,2054
3.926000e-3,1.66330,2064
3.928000e-3,1.64718,2044
3.930000e-3,1.65443,2053
3.932000e-3,1.65766,2057
3.934000e-3,1.64396,2040
3.936000e-3,1.65201,2050
3.938000e-3,1.65766,2057
3.940000e-3,1.64154,2037
3.942000e-3,1.65766,2057
3.944000e-3,1.65604,2055
3.946000e-3,1.64799,2045
3.948000e-3,1.65766,2057
3.950000e-3,1.66088,2061
3.952000e-3,1.64315,2039
3.954000e-3,1.66330,2064
3.956000e-3,1.65685,2056
3.958000e-3,1.64396,2040
3.960000e-3,1.65927,2059
3.962000e-3,1.66007,2060
3.964000e-3,1.64476,2041
3.966000e-3,1.65524,2054
3.968000e-3,1.65927,2059
3.970000e-3,1.64799,2045
3.972000e-3,1.66007,2060
3.974000e-3,1.65685,2056
3.976000e-3,1.65201,2050
3.978000e-3,1.66249,2063
3.980000e-3,1.65363,2052
3.982000e-3,1.65201,2050
3.984000e-3,1.66330,2064
3.986000e-3,1.65604,2055
3.988000e-3,1.65040,2048
3.990000e-3,1.66571,2067
3.992000e-3,1.65685,2056
3.994000e-3,1.65685,2056
3.996000e-3,1.65443,2053
3.998000e-3,1.65846,2058
4.000000e-3,1.65282,2051
4.002000e-3,1.66088,2061
4.004000e-3,1.65524,2054
4.006000e-3,1.65282,2051
4.008000e-3,1.66007,2060
4.010000e-3,1.65927,2059
4.012000e-3,1.64557,2042
4.014000e-3,1.66410,2065
4.016000e-3,1.66007,2060
4.018000e-3,1.65363,2052
4.020000e-3,1.66249,2063
4.022000e-3,1.65685,2056
4.024000e-3,1.65443,2053
4.026000e-3,1.66168,2062
4.028000e-3,1.65766,2057
4.030000e-3,1.65282,2051
4.032000e-3,1.65927,2059
4.034000e-3,1.65846,2058
4.036000e-3,1.65685,2056
4.038000e-3,1.67136,2074
4.040000e-3,1.65927,2059
4.042000e-3,1.65201,2050
4.044000e-3,1.66491,2066
4.046000e-3,1.65363,2052
4.048000e-3,1.64879,2046
4.050000e-3,1.66410,2065
4.052000e-3,1.65201,2050
4.054000e-3,1.65040,2048
4.056000e-3,1.66330,2064
4.058000e-3,1.65685,2056
4.060000e-3,1.66410,2065
4.062000e-3,1.65524,2054
4.064000e-3,1.65121,2049
4.066000e-3,1.65443,2053
4.068000e-3,1.65604,2055
4.070000e-3,1.64154,2037
4.072000e-3,1.65040,2048
4.074000e-3,1.65846,2058
4.076000e-3,1.65363,2052
4.078000e-3,1.65443,2053
4.080000e-3,1.66330,2064
4.082000e-3,1.64960,2047
4.084000e-3,1.65040,2048
4.086000e-3,1.66007,2060
4.088000e-3,1.65121,2049
4.090000e-3,1.65363,2052
4.092000e-3,1.65927,2059
4.094000e-3,1.64879,2046
4.096000e-3,1.65201,2050
4.098000e-3,1.66088,2061
4.100000e-3,1.64315,2039
4.102000e-3,1.65524,2054
4.104000e-3,1.65846,2058
4.106000e-3,1.64476,2041
4.108000e-3,1.65443,2053
4.110000e-3,1.66168,2062
4.112000e-3,1.64234,2038
4.114000e-3,1.65201,2050
4.116000e-3,1.65766,2057
4.118000e-3,1.64557,2042
4.120000e-3,1.65846,2058
4.122000e-3,1.66088,2061
4.124000e-3,1.64879,2046
4.126000e-3,1.65927,2059
4.128000e-3,1.65927,2059
4.130000e-3,1.64799,2045
4.132000e-3,1.66168,2062
4.134000e-3,1.65927,2059
4.136000e-3,1.65282,2051
4.138000e-3,1.66652,2068
4.140000e-3,1.65846,2058
4.142000e-3,1.65685,2056
4.144000e-3,1.66007,2060
4.146000e-3,1.65927,2059
4.148000e-3,1.65040,2048
4.150000e-3,1.66088,2061
4.152000e-3,1.65604,2055
4.154000e-3,1.64557,2042
4.156000e-3,1.66168,2062
4.158000e-3,1.66088,2061
4.160000e-3,1.65524,2054
4.162000e-3,1.66088,2061
4.164000e-3,1.65685,2056
4.166000e-3,1.65282,2051
4.168000e-3,1.66168,2062
4.170000e-3,1.65201,2050
4.172000e-3,1.65040,2048
4.174000e-3,1.66813,2070
4.176000e-3,1.65766,2057
4.178000e-3,1.65363,2052
4.180000e-3,1.66733,2069
4.182000e-3,1.64557,2042
4.184000e-3,1.65040,2048
4.186000e-3,1.66330,2064
4.188000e-3,1.65040,2048
4.190000e-3,1.65363,2052
4.192000e-3,1.66249,2063
4.194000e-3,1.65282,2051
4.196000e-3,1.65040,2048
4.198000e-3,1.66330,2064
4.200000e-3,1.65121,2049
4.202000e-3,1.65201,2050
4.204000e-3,1.66007,2060
4.206000e-3,1.65201,2050
4.208000e-3,1.65040,2048
4.210000e-3,1.67136,2074
4.212000e-3,1.64960,2047
4.214000e-3,1.65121,2049
4.216000e-3,1.66410,2065
4.218000e-3,1.65282,2051
4.220000e-3,1.65121,2049
4.222000e-3,1.66330,2064
4.224000e-3,1.65363,2052
4.226000e-3,1.65121,2049
4.228000e-3,1.66249,2063
4.230000e-3,1.64718,2044
4.232000e-3,1.65443,2053
4.234000e-3,1.65604,2055
4.236000e-3,1.65040,2048
4.238000e-3,1.65524,2054
4.240000e-3,1.65927,2059
4.242000e-3,1.65363,2052
4.244000e-3,1.65121,2049
4.246000e-3,1.66249,2063
4.248000e-3,1.64637,2043
4.250000e-3,1.65201,2050
4.252000e-3,1.65927,2059
4.254000e-3,1.64234,2038
4.256000e-3,1.64799,2045
4.258000e-3,1.66894,2071
4.260000e-3,1.65201,2050
4.262000e-3,1.65443,2053
4.264000e-3,1.66007,2060
4.266000e-3,1.65040,2048
4.268000e-3,1.65121,2049
4.270000e-3,1.65766,2057
4.272000e-3,1.65121,2049
4.274000e-3,1.65524,2054
4.276000e-3,1.66168,2062
4.278000e-3,1.64476,2041
4.280000e-3,1.66168,2062
4.282000e-3,1.66007,2060
4.284000e-3,1.64234,2038
4.286000e-3,1.65927,2059
4.288000e-3,1.65927,2059
4.290000e-3,1.65040,2048
4.292000e-3,1.65927,2059
4.294000e-3,1.65927,2059
4.296000e-3,1.64879,2046
4.298000e-3,1.66088,2061
4.300000e-3,1.65927,2059
4.302000e-3,1.64718,2044
4.304000e-3,1.65846,2058
4.306000e-3,1.65766,2057
4.308000e-3,1.65040,2048
4.310000e-3,1.66168,2062
4.312000e-3,1.65121,2049
4.314000e-3,1.65121,2049
4.316000e-3,1.66168,2062
4.318000e-3,1.65846,2058
4.320000e-3,1.65201,2050
4.322000e-3,1.66168,2062
4.324000e-3,1.65766,2057
4.326000e-3,1.65201,2050
4.328000e-3,1.66410,2065
4.330000e-3,1.64960,2047
4.332000e-3,1.65363,2052
4.334000e-3,1.66571,2067
4.336000e-3,1.65685,2056
4.338000e-3,1.65685,2056
4.340000e-3,1.66571,2067
4.342000e-3,1.65766,2057
4.344000e-3,1.65040,2048
4.346000e-3,1.66571,2067
4.348000e-3,1.64557,2042
4.350000e-3,1.65121,2049
4.352000e-3,1.66813,2070
4.354000e-3,1.65040,2048
4.356000e-3,1.65040,2048
4.358000e-3,1.67055,2073
4.360000e-3,1.65363,2052
4.362000e-3,1.65201,2050
4.364000e-3,1.66410,2065
4.366000e-3,1.65282,2051
4.368000e-3,1.65766,2057
4.370000e-3,1.65766,2057
4.372000e-3,1.64315,2039
4.374000e-3,1.65443,2053
4.376000e-3,1.66330,2064
4.378000e-3,1.64799,2045
4.380000e-3,1.65121,2049
4.382000e-3,1.65927,2059
4.384000e-3,1.64879,2046
4.386000e-3,1.65443,2053
4.388000e-3,1.66088,2061
4.390000e-3,1.65201,2050
4.392000e-3,1.65443,2053
4.394000e-3,1.65927,2059
4.396000e-3,1.64396,2040
4.398000e-3,1.65524,2054
4.400000e-3,1.65927,2059
4.402000e-3,1.64396,2040
4.404000e-3,1.65363,2052
4.406000e-3,1.65846,2058
4.408000e-3,1.64396,2040
4.410000e-3,1.65685,2056
4.412000e-3,1.65121,2049
4.414000e-3,1.64476,2041
4.416000e-3,1.65524,2054
4.418000e-3,1.66007,2060
4.420000e-3,1.64396,2040
4.422000e-3,1.65040,2048
4.424000e-3,1.66007,2060
4.426000e-3,1.64476,2041
4.428000e-3,1.66330,2064
4.430000e-3,1.65685,2056
4.432000e-3,1.64637,2043
4.434000e-3,1.65685,2056
4.436000e-3,1.66088,2061
4.438000e-3,1.65282,2051
4.440000e-3,1.65846,2058
4.442000e-3,1.66410,2065
4.444000e-3,1.64396,2040
4.446000e-3,1.66007,2060
4.448000e-3,1.65604,2055
4.450000e-3,1.64234,2038
4.452000e-3,1.65201,2050
4.454000e-3,1.65846,2058
4.456000e-3,1.64154,2037
4.458000e-3,1.65927,2059
4.460000e-3,1.66088,2061
4.462000e-3,1.64315,2039
4.464000e-3,1.65685,2056
4.466000e-3,1.65685,2056
4.468000e-3,1.64154,2037
4.470000e-3,1.64879,2046
4.472000e-3,1.65685,2056
4.474000e-3,1.64718,2044
4.476000e-3,1.66007,2060
4.478000e-3,1.66007,2060
4.480000e-3,1.64799,2045
4.482000e-3,1.65685,2056
4.484000e-3,1.65685,2056
4.486000e-3,1.64557,2042
4.488000e-3,1.65685,2056
4.490000e-3,1.66652,2068
4.492000e-3,1.64396,2040
4.494000e-3,1.65363,2052
4.496000e-3,1.65685,2056
4.498000e-3,1.64073,2036
4.500000e-3,1.65766,2057
4.502000e-3,1.65766,2057
4.504000e-3,1.64234,2038
4.506000e-3,1.65846,2058
4.508000e-3,1.65282,2051
4.510000e-3,1.64557,2042
4.512000e-3,1.65282,2051
4.514000e-3,1.65121,2049
4.516000e-3,1.64476,2041
4.518000e-3,1.65443,2053
4.520000e-3,1.65846,2058
4.522000e-3,1.64557,2042
4.524000e-3,1.65685,2056
4.526000e-3,1.65846,2058
4.528000e-3,1.64476,2041
4.530000e-3,1.65363,2052
4.532000e-3,1.65927,2059
4.534000e-3,1.64637,2043
4.536000e-3,1.66491,2066
4.538000e-3,1.65927,2059
4.540000e-3,1.64637,2043
4.542000e-3,1.66007,2060
4.544000e-3,1.65766,2057
4.546000e-3,1.64315,2039
4.548000e-3,1.65363,2052
4.550000e-3,1.65685,2056
4.552000e-3,1.64315,2039
4.554000e-3,1.66491,2066
4.556000e-3,1.66007,2060
4.558000e-3,1.65604,2055
4.560000e-3,1.65846,2058
4.562000e-3,1.65927,2059
4.564000e-3,1.64557,2042
4.566000e-3,1.65846,2058
4.568000e-3,1.65685,2056
4.570000e-3,1.64396,2040
4.572000e-3,1.65685,2056
4.574000e-3,1.66007,2060
4.576000e-3,1.64718,2044
4.578000e-3,1.65766,2057
4.580000e-3,1.66088,2061
4.582000e-3,1.64637,2043
4.584000e-3,1.65443,2053
4.586000e-3,1.66007,2060
4.588000e-3,1.64476,2041
4.590000e-3,1.65766,2057
4.592000e-3,1.66168,2062
4.594000e-3,1.64557,2042
4.596000e-3,1.65685,2056
4.598000e-3,1.65846,2058
4.600000e-3,1.64396,2040
4.602000e-3,1.65443,2053
4.604000e-3,1.65846,2058
4.606000e-3,1.64476,2041
4.608000e-3,1.65363,2052
4.610000e-3,1.66007,2060
4.612000e-3,1.64396,2040
4.614000e-3,1.65363,2052
4.616000e-3,1.66733,2069
4.618000e-3,1.64557,2042
4.620000e-3,1.65363,2052
4.622000e-3,1.65846,2058
4.624000e-3,1.64718,2044
4.626000e-3,1.65282,2051
4.628000e-3,1.65766,2057
4.630000e-3,1.64718,2044
4.632000e-3,1.66330,2064
4.634000e-3,1.65927,2059
4.636000e-3,1.64879,2046
4.638000e-3,1.65363,2052
4.640000e-3,1.65766,2057
4.642000e-3,1.65201,2050
4.644000e-3,1.65363,2052
4.646000e-3,1.66007,2060
4.648000e-3,1.64315,2039
4.650000e-3,1.65282,2051
4.652000e-3,1.66330,2064
4.654000e-3,1.65121,2049
4.656000e-3,1.65040,2048
4.658000e-3,1.66733,2069
4.660000e-3,1.65363,2052
4.662000e-3,1.65363,2052
4.664000e-3,1.66249,2063
4.666000e-3,1.65363,2052
4.668000e-3,1.64557,2042
4.670000e-3,1.65766,2057
4.672000e-3,1.65040,2048
4.674000e-3,1.65443,2053
4.676000e-3,1.66168,2062
4.678000e-3,1.65121,2049
4.680000e-3,1.65927,2059
4.682000e-3,1.65685,2056
4.684000e-3,1.64637,2043
4.686000e-3,1.65685,2056
4.688000e-3,1.65766,2057
4.690000e-3,1.65363,2052
4.692000e-3,1.65846,2058
4.694000e-3,1.65927,2059
4.696000e-3,1.64073,2036
4.698000e-3,1.65201,2050
4.700000e-3,1.65766,2057
4.702000e-3,1.64073,2036
4.704000e-3,1.65846,2058
4.706000e-3,1.66088,2061
4.708000e-3,1.65040,2048
4.710000e-3,1.66168,2062
4.712000e-3,1.65766,2057
4.714000e-3,1.64476,2041
4.716000e-3,1.65363,2052
4.718000e-3,1.65685,2056
4.720000e-3,1.64637,2043
4.722000e-3,1.66168,2062
4.724000e-3,1.65685,2056
4.726000e-3,1.64637,2043
4.728000e-3,1.65846,2058
4.730000e-3,1.65121,2049
4.732000e-3,1.65282,2051
4.734000e-3,1.66410,2065
4.736000e-3,1.65927,2059
4.738000e-3,1.66168,2062
4.740000e-3,1.66168,2062
4.742000e-3,1.66733,2069
4.744000e-3,1.65201,2050
4.746000e-3,1.66652,2068
4.748000e-3,1.65282,2051
4.750000e-3,1.65121,2049
4.752000e-3,1.66491,2066
4.754000e-3,1.65282,2051
4.756000e-3,1.64960,2047
4.758000e-3,1.66894,2071
4.760000e-3,1.65846,2058
4.762000e-3,1.64960,2047
4.764000e-3,1.66491,2066
4.766000e-3,1.65201,2050
4.768000e-3,1.65040,2048
4.770000e-3,1.66330,2064
4.772000e-3,1.65363,2052
4.774000e-3,1.65282,2051
4.776000e-3,1.66813,2070
4.778000e-3,1.65685,2056
4.780000e-3,1.65443,2053
4.782000e-3,1.66410,2065
4.784000e-3,1.65443,2053
4.786000e-3,1.65201,2050
4.788000e-3,1.66491,2066
4.790000e-3,1.65363,2052
4.792000e-3,1.65121,2049
4.794000e-3,1.66813,2070
4.796000e-3,1.65040,2048
4.798000e-3,1.65363,2052
4.800000e-3,1.66571,2067
4.802000e-3,1.65201,2050
4.804000e-3,1.65121,2049
4.806000e-3,1.66652,2068
4.808000e-3,1.65040,2048
4.810000e-3,1.65121,2049
4.812000e-3,1.66168,2062
4.814000e-3,1.65282,2051
4.816000e-3,1.65121,2049
4.818000e-3,1.66168,2062
4.820000e-3,1.65040,2048
4.822000e-3,1.65282,2051
4.824000e-3,1.65927,2059
4.826000e-3,1.65040,2048
4.828000e-3,1.65282,2051
4.830000e-3,1.65685,2056
4.832000e-3,1.65121,2049
4.834000e-3,1.65766,2057
4.836000e-3,1.65846,2058
4.838000e-3,1.64799,2045
4.840000e-3,1.65282,2051
4.842000e-3,1.66249,2063
4.844000e-3,1.64718,2044
4.846000e-3,1.65443,2053
4.848000e-3,1.65282,2051
4.850000e-3,1.65040,2048
4.852000e-3,1.65201,2050
4.854000e-3,1.65846,2058
4.856000e-3,1.64718,2044
4.858000e-3,1.65443,2053
4.860000e-3,1.66410,2065
4.862000e-3,1.65040,2048
4.864000e-3,1.65282,2051
4.866000e-3,1.66168,2062
4.868000e-3,1.63912,2034
4.870000e-3,1.65363,2052
4.872000e-3,1.65846,2058
4.874000e-3,1.65201,2050
4.876000e-3,1.65524,2054
4.878000e-3,1.66088,2061
4.880000e-3,1.65363,2052
4.882000e-3,1.65363,2052
4.884000e-3,1.65685,2056
4.886000e-3,1.65040,2048
4.888000e-3,1.65363,2052
4.890000e-3,1.66007,2060
4.892000e-3,1.64879,2046
4.894000e-3,1.65363,2052
4.896000e-3,1.65685,2056
4.898000e-3,1.64960,2047
4.900000e-3,1.65443,2053
4.902000e-3,1.65685,2056
4.904000e-3,1.64637,2043
4.906000e-3,1.65282,2051
4.908000e-3,1.65604,2055
4.910000e-3,1.64960,2047
4.912000e-3,1.65201,2050
4.914000e-3,1.65766,2057
4.916000e-3,1.64234,2038
4.918000e-3,1.65443,2053
4.920000e-3,1.65685,2056
4.922000e-3,1.64557,2042
4.924000e-3,1.65524,2054
4.926000e-3,1.65766,2057
4.928000e-3,1.64396,2040
4.930000e-3,1.64960,2047
4.932000e-3,1.65927,2059
4.934000e-3,1.64557,2042
4.936000e-3,1.65846,2058
4.938000e-3,1.66007,2060
4.940000e-3,1.64476,2041
4.942000e-3,1.65846,2058
4.944000e-3,1.65685,2056
4.946000e-3,1.64637,2043
4.948000e-3,1.64637,2043
4.950000e-3,1.65685,2056
4.952000e-3,1.64396,2040
4.954000e-3,1.65282,2051
4.956000e-3,1.65766,2057
4.958000e-3,1.64799,2045
4.960000e-3,1.65363,2052
4.962000e-3,1.65846,2058
4.964000e-3,1.64799,2045
4.966000e-3,1.66007,2060
4.968000e-3,1.65685,2056
4.970000e-3,1.65121,2049
4.972000e-3,1.65846,2058
4.974000e-3,1.65927,2059
4.976000e-3,1.64960,2047
4.978000e-3,1.65846,2058
4.980000e-3,1.66330,2064
4.982000e-3,1.64557,2042
4.984000e-3,1.66007,2060
4.986000e-3,1.66088,2061
4.988000e-3,1.64315,2039
4.990000e-3,1.65524,2054
4.992000e-3,1.66168,2062
4.994000e-3,1.63993,2035
4.996000e-3,1.65524,2054
4.998000e-3,1.65846,2058
5.000000e-3,1.63993,2035
5.002000e-3,1.65121,2049
5.004000e-3,1.66330,2064
5.006000e-3,1.64476,2041
5.008000e-3,1.65685,2056
5.010000e-3,1.66168,2062
5.012000e-3,1.64396,2040
5.014000e-3,1.65685,2056
5.016000e-3,1.65766,2057
5.018000e-3,1.64073,2036
5.020000e-3,1.65363,2052
5.022000e-3,1.65282,2051
5.024000e-3,1.64396,2040
5.026000e-3,1.64960,2047
5.028000e-3,1.65846,2058
5.030000e-3,1.64315,2039
5.032000e-3,1.65524,2054
5.034000e-3,1.65766,2057
5.036000e-3,1.64557,2042
5.038000e-3,1.66249,2063
5.040000e-3,1.65927,2059
5.042000e-3,1.64476,2041
5.044000e-3,1.65282,2051
5.046000e-3,1.65201,2050
5.048000e-3,1.64637,2043
5.050000e-3,1.65524,2054
5.052000e-3,1.65846,2058
5.054000e-3,1.64799,2045
5.056000e-3,1.65443,2053
5.058000e-3,1.65766,2057
5.060000e-3,1.64476,2041
5.062000e-3,1.65363,2052
5.064000e-3,1.65685,2056
5.066000e-3,1.64960,2047
5.068000e-3,1.65201,2050
5.070000e-3,1.65524,2054
5.072000e-3,1.64557,2042
5.074000e-3,1.66007,2060
5.076000e-3,1.65443,2053
5.078000e-3,1.65040,2048
5.080000e-3,1.65282,2051
5.082000e-3,1.65766,2057
5.084000e-3,1.65282,2051
5.086000e-3,1.65201,2050
5.088000e-3,1.65766,2057
5.090000e-3,1.64718,2044
5.092000e-3,1.65363,2052
5.094000e-3,1.65766,2057
5.096000e-3,1.64879,2046
5.098000e-3,1.65040,2048
5.100000e-3,1.65363,2052
5.102000e-3,1.65604,2055
5.104000e-3,1.65524,2054
5.106000e-3,1.65846,2058
5.108000e-3,1.64879,2046
5.110000e-3,1.66330,2064
5.112000e-3,1.66007,2060
5.114000e-3,1.64718,2044
5.116000e-3,1.65282,2051
5.118000e-3,1.65282,2051
5.120000e-3,1.64960,2047
5.122000e-3,1.65604,2055
5.124000e-3,1.65604,2055
5.126000e-3,1.64960,2047
5.128000e-3,1.65927,2059
5.130000e-3,1.66007,2060
5.132000e-3,1.65040,2048
5.134000e-3,1.65282,2051
5.136000e-3,1.65846,2058
5.138000e-3,1.64960,2047
5.140000e-3,1.66007,2060
5.142000e-3,1.66007,2060
5.144000e-3,1.64879,2046
5.146000e-3,1.65282,2051
5.148000e-3,1.65846,2058
5.150000e-3,1.64799,2045
5.152000e-3,1.65201,2050
5.154000e-3,1.65443,2053
5.156000e-3,1.64960,2047
5.158000e-3,1.64799,2045
5.160000e-3,1.66088,2061
5.162000e-3,1.64960,2047
5.164000e-3,1.65201,2050
5.166000e-3,1.65927,2059
5.168000e-3,1.65201,2050
5.170000e-3,1.65201,2050
5.172000e-3,1.66652,2068
5.174000e-3,1.65282,2051
5.176000e-3,1.65363,2052
5.178000e-3,1.65927,2059
5.180000e-3,1.64396,2040
5.182000e-3,1.65201,2050
5.184000e-3,1.66733,2069
5.186000e-3,1.65121,2049
5.188000e-3,1.65282,2051
5.190000e-3,1.66491,2066
5.192000e-3,1.65282,2051
5.194000e-3,1.65121,2049
5.196000e-3,1.66733,2069
5.198000e-3,1.65282,2051
5.200000e-3,1.64396,2040
5.202000e-3,1.66733,2069
5.204000e-3,1.65363,2052
5.206000e-3,1.65040,2048
5.208000e-3,1.66410,2065
5.210000e-3,1.65363,2052
5.212000e-3,1.65040,2048
5.214000e-3,1.66813,2070
5.216000e-3,1.64799,2045
5.218000e-3,1.63912,2034
5.220000e-3,1.66168,2062
5.222000e-3,1.65363,2052
5.224000e-3,1.65363,2052
5.226000e-3,1.66249,2063
5.228000e-3,1.65363,2052
5.230000e-3,1.65363,2052
5.232000e-3,1.65846,2058
5.234000e-3,1.64879,2046
5.236000e-3,1.64879,2046
5.238000e-3,1.66007,2060
5.240000e-3,1.65846,2058
5.242000e-3,1.65282,2051
5.244000e-3,1.65846,2058
5.246000e-3,1.64799,2045
5.248000e-3,1.65201,2050
5.250000e-3,1.65846,2058
5.252000e-3,1.64879,2046
5.254000e-3,1.65121,2049
5.256000e-3,1.65766,2057
5.258000e-3,1.64960,2047
5.260000e-3,1.65121,2049
5.262000e-3,1.65121,2049
5.264000e-3,1.64879,2046
5.266000e-3,1.65363,2052
5.268000e-3,1.65766,2057
5.270000e-3,1.64960,2047
5.272000e-3,1.65121,2049
5.274000e-3,1.66491,2066
5.276000e-3,1.65040,2048
5.278000e-3,1.65363,2052
5.280000e-3,1.65927,2059
5.282000e-3,1.64718,2044
5.284000e-3,1.65443,2053
5.286000e-3,1.65685,2056
5.288000e-3,1.64879,2046
5.290000e-3,1.65524,2054
5.292000e-3,1.66088,2061
5.294000e-3,1.65040,2048
5.296000e-3,1.64557,2042
5.298000e-3,1.67136,2074
5.300000e-3,1.65121,2049
5.302000e-3,1.65443,2053
5.304000e-3,1.66571,2067
5.306000e-3,1.65201,2050
5.308000e-3,1.65443,2053
5.310000e-3,1.66571,2067
5.312000e-3,1.65443,2053
5.314000e-3,1.65121,2049
5.316000e-3,1.66571,2067
5.318000e-3,1.64799,2045
5.320000e-3,1.66249,2063
5.322000e-3,1.66571,2067
5.324000e-3,1.65443,2053
5.326000e-3,1.65121,2049
5.328000e-3,1.66652,2068
5.330000e-3,1.65443,2053
5.332000e-3,1.65363,2052
5.334000e-3,1.66088,2061
5.336000e-3,1.65282,2051
5.338000e-3,1.65040,2048
5.340000e-3,1.66491,2066
5.342000e-3,1.65685,2056
5.344000e-3,1.65363,2052
5.346000e-3,1.66813,2070
5.348000e-3,1.66571,2067
5.350000e-3,1.65040,2048
5.352000e-3,1.66330,2064
5.354000e-3,1.65201,2050
5.356000e-3,1.65363,2052
5.358000e-3,1.66733,2069
5.360000e-3,1.65604,2055
5.362000e-3,1.65282,2051
5.364000e-3,1.66571,2067
5.366000e-3,1.65685,2056
5.368000e-3,1.65201,2050
5.370000e-3,1.66491,2066
5.372000e-3,1.65363,2052
5.374000e-3,1.64718,2044
5.376000e-3,1.66652,2068
5.378000e-3,1.64799,2045
5.380000e-3,1.65040,2048
5.382000e-3,1.66168,2062
5.384000e-3,1.65363,2052
5.386000e-3,1.64637,2043
5.388000e-3,1.66168,2062
5.390000e-3,1.65201,2050
5.392000e-3,1.65363,2052
5.394000e-3,1.66088,2061
5.396000e-3,1.65524,2054
5.398000e-3,1.65201,2050
5.400000e-3,1.66571,2067
5.402000e-3,1.64637,2043
5.404000e-3,1.65040,2048
5.406000e-3,1.66652,2068
5.408000e-3,1.65604,2055
5.410000e-3,1.65201,2050
5.412000e-3,1.66330,2064
5.414000e-3,1.65201,2050
5.416000e-3,1.64799,2045
5.418000e-3,1.66330,2064
5.420000e-3,1.65685,2056
5.422000e-3,1.65201,2050
5.424000e-3,1.66571,2067
5.426000e-3,1.65201,2050
5.428000e-3,1.65201,2050
5.430000e-3,1.66571,2067
5.432000e-3,1.65604,2055
5.434000e-3,1.65121,2049
5.436000e-3,1.66491,2066
5.438000e-3,1.65201,2050
5.440000e-3,1.65363,2052
5.442000e-3,1.66088,2061
5.444000e-3,1.65604,2055
5.446000e-3,1.65201,2050
5.448000e-3,1.66007,2060
5.450000e-3,1.65685,2056
5.452000e-3,1.64960,2047
5.454000e-3,1.66007,2060
5.456000e-3,1.66168,2062
5.458000e-3,1.65443,2053
5.460000e-3,1.66410,2065
5.462000e-3,1.65685,2056
5.464000e-3,1.65363,2052
5.466000e-3,1.66491,2066
5.468000e-3,1.65524,2054
5.470000e-3,1.65201,2050
5.472000e-3,1.65927,2059
5.474000e-3,1.65685,2056
5.476000e-3,1.65604,2055
5.478000e-3,1.66330,2064
5.480000e-3,1.65524,2054
5.482000e-3,1.65282,2051
5.484000e-3,1.66491,2066
5.486000e-3,1.65685,2056
5.488000e-3,1.65282,2051
5.490000e-3,1.66410,2065
5.492000e-3,1.65363,2052
5.494000e-3,1.65040,2048
5.496000e-3,1.66571,2067
5.498000e-3,1.65363,2052
5.500000e-3,1.65363,2052
5.502000e-3,1.66330,2064
5.504000e-3,1.65201,2050
5.506000e-3,1.65121,2049
5.508000e-3,1.66652,2068
5.510000e-3,1.66007,2060
5.512000e-3,1.65363,2052
5.514000e-3,1.66571,2067
5.516000e-3,1.65443,2053
5.518000e-3,1.64960,2047
5.520000e-3,1.66652,2068
5.522000e-3,1.65201,2050
5.524000e-3,1.65201,2050
5.526000e-3,1.66652,2068
5.528000e-3,1.65201,2050
5.530000e-3,1.65282,2051
5.532000e-3,1.65363,2052
5.534000e-3,1.65685,2056
5.536000e-3,1.65121,2049
5.538000e-3,1.66088,2061
5.540000e-3,1.64799,2045
5.542000e-3,1.65443,2053
5.544000e-3,1.65685,2056
5.546000e-3,1.64637,2043
5.548000e-3,1.65443,2053
5.550000e-3,1.65443,2053
5.552000e-3,1.64396,2040
5.554000e-3,1.66088,2061
5.556000e-3,1.66168,2062
5.558000e-3,1.64396,2040
5.560000e-3,1.65443,2053
5.562000e-3,1.65846,2058
5.564000e-3,1.64476,2041
5.566000e-3,1.65524,2054
5.568000e-3,1.66491,2066
5.570000e-3,1.63993,2035
5.572000e-3,1.65040,2048
5.574000e-3,1.65846,2058
5.576000e-3,1.64557,2042
5.578000e-3,1.65766,2057
5.580000e-3,1.65927,2059
5.582000e-3,1.65040,2048
5.584000e-3,1.66007,2060
5.586000e-3,1.65685,2056
5.588000e-3,1.65040,2048
5.590000e-3,1.66330,2064
5.592000e-3,1.65766,2057
5.594000e-3,1.65604,2055
5.596000e-3,1.66249,2063
5.598000e-3,1.64960,2047
5.600000e-3,1.65363,2052
5.602000e-3,1.65685,2056
5.604000e-3,1.65766,2057
5.606000e-3,1.65443,2053
5.608000e-3,1.66088,2061
5.610000e-3,1.65766,2057
5.612000e-3,1.65363,2052
5.614000e-3,1.66330,2064
5.616000e-3,1.65604,2055
5.618000e-3,1.64637,2043
5.620000e-3,1.66813,2070
5.622000e-3,1.65524,2054
5.624000e-3,1.65201,2050
5.626000e-3,1.66330,2064
5.628000e-3,1.65604,2055
5.630000e-3,1.65282,2051
5.632000e-3,1.66491,2066
5.634000e-3,1.65524,2054
5.636000e-3,1.65121,2049
5.638000e-3,1.66733,2069
5.640000e-3,1.65443,2053
5.642000e-3,1.65201,2050
5.644000e-3,1.66330,2064
5.646000e-3,1.65443,2053
5.648000e-3,1.65121,2049
5.650000e-3,1.66491,2066
5.652000e-3,1.65443,2053
5.654000e-3,1.65121,2049
5.656000e-3,1.66491,2066
5.658000e-3,1.64960,2047
5.660000e-3,1.64960,2047
5.662000e-3,1.66249,2063
5.664000e-3,1.64879,2046
5.666000e-3,1.65363,2052
5.668000e-3,1.65927,2059
5.670000e-3,1.64799,2045
5.672000e-3,1.65040,2048
5.674000e-3,1.65846,2058
5.676000e-3,1.64476,2041
5.678000e-3,1.65524,2054
5.680000e-3,1.65363,2052
5.682000e-3,1.64557,2042
5.684000e-3,1.65604,2055
5.686000e-3,1.66007,2060
5.688000e-3,1.63993,2035
5.690000e-3,1.65927,2059
5.692000e-3,1.66007,2060
5.694000e-3,1.64637,2043
5.696000e-3,1.65846,2058
5.698000e-3,1.65685,2056
5.700000e-3,1.65363,2052
5.702000e-3,1.66088,2061
5.704000e-3,1.65846,2058
5.706000e-3,1.65201,2050
5.708000e-3,1.65282,2051
5.710000e-3,1.65927,2059
5.712000e-3,1.65443,2053
5.714000e-3,1.66571,2067
5.716000e-3,1.65846,2058
5.718000e-3,1.64315,2039
5.720000e-3,1.65846,2058
5.722000e-3,1.65846,2058
5.724000e-3,1.64799,2045
5.726000e-3,1.65604,2055
5.728000e-3,1.65685,2056
5.730000e-3,1.64476,2041
5.732000e-3,1.65846,2058
5.734000e-3,1.65846,2058
5.736000e-3,1.65363,2052
5.738000e-3,1.65927,2059
5.740000e-3,1.65604,2055
5.742000e-3,1.65201,2050
5.744000e-3,1.66088,2061
5.746000e-3,1.65766,2057
5.748000e-3,1.64879,2046
5.750000e-3,1.66168,2062
5.752000e-3,1.65685,2056
5.754000e-3,1.65040,2048
5.756000e-3,1.66088,2061
5.758000e-3,1.65443,2053
5.760000e-3,1.65201,2050
5.762000e-3,1.66813,2070
5.764000e-3,1.65443,2053
5.766000e-3,1.65201,2050
5.768000e-3,1.66571,2067
5.770000e-3,1.65363,2052
5.772000e-3,1.65201,2050
5.774000e-3,1.66652,2068
5.776000e-3,1.65121,2049
5.778000e-3,1.65443,2053
5.780000e-3,1.67136,2074
5.782000e-3,1.65201,2050
5.784000e-3,1.65121,2049
5.786000e-3,1.66168,2062
5.788000e-3,1.65040,2048
5.790000e-3,1.65524,2054
5.792000e-3,1.66491,2066
5.794000e-3,1.64960,2047
5.796000e-3,1.64960,2047
5.798000e-3,1.65685,2056
5.800000e-3,1.64879,2046
5.802000e-3,1.65282,2051
5.804000e-3,1.66652,2068
5.806000e-3,1.64234,2038
5.808000e-3,1.64557,2042
5.810000e-3,1.65846,2058
5.812000e-3,1.64557,2042
5.814000e-3,1.65766,2057
5.816000e-3,1.66007,2060
5.818000e-3,1.64960,2047
5.820000e-3,1.65927,2059
5.822000e-3,1.65846,2058
5.824000e-3,1.65201,2050
5.826000e-3,1.66007,2060
5.828000e-3,1.66007,2060
5.830000e-3,1.65604,2055
5.832000e-3,1.66491,2066
5.834000e-3,1.65524,2054
5.836000e-3,1.65282,2051
5.838000e-3,1.67136,2074
5.840000e-3,1.65685,2056
5.842000e-3,1.65121,2049
5.844000e-3,1.66330,2064
5.846000e-3,1.64637,2043
5.848000e-3,1.65121,2049
5.850000e-3,1.66652,2068
5.852000e-3,1.65121,2049
5.854000e-3,1.65927,2059
5.856000e-3,1.66007,2060
5.858000e-3,1.65846,2058
5.860000e-3,1.64557,2042
5.862000e-3,1.66491,2066
5.864000e-3,1.65121,2049
5.866000e-3,1.65363,2052
5.868000e-3,1.65846,2058
5.870000e-3,1.64879,2046
5.872000e-3,1.65201,2050
5.874000e-3,1.65927,2059
5.876000e-3,1.64073,2036
5.878000e-3,1.65524,2054
5.880000e-3,1.65363,2052
5.882000e-3,1.64476,2041
5.884000e-3,1.65685,2056
5.886000e-3,1.65685,2056
5.888000e-3,1.64073,2036
5.890000e-3,1.65443,2053
5.892000e-3,1.66088,2061
5.894000e-3,1.64396,2040
5.896000e-3,1.65846,2058
5.898000e-3,1.66007,2060
5.900000e-3,1.64637,2043
5.902000e-3,1.65846,2058
5.904000e-3,1.65927,2059
5.906000e-3,1.65121,2049
5.908000e-3,1.66088,2061
5.910000e-3,1.65846,2058
5.912000e-3,1.64879,2046
5.914000e-3,1.66249,2063
5.916000e-3,1.65524,2054
5.918000e-3,1.65443,2053
5.920000e-3,1.66410,2065
5.922000e-3,1.65524,2054
5.924000e-3,1.64960,2047
5.926000e-3,1.66330,2064
5.928000e-3,1.65524,2054
5.930000e-3,1.65685,2056
5.932000e-3,1.66007,2060
5.934000e-3,1.64879,2046
5.936000e-3,1.65282,2051
5.938000e-3,1.65927,2059
5.940000e-3,1.64557,2042
5.942000e-3,1.65524,2054
5.944000e-3,1.65363,2052
5.946000e-3,1.64557,2042
5.948000e-3,1.66007,2060
5.950000e-3,1.66007,2060
5.952000e-3,1.64557,2042
5.954000e-3,1.65846,2058
5.956000e-3,1.65685,2056
5.958000e-3,1.65040,2048
5.960000e-3,1.65927,2059
5.962000e-3,1.65363,2052
5.964000e-3,1.63832,2033
5.966000e-3,1.66249,2063
5.968000e-3,1.65685,2056
5.970000e-3,1.64799,2045
5.972000e-3,1.65363,2052
5.974000e-3,1.65443,2053
5.976000e-3,1.64879,2046
5.978000e-3,1.66007,2060
5.980000e-3,1.65040,2048
5.982000e-3,1.65282,2051
5.984000e-3,1.66330,2064
5.986000e-3,1.65040,2048
5.988000e-3,1.65524,2054
5.990000e-3,1.66330,2064
5.992000e-3,1.64960,2047
5.994000e-3,1.64879,2046
5.996000e-3,1.66410,2065
5.998000e-3,1.65040,2048
6.000000e-3,1.65201,2050
6.002000e-3,1.64960,2047
6.004000e-3,1.64879,2046
6.006000e-3,1.65766,2057
6.008000e-3,1.65685,2056
6.010000e-3,1.64396,2040
6.012000e-3,1.65282,2051
6.014000e-3,1.65846,2058
6.016000e-3,1.64718,2044
6.018000e-3,1.65201,2050
6.020000e-3,1.65766,2057
6.022000e-3,1.64718,2044
6.024000e-3,1.65604,2055
6.026000e-3,1.65685,2056
6.028000e-3,1.64396,2040
6.030000e-3,1.65040,2048
6.032000e-3,1.66088,2061
6.034000e-3,1.64315,2039
6.036000e-3,1.66491,2066
6.038000e-3,1.65604,2055
6.040000e-3,1.64557,2042
6.042000e-3,1.65846,2058
6.044000e-3,1.65846,2058
6.046000e-3,1.65040,2048
6.048000e-3,1.65846,2058
6.050000e-3,1.65524,2054
6.052000e-3,1.64718,2044
6.054000e-3,1.65685,2056
6.056000e-3,1.65846,2058
6.058000e-3,1.64879,2046
6.060000e-3,1.66330,2064
6.062000e-3,1.65766,2057
6.064000e-3,1.65201,2050
6.066000e-3,1.66330,2064
6.068000e-3,1.65443,2053
6.070000e-3,1.65363,2052
6.072000e-3,1.66330,2064
6.074000e-3,1.65846,2058
6.076000e-3,1.64960,2047
6.078000e-3,1.66571,2067
6.080000e-3,1.65766,2057
6.082000e-3,1.65040,2048
6.084000e-3,1.66733,2069
6.086000e-3,1.65121,2049
6.088000e-3,1.65201,2050
6.090000e-3,1.66330,2064
6.092000e-3,1.65201,2050
6.094000e-3,1.65040,2048
6.096000e-3,1.66652,2068
6.098000e-3,1.65121,2049
6.100000e-3,1.65040,2048
6.102000e-3,1.66491,2066
6.104000e-3,1.65040,2048
6.106000e-3,1.65282,2051
6.108000e-3,1.65766,2057
6.110000e-3,1.64879,2046
6.112000e-3,1.65282,2051
6.114000e-3,1.65604,2055
6.116000e-3,1.64476,2041
6.118000e-3,1.65363,2052
6.120000e-3,1.65363,2052
6.122000e-3,1.64476,2041
6.124000e-3,1.65846,2058
6.126000e-3,1.65846,2058
6.128000e-3,1.64960,2047
6.130000e-3,1.66088,2061
6.132000e-3,1.65443,2053
6.134000e-3,1.65524,2054
6.136000e-3,1.66249,2063
6.138000e-3,1.65604,2055
6.140000e-3,1.65282,2051
6.142000e-3,1.66652,2068
6.144000e-3,1.65363,2052
6.146000e-3,1.65363,2052
6.148000e-3,1.66652,2068
6.150000e-3,1.65363,2052
6.152000e-3,1.65282,2051
6.154000e-3,1.65846,2058
6.156000e-3,1.64637,2043
6.158000e-3,1.66007,2060
6.160000e-3,1.65927,2059
6.162000e-3,1.64637,2043
6.164000e-3,1.65766,2057
6.166000e-3,1.65201,2050
6.168000e-3,1.63993,2035
6.170000e-3,1.65363,2052
6.172000e-3,1.65524,2054
6.174000e-3,1.65201,2050
6.176000e-3,1.65766,2057
6.178000e-3,1.65846,2058
6.180000e-3,1.64396,2040
6.182000e-3,1.66007,2060
6.184000e-3,1.65766,2057
6.186000e-3,1.64718,2044
6.188000e-3,1.65846,2058
6.190000e-3,1.65685,2056
6.192000e-3,1.65282,2051
6.194000e-3,1.66168,2062
6.196000e-3,1.65685,2056
6.198000e-3,1.65363,2052
6.200000e-3,1.66571,2067
6.202000e-3,1.65766,2057
6.204000e-3,1.65040,2048
6.206000e-3,1.66652,2068
6.208000e-3,1.65201,2050
6.210000e-3,1.65121,2049
6.212000e-3,1.66974,2072
6.214000e-3,1.65201,2050
6.216000e-3,1.65282,2051
6.218000e-3,1.66249,2063
6.220000e-3,1.65121,2049
6.222000e-3,1.65363,2052
6.224000e-3,1.65927,2059
6.226000e-3,1.64073,2036
6.228000e-3,1.65685,2056
6.230000e-3,1.65282,2051
6.232000e-3,1.63509,2029
6.234000e-3,1.66168,2062
6.236000e-3,1.65766,2057
6.238000e-3,1.65282,2051
6.240000e-3,1.66007,2060
6.242000e-3,1.65846,2058
6.244000e-3,1.65040,2048
6.246000e-3,1.66088,2061
6.248000e-3,1.65766,2057
6.250000e-3,1.65443,2053
6.252000e-3,1.65524,2054
6.254000e-3,1.65685,2056
6.256000e-3,1.65121,2049
6.258000e-3,1.66330,2064
6.260000e-3,1.65766,2057
6.262000e-3,1.65040,2048
6.264000e-3,1.66571,2067
6.266000e-3,1.65363,2052
6.268000e-3,1.65443,2053
6.270000e-3,1.66249,2063
6.272000e-3,1.65363,2052
6.274000e-3,1.65040,2048
6.276000e-3,1.66491,2066
6.278000e-3,1.65443,2053
6.280000e-3,1.66088,2061
6.282000e-3,1.67377,2077
6.284000e-3,1.65282,2051
6.286000e-3,1.65282,2051
6.288000e-3,1.67136,2074
6.290000e-3,1.64396,2040
6.292000e-3,1.65363,2052
6.294000e-3,1.66652,2068
6.296000e-3,1.65121,2049
6.298000e-3,1.65363,2052
6.300000e-3,1.65927,2059
6.302000e-3,1.65040,2048
6.304000e-3,1.64718,2044
6.306000e-3,1.66410,2065
6.308000e-3,1.65040,2048
6.310000e-3,1.65443,2053
6.312000e-3,1.66974,2072
6.314000e-3,1.64637,2043
6.316000e-3,1.65443,2053
6.318000e-3,1.66007,2060
6.320000e-3,1.65040,2048
6.322000e-3,1.65040,2048
6.324000e-3,1.65927,2059
6.326000e-3,1.64396,2040
6.328000e-3,1.65443,2053
6.330000e-3,1.65927,2059
6.332000e-3,1.64557,2042
6.334000e-3,1.65604,2055
6.336000e-3,1.65927,2059
6.338000e-3,1.64557,2042
6.340000e-3,1.65766,2057
6.342000e-3,1.65846,2058
6.344000e-3,1.65121,2049
6.346000e-3,1.66249,2063
6.348000e-3,1.65201,2050
6.350000e-3,1.65040,2048
6.352000e-3,1.66410,2065
6.354000e-3,1.65685,2056
6.356000e-3,1.64557,2042
6.358000e-3,1.66410,2065
6.360000e-3,1.65927,2059
6.362000e-3,1.65201,2050
6.364000e-3,1.66652,2068
6.366000e-3,1.65766,2057
6.368000e-3,1.65040,2048
6.370000e-3,1.66813,2070
6.372000e-3,1.65121,2049
6.374000e-3,1.65121,2049
6.376000e-3,1.66491,2066
6.378000e-3,1.65201,2050
6.380000e-3,1.65363,2052
6.382000e-3,1.65846,2058
6.384000e-3,1.64799,2045
6.386000e-3,1.65604,2055
6.388000e-3,1.65927,2059
6.390000e-3,1.64396,2040
6.392000e-3,1.65443,2053
6.394000e-3,1.65766,2057
6.396000e-3,1.64396,2040
6.398000e-3,1.65121,2049
6.400000e-3,1.66410,2065
6.402000e-3,1.64637,2043
6.404000e-3,1.66330,2064
6.406000e-3,1.65766,2057
6.408000e-3,1.64476,2041
6.410000e-3,1.66168,2062
6.412000e-3,1.65766,2057
6.414000e-3,1.65201,2050
6.416000e-3,1.66088,2061
6.418000e-3,1.65282,2051
6.420000e-3,1.65363,2052
6.422000e-3,1.66330,2064
6.424000e-3,1.65846,2058
6.426000e-3,1.65040,2048
6.428000e-3,1.66571,2067
6.430000e-3,1.64879,2046
6.432000e-3,1.65846,2058
6.434000e-3,1.66571,2067
6.436000e-3,1.65604,2055
6.438000e-3,1.65040,2048
6.440000e-3,1.66491,2066
6.442000e-3,1.65201,2050
6.444000e-3,1.65040,2048
6.446000e-3,1.65927,2059
6.448000e-3,1.64557,2042
6.450000e-3,1.65363,2052
6.452000e-3,1.65846,2058
6.454000e-3,1.64637,2043
6.456000e-3,1.65685,2056
6.458000e-3,1.65766,2057
6.460000e-3,1.64476,2041
6.462000e-3,1.65201,2050
6.464000e-3,1.66088,2061
6.466000e-3,1.63670,2031
6.468000e-3,1.66330,2064
6.470000e-3,1.66168,2062
6.472000e-3,1.64637,2043
6.474000e-3,1.66652,2068
6.476000e-3,1.65846,2058
6.478000e-3,1.65282,2051
6.480000e-3,1.66168,2062
6.482000e-3,1.65846,2058
6.484000e-3,1.65363,2052
6.486000e-3,1.66168,2062
6.488000e-3,1.65040,2048
6.490000e-3,1.65040,2048
6.492000e-3,1.66652,2068
6.494000e-3,1.65524,2054
6.496000e-3,1.65282,2051
6.498000e-3,1.66491,2066
6.500000e-3,1.65282,2051
6.502000e-3,1.65201,2050
6.504000e-3,1.66330,2064
6.506000e-3,1.65040,2048
6.508000e-3,1.65201,2050
6.510000e-3,1.65524,2054
6.512000e-3,1.64557,2042
6.514000e-3,1.65443,2053
6.516000e-3,1.65524,2054
6.518000e-3,1.64960,2047
6.520000e-3,1.65524,2054
6.522000e-3,1.64637,2043
6.524000e-3,1.64557,2042
6.526000e-3,1.65040,2048
6.528000e-3,1.65927,2059
6.530000e-3,1.64557,2042
6.532000e-3,1.65604,2055
6.534000e-3,1.66007,2060
6.536000e-3,1.64315,2039
6.538000e-3,1.65604,2055
6.540000e-3,1.65685,2056
6.542000e-3,1.64557,2042
6.544000e-3,1.65685,2056
6.546000e-3,1.65927,2059
6.548000e-3,1.65121,2049
6.550000e-3,1.66249,2063
6.552000e-3,1.65766,2057
6.554000e-3,1.65282,2051
6.556000e-3,1.66330,2064
6.558000e-3,1.65685,2056
6.560000e-3,1.65363,2052
6.562000e-3,1.65846,2058
6.564000e-3,1.65766,2057
6.566000e-3,1.65201,2050
6.568000e-3,1.66330,2064
6.570000e-3,1.65524,2054
6.572000e-3,1.65121,2049
6.574000e-3,1.66168,2062
6.576000e-3,1.65282,2051
6.578000e-3,1.65201,2050
6.580000e-3,1.66652,2068
6.582000e-3,1.65443,2053
6.584000e-3,1.65121,2049
6.586000e-3,1.66330,2064
6.588000e-3,1.65443,2053
6.590000e-3,1.65040,2048
6.592000e-3,1.66330,2064
6.594000e-3,1.65201,2050
6.596000e-3,1.64799,2045
6.598000e-3,1.66168,2062
6.600000e-3,1.65201,2050
6.602000e-3,1.65363,2052
6.604000e-3,1.65685,2056
6.606000e-3,1.64637,2043
6.608000e-3,1.65121,2049
6.610000e-3,1.65766,2057
6.612000e-3,1.64476,2041
6.614000e-3,1.65846,2058
6.616000e-3,1.65846,2058
6.618000e-3,1.64476,2041
6.620000e-3,1.65121,2049
6.622000e-3,1.66088,2061
6.624000e-3,1.65121,2049
6.626000e-3,1.66330,2064
6.628000e-3,1.65443,2053
6.630000e-3,1.64960,2047
6.632000e-3,1.66088,2061
6.634000e-3,1.65846,2058
6.636000e-3,1.65766,2057
6.638000e-3,1.66330,2064
6.640000e-3,1.65040,2048
6.642000e-3,1.65040,2048
6.644000e-3,1.66249,2063
6.646000e-3,1.65685,2056
6.648000e-3,1.65363,2052
6.650000e-3,1.66652,2068
6.652000e-3,1.65685,2056
6.654000e-3,1.65121,2049
6.656000e-3,1.66652,2068
6.658000e-3,1.65040,2048
6.660000e-3,1.65282,2051
6.662000e-3,1.66491,2066
6.664000e-3,1.65282,2051
6.666000e-3,1.64718,2044
6.668000e-3,1.67136,2074
6.670000e-3,1.65201,2050
6.672000e-3,1.65282,2051
6.674000e-3,1.66088,2061
6.676000e-3,1.64637,2043
6.678000e-3,1.65363,2052
6.680000e-3,1.65685,2056
6.682000e-3,1.64799,2045
6.684000e-3,1.64879,2046
6.686000e-3,1.65846,2058
6.688000e-3,1.64557,2042
6.690000e-3,1.65282,2051
6.692000e-3,1.66168,2062
6.694000e-3,1.64315,2039
6.696000e-3,1.65766,2057
6.698000e-3,1.66571,2067
6.700000e-3,1.65604,2055
6.702000e-3,1.66007,2060
6.704000e-3,1.65604,2055
6.706000e-3,1.65443,2053
6.708000e-3,1.66088,2061
6.710000e-3,1.65363,2052
6.712000e-3,1.65282,2051
6.714000e-3,1.66249,2063
6.716000e-3,1.65604,2055
6.718000e-3,1.65443,2053
6.720000e-3,1.66652,2068
6.722000e-3,1.65201,2050
6.724000e-3,1.65121,2049
6.726000e-3,1.66491,2066
6.728000e-3,1.65040,2048
6.730000e-3,1.65363,2052
6.732000e-3,1.66088,2061
6.734000e-3,1.64799,2045
6.736000e-3,1.65363,2052
6.738000e-3,1.66168,2062
6.740000e-3,1.65040,2048
6.742000e-3,1.65443,2053
6.744000e-3,1.65524,2054
6.746000e-3,1.64154,2037
6.748000e-3,1.65604,2055
6.750000e-3,1.65846,2058
6.752000e-3,1.64557,2042
6.754000e-3,1.66249,2063
6.756000e-3,1.65846,2058
6.758000e-3,1.64234,2038
6.760000e-3,1.65685,2056
6.762000e-3,1.65282,2051
6.764000e-3,1.65201,2050
6.766000e-3,1.65846,2058
6.768000e-3,1.65927,2059
6.770000e-3,1.65363,2052
6.772000e-3,1.65927,2059
6.774000e-3,1.65685,2056
6.776000e-3,1.65121,2049
6.778000e-3,1.66491,2066
6.780000e-3,1.65363,2052
6.782000e-3,1.65443,2053
6.784000e-3,1.66571,2067
6.786000e-3,1.65524,2054
6.788000e-3,1.66007,2060
6.790000e-3,1.66733,2069
6.792000e-3,1.65363,2052
6.794000e-3,1.65040,2048
6.796000e-3,1.66733,2069
6.798000e-3,1.65201,2050
6.800000e-3,1.65846,2058
6.802000e-3,1.66652,2068
6.804000e-3,1.65524,2054
6.806000e-3,1.65121,2049
6.808000e-3,1.66410,2065
6.810000e-3,1.65363,2052
6.812000e-3,1.65121,2049
6.814000e-3,1.66410,2065
6.816000e-3,1.64799,2045
6.818000e-3,1.65443,2053
6.820000e-3,1.65846,2058
6.822000e-3,1.64637,2043
6.824000e-3,1.66168,2062
6.826000e-3,1.66007,2060
6.828000e-3,1.64557,2042
6.830000e-3,1.65443,2053
6.832000e-3,1.65927,2059
6.834000e-3,1.64718,2044
6.836000e-3,1.65766,2057
6.838000e-3,1.65927,2059
6.840000e-3,1.64234,2038
6.842000e-3,1.65524,2054
6.844000e-3,1.65846,2058
6.846000e-3,1.64396,2040
6.848000e-3,1.65685,2056
6.850000e-3,1.66088,2061
6.852000e-3,1.64234,2038
6.854000e-3,1.65766,2057
6.856000e-3,1.65685,2056
6.858000e-3,1.64718,2044
6.860000e-3,1.65927,2059
6.862000e-3,1.65685,2056
6.864000e-3,1.64879,2046
6.866000e-3,1.66894,2071
6.868000e-3,1.65766,2057
6.870000e-3,1.65282,2051
6.872000e-3,1.66571,2067
6.874000e-3,1.65846,2058
6.876000e-3,1.65282,2051
6.878000e-3,1.65766,2057
6.880000e-3,1.65524,2054
6.882000e-3,1.65363,2052
6.884000e-3,1.66410,2065
6.886000e-3,1.65604,2055
6.888000e-3,1.65363,2052
6.890000e-3,1.66249,2063
6.892000e-3,1.65604,2055
6.894000e-3,1.64718,2044
6.896000e-3,1.66813,2070
6.898000e-3,1.65201,2050
6.900000e-3,1.65282,2051
6.902000e-3,1.66813,2070
6.904000e-3,1.66088,2061
6.906000e-3,1.65201,2050
6.908000e-3,1.66571,2067
6.910000e-3,1.65363,2052
6.912000e-3,1.65040,2048
6.914000e-3,1.66733,2069
6.916000e-3,1.64637,2043
6.918000e-3,1.65201,2050
6.920000e-3,1.66571,2067
6.922000e-3,1.65685,2056
6.924000e-3,1.65282,2051
6.926000e-3,1.66410,2065
6.928000e-3,1.65766,2057
6.930000e-3,1.65363,2052
6.932000e-3,1.66733,2069
6.934000e-3,1.65282,2051
6.936000e-3,1.65443,2053
6.938000e-3,1.66168,2062
6.940000e-3,1.65121,2049
6.942000e-3,1.65524,2054
6.944000e-3,1.66410,2065
6.946000e-3,1.65363,2052
6.948000e-3,1.65201,2050
6.950000e-3,1.66733,2069
6.952000e-3,1.65363,2052
6.954000e-3,1.65443,2053
6.956000e-3,1.66733,2069
6.958000e-3,1.64557,2042
6.960000e-3,1.65121,2049
6.962000e-3,1.66571,2067
6.964000e-3,1.65363,2052
6.966000e-3,1.65282,2051
6.968000e-3,1.66652,2068
6.970000e-3,1.65201,2050
6.972000e-3,1.65201,2050
6.974000e-3,1.66491,2066
6.976000e-3,1.65766,2057
6.978000e-3,1.65282,2051
6.980000e-3,1.66491,2066
6.982000e-3,1.65363,2052
6.984000e-3,1.65121,2049
6.986000e-3,1.66733,2069
6.988000e-3,1.65363,2052
6.990000e-3,1.65363,2052
6.992000e-3,1.66652,2068
6.994000e-3,1.65766,2057
6.996000e-3,1.65363,2052
6.998000e-3,1.66733,2069
7.000000e-3,1.65201,2050
7.002000e-3,1.65443,2053
7.004000e-3,1.67055,2073
7.006000e-3,1.65040,2048
7.008000e-3,1.65201,2050
7.010000e-3,1.66652,2068
7.012000e-3,1.65201,2050
7.014000e-3,1.65282,2051
7.016000e-3,1.66894,2071
7.018000e-3,1.65201,2050
7.020000e-3,1.65363,2052
7.022000e-3,1.66652,2068
7.024000e-3,1.65040,2048
7.026000e-3,1.65201,2050
7.028000e-3,1.66330,2064
7.030000e-3,1.65524,2054
7.032000e-3,1.65524,2054
7.034000e-3,1.66410,2065
7.036000e-3,1.65363,2052
7.038000e-3,1.65282,2051
7.040000e-3,1.66168,2062
7.042000e-3,1.65040,2048
7.044000e-3,1.65282,2051
7.046000e-3,1.66007,2060
7.048000e-3,1.65121,2049
7.050000e-3,1.64315,2039
7.052000e-3,1.66410,2065
7.054000e-3,1.65282,2051
7.056000e-3,1.65121,2049
7.058000e-3,1.65927,2059
7.060000e-3,1.64637,2043
7.062000e-3,1.65443,2053
7.064000e-3,1.65685,2056
7.066000e-3,1.64879,2046
7.068000e-3,1.65363,2052
7.070000e-3,1.65766,2057
7.072000e-3,1.64315,2039
7.074000e-3,1.65524,2054
7.076000e-3,1.65927,2059
7.078000e-3,1.65121,2049
7.080000e-3,1.65766,2057
7.082000e-3,1.65604,2055
7.084000e-3,1.64637,2043
7.086000e-3,1.65685,2056
7.088000e-3,1.65846,2058
7.090000e-3,1.64154,2037
7.092000e-3,1.66410,2065
7.094000e-3,1.66088,2061
7.096000e-3,1.65201,2050
7.098000e-3,1.65766,2057
7.100000e-3,1.65685,2056
7.102000e-3,1.65201,2050
7.104000e-3,1.65685,2056
7.106000e-3,1.66007,2060
7.108000e-3,1.65443,2053
7.110000e-3,1.66007,2060
7.112000e-3,1.65685,2056
7.114000e-3,1.64718,2044
7.116000e-3,1.66733,2069
7.118000e-3,1.65766,2057
7.120000e-3,1.64557,2042
7.122000e-3,1.66410,2065
7.124000e-3,1.64799,2045
7.126000e-3,1.65363,2052
7.128000e-3,1.66410,2065
7.130000e-3,1.65443,2053
7.132000e-3,1.65121,2049
7.134000e-3,1.66491,2066
7.136000e-3,1.65121,2049
7.138000e-3,1.65201,2050
7.140000e-3,1.66571,2067
7.142000e-3,1.66168,2062
7.144000e-3,1.65363,2052
7.146000e-3,1.66652,2068
7.148000e-3,1.65282,2051
7.150000e-3,1.65040,2048
7.152000e-3,1.66410,2065
7.154000e-3,1.65363,2052
7.156000e-3,1.64557,2042
7.158000e-3,1.66733,2069
7.160000e-3,1.65524,2054
7.162000e-3,1.65201,2050
7.164000e-3,1.66330,2064
7.166000e-3,1.65040,2048
7.168000e-3,1.65201,2050
7.170000e-3,1.66168,2062
7.172000e-3,1.64718,2044
7.174000e-3,1.65040,2048
7.176000e-3,1.66007,2060
7.178000e-3,1.64799,2045
7.180000e-3,1.65443,2053
7.182000e-3,1.65927,2059
7.184000e-3,1.65363,2052
7.186000e-3,1.65363,2052
7.188000e-3,1.65121,2049
7.190000e-3,1.64960,2047
7.192000e-3,1.65524,2054
7.194000e-3,1.66491,2066
7.196000e-3,1.64718,2044
7.198000e-3,1.65282,2051
7.200000e-3,1.65685,2056
7.202000e-3,1.64718,2044
7.204000e-3,1.65201,2050
7.206000e-3,1.65927,2059
7.208000e-3,1.64960,2047
7.210000e-3,1.65121,2049
7.212000e-3,1.66410,2065
7.214000e-3,1.64637,2043
7.216000e-3,1.65040,2048
7.218000e-3,1.65846,2058
7.220000e-3,1.64154,2037
7.222000e-3,1.65604,2055
7.224000e-3,1.66410,2065
7.226000e-3,1.64799,2045
7.228000e-3,1.65524,2054
7.230000e-3,1.66007,2060
7.232000e-3,1.64637,2043
7.234000e-3,1.66330,2064
7.236000e-3,1.65846,2058
7.238000e-3,1.64396,2040
7.240000e-3,1.65443,2053
7.242000e-3,1.65604,2055
7.244000e-3,1.65121,2049
7.246000e-3,1.65524,2054
7.248000e-3,1.65685,2056
7.250000e-3,1.64718,2044
7.252000e-3,1.66168,2062
7.254000e-3,1.65927,2059
7.256000e-3,1.64476,2041
7.258000e-3,1.65201,2050
7.260000e-3,1.65766,2057
7.262000e-3,1.64396,2040
7.264000e-3,1.65604,2055
7.266000e-3,1.65846,2058
7.268000e-3,1.64396,2040
7.270000e-3,1.65443,2053
7.272000e-3,1.66168,2062
7.274000e-3,1.64879,2046
7.276000e-3,1.65363,2052
7.278000e-3,1.65766,2057
7.280000e-3,1.64557,2042
7.282000e-3,1.66007,2060
7.284000e-3,1.65040,2048
7.286000e-3,1.65363,2052
7.288000e-3,1.66571,2067
7.290000e-3,1.65685,2056
7.292000e-3,1.65201,2050
7.294000e-3,1.66330,2064
7.296000e-3,1.65524,2054
7.298000e-3,1.65040,2048
7.300000e-3,1.66249,2063
7.302000e-3,1.65363,2052
7.304000e-3,1.65363,2052
7.306000e-3,1.66168,2062
7.308000e-3,1.65927,2059
7.310000e-3,1.65201,2050
7.312000e-3,1.67216,2075
7.314000e-3,1.65363,2052
7.316000e-3,1.64396,2040
7.318000e-3,1.66894,2071
7.320000e-3,1.65282,2051
7.322000e-3,1.64718,2044
7.324000e-3,1.66571,2067
7.326000e-3,1.65121,2049
7.328000e-3,1.64637,2043
7.330000e-3,1.65766,2057
7.332000e-3,1.64799,2045
7.334000e-3,1.65282,2051
7.336000e-3,1.65846,2058
7.338000e-3,1.64476,2041
7.340000e-3,1.65363,2052
7.342000e-3,1.65846,2058
7.344000e-3,1.64154,2037
7.346000e-3,1.65604,2055
7.348000e-3,1.65443,2053
7.350000e-3,1.64718,2044
7.352000e-3,1.66007,2060
7.354000e-3,1.65685,2056
7.356000e-3,1.64396,2040
7.358000e-3,1.64960,2047
7.360000e-3,1.65282,2051
7.362000e-3,1.64637,2043
7.364000e-3,1.65927,2059
7.366000e-3,1.65443,2053
7.368000e-3,1.65121,2049
7.370000e-3,1.66249,2063
7.372000e-3,1.65282,2051
7.374000e-3,1.65363,2052
7.376000e-3,1.66410,2065
7.378000e-3,1.65443,2053
7.380000e-3,1.65040,2048
7.382000e-3,1.66813,2070
7.384000e-3,1.65201,2050
7.386000e-3,1.65282,2051
7.388000e-3,1.66652,2068
7.390000e-3,1.65121,2049
7.392000e-3,1.65282,2051
7.394000e-3,1.65846,2058
7.396000e-3,1.64799,2045
7.398000e-3,1.65363,2052
7.400000e-3,1.65927,2059
7.402000e-3,1.64557,2042
7.404000e-3,1.65766,2057
7.406000e-3,1.65766,2057
7.408000e-3,1.64234,2038
7.410000e-3,1.65121,2049
7.412000e-3,1.65685,2056
7.414000e-3,1.64718,2044
7.416000e-3,1.66088,2061
7.418000e-3,1.65766,2057
7.420000e-3,1.64234,2038
7.422000e-3,1.65927,2059
7.424000e-3,1.65201,2050
7.426000e-3,1.64718,2044
7.428000e-3,1.66088,2061
7.430000e-3,1.65363,2052
7.432000e-3,1.65282,2051
7.434000e-3,1.66168,2062
7.436000e-3,1.65846,2058
7.438000e-3,1.65363,2052
7.440000e-3,1.66168,2062
7.442000e-3,1.65685,2056
7.444000e-3,1.65121,2049
7.446000e-3,1.66491,2066
7.448000e-3,1.65685,2056
7.450000e-3,1.64879,2046
7.452000e-3,1.66491,2066
7.454000e-3,1.65524,2054
7.456000e-3,1.65363,2052
7.458000e-3,1.66491,2066
7.460000e-3,1.65524,2054
7.462000e-3,1.65282,2051
7.464000e-3,1.66894,2071
7.466000e-3,1.65282,2051
7.468000e-3,1.65363,2052
7.470000e-3,1.66652,2068
7.472000e-3,1.65040,2048
7.474000e-3,1.66088,2061
7.476000e-3,1.67055,2073
7.478000e-3,1.65685,2056
7.480000e-3,1.65685,2056
7.482000e-3,1.66571,2067
7.484000e-3,1.65201,2050
7.486000e-3,1.65282,2051
7.488000e-3,1.66330,2064
7.490000e-3,1.65766,2057
7.492000e-3,1.65201,2050
7.494000e-3,1.66330,2064
7.496000e-3,1.65201,2050
7.498000e-3,1.65282,2051
7.500000e-3,1.66330,2064
7.502000e-3,1.65201,2050
7.504000e-3,1.65282,2051
7.506000e-3,1.65766,2057
7.508000e-3,1.65363,2052
7.510000e-3,1.65524,2054
7.512000e-3,1.65685,2056
7.514000e-3,1.64154,2037
7.516000e-3,1.65363,2052
7.518000e-3,1.65766,2057
7.520000e-3,1.64637,2043
7.522000e-3,1.65524,2054
7.524000e-3,1.65846,2058
7.526000e-3,1.64557,2042
7.528000e-3,1.65927,2059
7.530000e-3,1.65524,2054
7.532000e-3,1.65201,2050
7.534000e-3,1.66007,2060
7.536000e-3,1.65443,2053
7.538000e-3,1.65121,2049
7.540000e-3,1.65524,2054
7.542000e-3,1.66007,2060
7.544000e-3,1.65685,2056
7.546000e-3,1.66088,2061
7.548000e-3,1.65846,2058
7.550000e-3,1.65201,2050
7.552000e-3,1.65846,2058
7.554000e-3,1.65363,2052
7.556000e-3,1.64718,2044
7.558000e-3,1.65363,2052
7.560000e-3,1.65766,2057
7.562000e-3,1.65927,2059
7.564000e-3,1.66330,2064
7.566000e-3,1.65846,2058
7.568000e-3,1.64557,2042
7.570000e-3,1.66168,2062
7.572000e-3,1.66168,2062
7.574000e-3,1.65524,2054
7.576000e-3,1.66330,2064
7.578000e-3,1.65201,2050
7.580000e-3,1.65040,2048
7.582000e-3,1.66491,2066
7.584000e-3,1.66249,2063
7.586000e-3,1.65040,2048
7.588000e-3,1.66571,2067
7.590000e-3,1.65766,2057
7.592000e-3,1.65282,2051
7.594000e-3,1.66491,2066
7.596000e-3,1.65363,2052
7.598000e-3,1.65121,2049
7.600000e-3,1.66330,2064
7.602000e-3,1.65121,2049
7.604000e-3,1.64315,2039
7.606000e-3,1.66330,2064
7.608000e-3,1.65524,2054
7.610000e-3,1.65282,2051
7.612000e-3,1.65846,2058
7.614000e-3,1.64637,2043
7.616000e-3,1.65121,2049
7.618000e-3,1.66007,2060
7.620000e-3,1.64879,2046
7.622000e-3,1.64718,2044
7.624000e-3,1.65927,2059
7.626000e-3,1.64476,2041
7.628000e-3,1.65766,2057
7.630000e-3,1.65927,2059
7.632000e-3,1.64396,2040
7.634000e-3,1.65040,2048
7.636000e-3,1.65766,2057
7.638000e-3,1.64799,2045
7.640000e-3,1.65927,2059
7.642000e-3,1.66088,2061
7.644000e-3,1.65363,2052
7.646000e-3,1.65685,2056
7.648000e-3,1.65685,2056
7.650000e-3,1.65201,2050
7.652000e-3,1.66168,2062
7.654000e-3,1.65927,2059
7.656000e-3,1.65443,2053
7.658000e-3,1.66168,2062
7.660000e-3,1.66007,2060
7.662000e-3,1.65040,2048
7.664000e-3,1.66007,2060
7.666000e-3,1.65685,2056
7.668000e-3,1.65040,2048
7.670000e-3,1.66571,2067
7.672000e-3,1.65927,2059
7.674000e-3,1.65040,2048
7.676000e-3,1.66813,2070
7.678000e-3,1.64960,2047
7.680000e-3,1.65040,2048
7.682000e-3,1.66894,2071
7.684000e-3,1.65685,2056
7.686000e-3,1.64154,2037
7.688000e-3,1.66733,2069
7.690000e-3,1.65121,2049
7.692000e-3,1.66088,2061
7.694000e-3,1.67377,2077
7.696000e-3,1.65363,2052
7.698000e-3,1.65121,2049
7.700000e-3,1.66330,2064
7.702000e-3,1.65363,2052
7.704000e-3,1.65040,2048
7.706000e-3,1.66249,2063
7.708000e-3,1.64799,2045
7.710000e-3,1.65201,2050
7.712000e-3,1.66007,2060
7.714000e-3,1.64718,2044
7.716000e-3,1.65121,2049
7.718000e-3,1.66088,2061
7.720000e-3,1.65121,2049
7.722000e-3,1.65040,2048
7.724000e-3,1.66168,2062
7.726000e-3,1.65040,2048
7.728000e-3,1.64476,2041
7.730000e-3,1.65121,2049
7.732000e-3,1.64154,2037
7.734000e-3,1.65524,2054
7.736000e-3,1.66168,2062
7.738000e-3,1.64557,2042
7.740000e-3,1.65524,2054
7.742000e-3,1.65604,2055
7.744000e-3,1.64234,2038
7.746000e-3,1.65846,2058
7.748000e-3,1.66007,2060
7.750000e-3,1.64073,2036
7.752000e-3,1.65846,2058
7.754000e-3,1.65766,2057
7.756000e-3,1.64799,2045
7.758000e-3,1.65927,2059
7.760000e-3,1.65685,2056
7.762000e-3,1.64557,2042
7.764000e-3,1.65927,2059
7.766000e-3,1.65766,2057
7.768000e-3,1.65040,2048
7.770000e-3,1.66491,2066
7.772000e-3,1.65685,2056
7.774000e-3,1.65040,2048
7.776000e-3,1.66249,2063
7.778000e-3,1.65604,2055
7.780000e-3,1.65121,2049
7.782000e-3,1.66733,2069
7.784000e-3,1.65604,2055
7.786000e-3,1.65040,2048
7.788000e-3,1.67055,2073
7.790000e-3,1.65363,2052
7.792000e-3,1.64718,2044
7.794000e-3,1.66652,2068
7.796000e-3,1.64637,2043
7.798000e-3,1.65363,2052
7.800000e-3,1.66410,2065
7.802000e-3,1.64879,2046
7.804000e-3,1.65363,2052
7.806000e-3,1.66007,2060
7.808000e-3,1.64879,2046
7.810000e-3,1.65524,2054
7.812000e-3,1.65927,2059
7.814000e-3,1.64234,2038
7.816000e-3,1.65604,2055
7.818000e-3,1.66088,2061
7.820000e-3,1.65040,2048
7.822000e-3,1.65604,2055
7.824000e-3,1.65846,2058
7.826000e-3,1.64396,2040
7.828000e-3,1.65524,2054
7.830000e-3,1.66088,2061
7.832000e-3,1.64396,2040
7.834000e-3,1.66168,2062
7.836000e-3,1.65040,2048
7.838000e-3,1.64315,2039
7.840000e-3,1.65927,2059
7.842000e-3,1.65846,2058
7.844000e-3,1.65282,2051
7.846000e-3,1.66410,2065
7.848000e-3,1.65846,2058
7.850000e-3,1.65040,2048
7.852000e-3,1.66168,2062
7.854000e-3,1.65685,2056
7.856000e-3,1.65040,2048
7.858000e-3,1.66410,2065
7.860000e-3,1.65121,2049
7.862000e-3,1.65282,2051
7.864000e-3,1.67136,2074
7.866000e-3,1.65524,2054
7.868000e-3,1.65201,2050
7.870000e-3,1.66974,2072
7.872000e-3,1.65282,2051
7.874000e-3,1.65363,2052
7.876000e-3,1.66894,2071
7.878000e-3,1.65040,2048
7.880000e-3,1.65201,2050
7.882000e-3,1.66813,2070
7.884000e-3,1.65443,2053
7.886000e-3,1.65282,2051
7.888000e-3,1.66168,2062
7.890000e-3,1.65040,2048
7.892000e-3,1.65201,2050
7.894000e-3,1.66088,2061
7.896000e-3,1.65040,2048
7.898000e-3,1.65201,2050
7.900000e-3,1.65766,2057
7.902000e-3,1.65040,2048
7.904000e-3,1.66007,2060
7.906000e-3,1.65766,2057
7.908000e-3,1.64396,2040
7.910000e-3,1.65685,2056
7.912000e-3,1.66007,2060
7.914000e-3,1.64315,2039
7.916000e-3,1.65363,2052
7.918000e-3,1.65846,2058
7.920000e-3,1.64073,2036
7.922000e-3,1.65685,2056
7.924000e-3,1.65685,2056
7.926000e-3,1.64476,2041
7.928000e-3,1.66249,2063
7.930000e-3,1.65685,2056
7.932000e-3,1.64960,2047
7.934000e-3,1.66491,2066
7.936000e-3,1.65282,2051
7.938000e-3,1.65443,2053
7.940000e-3,1.66571,2067
7.942000e-3,1.65121,2049
7.944000e-3,1.65121,2049
7.946000e-3,1.66813,2070
7.948000e-3,1.65443,2053
7.950000e-3,1.65040,2048
7.952000e-3,1.66168,2062
7.954000e-3,1.65040,2048
7.956000e-3,1.65121,2049
7.958000e-3,1.66330,2064
7.960000e-3,1.65040,2048
7.962000e-3,1.65443,2053
7.964000e-3,1.65846,2058
7.966000e-3,1.65040,2048
7.968000e-3,1.65363,2052
7.970000e-3,1.65685,2056
7.972000e-3,1.64637,2043
7.974000e-3,1.65524,2054
7.976000e-3,1.65927,2059
7.978000e-3,1.64396,2040
7.980000e-3,1.65846,2058
7.982000e-3,1.65766,2057
7.984000e-3,1.64315,2039
7.986000e-3,1.65685,2056
7.988000e-3,1.66007,2060
7.990000e-3,1.64073,2036
7.992000e-3,1.65604,2055
7.994000e-3,1.65040,2048
7.996000e-3,1.64476,2041
7.998000e-3,1.65685,2056
8.000000e-3,1.65927,2059
8.002000e-3,1.64154,2037
8.004000e-3,1.66088,2061
8.006000e-3,1.65846,2058
8.008000e-3,1.65282,2051
8.010000e-3,1.66249,2063
8.012000e-3,1.65685,2056
8.014000e-3,1.65282,2051
8.016000e-3,1.66330,2064
8.018000e-3,1.65927,2059
8.020000e-3,1.65524,2054
8.022000e-3,1.66168,2062
8.024000e-3,1.65604,2055
8.026000e-3,1.64396,2040
8.028000e-3,1.66652,2068
8.030000e-3,1.66330,2064
8.032000e-3,1.65282,2051
8.034000e-3,1.66652,2068
8.036000e-3,1.66249,2063
8.038000e-3,1.65121,2049
8.040000e-3,1.66330,2064
8.042000e-3,1.65201,2050
8.044000e-3,1.65121,2049
8.046000e-3,1.66652,2068
8.048000e-3,1.65685,2056
8.050000e-3,1.65040,2048
8.052000e-3,1.66168,2062
8.054000e-3,1.65121,2049
8.056000e-3,1.65121,2049
8.058000e-3,1.66410,2065
8.060000e-3,1.65121,2049
8.062000e-3,1.65040,2048
8.064000e-3,1.66088,2061
8.066000e-3,1.65040,2048
8.068000e-3,1.65524,2054
8.070000e-3,1.66168,2062
8.072000e-3,1.64960,2047
8.074000e-3,1.65201,2050
8.076000e-3,1.65846,2058
8.078000e-3,1.64960,2047
8.080000e-3,1.65282,2051
8.082000e-3,1.66813,2070
8.084000e-3,1.64476,2041
8.086000e-3,1.65524,2054
8.088000e-3,1.65363,2052
8.090000e-3,1.64557,2042
8.092000e-3,1.65443,2053
8.094000e-3,1.66652,2068
8.096000e-3,1.64637,2043
8.098000e-3,1.65443,2053
8.100000e-3,1.65927,2059
8.102000e-3,1.64396,2040
8.104000e-3,1.65443,2053
8.106000e-3,1.66007,2060
8.108000e-3,1.64073,2036
8.110000e-3,1.65201,2050
8.112000e-3,1.66491,2066
8.114000e-3,1.64315,2039
8.116000e-3,1.65685,2056
8.118000e-3,1.66249,2063
8.120000e-3,1.64718,2044
8.122000e-3,1.66007,2060
8.124000e-3,1.66007,2060
8.126000e-3,1.64476,2041
8.128000e-3,1.66088,2061
8.130000e-3,1.65927,2059
8.132000e-3,1.66330,2064
8.134000e-3,1.65766,2057
8.136000e-3,1.65685,2056
8.138000e-3,1.64799,2045
8.140000e-3,1.66330,2064
8.142000e-3,1.66652,2068
8.144000e-3,1.65040,2048
8.146000e-3,1.66813,2070
8.148000e-3,1.66249,2063
8.150000e-3,1.65927,2059
8.152000e-3,1.66652,2068
8.154000e-3,1.65927,2059
8.156000e-3,1.65201,2050
8.158000e-3,1.66894,2071
8.160000e-3,1.65443,2053
8.162000e-3,1.65121,2049
8.164000e-3,1.66168,2062
8.166000e-3,1.65040,2048
8.168000e-3,1.65040,2048
8.170000e-3,1.65927,2059
8.172000e-3,1.64234,2038
8.174000e-3,1.65685,2056
8.176000e-3,1.66410,2065
8.178000e-3,1.64315,2039
8.180000e-3,1.65766,2057
8.182000e-3,1.66007,2060
8.184000e-3,1.64476,2041
8.186000e-3,1.65927,2059
8.188000e-3,1.65927,2059
8.190000e-3,1.65040,2048
8.192000e-3,1.66249,2063
8.194000e-3,1.65363,2052
8.196000e-3,1.65443,2053
8.198000e-3,1.66330,2064
8.200000e-3,1.64960,2047
8.202000e-3,1.65201,2050
8.204000e-3,1.65846,2058
8.206000e-3,1.65766,2057
8.208000e-3,1.65282,2051
8.210000e-3,1.66571,2067
8.212000e-3,1.65121,2049
8.214000e-3,1.65040,2048
8.216000e-3,1.66571,2067
8.218000e-3,1.65282,2051
8.220000e-3,1.65121,2049
8.222000e-3,1.67055,2073
8.224000e-3,1.65121,2049
8.226000e-3,1.65040,2048
8.228000e-3,1.66168,2062
8.230000e-3,1.65040,2048
8.232000e-3,1.65040,2048
8.234000e-3,1.65846,2058
8.236000e-3,1.63751,2032
8.238000e-3,1.65685,2056
8.240000e-3,1.66249,2063
8.242000e-3,1.64476,2041
8.244000e-3,1.65524,2054
8.246000e-3,1.66168,2062
8.248000e-3,1.64234,2038
8.250000e-3,1.65846,2058
8.252000e-3,1.66088,2061
8.254000e-3,1.64396,2040
8.256000e-3,1.66088,2061
8.258000e-3,1.65846,2058
8.260000e-3,1.65282,2051
8.262000e-3,1.66007,2060
8.264000e-3,1.65685,2056
8.266000e-3,1.65121,2049
8.268000e-3,1.66733,2069
8.270000e-3,1.65927,2059
8.272000e-3,1.65121,2049
8.274000e-3,1.65604,2055
8.276000e-3,1.65604,2055
8.278000e-3,1.65201,2050
8.280000e-3,1.65766,2057
8.282000e-3,1.65685,2056
8.284000e-3,1.65282,2051
8.286000e-3,1.66088,2061
8.288000e-3,1.65766,2057
8.290000e-3,1.65201,2050
8.292000e-3,1.66571,2067
8.294000e-3,1.65363,2052
8.296000e-3,1.65040,2048
8.298000e-3,1.66652,2068
8.300000e-3,1.65363,2052
8.302000e-3,1.65524,2054
8.304000e-3,1.66974,2072
8.306000e-3,1.65604,2055
8.308000e-3,1.65201,2050
8.310000e-3,1.66652,2068
8.312000e-3,1.65282,2051
8.314000e-3,1.65040,2048
8.316000e-3,1.66813,2070
8.318000e-3,1.65040,2048
8.320000e-3,1.65363,2052
8.322000e-3,1.66974,2072
8.324000e-3,1.65443,2053
8.326000e-3,1.65363,2052
8.328000e-3,1.65766,2057
8.330000e-3,1.65040,2048
8.332000e-3,1.65685,2056
8.334000e-3,1.66088,2061
8.336000e-3,1.64557,2042
8.338000e-3,1.65685,2056
8.340000e-3,1.65685,2056
8.342000e-3,1.64557,2042
8.344000e-3,1.64960,2047
8.346000e-3,1.65846,2058
8.348000e-3,1.64315,2039
8.350000e-3,1.65121,2049
8.352000e-3,1.66088,2061
8.354000e-3,1.64234,2038
8.356000e-3,1.65363,2052
8.358000e-3,1.65846,2058
8.360000e-3,1.65040,2048
8.362000e-3,1.66088,2061
8.364000e-3,1.65766,2057
8.366000e-3,1.65443,2053
8.368000e-3,1.66813,2070
8.370000e-3,1.65604,2055
8.372000e-3,1.65363,2052
8.374000e-3,1.66571,2067
8.376000e-3,1.65282,2051
8.378000e-3,1.65040,2048
8.380000e-3,1.66491,2066
8.382000e-3,1.65040,2048
8.384000e-3,1.65282,2051
8.386000e-3,1.66974,2072
8.388000e-3,1.65363,2052
8.390000e-3,1.65524,2054
8.392000e-3,1.65524,2054
8.394000e-3,1.64799,2045
8.396000e-3,1.66007,2060
8.398000e-3,1.66088,2061
8.400000e-3,1.65040,2048
8.402000e-3,1.65282,2051
8.404000e-3,1.65766,2057
8.406000e-3,1.65040,2048
8.408000e-3,1.65121,2049
8.410000e-3,1.65685,2056
8.412000e-3,1.64557,2042
8.414000e-3,1.66088,2061
8.416000e-3,1.66088,2061
8.418000e-3,1.64315,2039
8.420000e-3,1.65685,2056
8.422000e-3,1.65846,2058
8.424000e-3,1.64073,2036
8.426000e-3,1.65443,2053
8.428000e-3,1.65685,2056
8.430000e-3,1.65040,2048
8.432000e-3,1.66249,2063
8.434000e-3,1.65766,2057
8.436000e-3,1.64879,2046
8.438000e-3,1.66168,2062
8.440000e-3,1.65685,2056
8.442000e-3,1.65040,2048
8.444000e-3,1.66249,2063
8.446000e-3,1.65282,2051
8.448000e-3,1.65282,2051
8.450000e-3,1.65927,2059
8.452000e-3,1.65604,2055
8.454000e-3,1.65201,2050
8.456000e-3,1.66571,2067
8.458000e-3,1.65201,2050
8.460000e-3,1.65121,2049
8.462000e-3,1.66813,2070
8.464000e-3,1.65121,2049
8.466000e-3,1.64718,2044
8.468000e-3,1.66249,2063
8.470000e-3,1.65040,2048
8.472000e-3,1.65121,2049
8.474000e-3,1.65846,2058
8.476000e-3,1.65040,2048
8.478000e-3,1.66168,2062
8.480000e-3,1.65927,2059
8.482000e-3,1.64396,2040
8.484000e-3,1.65604,2055
8.486000e-3,1.65766,2057
8.488000e-3,1.64396,2040
8.490000e-3,1.65443,2053
8.492000e-3,1.65443,2053
8.494000e-3,1.64799,2045
8.496000e-3,1.66007,2060
8.498000e-3,1.65846,2058
8.500000e-3,1.64557,2042
8.502000e-3,1.65846,2058
8.504000e-3,1.65766,2057
8.506000e-3,1.64718,2044
8.508000e-3,1.65927,2059
8.510000e-3,1.65363,2052
8.512000e-3,1.64476,2041
8.514000e-3,1.65685,2056
8.516000e-3,1.66168,2062
8.518000e-3,1.64396,2040
8.520000e-3,1.65524,2054
8.522000e-3,1.65685,2056
8.524000e-3,1.64234,2038
8.526000e-3,1.65927,2059
8.528000e-3,1.65766,2057
8.530000e-3,1.64879,2046
8.532000e-3,1.65766,2057
8.534000e-3,1.65766,2057
8.536000e-3,1.65121,2049
8.538000e-3,1.65927,2059
8.540000e-3,1.65766,2057
8.542000e-3,1.65363,2052
8.544000e-3,1.66330,2064
8.546000e-3,1.66007,2060
8.548000e-3,1.65201,2050
8.550000e-3,1.66330,2064
8.552000e-3,1.66007,2060
8.554000e-3,1.65443,2053
8.556000e-3,1.66330,2064
8.558000e-3,1.66330,2064
8.560000e-3,1.65524,2054
8.562000e-3,1.66330,2064
8.564000e-3,1.65685,2056
8.566000e-3,1.66249,2063
8.568000e-3,1.66007,2060
8.570000e-3,1.65766,2057
8.572000e-3,1.65524,2054
8.574000e-3,1.66330,2064
8.576000e-3,1.65443,2053
8.578000e-3,1.65282,2051
8.580000e-3,1.67619,2080
8.582000e-3,1.65363,2052
8.584000e-3,1.65201,2050
8.586000e-3,1.66007,2060
8.588000e-3,1.64637,2043
8.590000e-3,1.65604,2055
8.592000e-3,1.66007,2060
8.594000e-3,1.64879,2046
8.596000e-3,1.65121,2049
8.598000e-3,1.65846,2058
8.600000e-3,1.64799,2045
8.602000e-3,1.65363,2052
8.604000e-3,1.65846,2058
8.606000e-3,1.64476,2041
8.608000e-3,1.65766,2057
8.610000e-3,1.65846,2058
8.612000e-3,1.64154,2037
8.614000e-3,1.65766,2057
8.616000e-3,1.65685,2056
8.618000e-3,1.64799,2045
8.620000e-3,1.65524,2054
8.622000e-3,1.65846,2058
8.624000e-3,1.65443,2053
8.626000e-3,1.65846,2058
8.628000e-3,1.65846,2058
8.630000e-3,1.64799,2045
8.632000e-3,1.65927,2059
8.634000e-3,1.65846,2058
8.636000e-3,1.65363,2052
8.638000e-3,1.66007,2060
8.640000e-3,1.65766,2057
8.642000e-3,1.65363,2052
8.644000e-3,1.66652,2068
8.646000e-3,1.65685,2056
8.648000e-3,1.65121,2049
8.650000e-3,1.66491,2066
8.652000e-3,1.65201,2050
8.654000e-3,1.65282,2051
8.656000e-3,1.66733,2069
8.658000e-3,1.65282,2051
8.660000e-3,1.65040,2048
8.662000e-3,1.66410,2065
8.664000e-3,1.65121,2049
8.666000e-3,1.65201,2050
8.668000e-3,1.65766,2057
8.670000e-3,1.64879,2046
8.672000e-3,1.65524,2054
8.674000e-3,1.66168,2062
8.676000e-3,1.64799,2045
8.678000e-3,1.65282,2051
8.680000e-3,1.65040,2048
8.682000e-3,1.64637,2043
8.684000e-3,1.65121,2049
8.686000e-3,1.66733,2069
8.688000e-3,1.64960,2047
8.690000e-3,1.65524,2054
8.692000e-3,1.65363,2052
8.694000e-3,1.63993,2035
8.696000e-3,1.66007,2060
8.698000e-3,1.66007,2060
8.700000e-3,1.64799,2045
8.702000e-3,1.65040,2048
8.704000e-3,1.66088,2061
8.706000e-3,1.64718,2044
8.708000e-3,1.65766,2057
8.710000e-3,1.66330,2064
8.712000e-3,1.64315,2039
8.714000e-3,1.65443,2053
8.716000e-3,1.65685,2056
8.718000e-3,1.64637,2043
8.720000e-3,1.65685,2056
8.722000e-3,1.66168,2062
8.724000e-3,1.64315,2039
8.726000e-3,1.65685,2056
8.728000e-3,1.66007,2060
8.730000e-3,1.64234,2038
8.732000e-3,1.65524,2054
8.734000e-3,1.66249,2063
8.736000e-3,1.64315,2039
8.738000e-3,1.65524,2054
8.740000e-3,1.66088,2061
8.742000e-3,1.64396,2040
8.744000e-3,1.65363,2052
8.746000e-3,1.65927,2059
8.748000e-3,1.64476,2041
8.750000e-3,1.66088,2061
8.752000e-3,1.66249,2063
8.754000e-3,1.64718,2044
8.756000e-3,1.66007,2060
8.758000e-3,1.65685,2056
8.760000e-3,1.64154,2037
8.762000e-3,1.66007,2060
8.764000e-3,1.65846,2058
8.766000e-3,1.64073,2036
8.768000e-3,1.65766,2057
8.770000e-3,1.65766,2057
8.772000e-3,1.64799,2045
8.774000e-3,1.66007,2060
8.776000e-3,1.65846,2058
8.778000e-3,1.64799,2045
8.780000e-3,1.65766,2057
8.782000e-3,1.65927,2059
8.784000e-3,1.65040,2048
8.786000e-3,1.66168,2062
8.788000e-3,1.65604,2055
8.790000e-3,1.65121,2049
8.792000e-3,1.66088,2061
8.794000e-3,1.65685,2056
8.796000e-3,1.65282,2051
8.798000e-3,1.66410,2065
8.800000e-3,1.65685,2056
8.802000e-3,1.65040,2048
8.804000e-3,1.66813,2070
8.806000e-3,1.65443,2053
8.808000e-3,1.64396,2040
8.810000e-3,1.66088,2061
8.812000e-3,1.65040,2048
8.814000e-3,1.64718,2044
8.816000e-3,1.67216,2075
8.818000e-3,1.65363,2052
8.820000e-3,1.65201,2050
8.822000e-3,1.66168,2062
8.824000e-3,1.64718,2044
8.826000e-3,1.65524,2054
8.828000e-3,1.66571,2067
8.830000e-3,1.64718,2044
8.832000e-3,1.65443,2053
8.834000e-3,1.66330,2064
8.836000e-3,1.65363,2052
8.838000e-3,1.65282,2051
8.840000e-3,1.66007,2060
8.842000e-3,1.65040,2048
8.844000e-3,1.65201,2050
8.846000e-3,1.66491,2066
8.848000e-3,1.65040,2048
8.850000e-3,1.65363,2052
8.852000e-3,1.66088,2061
8.854000e-3,1.65040,2048
8.856000e-3,1.65282,2051
8.858000e-3,1.66007,2060
8.860000e-3,1.65040,2048
8.862000e-3,1.65040,2048
8.864000e-3,1.66168,2062
8.866000e-3,1.64234,2038
8.868000e-3,1.65443,2053
8.870000e-3,1.66652,2068
8.872000e-3,1.64718,2044
8.874000e-3,1.65443,2053
8.876000e-3,1.65766,2057
8.878000e-3,1.64637,2043
8.880000e-3,1.66088,2061
8.882000e-3,1.66088,2061
8.884000e-3,1.64557,2042
8.886000e-3,1.64960,2047
8.888000e-3,1.66007,2060
8.890000e-3,1.65040,2048
8.892000e-3,1.65282,2051
8.894000e-3,1.65443,2053
8.896000e-3,1.64799,2045
8.898000e-3,1.65524,2054
8.900000e-3,1.66974,2072
8.902000e-3,1.64879,2046
8.904000e-3,1.65363,2052
8.906000e-3,1.65846,2058
8.908000e-3,1.64396,2040
8.910000e-3,1.65685,2056
8.912000e-3,1.65846,2058
8.914000e-3,1.64637,2043
8.916000e-3,1.65846,2058
8.918000e-3,1.66410,2065
8.920000e-3,1.64315,2039
8.922000e-3,1.65846,2058
8.924000e-3,1.65766,2057
8.926000e-3,1.64557,2042
8.928000e-3,1.65766,2057
8.930000e-3,1.65685,2056
8.932000e-3,1.64315,2039
8.934000e-3,1.65685,2056
8.936000e-3,1.65685,2056
8.938000e-3,1.64476,2041
8.940000e-3,1.65524,2054
8.942000e-3,1.66007,2060
8.944000e-3,1.65121,2049
8.946000e-3,1.65685,2056
8.948000e-3,1.66007,2060
8.950000e-3,1.64637,2043
8.952000e-3,1.65685,2056
8.954000e-3,1.66088,2061
8.956000e-3,1.64637,2043
8.958000e-3,1.64637,2043
8.960000e-3,1.66007,2060
8.962000e-3,1.64476,2041
8.964000e-3,1.66410,2065
8.966000e-3,1.65927,2059
8.968000e-3,1.64879,2046
8.970000e-3,1.65524,2054
8.972000e-3,1.65685,2056
8.974000e-3,1.65363,2052
8.976000e-3,1.66168,2062
8.978000e-3,1.65927,2059
8.980000e-3,1.65201,2050
8.982000e-3,1.65927,2059
8.984000e-3,1.65604,2055
8.986000e-3,1.65604,2055
8.988000e-3,1.66330,2064
8.990000e-3,1.65766,2057
8.992000e-3,1.65040,2048
8.994000e-3,1.66733,2069
8.996000e-3,1.65443,2053
8.998000e-3,1.64396,2040
9.000000e-3,1.66249,2063
9.002000e-3,1.64960,2047
9.004000e-3,1.65201,2050
9.006000e-3,1.66894,2071
9.008000e-3,1.65685,2056
9.010000e-3,1.65201,2050
9.012000e-3,1.66249,2063
9.014000e-3,1.65443,2053
9.016000e-3,1.64799,2045
9.018000e-3,1.67055,2073
9.020000e-3,1.65443,2053
9.022000e-3,1.66007,2060
9.024000e-3,1.66410,2065
9.026000e-3,1.65846,2058
9.028000e-3,1.65201,2050
9.030000e-3,1.66168,2062
9.032000e-3,1.65363,2052
9.034000e-3,1.65121,2049
9.036000e-3,1.65766,2057
9.038000e-3,1.65604,2055
9.040000e-3,1.65121,2049
9.042000e-3,1.66571,2067
9.044000e-3,1.65524,2054
9.046000e-3,1.65685,2056
9.048000e-3,1.66168,2062
9.050000e-3,1.65282,2051
9.052000e-3,1.65282,2051
9.054000e-3,1.66813,2070
9.056000e-3,1.65524,2054
9.058000e-3,1.65282,2051
9.060000e-3,1.66410,2065
9.062000e-3,1.65363,2052
9.064000e-3,1.65201,2050
9.066000e-3,1.66330,2064
9.068000e-3,1.65846,2058
9.070000e-3,1.65443,2053
9.072000e-3,1.66491,2066
9.074000e-3,1.65040,2048
9.076000e-3,1.65040,2048
9.078000e-3,1.66894,2071
9.080000e-3,1.65443,2053
9.082000e-3,1.65443,2053
9.084000e-3,1.66330,2064
9.086000e-3,1.65604,2055
9.088000e-3,1.64879,2046
9.090000e-3,1.66571,2067
9.092000e-3,1.64396,2040
9.094000e-3,1.65685,2056
9.096000e-3,1.66330,2064
9.098000e-3,1.65524,2054
9.100000e-3,1.65524,2054
9.102000e-3,1.66652,2068
9.104000e-3,1.65363,2052
9.106000e-3,1.65040,2048
9.108000e-3,1.66571,2067
9.110000e-3,1.65524,2054
9.112000e-3,1.65282,2051
9.114000e-3,1.65524,2054
9.116000e-3,1.65363,2052
9.118000e-3,1.65443,2053
9.120000e-3,1.65766,2057
9.122000e-3,1.64960,2047
9.124000e-3,1.65282,2051
9.126000e-3,1.66007,2060
9.128000e-3,1.64476,2041
9.130000e-3,1.66088,2061
9.132000e-3,1.65443,2053
9.134000e-3,1.64960,2047
9.136000e-3,1.65846,2058
9.138000e-3,1.65282,2051
9.140000e-3,1.64396,2040
9.142000e-3,1.65524,2054
9.144000e-3,1.66249,2063
9.146000e-3,1.64557,2042
9.148000e-3,1.65846,2058
9.150000e-3,1.65685,2056
9.152000e-3,1.64960,2047
9.154000e-3,1.65524,2054
9.156000e-3,1.65685,2056
9.158000e-3,1.64476,2041
9.160000e-3,1.65282,2051
9.162000e-3,1.65927,2059
9.164000e-3,1.64799,2045
9.166000e-3,1.65685,2056
9.168000e-3,1.66007,2060
9.170000e-3,1.64315,2039
9.172000e-3,1.65282,2051
9.174000e-3,1.66088,2061
9.176000e-3,1.64637,2043
9.178000e-3,1.65524,2054
9.180000e-3,1.66007,2060
9.182000e-3,1.64557,2042
9.184000e-3,1.65846,2058
9.186000e-3,1.66007,2060
9.188000e-3,1.64315,2039
9.190000e-3,1.65685,2056
9.192000e-3,1.65685,2056
9.194000e-3,1.64476,2041
9.196000e-3,1.65685,2056
9.198000e-3,1.65685,2056
9.200000e-3,1.64234,2038
9.202000e-3,1.65685,2056
9.204000e-3,1.66571,2067
9.206000e-3,1.64154,2037
9.208000e-3,1.65604,2055
9.210000e-3,1.65766,2057
9.212000e-3,1.64476,2041
9.214000e-3,1.65363,2052
9.216000e-3,1.66974,2072
9.218000e-3,1.64073,2036
9.220000e-3,1.65363,2052
9.222000e-3,1.65927,2059
9.224000e-3,1.64154,2037
9.226000e-3,1.65685,2056
9.228000e-3,1.66652,2068
9.230000e-3,1.64718,2044
9.232000e-3,1.65363,2052
9.234000e-3,1.65846,2058
9.236000e-3,1.64476,2041
9.238000e-3,1.65604,2055
9.240000e-3,1.66007,2060
9.242000e-3,1.63670,2031
9.244000e-3,1.65443,2053
9.246000e-3,1.65766,2057
9.248000e-3,1.65766,2057
9.250000e-3,1.65604,2055
9.252000e-3,1.65685,2056
9.254000e-3,1.64718,2044
9.256000e-3,1.65121,2049
9.258000e-3,1.65927,2059
9.260000e-3,1.64637,2043
9.262000e-3,1.65524,2054
9.264000e-3,1.65685,2056
9.266000e-3,1.64557,2042
9.268000e-3,1.65443,2053
9.270000e-3,1.65685,2056
9.272000e-3,1.64396,2040
9.274000e-3,1.65604,2055
9.276000e-3,1.65927,2059
9.278000e-3,1.63912,2034
9.280000e-3,1.65685,2056
9.282000e-3,1.65685,2056
9.284000e-3,1.63590,2030
9.286000e-3,1.65524,2054
9.288000e-3,1.65524,2054
9.290000e-3,1.65363,2052
9.292000e-3,1.65766,2057
9.294000e-3,1.65927,2059
9.296000e-3,1.63912,2034
9.298000e-3,1.65846,2058
9.300000e-3,1.66249,2063
9.302000e-3,1.64637,2043
9.304000e-3,1.65766,2057
9.306000e-3,1.65443,2053
9.308000e-3,1.64476,2041
9.310000e-3,1.65846,2058
9.312000e-3,1.66088,2061
9.314000e-3,1.64557,2042
9.316000e-3,1.65685,2056
9.318000e-3,1.65846,2058
9.320000e-3,1.64234,2038
9.322000e-3,1.65927,2059
9.324000e-3,1.65685,2056
9.326000e-3,1.64718,2044
9.328000e-3,1.65766,2057
9.330000e-3,1.65685,2056
9.332000e-3,1.64960,2047
9.334000e-3,1.65685,2056
9.336000e-3,1.65685,2056
9.338000e-3,1.65201,2050
9.340000e-3,1.65604,2055
9.342000e-3,1.65685,2056
9.344000e-3,1.65282,2051
9.346000e-3,1.66088,2061
9.348000e-3,1.65282,2051
9.350000e-3,1.65282,2051
9.352000e-3,1.66330,2064
9.354000e-3,1.65766,2057
9.356000e-3,1.65040,2048
9.358000e-3,1.66249,2063
9.360000e-3,1.66330,2064
9.362000e-3,1.65040,2048
9.364000e-3,1.66330,2064
9.366000e-3,1.65846,2058
9.368000e-3,1.65443,2053
9.370000e-3,1.65927,2059
9.372000e-3,1.65766,2057
9.374000e-3,1.65363,2052
9.376000e-3,1.66410,2065
9.378000e-3,1.65766,2057
9.380000e-3,1.64879,2046
9.382000e-3,1.66088,2061
9.384000e-3,1.66088,2061
9.386000e-3,1.65363,2052
9.388000e-3,1.66168,2062
9.390000e-3,1.66330,2064
9.392000e-3,1.65121,2049
9.394000e-3,1.66088,2061
9.396000e-3,1.65766,2057
9.398000e-3,1.65201,2050
9.400000e-3,1.66330,2064
9.402000e-3,1.65121,2049
9.404000e-3,1.65443,2053
9.406000e-3,1.66007,2060
9.408000e-3,1.65604,2055
9.410000e-3,1.65201,2050
9.412000e-3,1.66168,2062
9.414000e-3,1.65685,2056
9.416000e-3,1.64234,2038
9.418000e-3,1.66652,2068
9.420000e-3,1.66168,2062
9.422000e-3,1.65201,2050
9.424000e-3,1.66330,2064
9.426000e-3,1.65766,2057
9.428000e-3,1.65040,2048
9.430000e-3,1.66652,2068
9.432000e-3,1.65604,2055
9.434000e-3,1.64799,2045
9.436000e-3,1.66652,2068
9.438000e-3,1.65121,2049
9.440000e-3,1.65524,2054
9.442000e-3,1.66652,2068
9.444000e-3,1.65604,2055
9.446000e-3,1.65121,2049
9.448000e-3,1.65685,2056
9.450000e-3,1.65766,2057
9.452000e-3,1.65363,2052
9.454000e-3,1.65927,2059
9.456000e-3,1.65443,2053
9.458000e-3,1.65121,2049
9.460000e-3,1.66249,2063
9.462000e-3,1.65604,2055
9.464000e-3,1.65201,2050
9.466000e-3,1.66007,2060
9.468000e-3,1.65766,2057
9.470000e-3,1.65040,2048
9.472000e-3,1.66088,2061
9.474000e-3,1.65846,2058
9.476000e-3,1.65040,2048
9.478000e-3,1.66330,2064
9.480000e-3,1.65443,2053
9.482000e-3,1.65443,2053
9.484000e-3,1.66894,2071
9.486000e-3,1.65685,2056
9.488000e-3,1.65363,2052
9.490000e-3,1.66410,2065
9.492000e-3,1.65685,2056
9.494000e-3,1.65443,2053
9.496000e-3,1.66410,2065
9.498000e-3,1.65282,2051
9.500000e-3,1.65363,2052
9.502000e-3,1.66168,2062
9.504000e-3,1.65846,2058
9.506000e-3,1.65363,2052
9.508000e-3,1.66571,2067
9.510000e-3,1.65604,2055
9.512000e-3,1.65040,2048
9.514000e-3,1.66652,2068
9.516000e-3,1.65443,2053
9.518000e-3,1.65040,2048
9.520000e-3,1.66249,2063
9.522000e-3,1.65282,2051
9.524000e-3,1.64799,2045
9.526000e-3,1.66007,2060
9.528000e-3,1.65443,2053
9.530000e-3,1.65363,2052
9.532000e-3,1.66813,2070
9.534000e-3,1.65363,2052
9.536000e-3,1.65846,2058
9.538000e-3,1.66652,2068
9.540000e-3,1.65121,2049
9.542000e-3,1.65121,2049
9.544000e-3,1.66330,2064
9.546000e-3,1.65685,2056
9.548000e-3,1.65443,2053
9.550000e-3,1.66491,2066
9.552000e-3,1.65524,2054
9.554000e-3,1.65282,2051
9.556000e-3,1.66491,2066
9.558000e-3,1.65524,2054
9.560000e-3,1.65282,2051
9.562000e-3,1.66330,2064
9.564000e-3,1.65524,2054
9.566000e-3,1.65121,2049
9.568000e-3,1.66974,2072
9.570000e-3,1.65524,2054
9.572000e-3,1.65121,2049
9.574000e-3,1.66652,2068
9.576000e-3,1.65201,2050
9.578000e-3,1.65282,2051
9.580000e-3,1.66571,2067
9.582000e-3,1.65121,2049
9.584000e-3,1.64799,2045
9.586000e-3,1.66652,2068
9.588000e-3,1.64718,2044
9.590000e-3,1.65201,2050
9.592000e-3,1.66410,2065
9.594000e-3,1.65443,2053
9.596000e-3,1.65443,2053
9.598000e-3,1.65604,2055
9.600000e-3,1.64960,2047
9.602000e-3,1.65201,2050
9.604000e-3,1.65443,2053
9.606000e-3,1.64476,2041
9.608000e-3,1.65121,2049
9.610000e-3,1.66249,2063
9.612000e-3,1.64960,2047
9.614000e-3,1.65443,2053
9.616000e-3,1.66007,2060
9.618000e-3,1.64476,2041
9.620000e-3,1.65443,2053
9.622000e-3,1.65927,2059
9.624000e-3,1.64396,2040
9.626000e-3,1.65282,2051
9.628000e-3,1.65927,2059
9.630000e-3,1.64718,2044
9.632000e-3,1.66088,2061
9.634000e-3,1.65927,2059
9.636000e-3,1.64879,2046
9.638000e-3,1.65766,2057
9.640000e-3,1.65201,2050
9.642000e-3,1.65040,2048
9.644000e-3,1.65685,2056
9.646000e-3,1.66007,2060
9.648000e-3,1.64476,2041
9.650000e-3,1.65685,2056
9.652000e-3,1.65766,2057
9.654000e-3,1.64879,2046
9.656000e-3,1.66088,2061
9.658000e-3,1.65927,2059
9.660000e-3,1.65121,2049
9.662000e-3,1.65846,2058
9.664000e-3,1.65846,2058
9.666000e-3,1.65040,2048
9.668000e-3,1.66007,2060
9.670000e-3,1.65685,2056
9.672000e-3,1.65121,2049
9.674000e-3,1.67136,2074
9.676000e-3,1.65846,2058
9.678000e-3,1.65201,2050
9.680000e-3,1.66652,2068
9.682000e-3,1.65524,2054
9.684000e-3,1.65040,2048
9.686000e-3,1.66733,2069
9.688000e-3,1.65443,2053
9.690000e-3,1.64799,2045
9.692000e-3,1.66733,2069
9.694000e-3,1.65040,2048
9.696000e-3,1.65443,2053
9.698000e-3,1.66813,2070
9.700000e-3,1.65201,2050
9.702000e-3,1.65282,2051
9.704000e-3,1.65524,2054
9.706000e-3,1.65282,2051
9.708000e-3,1.65201,2050
9.710000e-3,1.65927,2059
9.712000e-3,1.64637,2043
9.714000e-3,1.65282,2051
9.716000e-3,1.65927,2059
9.718000e-3,1.64637,2043
9.720000e-3,1.65443,2053
9.722000e-3,1.65766,2057
9.724000e-3,1.64799,2045
9.726000e-3,1.64557,2042
9.728000e-3,1.65846,2058
9.730000e-3,1.64557,2042
9.732000e-3,1.65282,2051
9.734000e-3,1.65766,2057
9.736000e-3,1.64154,2037
9.738000e-3,1.65201,2050
9.740000e-3,1.65685,2056
9.742000e-3,1.64315,2039
9.744000e-3,1.66330,2064
9.746000e-3,1.65846,2058
9.748000e-3,1.64476,2041
9.750000e-3,1.65927,2059
9.752000e-3,1.65846,2058
9.754000e-3,1.65040,2048
9.756000e-3,1.66330,2064
9.758000e-3,1.65604,2055
9.760000e-3,1.65524,2054
9.762000e-3,1.66491,2066
9.764000e-3,1.65443,2053
9.766000e-3,1.65040,2048
9.768000e-3,1.65685,2056
9.770000e-3,1.65524,2054
9.772000e-3,1.65121,2049
9.774000e-3,1.66652,2068
9.776000e-3,1.65201,2050
9.778000e-3,1.65040,2048
9.780000e-3,1.66571,2067
9.782000e-3,1.65201,2050
9.784000e-3,1.65201,2050
9.786000e-3,1.66652,2068
9.788000e-3,1.65363,2052
9.790000e-3,1.65846,2058
9.792000e-3,1.66491,2066
9.794000e-3,1.65040,2048
9.796000e-3,1.64073,2036
9.798000e-3,1.66410,2065
9.800000e-3,1.64637,2043
9.802000e-3,1.66330,2064
9.804000e-3,1.66733,2069
9.806000e-3,1.65121,2049
9.808000e-3,1.65201,2050
9.810000e-3,1.66733,2069
9.812000e-3,1.64718,2044
9.814000e-3,1.65363,2052
9.816000e-3,1.66088,2061
9.818000e-3,1.64637,2043
9.820000e-3,1.65443,2053
9.822000e-3,1.65846,2058
9.824000e-3,1.65685,2056
9.826000e-3,1.64960,2047
9.828000e-3,1.66007,2060
9.830000e-3,1.64557,2042
9.832000e-3,1.65201,2050
9.834000e-3,1.65443,2053
9.836000e-3,1.64557,2042
9.838000e-3,1.65685,2056
9.840000e-3,1.65040,2048
9.842000e-3,1.63912,2034
9.844000e-3,1.65443,2053
9.846000e-3,1.65846,2058
9.848000e-3,1.64557,2042
9.850000e-3,1.65524,2054
9.852000e-3,1.65927,2059
9.854000e-3,1.64396,2040
9.856000e-3,1.65685,2056
9.858000e-3,1.65846,2058
9.860000e-3,1.64234,2038
9.862000e-3,1.65443,2053
9.864000e-3,1.65766,2057
9.866000e-3,1.64396,2040
9.868000e-3,1.66007,2060
9.870000e-3,1.65685,2056
9.872000e-3,1.64396,2040
9.874000e-3,1.64879,2046
9.876000e-3,1.65524,2054
9.878000e-3,1.64799,2045
9.880000e-3,1.65846,2058
9.882000e-3,1.65040,2048
9.884000e-3,1.64476,2041
9.886000e-3,1.65443,2053
9.888000e-3,1.66007,2060
9.890000e-3,1.64315,2039
9.892000e-3,1.65604,2055
9.894000e-3,1.65201,2050
9.896000e-3,1.64234,2038
9.898000e-3,1.66652,2068
9.900000e-3,1.65927,2059
9.902000e-3,1.64637,2043
9.904000e-3,1.65846,2058
9.906000e-3,1.65604,2055
9.908000e-3,1.64315,2039
9.910000e-3,1.65524,2054
9.912000e-3,1.65927,2059
9.914000e-3,1.64315,2039
9.916000e-3,1.65927,2059
9.918000e-3,1.65846,2058
9.920000e-3,1.64718,2044
9.922000e-3,1.65685,2056
9.924000e-3,1.65524,2054
9.926000e-3,1.65040,2048
9.928000e-3,1.65443,2053
9.930000e-3,1.65685,2056
9.932000e-3,1.65201,2050
9.934000e-3,1.65846,2058
9.936000e-3,1.65927,2059
9.938000e-3,1.64315,2039
9.940000e-3,1.65201,2050
9.942000e-3,1.66007,2060
9.944000e-3,1.65201,2050
9.946000e-3,1.65685,2056
9.948000e-3,1.65927,2059
9.950000e-3,1.65201,2050
9.952000e-3,1.66088,2061
9.954000e-3,1.65846,2058
9.956000e-3,1.65363,2052
9.958000e-3,1.66007,2060
9.960000e-3,1.65685,2056
9.962000e-3,1.65443,2053
9.964000e-3,1.66007,2060
9.966000e-3,1.65846,2058
9.968000e-3,1.65121,2049
9.970000e-3,1.66168,2062
9.972000e-3,1.65766,2057
9.974000e-3,1.65201,2050
9.976000e-3,1.66168,2062
9.978000e-3,1.65766,2057
9.980000e-3,1.65363,2052
9.982000e-3,1.66007,2060
9.984000e-3,1.66330,2064
9.986000e-3,1.64879,2046
9.988000e-3,1.65524,2054
9.990000e-3,1.65443,2053
9.992000e-3,1.65201,2050
9.994000e-3,1.66652,2068
9.996000e-3,1.65121,2049
9.998000e-3,1.65040,2048
1.000000e-2,1.66652,2068
1.000200e-2,1.65363,2052
1.000400e-2,1.65040,2048
1.000600e-2,1.66813,2070
1.000800e-2,1.65443,2053
1.001000e-2,1.65282,2051
1.001200e-2,1.66894,2071
1.001400e-2,1.65040,2048
1.001600e-2,1.65040,2048
1.001800e-2,1.66410,2065
1.002000e-2,1.65201,2050
1.002200e-2,1.65040,2048
1.002400e-2,1.66733,2069
1.002600e-2,1.65282,2051
1.002800e-2,1.64637,2043
1.003000e-2,1.66088,2061
1.003200e-2,1.65201,2050
1.003400e-2,1.64637,2043
1.003600e-2,1.66088,2061
1.003800e-2,1.65040,2048
1.004000e-2,1.65040,2048
1.004200e-2,1.65685,2056
1.004400e-2,1.65201,2050
1.004600e-2,1.65363,2052
1.004800e-2,1.65846,2058
1.005000e-2,1.64637,2043
1.005200e-2,1.65201,2050
1.005400e-2,1.65846,2058
1.005600e-2,1.64718,2044
1.005800e-2,1.65846,2058
1.006000e-2,1.65766,2057
1.006200e-2,1.64799,2045
1.006400e-2,1.64557,2042
1.006600e-2,1.65524,2054
1.006800e-2,1.64637,2043
1.007000e-2,1.65121,2049
1.007200e-2,1.65846,2058
1.007400e-2,1.64718,2044
1.007600e-2,1.65443,2053
1.007800e-2,1.66007,2060
1.008000e-2,1.64637,2043
1.008200e-2,1.65685,2056
1.008400e-2,1.65524,2054
1.008600e-2,1.64073,2036
1.008800e-2,1.65846,2058
1.009000e-2,1.65927,2059
1.009200e-2,1.65040,2048
1.009400e-2,1.66007,2060
1.009600e-2,1.65766,2057
1.009800e-2,1.65040,2048
1.010000e-2,1.65604,2055
1.010200e-2,1.66491,2066
1.010400e-2,1.65363,2052
1.010600e-2,1.65443,2053
1.010800e-2,1.65846,2058
1.011000e-2,1.65121,2049
1.011200e-2,1.66733,2069
1.011400e-2,1.66168,2062
1.011600e-2,1.65201,2050
1.011800e-2,1.66249,2063
1.012000e-2,1.65524,2054
1.012200e-2,1.65121,2049
1.012400e-2,1.66733,2069
1.012600e-2,1.65524,2054
1.012800e-2,1.65040,2048
1.013000e-2,1.66733,2069
1.013200e-2,1.65282,2051
1.013400e-2,1.65040,2048
1.013600e-2,1.66571,2067
1.013800e-2,1.65040,2048
1.014000e-2,1.65040,2048
1.014200e-2,1.66571,2067
1.014400e-2,1.65443,2053
1.014600e-2,1.66007,2060
1.014800e-2,1.65927,2059
1.015000e-2,1.65201,2050
1.015200e-2,1.65363,2052
1.015400e-2,1.65927,2059
1.015600e-2,1.64315,2039
1.015800e-2,1.66007,2060
1.016000e-2,1.65927,2059
1.016200e-2,1.65040,2048
1.016400e-2,1.65846,2058
1.016600e-2,1.65282,2051
1.016800e-2,1.64718,2044
1.017000e-2,1.66168,2062
1.017200e-2,1.65766,2057
1.017400e-2,1.64557,2042
1.017600e-2,1.65766,2057
1.017800e-2,1.65443,2053
1.018000e-2,1.64718,2044
1.018200e-2,1.65282,2051
1.018400e-2,1.66007,2060
1.018600e-2,1.64557,2042
1.018800e-2,1.65443,2053
1.019000e-2,1.65846,2058
1.019200e-2,1.64799,2045
1.019400e-2,1.65524,2054
1.019600e-2,1.66007,2060
1.019800e-2,1.65040,2048
1.020000e-2,1.65363,2052
1.020200e-2,1.65766,2057
1.020400e-2,1.64879,2046
1.020600e-2,1.65363,2052
1.020800e-2,1.65927,2059
1.021000e-2,1.65040,2048
1.021200e-2,1.65201,2050
1.021400e-2,1.65604,2055
1.021600e-2,1.64718,2044
1.021800e-2,1.65282,2051
1.022000e-2,1.66330,2064
1.022200e-2,1.65040,2048
1.022400e-2,1.64718,2044
1.022600e-2,1.65927,2059
1.022800e-2,1.64476,2041
1.023000e-2,1.65766,2057
1.023200e-2,1.66088,2061
1.023400e-2,1.64396,2040
1.023600e-2,1.65443,2053
1.023800e-2,1.65846,2058
1.024000e-2,1.64154,2037
1.024200e-2,1.65927,2059
1.024400e-2,1.65846,2058
1.024600e-2,1.64396,2040
1.024800e-2,1.66168,2062
1.025000e-2,1.65604,2055
1.025200e-2,1.65040,2048
1.025400e-2,1.66007,2060
1.025600e-2,1.65685,2056
1.025800e-2,1.65121,2049
1.026000e-2,1.66410,2065
1.026200e-2,1.65766,2057
1.026400e-2,1.65121,2049
1.026600e-2,1.66571,2067
1.026800e-2,1.65604,2055
1.027000e-2,1.65040,2048
1.027200e-2,1.66571,2067
1.027400e-2,1.65040,2048
1.027600e-2,1.65040,2048
1.027800e-2,1.65927,2059
1.028000e-2,1.64718,2044
1.028200e-2,1.65201,2050
1.028400e-2,1.65927,2059
1.028600e-2,1.64557,2042
1.028800e-2,1.65282,2051
1.029000e-2,1.65685,2056
1.029200e-2,1.64396,2040
1.029400e-2,1.65927,2059
1.029600e-2,1.66007,2060
1.029800e-2,1.64396,2040
1.030000e-2,1.64879,2046
1.030200e-2,1.65685,2056
1.030400e-2,1.64637,2043
1.030600e-2,1.65846,2058
1.030800e-2,1.65766,2057
1.031000e-2,1.65282,2051
1.031200e-2,1.66330,2064
1.031400e-2,1.65766,2057
1.031600e-2,1.65604,2055
1.031800e-2,1.66168,2062
1.032000e-2,1.65685,2056
1.032200e-2,1.65121,2049
1.032400e-2,1.66168,2062
1.032600e-2,1.65846,2058
1.032800e-2,1.64557,2042
1.033000e-2,1.66168,2062
1.033200e-2,1.65604,2055
1.033400e-2,1.65040,2048
1.033600e-2,1.66410,2065
1.033800e-2,1.65282,2051
1.034000e-2,1.65201,2050
1.034200e-2,1.66410,2065
1.034400e-2,1.65443,2053
1.034600e-2,1.65121,2049
1.034800e-2,1.66249,2063
1.035000e-2,1.65443,2053
1.035200e-2,1.65121,2049
1.035400e-2,1.66088,2061
1.035600e-2,1.64879,2046
1.035800e-2,1.65121,2049
1.036000e-2,1.65927,2059
1.036200e-2,1.64637,2043
1.036400e-2,1.66168,2062
1.036600e-2,1.66168,2062
1.036800e-2,1.64557,2042
1.037000e-2,1.65443,2053
1.037200e-2,1.65766,2057
1.037400e-2,1.65201,2050
1.037600e-2,1.65443,2053
1.037800e-2,1.66168,2062
1.038000e-2,1.64637,2043
1.038200e-2,1.65685,2056
1.038400e-2,1.66088,2061
1.038600e-2,1.64557,2042
1.038800e-2,1.65766,2057
1.039000e-2,1.65927,2059
1.039200e-2,1.64234,2038
1.039400e-2,1.65685,2056
1.039600e-2,1.66491,2066
1.039800e-2,1.65282,2051
1.040000e-2,1.66249,2063
1.040200e-2,1.65766,2057
1.040400e-2,1.65040,2048
1.040600e-2,1.66007,2060
1.040800e-2,1.65524,2054
1.041000e-2,1.65040,2048
1.041200e-2,1.66733,2069
1.041400e-2,1.65604,2055
1.041600e-2,1.65201,2050
1.041800e-2,1.66330,2064
1.042000e-2,1.65282,2051
1.042200e-2,1.65040,2048
1.042400e-2,1.66571,2067
1.042600e-2,1.65604,2055
1.042800e-2,1.65363,2052
1.043000e-2,1.66894,2071
1.043200e-2,1.65363,2052
1.043400e-2,1.65524,2054
1.043600e-2,1.66813,2070
1.043800e-2,1.65363,2052
1.044000e-2,1.65040,2048
1.044200e-2,1.66652,2068
1.044400e-2,1.65443,2053
1.044600e-2,1.66007,2060
1.044800e-2,1.66249,2063
1.045000e-2,1.64476,2041
1.045200e-2,1.65121,2049
1.045400e-2,1.65927,2059
1.045600e-2,1.64799,2045
1.045800e-2,1.64879,2046
1.046000e-2,1.65766,2057
1.046200e-2,1.65121,2049
1.046400e-2,1.65363,2052
1.046600e-2,1.65766,2057
1.046800e-2,1.65040,2048
1.047000e-2,1.65201,2050
1.047200e-2,1.65766,2057
1.047400e-2,1.64557,2042
1.047600e-2,1.65443,2053
1.047800e-2,1.65927,2059
1.048000e-2,1.64476,2041
1.048200e-2,1.65524,2054
1.048400e-2,1.66088,2061
1.048600e-2,1.64315,2039
1.048800e-2,1.65685,2056
1.049000e-2,1.65927,2059
1.049200e-2,1.64396,2040
1.049400e-2,1.66330,2064
1.049600e-2,1.66088,2061
1.049800e-2,1.65363,2052
1.050000e-2,1.65846,2058
1.050200e-2,1.65604,2055
1.050400e-2,1.65443,2053
1.050600e-2,1.67216,2075
1.050800e-2,1.65524,2054
1.051000e-2,1.64234,2038
1.051200e-2,1.66410,2065
1.051400e-2,1.65121,2049
1.051600e-2,1.65282,2051
1.051800e-2,1.66491,2066
1.052000e-2,1.65282,2051
1.052200e-2,1.65282,2051
1.052400e-2,1.65846,2058
1.052600e-2,1.65040,2048
1.052800e-2,1.65040,2048
1.053000e-2,1.66249,2063
1.053200e-2,1.65604,2055
1.053400e-2,1.66088,2061
1.053600e-2,1.65685,2056
1.053800e-2,1.64637,2043
1.054000e-2,1.65766,2057
1.054200e-2,1.65685,2056
1.054400e-2,1.65040,2048
1.054600e-2,1.65121,2049
1.054800e-2,1.66007,2060
1.055000e-2,1.64557,2042
1.055200e-2,1.65766,2057
1.055400e-2,1.66168,2062
1.055600e-2,1.64315,2039
1.055800e-2,1.65927,2059
1.056000e-2,1.65927,2059
1.056200e-2,1.64637,2043
1.056400e-2,1.65766,2057
1.056600e-2,1.65846,2058
1.056800e-2,1.64315,2039
1.057000e-2,1.65604,2055
1.057200e-2,1.66652,2068
1.057400e-2,1.64315,2039
1.057600e-2,1.66007,2060
1.057800e-2,1.65524,2054
1.058000e-2,1.65201,2050
1.058200e-2,1.66088,2061
1.058400e-2,1.65443,2053
1.058600e-2,1.65443,2053
1.058800e-2,1.66491,2066
1.059000e-2,1.65443,2053
1.059200e-2,1.65040,2048
1.059400e-2,1.66491,2066
1.059600e-2,1.65604,2055
1.059800e-2,1.65201,2050
1.060000e-2,1.66733,2069
1.060200e-2,1.64960,2047
1.060400e-2,1.65201,2050
1.060600e-2,1.65766,2057
1.060800e-2,1.64637,2043
1.061000e-2,1.65201,2050
1.061200e-2,1.65604,2055
1.061400e-2,1.64396,2040
1.061600e-2,1.65443,2053
1.061800e-2,1.66007,2060
1.062000e-2,1.65282,2051
1.062200e-2,1.65201,2050
1.062400e-2,1.65766,2057
1.062600e-2,1.64315,2039
1.062800e-2,1.65524,2054
1.063000e-2,1.66410,2065
1.063200e-2,1.64476,2041
1.063400e-2,1.65846,2058
1.063600e-2,1.65846,2058
1.063800e-2,1.65040,2048
1.064000e-2,1.66007,2060
1.064200e-2,1.65685,2056
1.064400e-2,1.65201,2050
1.064600e-2,1.66168,2062
1.064800e-2,1.66168,2062
1.065000e-2,1.65443,2053
1.065200e-2,1.67297,2076
1.065400e-2,1.65282,2051
1.065600e-2,1.64879,2046
1.065800e-2,1.66571,2067
1.066000e-2,1.65040,2048
1.066200e-2,1.65040,2048
1.066400e-2,1.66007,2060
1.066600e-2,1.65121,2049
1.066800e-2,1.65121,2049
1.067000e-2,1.66330,2064
1.067200e-2,1.64960,2047
1.067400e-2,1.65363,2052
1.067600e-2,1.65443,2053
1.067800e-2,1.64637,2043
1.068000e-2,1.65685,2056
1.068200e-2,1.66007,2060
1.068400e-2,1.64315,2039
1.068600e-2,1.65604,2055
1.068800e-2,1.65685,2056
1.069000e-2,1.64960,2047
1.069200e-2,1.65121,2049
1.069400e-2,1.66007,2060
1.069600e-2,1.64315,2039
1.069800e-2,1.66007,2060
1.070000e-2,1.65846,2058
1.070200e-2,1.65121,2049
1.070400e-2,1.66330,2064
1.070600e-2,1.65604,2055
1.070800e-2,1.65363,2052
1.071000e-2,1.66652,2068
1.071200e-2,1.65685,2056
1.071400e-2,1.65363,2052
1.071600e-2,1.66571,2067
1.071800e-2,1.65443,2053
1.072000e-2,1.66249,2063
1.072200e-2,1.66652,2068
1.072400e-2,1.65363,2052
1.072600e-2,1.65040,2048
1.072800e-2,1.66330,2064
1.073000e-2,1.65363,2052
1.073200e-2,1.65524,2054
1.073400e-2,1.66330,2064
1.073600e-2,1.65040,2048
1.073800e-2,1.65443,2053
1.074000e-2,1.66088,2061
1.074200e-2,1.64637,2043
1.074400e-2,1.65524,2054
1.074600e-2,1.65685,2056
1.074800e-2,1.64315,2039
1.075000e-2,1.65685,2056
1.075200e-2,1.65927,2059
1.075400e-2,1.64557,2042
1.075600e-2,1.65927,2059
1.075800e-2,1.66330,2064
1.076000e-2,1.65040,2048
1.076200e-2,1.66007,2060
1.076400e-2,1.65443,2053
1.076600e-2,1.65685,2056
1.076800e-2,1.66652,2068
1.077000e-2,1.65524,2054
1.077200e-2,1.64396,2040
1.077400e-2,1.66330,2064
1.077600e-2,1.65282,2051
1.077800e-2,1.65040,2048
1.078000e-2,1.66652,2068
1.078200e-2,1.65363,2052
1.078400e-2,1.65524,2054
1.078600e-2,1.66088,2061
1.078800e-2,1.65443,2053
1.079000e-2,1.65282,2051
1.079200e-2,1.66007,2060
1.079400e-2,1.65282,2051
1.079600e-2,1.65363,2052
1.079800e-2,1.66249,2063
1.080000e-2,1.65121,2049
1.080200e-2,1.65201,2050
1.080400e-2,1.65927,2059
1.080600e-2,1.64879,2046
1.080800e-2,1.65282,2051
1.081000e-2,1.65846,2058
1.081200e-2,1.65040,2048
1.081400e-2,1.65121,2049
1.081600e-2,1.66007,2060
1.081800e-2,1.64799,2045
1.082000e-2,1.64637,2043
1.082200e-2,1.65604,2055
1.082400e-2,1.64476,2041
1.082600e-2,1.65363,2052
1.082800e-2,1.65685,2056
1.083000e-2,1.64396,2040
1.083200e-2,1.65524,2054
1.083400e-2,1.65846,2058
1.083600e-2,1.64476,2041
1.083800e-2,1.65766,2057
1.084000e-2,1.65363,2052
1.084200e-2,1.64396,2040
1.084400e-2,1.65121,2049
1.084600e-2,1.65685,2056
1.084800e-2,1.64476,2041
1.085000e-2,1.66249,2063
1.085200e-2,1.66491,2066
1.085400e-2,1.63912,2034
1.085600e-2,1.64799,2045
1.085800e-2,1.65524,2054
1.086000e-2,1.64557,2042
1.086200e-2,1.65524,2054
1.086400e-2,1.65363,2052
1.086600e-2,1.64960,2047
1.086800e-2,1.65443,2053
1.087000e-2,1.65927,2059
1.087200e-2,1.64718,2044
1.087400e-2,1.65766,2057
1.087600e-2,1.65685,2056
1.087800e-2,1.64396,2040
1.088000e-2,1.65685,2056
1.088200e-2,1.65685,2056
1.088400e-2,1.65121,2049
1.088600e-2,1.65604,2055
1.088800e-2,1.65604,2055
1.089000e-2,1.64396,2040
1.089200e-2,1.65685,2056
1.089400e-2,1.65685,2056
1.089600e-2,1.64718,2044
1.089800e-2,1.66007,2060
1.090000e-2,1.65846,2058
1.090200e-2,1.65363,2052
1.090400e-2,1.66088,2061
1.090600e-2,1.65927,2059
1.090800e-2,1.65282,2051
1.091000e-2,1.66088,2061
1.091200e-2,1.65766,2057
1.091400e-2,1.65201,2050
1.091600e-2,1.66491,2066
1.091800e-2,1.65040,2048
1.092000e-2,1.64960,2047
1.092200e-2,1.66733,2069
1.092400e-2,1.65282,2051
1.092600e-2,1.65121,2049
1.092800e-2,1.66652,2068
1.093000e-2,1.65040,2048
1.093200e-2,1.65040,2048
1.093400e-2,1.66733,2069
1.093600e-2,1.65363,2052
1.093800e-2,1.65121,2049
1.094000e-2,1.66733,2069
1.094200e-2,1.65040,2048
1.094400e-2,1.65121,2049
1.094600e-2,1.66249,2063
1.094800e-2,1.65040,2048
1.095000e-2,1.65604,2055
1.095200e-2,1.65927,2059
1.095400e-2,1.65040,2048
1.095600e-2,1.65604,2055
1.095800e-2,1.65685,2056
1.096000e-2,1.64718,2044
1.096200e-2,1.65201,2050
1.096400e-2,1.65443,2053
1.096600e-2,1.64557,2042
1.096800e-2,1.65685,2056
1.097000e-2,1.66088,2061
1.097200e-2,1.63912,2034
1.097400e-2,1.65524,2054
1.097600e-2,1.66249,2063
1.097800e-2,1.63751,2032
1.098000e-2,1.65685,2056
1.098200e-2,1.65524,2054
1.098400e-2,1.64718,2044
1.098600e-2,1.65443,2053
1.098800e-2,1.65846,2058
1.099000e-2,1.64637,2043
1.099200e-2,1.65766,2057
1.099400e-2,1.65685,2056
1.099600e-2,1.65121,2049
1.099800e-2,1.65927,2059
1.100000e-2,1.66007,2060
1.100200e-2,1.64315,2039
1.100400e-2,1.65363,2052
1.100600e-2,1.65685,2056
1.100800e-2,1.65201,2050
1.101000e-2,1.65927,2059
1.101200e-2,1.66168,2062
1.101400e-2,1.64799,2045
1.101600e-2,1.66249,2063
1.101800e-2,1.65685,2056
1.102000e-2,1.65685,2056
1.102200e-2,1.66007,2060
1.102400e-2,1.65363,2052
1.102600e-2,1.65604,2055
1.102800e-2,1.66330,2064
1.103000e-2,1.64960,2047
1.103200e-2,1.65685,2056
1.103400e-2,1.66410,2065
1.103600e-2,1.65443,2053
1.103800e-2,1.65524,2054
1.104000e-2,1.66491,2066
1.104200e-2,1.64879,2046
1.104400e-2,1.65201,2050
1.104600e-2,1.66007,2060
1.104800e-2,1.65121,2049
1.105000e-2,1.65201,2050
1.105200e-2,1.65766,2057
1.105400e-2,1.64154,2037
1.105600e-2,1.65604,2055
1.105800e-2,1.65766,2057
1.106000e-2,1.64799,2045
1.106200e-2,1.65524,2054
1.106400e-2,1.65846,2058
1.106600e-2,1.64637,2043
1.106800e-2,1.65121,2049
1.107000e-2,1.66007,2060
1.107200e-2,1.65040,2048
1.107400e-2,1.65685,2056
1.107600e-2,1.65766,2057
1.107800e-2,1.64557,2042
1.108000e-2,1.65927,2059
1.108200e-2,1.65766,2057
1.108400e-2,1.64637,2043
1.108600e-2,1.65846,2058
1.108800e-2,1.65524,2054
1.109000e-2,1.64557,2042
1.109200e-2,1.65201,2050
1.109400e-2,1.66491,2066
1.109600e-2,1.65524,2054
1.109800e-2,1.65766,2057
1.110000e-2,1.65927,2059
1.110200e-2,1.64799,2045
1.110400e-2,1.65846,2058
1.110600e-2,1.65685,2056
1.110800e-2,1.64557,2042
1.111000e-2,1.66088,2061
1.111200e-2,1.65685,2056
1.111400e-2,1.64718,2044
1.111600e-2,1.65766,2057
1.111800e-2,1.66249,2063
1.112000e-2,1.64396,2040
1.112200e-2,1.65443,2053
1.112400e-2,1.66007,2060
1.112600e-2,1.64476,2041
1.112800e-2,1.65201,2050
1.113000e-2,1.65927,2059
1.113200e-2,1.64396,2040
1.113400e-2,1.65524,2054
1.113600e-2,1.65927,2059
1.113800e-2,1.65040,2048
1.114000e-2,1.65846,2058
1.114200e-2,1.65685,2056
1.114400e-2,1.65121,2049
1.114600e-2,1.65685,2056
1.114800e-2,1.65927,2059
1.115000e-2,1.65201,2050
1.115200e-2,1.66088,2061
1.115400e-2,1.65685,2056
1.115600e-2,1.65363,2052
1.115800e-2,1.66168,2062
1.116000e-2,1.65685,2056
1.116200e-2,1.65363,2052
1.116400e-2,1.66330,2064
1.116600e-2,1.65524,2054
1.116800e-2,1.64476,2041
1.117000e-2,1.67458,2078
1.117200e-2,1.65766,2057
1.117400e-2,1.65443,2053
1.117600e-2,1.66894,2071
1.117800e-2,1.65363,2052
1.118000e-2,1.66491,2066
1.118200e-2,1.66491,2066
1.118400e-2,1.65524,2054
1.118600e-2,1.65040,2048
1.118800e-2,1.66571,2067
1.119000e-2,1.65363,2052
1.119200e-2,1.65282,2051
1.119400e-2,1.66491,2066
1.119600e-2,1.65766,2057
1.119800e-2,1.65927,2059
1.120000e-2,1.66652,2068
1.120200e-2,1.65604,2055
1.120400e-2,1.65040,2048
1.120600e-2,1.66491,2066
1.120800e-2,1.64718,2044
1.121000e-2,1.65040,2048
1.121200e-2,1.66813,2070
1.121400e-2,1.65604,2055
1.121600e-2,1.65282,2051
1.121800e-2,1.67055,2073
1.122000e-2,1.65282,2051
1.122200e-2,1.65040,2048
1.122400e-2,1.66733,2069
1.122600e-2,1.65282,2051
1.122800e-2,1.65363,2052
1.123000e-2,1.66571,2067
1.123200e-2,1.65524,2054
1.123400e-2,1.65040,2048
1.123600e-2,1.66733,2069
1.123800e-2,1.65282,2051
1.124000e-2,1.65121,2049
1.124200e-2,1.66088,2061
1.124400e-2,1.64960,2047
1.124600e-2,1.65040,2048
1.124800e-2,1.65927,2059
1.125000e-2,1.64960,2047
1.125200e-2,1.65040,2048
1.125400e-2,1.65927,2059
1.125600e-2,1.65040,2048
1.125800e-2,1.65363,2052
1.126000e-2,1.65927,2059
1.126200e-2,1.64879,2046
1.126400e-2,1.65121,2049
1.126600e-2,1.65927,2059
1.126800e-2,1.64476,2041
1.127000e-2,1.65524,2054
1.127200e-2,1.65685,2056
1.127400e-2,1.65121,2049
1.127600e-2,1.65363,2052
1.127800e-2,1.65927,2059
1.128000e-2,1.65282,2051
1.128200e-2,1.65363,2052
1.128400e-2,1.65927,2059
1.128600e-2,1.65040,2048
1.128800e-2,1.65524,2054
1.129000e-2,1.65766,2057
1.129200e-2,1.64557,2042
1.129400e-2,1.65121,2049
1.129600e-2,1.65443,2053
1.129800e-2,1.64960,2047
1.130000e-2,1.65685,2056
1.130200e-2,1.65846,2058
1.130400e-2,1.65040,2048
1.130600e-2,1.65040,2048
1.130800e-2,1.65766,2057
1.131000e-2,1.64234,2038
1.131200e-2,1.65524,2054
1.131400e-2,1.66168,2062
1.131600e-2,1.64637,2043
1.131800e-2,1.65766,2057
1.132000e-2,1.65766,2057
1.132200e-2,1.64234,2038
1.132400e-2,1.65846,2058
1.132600e-2,1.66007,2060
1.132800e-2,1.65201,2050
1.133000e-2,1.65927,2059
1.133200e-2,1.65766,2057
1.133400e-2,1.64557,2042
1.133600e-2,1.65443,2053
1.133800e-2,1.65766,2057
1.134000e-2,1.65040,2048
1.134200e-2,1.65766,2057
1.134400e-2,1.65846,2058
1.134600e-2,1.64557,2042
1.134800e-2,1.66249,2063
1.135000e-2,1.65685,2056
1.135200e-2,1.64799,2045
1.135400e-2,1.66249,2063
1.135600e-2,1.65685,2056
1.135800e-2,1.65443,2053
1.136000e-2,1.66571,2067
1.136200e-2,1.65846,2058
1.136400e-2,1.65201,2050
1.136600e-2,1.66571,2067
1.136800e-2,1.65363,2052
1.137000e-2,1.65443,2053
1.137200e-2,1.66571,2067
1.137400e-2,1.66491,2066
1.137600e-2,1.65363,2052
1.137800e-2,1.66491,2066
1.138000e-2,1.65927,2059
1.138200e-2,1.65040,2048
1.138400e-2,1.66733,2069
1.138600e-2,1.65040,2048
1.138800e-2,1.65040,2048
1.139000e-2,1.66410,2065
1.139200e-2,1.64557,2042
1.139400e-2,1.65604,2055
1.139600e-2,1.67055,2073
1.139800e-2,1.64960,2047
1.140000e-2,1.65443,2053
1.140200e-2,1.66007,2060
1.140400e-2,1.65040,2048
1.140600e-2,1.65040,2048
1.140800e-2,1.65846,2058
1.141000e-2,1.65040,2048
1.141200e-2,1.65604,2055
1.141400e-2,1.66249,2063
1.141600e-2,1.64315,2039
1.141800e-2,1.65685,2056
1.142000e-2,1.65846,2058
1.142200e-2,1.64234,2038
1.142400e-2,1.66007,2060
1.142600e-2,1.66007,2060
1.142800e-2,1.65363,2052
1.143000e-2,1.66249,2063
1.143200e-2,1.66571,2067
1.143400e-2,1.64960,2047
1.143600e-2,1.66410,2065
1.143800e-2,1.65685,2056
1.144000e-2,1.65201,2050
1.144200e-2,1.66410,2065
1.144400e-2,1.65443,2053
1.144600e-2,1.64799,2045
1.144800e-2,1.66733,2069
1.145000e-2,1.64960,2047
1.145200e-2,1.64637,2043
1.145400e-2,1.66088,2061
1.145600e-2,1.65121,2049
1.145800e-2,1.65201,2050
1.146000e-2,1.66249,2063
1.146200e-2,1.64879,2046
1.146400e-2,1.65282,2051
1.146600e-2,1.65766,2057
1.146800e-2,1.64476,2041
1.147000e-2,1.65524,2054
1.147200e-2,1.65927,2059
1.147400e-2,1.64234,2038
1.147600e-2,1.65685,2056
1.147800e-2,1.66007,2060
1.148000e-2,1.64960,2047
1.148200e-2,1.65604,2055
1.148400e-2,1.66007,2060
1.148600e-2,1.64073,2036
1.148800e-2,1.65685,2056
1.149000e-2,1.65846,2058
1.149200e-2,1.64557,2042
1.149400e-2,1.65927,2059
1.149600e-2,1.66249,2063
1.149800e-2,1.65443,2053
1.150000e-2,1.66168,2062
1.150200e-2,1.65685,2056
1.150400e-2,1.65040,2048
1.150600e-2,1.66330,2064
1.150800e-2,1.65201,2050
1.151000e-2,1.65040,2048
1.151200e-2,1.66813,2070
1.151400e-2,1.65604,2055
1.151600e-2,1.65363,2052
1.151800e-2,1.67055,2073
1.152000e-2,1.65282,2051
1.152200e-2,1.65040,2048
1.152400e-2,1.66330,2064
1.152600e-2,1.64718,2044
1.152800e-2,1.65604,2055
1.153000e-2,1.65927,2059
1.153200e-2,1.64799,2045
1.153400e-2,1.65201,2050
1.153600e-2,1.66249,2063
1.153800e-2,1.64476,2041
1.154000e-2,1.65363,2052
1.154200e-2,1.65685,2056
1.154400e-2,1.64234,2038
1.154600e-2,1.65524,2054
1.154800e-2,1.65524,2054
1.155000e-2,1.64799,2045
1.155200e-2,1.65766,2057
1.155400e-2,1.65766,2057
1.155600e-2,1.65201,2050
1.155800e-2,1.66088,2061
1.156000e-2,1.65927,2059
1.156200e-2,1.65443,2053
1.156400e-2,1.66330,2064
1.156600e-2,1.65846,2058
1.156800e-2,1.64799,2045
1.157000e-2,1.66813,2070
1.157200e-2,1.66330,2064
1.157400e-2,1.65524,2054
1.157600e-2,1.66733,2069
1.157800e-2,1.65363,2052
1.158000e-2,1.65604,2055
1.158200e-2,1.66652,2068
1.158400e-2,1.65443,2053
1.158600e-2,1.64315,2039
1.158800e-2,1.66733,2069
1.159000e-2,1.65282,2051
1.159200e-2,1.65040,2048
1.159400e-2,1.66088,2061
1.159600e-2,1.65121,2049
1.159800e-2,1.65604,2055
1.160000e-2,1.65927,2059
1.160200e-2,1.64960,2047
1.160400e-2,1.65524,2054
1.160600e-2,1.65363,2052
1.160800e-2,1.64718,2044
1.161000e-2,1.65363,2052
1.161200e-2,1.65927,2059
1.161400e-2,1.64799,2045
1.161600e-2,1.65685,2056
1.161800e-2,1.66330,2064
1.162000e-2,1.64315,2039
1.162200e-2,1.65685,2056
1.162400e-2,1.66007,2060
1.162600e-2,1.64315,2039
1.162800e-2,1.66652,2068
1.163000e-2,1.65927,2059
1.163200e-2,1.64960,2047
1.163400e-2,1.65846,2058
1.163600e-2,1.65846,2058
1.163800e-2,1.65363,2052
1.164000e-2,1.66249,2063
1.164200e-2,1.65363,2052
1.164400e-2,1.65201,2050
1.164600e-2,1.66491,2066
1.164800e-2,1.65604,2055
1.165000e-2,1.64879,2046
1.165200e-2,1.66410,2065
1.165400e-2,1.65282,2051
1.165600e-2,1.65363,2052
1.165800e-2,1.65846,2058
1.166000e-2,1.64799,2045
1.166200e-2,1.65524,2054
1.166400e-2,1.65685,2056
1.166600e-2,1.64476,2041
1.166800e-2,1.65040,2048
1.167000e-2,1.66088,2061
1.167200e-2,1.64960,2047
1.167400e-2,1.65846,2058
1.167600e-2,1.65927,2059
1.167800e-2,1.64396,2040
1.168000e-2,1.66249,2063
1.168200e-2,1.65766,2057
1.168400e-2,1.65121,2049
1.168600e-2,1.66410,2065
1.168800e-2,1.65363,2052
1.169000e-2,1.65282,2051
1.169200e-2,1.66168,2062
1.169400e-2,1.65443,2053
1.169600e-2,1.64960,2047
1.169800e-2,1.66813,2070
1.170000e-2,1.65685,2056
1.170200e-2,1.65443,2053
1.170400e-2,1.66813,2070
1.170600e-2,1.64718,2044
1.170800e-2,1.65201,2050
1.171000e-2,1.66410,2065
1.171200e-2,1.65524,2054
1.171400e-2,1.65524,2054
1.171600e-2,1.66733,2069
1.171800e-2,1.65685,2056
1.172000e-2,1.65201,2050
1.172200e-2,1.66491,2066
1.172400e-2,1.65363,2052
1.172600e-2,1.65282,2051
1.172800e-2,1.66168,2062
1.173000e-2,1.64960,2047
1.173200e-2,1.65524,2054
1.173400e-2,1.65685,2056
1.173600e-2,1.64879,2046
1.173800e-2,1.65443,2053
1.174000e-2,1.65604,2055
1.174200e-2,1.64396,2040
1.174400e-2,1.65443,2053
1.174600e-2,1.65766,2057
1.174800e-2,1.64637,2043
1.175000e-2,1.65282,2051
1.175200e-2,1.66007,2060
1.175400e-2,1.64396,2040
1.175600e-2,1.65685,2056
1.175800e-2,1.65846,2058
1.176000e-2,1.63993,2035
1.176200e-2,1.65604,2055
1.176400e-2,1.65846,2058
1.176600e-2,1.64315,2039
1.176800e-2,1.65040,2048
1.177000e-2,1.67055,2073
1.177200e-2,1.64637,2043
1.177400e-2,1.65524,2054
1.177600e-2,1.66571,2067
1.177800e-2,1.64637,2043
1.178000e-2,1.65282,2051
1.178200e-2,1.66007,2060
1.178400e-2,1.64234,2038
1.178600e-2,1.65846,2058
1.178800e-2,1.65685,2056
1.179000e-2,1.65201,2050
1.179200e-2,1.66007,2060
1.179400e-2,1.65443,2053
1.179600e-2,1.65604,2055
1.179800e-2,1.66491,2066
1.180000e-2,1.65604,2055
1.180200e-2,1.65363,2052
1.180400e-2,1.66813,2070
1.180600e-2,1.65363,2052
1.180800e-2,1.64960,2047
1.181000e-2,1.65766,2057
1.181200e-2,1.65443,2053
1.181400e-2,1.65524,2054
1.181600e-2,1.66813,2070
1.181800e-2,1.65846,2058
1.182000e-2,1.65201,2050
1.182200e-2,1.66652,2068
1.182400e-2,1.65443,2053
1.182600e-2,1.65201,2050
1.182800e-2,1.66974,2072
1.183000e-2,1.65443,2053
1.183200e-2,1.65201,2050
1.183400e-2,1.66330,2064
1.183600e-2,1.65363,2052
1.183800e-2,1.65282,2051
1.184000e-2,1.66330,2064
1.184200e-2,1.65040,2048
1.184400e-2,1.65282,2051
1.184600e-2,1.66007,2060
1.184800e-2,1.65201,2050
1.185000e-2,1.65604,2055
1.185200e-2,1.66088,2061
1.185400e-2,1.64799,2045
1.185600e-2,1.65363,2052
1.185800e-2,1.65846,2058
1.186000e-2,1.64960,2047
1.186200e-2,1.65363,2052
1.186400e-2,1.65846,2058
1.186600e-2,1.64799,2045
1.186800e-2,1.64799,2045
1.187000e-2,1.65443,2053
1.187200e-2,1.64799,2045
1.187400e-2,1.65604,2055
1.187600e-2,1.66733,2069
1.187800e-2,1.64718,2044
1.188000e-2,1.66652,2068
1.188200e-2,1.65846,2058
1.188400e-2,1.64476,2041
1.188600e-2,1.65524,2054
1.188800e-2,1.65685,2056
1.189000e-2,1.64396,2040
1.189200e-2,1.65685,2056
1.189400e-2,1.65524,2054
1.189600e-2,1.65443,2053
1.189800e-2,1.66168,2062
1.190000e-2,1.65846,2058
1.190200e-2,1.65363,2052
1.190400e-2,1.66491,2066
1.190600e-2,1.65685,2056
1.190800e-2,1.65121,2049
1.191000e-2,1.65443,2053
1.191200e-2,1.65685,2056
1.191400e-2,1.65604,2055
1.191600e-2,1.66571,2067
1.191800e-2,1.65846,2058
1.192000e-2,1.65282,2051
1.192200e-2,1.66491,2066
1.192400e-2,1.65685,2056
1.192600e-2,1.65363,2052
1.192800e-2,1.66330,2064
1.193000e-2,1.65363,2052
1.193200e-2,1.65282,2051
1.193400e-2,1.66652,2068
1.193600e-2,1.64960,2047
1.193800e-2,1.65363,2052
1.194000e-2,1.66571,2067
1.194200e-2,1.65121,2049
1.194400e-2,1.65201,2050
1.194600e-2,1.65927,2059
1.194800e-2,1.65201,2050
1.195000e-2,1.65121,2049
1.195200e-2,1.67216,2075
1.195400e-2,1.65121,2049
1.195600e-2,1.65201,2050
1.195800e-2,1.66168,2062
1.196000e-2,1.64557,2042
1.196200e-2,1.65282,2051
1.196400e-2,1.66410,2065
1.196600e-2,1.65524,2054
1.196800e-2,1.65040,2048
1.197000e-2,1.66410,2065
1.197200e-2,1.65040,2048
1.197400e-2,1.65524,2054
1.197600e-2,1.66894,2071
1.197800e-2,1.64879,2046
1.198000e-2,1.66168,2062
1.198200e-2,1.65685,2056
1.198400e-2,1.64396,2040
1.198600e-2,1.65524,2054
1.198800e-2,1.65927,2059
1.199000e-2,1.64799,2045
1.199200e-2,1.65363,2052
1.199400e-2,1.65282,2051
1.199600e-2,1.64396,2040
1.199800e-2,1.65524,2054
