# MCU_ADC_CAPTURE: ADC3 sampling PA4 through the A2-A5 jumper, TIM8-triggered, DMA2
# capture 12 mode pulse rate 500000 Hz, vref 3.3 V ASSUMED, window HANN, tap RAW_DAC
# NOT an oscilloscope measurement
time_s,volts,adc_counts
0.000000e+0,1.65121,2049
2.000000e-6,1.66733,2069
4.000000e-6,1.65685,2056
6.000000e-6,1.65282,2051
8.000000e-6,1.66733,2069
1.000000e-5,1.65443,2053
1.200000e-5,1.65766,2057
1.400000e-5,1.66733,2069
1.600000e-5,1.65443,2053
1.800000e-5,1.65443,2053
2.000000e-5,1.66088,2061
2.200000e-5,1.65282,2051
2.400000e-5,1.64799,2045
2.600000e-5,1.65766,2057
2.800000e-5,1.64879,2046
3.000000e-5,1.65443,2053
3.200000e-5,1.66007,2060
3.400000e-5,1.64799,2045
3.600000e-5,1.65443,2053
3.800000e-5,1.66088,2061
4.000000e-5,1.64637,2043
4.200000e-5,1.65766,2057
4.400000e-5,1.66088,2061
4.600000e-5,1.63993,2035
4.800000e-5,1.65927,2059
5.000000e-5,1.66088,2061
5.200000e-5,1.64799,2045
5.400000e-5,1.66007,2060
5.600000e-5,1.65927,2059
5.800000e-5,1.64799,2045
6.000000e-5,1.66249,2063
6.200000e-5,1.65766,2057
6.400000e-5,1.65121,2049
6.600000e-5,1.66733,2069
6.800000e-5,1.65282,2051
7.000000e-5,1.65282,2051
7.200000e-5,1.66733,2069
7.400000e-5,1.65443,2053
7.600000e-5,1.65282,2051
7.800000e-5,1.66894,2071
8.000000e-5,1.65443,2053
8.200000e-5,1.65121,2049
8.400000e-5,1.66652,2068
8.600000e-5,1.65121,2049
8.800000e-5,1.65282,2051
9.000000e-5,1.66168,2062
9.200000e-5,1.65121,2049
9.400000e-5,1.65443,2053
9.600000e-5,1.66007,2060
9.800000e-5,1.64799,2045
1.000000e-4,1.65766,2057
1.020000e-4,1.66007,2060
1.040000e-4,1.64234,2038
1.060000e-4,1.65685,2056
1.080000e-4,1.66007,2060
1.100000e-4,1.64476,2041
1.120000e-4,1.66088,2061
1.140000e-4,1.65927,2059
1.160000e-4,1.65040,2048
1.180000e-4,1.66088,2061
1.200000e-4,1.66007,2060
1.220000e-4,1.65443,2053
1.240000e-4,1.66088,2061
1.260000e-4,1.65927,2059
1.280000e-4,1.65685,2056
1.300000e-4,1.66088,2061
1.320000e-4,1.65927,2059
1.340000e-4,1.64799,2045
1.360000e-4,1.66088,2061
1.380000e-4,1.65927,2059
1.400000e-4,1.65040,2048
1.420000e-4,1.66652,2068
1.440000e-4,1.65766,2057
1.460000e-4,1.65201,2050
1.480000e-4,1.66330,2064
1.500000e-4,1.65685,2056
1.520000e-4,1.65282,2051
1.540000e-4,1.66330,2064
1.560000e-4,1.66249,2063
1.580000e-4,1.65282,2051
1.600000e-4,1.66410,2065
1.620000e-4,1.65766,2057
1.640000e-4,1.65363,2052
1.660000e-4,1.66652,2068
1.680000e-4,1.65685,2056
1.700000e-4,1.65363,2052
1.720000e-4,1.67055,2073
1.740000e-4,1.65363,2052
1.760000e-4,1.65363,2052
1.780000e-4,1.66733,2069
1.800000e-4,1.65121,2049
1.820000e-4,1.65604,2055
1.840000e-4,1.66088,2061
1.860000e-4,1.65040,2048
1.880000e-4,1.65443,2053
1.900000e-4,1.65282,2051
1.920000e-4,1.64637,2043
1.940000e-4,1.65685,2056
1.960000e-4,1.66088,2061
1.980000e-4,1.64637,2043
2.000000e-4,1.65766,2057
2.020000e-4,1.65685,2056
2.040000e-4,1.64637,2043
2.060000e-4,1.66007,2060
2.080000e-4,1.66088,2061
2.100000e-4,1.65121,2049
2.120000e-4,1.66088,2061
2.140000e-4,1.65524,2054
2.160000e-4,1.65282,2051
2.180000e-4,1.66410,2065
2.200000e-4,1.65766,2057
2.220000e-4,1.65282,2051
2.240000e-4,1.66733,2069
2.260000e-4,1.65766,2057
2.280000e-4,1.66088,2061
2.300000e-4,1.66894,2071
2.320000e-4,1.65443,2053
2.340000e-4,1.65363,2052
2.360000e-4,1.66733,2069
2.380000e-4,1.65282,2051
2.400000e-4,1.66088,2061
2.420000e-4,1.66088,2061
2.440000e-4,1.64960,2047
2.460000e-4,1.65443,2053
2.480000e-4,1.65927,2059
2.500000e-4,1.64718,2044
2.520000e-4,1.65443,2053
2.540000e-4,1.66652,2068
2.560000e-4,1.64637,2043
2.580000e-4,1.65443,2053
2.600000e-4,1.65766,2057
2.620000e-4,1.64637,2043
2.640000e-4,1.65685,2056
2.660000e-4,1.65685,2056
2.680000e-4,1.64476,2041
2.700000e-4,1.65766,2057
2.720000e-4,1.65927,2059
2.740000e-4,1.64396,2040
2.760000e-4,1.65766,2057
2.780000e-4,1.65121,2049
2.800000e-4,1.64960,2047
2.820000e-4,1.65927,2059
2.840000e-4,1.65766,2057
2.860000e-4,1.65443,2053
2.880000e-4,1.66410,2065
2.900000e-4,1.66088,2061
2.920000e-4,1.65443,2053
2.940000e-4,1.66571,2067
2.960000e-4,1.65685,2056
2.980000e-4,1.65201,2050
3.000000e-4,1.66168,2062
3.020000e-4,1.66007,2060
3.040000e-4,1.65685,2056
3.060000e-4,1.66249,2063
3.080000e-4,1.65282,2051
3.100000e-4,1.65363,2052
3.120000e-4,1.66410,2065
3.140000e-4,1.66410,2065
3.160000e-4,1.65363,2052
3.180000e-4,1.67216,2075
3.200000e-4,1.66330,2064
3.220000e-4,1.65201,2050
3.240000e-4,1.66571,2067
3.260000e-4,1.65201,2050
3.280000e-4,1.65524,2054
3.300000e-4,1.66410,2065
3.320000e-4,1.64960,2047
3.340000e-4,1.65524,2054
3.360000e-4,1.65685,2056
3.380000e-4,1.64315,2039
3.400000e-4,1.65604,2055
3.420000e-4,1.65927,2059
3.440000e-4,1.64234,2038
3.460000e-4,1.65443,2053
3.480000e-4,1.66007,2060
3.500000e-4,1.64396,2040
3.520000e-4,1.65846,2058
3.540000e-4,1.67055,2073
3.560000e-4,1.63993,2035
3.580000e-4,1.66330,2064
3.600000e-4,1.66088,2061
3.620000e-4,1.64637,2043
3.640000e-4,1.66330,2064
3.660000e-4,1.64879,2046
3.680000e-4,1.64476,2041
3.700000e-4,1.65201,2050
3.720000e-4,1.65282,2051
3.740000e-4,1.65040,2048
3.760000e-4,1.65604,2055
3.780000e-4,1.66007,2060
3.800000e-4,1.66974,2072
3.820000e-4,1.67458,2078
3.840000e-4,1.66571,2067
3.860000e-4,1.65443,2053
3.880000e-4,1.66813,2070
3.900000e-4,1.64718,2044
3.920000e-4,1.64557,2042
3.940000e-4,1.64879,2046
3.960000e-4,1.64154,2037
3.980000e-4,1.63993,2035
4.000000e-4,1.65846,2058
4.020000e-4,1.65040,2048
4.040000e-4,1.66410,2065
4.060000e-4,1.66894,2071
4.080000e-4,1.66733,2069
4.100000e-4,1.66088,2061
4.120000e-4,1.66410,2065
4.140000e-4,1.65040,2048
4.160000e-4,1.64637,2043
4.180000e-4,1.64234,2038
4.200000e-4,1.62381,2015
4.220000e-4,1.63670,2031
4.240000e-4,1.64879,2046
4.260000e-4,1.64718,2044
4.280000e-4,1.67136,2074
4.300000e-4,1.67941,2084
4.320000e-4,1.66733,2069
4.340000e-4,1.67861,2083
4.360000e-4,1.67377,2077
4.380000e-4,1.65040,2048
4.400000e-4,1.64799,2045
4.420000e-4,1.63429,2028
4.440000e-4,1.62542,2017
4.460000e-4,1.63429,2028
4.480000e-4,1.63670,2031
4.500000e-4,1.64234,2038
4.520000e-4,1.67377,2077
4.540000e-4,1.67216,2075
4.560000e-4,1.68264,2088
4.580000e-4,1.69875,2108
4.600000e-4,1.67780,2082
4.620000e-4,1.65927,2059
4.640000e-4,1.65282,2051
4.660000e-4,1.62623,2018
4.680000e-4,1.61817,2008
4.700000e-4,1.62623,2018
4.720000e-4,1.62300,2014
4.740000e-4,1.64396,2040
4.760000e-4,1.66733,2069
4.780000e-4,1.67216,2075
4.800000e-4,1.68747,2094
4.820000e-4,1.70117,2111
4.840000e-4,1.68425,2090
4.860000e-4,1.67619,2080
4.880000e-4,1.65363,2052
4.900000e-4,1.61897,2009
4.920000e-4,1.61253,2001
4.940000e-4,1.60608,1993
4.960000e-4,1.59883,1984
4.980000e-4,1.62784,2020
5.000000e-4,1.65363,2052
5.020000e-4,1.66813,2070
5.040000e-4,1.70198,2112
5.060000e-4,1.71487,2128
5.080000e-4,1.69714,2106
5.100000e-4,1.69634,2105
5.120000e-4,1.66652,2068
5.140000e-4,1.62381,2015
5.160000e-4,1.61011,1998
5.180000e-4,1.59480,1979
5.200000e-4,1.58352,1965
5.220000e-4,1.61092,1999
5.240000e-4,1.63106,2024
5.260000e-4,1.66733,2069
5.280000e-4,1.70923,2121
5.300000e-4,1.73179,2149
5.320000e-4,1.73099,2148
5.340000e-4,1.72212,2137
5.360000e-4,1.68425,2090
5.380000e-4,1.64073,2036
5.400000e-4,1.62623,2018
5.420000e-4,1.58593,1968
5.440000e-4,1.57385,1953
5.460000e-4,1.60447,1991
5.480000e-4,1.61817,2008
5.500000e-4,1.65766,2057
5.520000e-4,1.70440,2115
5.540000e-4,1.72454,2140
5.560000e-4,1.73744,2156
5.580000e-4,1.73582,2154
5.600000e-4,1.69311,2101
5.620000e-4,1.65443,2053
5.640000e-4,1.61333,2002
5.660000e-4,1.56579,1943
5.680000e-4,1.55289,1927
5.700000e-4,1.56579,1943
5.720000e-4,1.58674,1969
5.740000e-4,1.64879,2046
5.760000e-4,1.69634,2105
5.780000e-4,1.72374,2139
5.800000e-4,1.76000,2184
5.820000e-4,1.75678,2180
5.840000e-4,1.71165,2124
5.860000e-4,1.67619,2080
5.880000e-4,1.62139,2012
5.900000e-4,1.56498,1942
5.920000e-4,1.54725,1920
5.940000e-4,1.54484,1917
5.960000e-4,1.56740,1945
5.980000e-4,1.63026,2023
6.000000e-4,1.68344,2089
6.020000e-4,1.73582,2154
6.040000e-4,1.77853,2207
6.060000e-4,1.77612,2204
6.080000e-4,1.74711,2168
6.100000e-4,1.70681,2118
6.120000e-4,1.63670,2031
6.140000e-4,1.57304,1952
6.160000e-4,1.54645,1919
6.180000e-4,1.52549,1893
6.200000e-4,1.54645,1919
6.220000e-4,1.61011,1998
6.240000e-4,1.66410,2065
6.260000e-4,1.72857,2145
6.280000e-4,1.78982,2221
6.300000e-4,1.79143,2223
6.320000e-4,1.77289,2200
6.340000e-4,1.73582,2154
6.360000e-4,1.65846,2058
6.380000e-4,1.57788,1958
6.400000e-4,1.54161,1913
6.420000e-4,1.50454,1867
6.440000e-4,1.51744,1883
6.460000e-4,1.58190,1963
6.480000e-4,1.64234,2038
6.500000e-4,1.71810,2132
6.520000e-4,1.79304,2225
6.540000e-4,1.81238,2249
6.560000e-4,1.79949,2233
6.580000e-4,1.76403,2189
6.600000e-4,1.67861,2083
6.620000e-4,1.59238,1976
6.640000e-4,1.53597,1906
6.660000e-4,1.47714,1833
6.680000e-4,1.49084,1850
6.700000e-4,1.54645,1919
6.720000e-4,1.61092,1999
6.740000e-4,1.69956,2109
6.760000e-4,1.78176,2211
6.780000e-4,1.82286,2262
6.800000e-4,1.82930,2270
6.820000e-4,1.79143,2223
6.840000e-4,1.70520,2116
6.860000e-4,1.61495,2004
6.880000e-4,1.53355,1903
6.900000e-4,1.46586,1819
6.920000e-4,1.46989,1824
6.940000e-4,1.50938,1873
6.960000e-4,1.57304,1952
6.980000e-4,1.68264,2088
7.000000e-4,1.76967,2196
7.020000e-4,1.82689,2267
7.040000e-4,1.85590,2303
7.060000e-4,1.82205,2261
7.080000e-4,1.73260,2150
7.100000e-4,1.63832,2033
7.120000e-4,1.54242,1914
7.140000e-4,1.45780,1809
7.160000e-4,1.44410,1792
7.180000e-4,1.47795,1834
7.200000e-4,1.53919,1910
7.220000e-4,1.65846,2058
7.240000e-4,1.76967,2196
7.260000e-4,1.83495,2277
7.280000e-4,1.88088,2334
7.300000e-4,1.85670,2304
7.320000e-4,1.76886,2195
7.340000e-4,1.67055,2073
7.360000e-4,1.55451,1929
7.380000e-4,1.45700,1808
7.400000e-4,1.42637,1770
7.420000e-4,1.44974,1799
7.440000e-4,1.51179,1876
7.460000e-4,1.63751,2032
7.480000e-4,1.74952,2171
7.500000e-4,1.84462,2289
7.520000e-4,1.90264,2361
7.540000e-4,1.88894,2344
7.560000e-4,1.80674,2242
7.580000e-4,1.70923,2121
7.600000e-4,1.57062,1949
7.620000e-4,1.45619,1807
7.640000e-4,1.41670,1758
7.660000e-4,1.40945,1749
7.680000e-4,1.48601,1844
7.700000e-4,1.60769,1995
7.720000e-4,1.72293,2138
7.740000e-4,1.83897,2282
7.760000e-4,1.91714,2379
7.780000e-4,1.90747,2367
7.800000e-4,1.84462,2289
7.820000e-4,1.72938,2146
7.840000e-4,1.57949,1960
7.860000e-4,1.47231,1827
7.880000e-4,1.39656,1733
7.900000e-4,1.37399,1705
7.920000e-4,1.44733,1796
7.940000e-4,1.55773,1933
7.960000e-4,1.69392,2102
7.980000e-4,1.83656,2279
8.000000e-4,1.92278,2386
8.020000e-4,1.92681,2391
8.040000e-4,1.88571,2340
8.060000e-4,1.76806,2194
8.080000e-4,1.60608,1993
8.100000e-4,1.48520,1843
8.120000e-4,1.38205,1715
8.140000e-4,1.35465,1681
8.160000e-4,1.41429,1755
8.180000e-4,1.52469,1892
8.200000e-4,1.67136,2074
8.220000e-4,1.82930,2270
8.240000e-4,1.93084,2396
8.260000e-4,1.95985,2432
8.280000e-4,1.92359,2387
8.300000e-4,1.80916,2245
8.320000e-4,1.64799,2045
8.340000e-4,1.50212,1864
8.360000e-4,1.38044,1713
8.380000e-4,1.33451,1656
8.400000e-4,1.38286,1716
8.420000e-4,1.48681,1845
8.440000e-4,1.64234,2038
8.460000e-4,1.80835,2244
8.480000e-4,1.92842,2393
8.500000e-4,1.98081,2458
8.520000e-4,1.96388,2437
8.540000e-4,1.84220,2286
8.560000e-4,1.67780,2082
8.580000e-4,1.52066,1887
8.600000e-4,1.38608,1720
8.620000e-4,1.31114,1627
8.640000e-4,1.35062,1676
8.660000e-4,1.44007,1787
8.680000e-4,1.61253,2001
8.700000e-4,1.78418,2214
8.720000e-4,1.92359,2387
8.740000e-4,2.00176,2484
8.760000e-4,1.98886,2468
8.780000e-4,1.87040,2321
8.800000e-4,1.71165,2124
8.820000e-4,1.53516,1905
8.840000e-4,1.36835,1698
8.860000e-4,1.29905,1612
8.880000e-4,1.31114,1627
8.900000e-4,1.40059,1738
8.920000e-4,1.58432,1966
8.940000e-4,1.77209,2199
8.960000e-4,1.91956,2382
8.980000e-4,2.02029,2507
9.000000e-4,2.01143,2496
9.020000e-4,1.91150,2372
9.040000e-4,1.74549,2166
9.060000e-4,1.55370,1928
9.080000e-4,1.37077,1701
9.100000e-4,1.28454,1594
9.120000e-4,1.28293,1592
9.140000e-4,1.37560,1707
9.160000e-4,1.55128,1925
9.180000e-4,1.75033,2172
9.200000e-4,1.91634,2378
9.220000e-4,2.03560,2526
9.240000e-4,2.04044,2532
9.260000e-4,1.94535,2414
9.280000e-4,1.78176,2211
9.300000e-4,1.57788,1958
9.320000e-4,1.37641,1708
9.340000e-4,1.28212,1591
9.360000e-4,1.25795,1561
9.380000e-4,1.34418,1668
9.400000e-4,1.52388,1891
9.420000e-4,1.72615,2142
9.440000e-4,1.91634,2378
9.460000e-4,2.04769,2541
9.480000e-4,2.06945,2568
9.500000e-4,1.97919,2456
9.520000e-4,1.81560,2253
9.540000e-4,1.60286,1989
9.560000e-4,1.40381,1742
9.580000e-4,1.27729,1585
9.600000e-4,1.23216,1529
9.620000e-4,1.31114,1627
9.640000e-4,1.49487,1855
9.660000e-4,1.70359,2114
9.680000e-4,1.90505,2364
9.700000e-4,2.05736,2553
9.720000e-4,2.08476,2587
9.740000e-4,2.00901,2493
9.760000e-4,1.85026,2296
9.780000e-4,1.61656,2006
9.800000e-4,1.40220,1740
9.820000e-4,1.26359,1568
9.840000e-4,1.20234,1492
9.860000e-4,1.28132,1590
9.880000e-4,1.45941,1811
9.900000e-4,1.67941,2084
9.920000e-4,1.90667,2366
9.940000e-4,2.05414,2549
9.960000e-4,2.10007,2606
9.980000e-4,2.03480,2525
1.000000e-3,1.87363,2325
1.002000e-3,1.63026,2023
1.004000e-3,1.41026,1750
1.006000e-3,1.25150,1553
1.008000e-3,1.18300,1468
1.010000e-3,1.26198,1566
1.012000e-3,1.43524,1781
1.014000e-3,1.65685,2056
1.016000e-3,1.90103,2359
1.018000e-3,2.06542,2563
1.020000e-3,2.11538,2625
1.022000e-3,2.06059,2557
1.024000e-3,1.90667,2366
1.026000e-3,1.64799,2045
1.028000e-3,1.42637,1770
1.030000e-3,1.25070,1552
1.032000e-3,1.16769,1449
1.034000e-3,1.24264,1542
1.036000e-3,1.40623,1745
1.038000e-3,1.63590,2030
1.040000e-3,1.89458,2351
1.042000e-3,2.06462,2562
1.044000e-3,2.13553,2650
1.046000e-3,2.09604,2601
1.048000e-3,1.91956,2382
1.050000e-3,1.67619,2080
1.052000e-3,1.44168,1789
1.054000e-3,1.23538,1533
1.056000e-3,1.15802,1437
1.058000e-3,1.22330,1518
1.060000e-3,1.37963,1712
1.062000e-3,1.62139,2012
1.064000e-3,1.88168,2335
1.066000e-3,2.06381,2561
1.068000e-3,2.14842,2666
1.070000e-3,2.11297,2622
1.072000e-3,1.93487,2401
1.074000e-3,1.69231,2100
1.076000e-3,1.44088,1788
1.078000e-3,1.22974,1526
1.080000e-3,1.14755,1424
1.082000e-3,1.19993,1489
1.084000e-3,1.35546,1682
1.086000e-3,1.60689,1994
1.088000e-3,1.87685,2329
1.090000e-3,2.06462,2562
1.092000e-3,2.16293,2684
1.094000e-3,2.12747,2640
1.096000e-3,1.94212,2410
1.098000e-3,1.69875,2108
1.100000e-3,1.44088,1788
1.102000e-3,1.22168,1516
1.104000e-3,1.13143,1404
1.106000e-3,1.18300,1468
1.108000e-3,1.34015,1663
1.110000e-3,1.60286,1989
1.112000e-3,1.86718,2317
1.114000e-3,2.06784,2566
1.116000e-3,2.17824,2703
1.118000e-3,2.14359,2660
1.120000e-3,1.96147,2434
1.122000e-3,1.71245,2125
1.124000e-3,1.44894,1798
1.126000e-3,1.21685,1510
1.128000e-3,1.12982,1402
1.130000e-3,1.17333,1456
1.132000e-3,1.32645,1646
1.134000e-3,1.59158,1975
1.136000e-3,1.87040,2321
1.138000e-3,2.07912,2580
1.140000e-3,2.18549,2712
1.142000e-3,2.15245,2671
1.144000e-3,1.97919,2456
1.146000e-3,1.72535,2141
1.148000e-3,1.44168,1789
1.150000e-3,1.21685,1510
1.152000e-3,1.12176,1392
1.154000e-3,1.15560,1434
1.156000e-3,1.32484,1644
1.158000e-3,1.60125,1987
1.160000e-3,1.86960,2320
1.162000e-3,2.08879,2592
1.164000e-3,2.20725,2739
1.166000e-3,2.15568,2675
1.168000e-3,1.98161,2459
1.170000e-3,1.73179,2149
1.172000e-3,1.43524,1781
1.174000e-3,1.21040,1502
1.176000e-3,1.11612,1385
1.178000e-3,1.14835,1425
1.180000e-3,1.32645,1646
1.182000e-3,1.59722,1982
1.184000e-3,1.86557,2315
1.186000e-3,2.09524,2600
1.188000e-3,2.20645,2738
1.190000e-3,2.15648,2676
1.192000e-3,1.99289,2473
1.194000e-3,1.72212,2137
1.196000e-3,1.41912,1761
1.198000e-3,1.20315,1493
1.200000e-3,1.10000,1365
1.202000e-3,1.13465,1408
1.204000e-3,1.32725,1647
1.206000e-3,1.59963,1985
1.208000e-3,1.87927,2332
1.210000e-3,2.10410,2611
1.212000e-3,2.21289,2746
1.214000e-3,2.15890,2679
1.216000e-3,1.98322,2461
1.218000e-3,1.71165,2124
1.220000e-3,1.41187,1752
1.222000e-3,1.19429,1482
1.224000e-3,1.09355,1357
1.226000e-3,1.12418,1395
1.228000e-3,1.32967,1650
1.230000e-3,1.60205,1988
1.232000e-3,1.88974,2345
1.234000e-3,2.12103,2632
1.236000e-3,2.22498,2761
1.238000e-3,2.15971,2680
1.240000e-3,1.97678,2453
1.242000e-3,1.70198,2112
1.244000e-3,1.40462,1743
1.246000e-3,1.17495,1458
1.248000e-3,1.08952,1352
1.250000e-3,1.13546,1409
1.252000e-3,1.34015,1663
1.254000e-3,1.62300,2014
1.256000e-3,1.90264,2361
1.258000e-3,2.12747,2640
1.260000e-3,2.22982,2767
1.262000e-3,2.15729,2677
1.264000e-3,1.96388,2437
1.266000e-3,1.68667,2093
1.268000e-3,1.37883,1711
1.270000e-3,1.16850,1450
1.272000e-3,1.07824,1338
1.274000e-3,1.14432,1420
1.276000e-3,1.34659,1671
1.278000e-3,1.64476,2041
1.280000e-3,1.92440,2388
1.282000e-3,2.13956,2655
1.284000e-3,2.23626,2775
1.286000e-3,2.15326,2672
1.288000e-3,1.94696,2416
1.290000e-3,1.67458,2078
1.292000e-3,1.36835,1698
1.294000e-3,1.15238,1430
1.296000e-3,1.08952,1352
1.298000e-3,1.15641,1435
1.300000e-3,1.36916,1699
1.302000e-3,1.67377,2077
1.304000e-3,1.94696,2416
1.306000e-3,2.15487,2674
1.308000e-3,2.23385,2772
1.310000e-3,2.14440,2661
1.312000e-3,1.92440,2388
1.314000e-3,1.64637,2043
1.316000e-3,1.34579,1670
1.318000e-3,1.14271,1418
1.320000e-3,1.09516,1359
1.322000e-3,1.17414,1457
1.324000e-3,1.39414,1730
1.326000e-3,1.69956,2109
1.328000e-3,1.97033,2445
1.330000e-3,2.16374,2685
1.332000e-3,2.23223,2770
1.334000e-3,2.12908,2642
1.336000e-3,1.89861,2356
1.338000e-3,1.61736,2007
1.340000e-3,1.32484,1644
1.342000e-3,1.13062,1403
1.344000e-3,1.10000,1365
1.346000e-3,1.19026,1477
1.348000e-3,1.42154,1764
1.350000e-3,1.73985,2159
1.352000e-3,1.99048,2470
1.354000e-3,2.17421,2698
1.356000e-3,2.23223,2770
1.358000e-3,2.10733,2615
1.360000e-3,1.86396,2313
1.362000e-3,1.57546,1955
1.364000e-3,1.29582,1608
1.366000e-3,1.12418,1395
1.368000e-3,1.09678,1361
1.370000e-3,1.20960,1501
1.372000e-3,1.45780,1809
1.374000e-3,1.75839,2182
1.376000e-3,2.01143,2496
1.378000e-3,2.17905,2704
1.380000e-3,2.21289,2746
1.382000e-3,2.07751,2578
1.384000e-3,1.83172,2273
1.386000e-3,1.54725,1920
1.388000e-3,1.28212,1591
1.390000e-3,1.11612,1385
1.392000e-3,1.11209,1380
1.394000e-3,1.24103,1540
1.396000e-3,1.49326,1853
1.398000e-3,1.79868,2232
1.400000e-3,2.03883,2530
1.402000e-3,2.18711,2714
1.404000e-3,2.20564,2737
1.406000e-3,2.04608,2539
1.408000e-3,1.79223,2224
1.410000e-3,1.51260,1877
1.412000e-3,1.24908,1550
1.414000e-3,1.10886,1376
1.416000e-3,1.13465,1408
1.418000e-3,1.27648,1584
1.420000e-3,1.53678,1907
1.422000e-3,1.83736,2280
1.424000e-3,2.06462,2562
1.426000e-3,2.19194,2720
1.428000e-3,2.18630,2713
1.430000e-3,2.01143,2496
1.432000e-3,1.74469,2165
1.434000e-3,1.47311,1828
1.436000e-3,1.22733,1523
1.438000e-3,1.10967,1377
1.440000e-3,1.15802,1437
1.442000e-3,1.31355,1630
1.444000e-3,1.58352,1965
1.446000e-3,1.87604,2328
1.448000e-3,2.08637,2589
1.450000e-3,2.19114,2719
1.452000e-3,2.16293,2684
1.454000e-3,1.96630,2440
1.456000e-3,1.70278,2113
1.458000e-3,1.42960,1774
1.460000e-3,1.19670,1485
1.462000e-3,1.11531,1384
1.464000e-3,1.18542,1471
1.466000e-3,1.35949,1687
1.468000e-3,1.63187,2025
1.470000e-3,1.90908,2369
1.472000e-3,2.10330,2610
1.474000e-3,2.17985,2705
1.476000e-3,2.12103,2632
1.478000e-3,1.91956,2382
1.480000e-3,1.64799,2045
1.482000e-3,1.38366,1717
1.484000e-3,1.18139,1466
1.486000e-3,1.12498,1396
1.488000e-3,1.22330,1518
1.490000e-3,1.40945,1749
1.492000e-3,1.68586,2092
1.494000e-3,1.95341,2424
1.496000e-3,2.11861,2629
1.498000e-3,2.16696,2689
1.500000e-3,2.08073,2582
1.502000e-3,1.86073,2309
1.504000e-3,1.59560,1980
1.506000e-3,1.34740,1672
1.508000e-3,1.16769,1449
1.510000e-3,1.14513,1421
1.512000e-3,1.25553,1558
1.514000e-3,1.46183,1814
1.516000e-3,1.74066,2160
1.518000e-3,1.98645,2465
1.520000e-3,2.12425,2636
1.522000e-3,2.15004,2668
1.524000e-3,2.03641,2527
1.526000e-3,1.80835,2244
1.528000e-3,1.54081,1912
1.530000e-3,1.31758,1635
1.532000e-3,1.17011,1452
1.534000e-3,1.17011,1452
1.536000e-3,1.30872,1624
1.538000e-3,1.52469,1892
1.540000e-3,1.78901,2220
1.542000e-3,2.02190,2509
1.544000e-3,2.12828,2641
1.546000e-3,2.12264,2634
1.548000e-3,1.99531,2476
1.550000e-3,1.74791,2169
1.552000e-3,1.49084,1850
1.554000e-3,1.29582,1608
1.556000e-3,1.17414,1457
1.558000e-3,1.19912,1488
1.560000e-3,1.36352,1692
1.562000e-3,1.59077,1974
1.564000e-3,1.83575,2278
1.566000e-3,2.04447,2537
1.568000e-3,2.12989,2643
1.570000e-3,2.09201,2596
1.572000e-3,1.93487,2401
1.574000e-3,1.69311,2101
1.576000e-3,1.44168,1789
1.578000e-3,1.26762,1573
1.580000e-3,1.18300,1468
1.582000e-3,1.23780,1536
1.584000e-3,1.42476,1768
1.586000e-3,1.64799,2045
1.588000e-3,1.88088,2334
1.590000e-3,2.06300,2560
1.592000e-3,2.11700,2627
1.594000e-3,2.04527,2538
1.596000e-3,1.87927,2332
1.598000e-3,1.63509,2029
1.600000e-3,1.40139,1739
1.602000e-3,1.24828,1549
1.604000e-3,1.21040,1502
1.606000e-3,1.28454,1594
1.608000e-3,1.48278,1840
1.610000e-3,1.70520,2116
1.612000e-3,1.92117,2384
1.614000e-3,2.07590,2576
1.616000e-3,2.09121,2595
1.618000e-3,1.99692,2478
1.620000e-3,1.82125,2260
1.622000e-3,1.57465,1954
1.624000e-3,1.36110,1689
1.626000e-3,1.25070,1552
1.628000e-3,1.22894,1525
1.630000e-3,1.33692,1659
1.632000e-3,1.55048,1924
1.634000e-3,1.77128,2198
1.636000e-3,1.95744,2429
1.638000e-3,2.07993,2581
1.640000e-3,2.06220,2559
1.642000e-3,1.93890,2406
1.644000e-3,1.74791,2169
1.646000e-3,1.52872,1897
1.648000e-3,1.33209,1653
1.650000e-3,1.24747,1548
1.652000e-3,1.27004,1576
1.654000e-3,1.39495,1731
1.656000e-3,1.60689,1994
1.658000e-3,1.81480,2252
1.660000e-3,1.98322,2461
1.662000e-3,2.06784,2566
1.664000e-3,2.02513,2513
1.666000e-3,1.87685,2329
1.668000e-3,1.68425,2090
1.670000e-3,1.46908,1823
1.672000e-3,1.30711,1622
1.674000e-3,1.26601,1571
1.676000e-3,1.30791,1623
1.678000e-3,1.45861,1810
1.680000e-3,1.67136,2074
1.682000e-3,1.86557,2315
1.684000e-3,1.99451,2475
1.686000e-3,2.04850,2542
1.688000e-3,1.97597,2452
1.690000e-3,1.81399,2251
1.692000e-3,1.61897,2009
1.694000e-3,1.42960,1774
1.696000e-3,1.29179,1603
1.698000e-3,1.28696,1597
1.700000e-3,1.36916,1699
1.702000e-3,1.51582,1881
1.704000e-3,1.72938,2146
1.706000e-3,1.90586,2365
1.708000e-3,1.99531,2476
1.710000e-3,2.01143,2496
1.712000e-3,1.91956,2382
1.714000e-3,1.73905,2158
1.716000e-3,1.55451,1929
1.718000e-3,1.40059,1738
1.720000e-3,1.29582,1608
1.722000e-3,1.31275,1629
1.724000e-3,1.42637,1770
1.726000e-3,1.58352,1965
1.728000e-3,1.77934,2208
1.730000e-3,1.93165,2397
1.732000e-3,1.99451,2475
1.734000e-3,1.97275,2448
1.736000e-3,1.86315,2312
1.738000e-3,1.68264,2088
1.740000e-3,1.50374,1866
1.742000e-3,1.37722,1709
1.744000e-3,1.31597,1633
1.746000e-3,1.34579,1670
1.748000e-3,1.49568,1856
1.750000e-3,1.65121,2049
1.752000e-3,1.82205,2261
1.754000e-3,1.95582,2427
1.756000e-3,1.97758,2454
1.758000e-3,1.92601,2390
1.760000e-3,1.81158,2248
1.762000e-3,1.62864,2021
1.764000e-3,1.46667,1820
1.766000e-3,1.36755,1697
1.768000e-3,1.33934,1662
1.770000e-3,1.40784,1747
1.772000e-3,1.54806,1921
1.774000e-3,1.71729,2131
1.776000e-3,1.85670,2304
1.778000e-3,1.95421,2425
1.780000e-3,1.95744,2429
1.782000e-3,1.87363,2325
1.784000e-3,1.74469,2165
1.786000e-3,1.56095,1937
1.788000e-3,1.43363,1779
1.790000e-3,1.36996,1700
1.792000e-3,1.36916,1699
1.794000e-3,1.46344,1816
1.796000e-3,1.60930,1997
1.798000e-3,1.75436,2177
1.800000e-3,1.87927,2332
1.802000e-3,1.93648,2403
1.804000e-3,1.90667,2366
1.806000e-3,1.81722,2255
1.808000e-3,1.67861,2083
1.810000e-3,1.52469,1892
1.812000e-3,1.42234,1765
1.814000e-3,1.37883,1711
1.816000e-3,1.40945,1749
1.818000e-3,1.52147,1888
1.820000e-3,1.66491,2066
1.822000e-3,1.78821,2219
1.824000e-3,1.88894,2344
1.826000e-3,1.91795,2380
1.828000e-3,1.86234,2311
1.830000e-3,1.75839,2182
1.832000e-3,1.62300,2014
1.834000e-3,1.48923,1848
1.836000e-3,1.41429,1755
1.838000e-3,1.40945,1749
1.840000e-3,1.45538,1806
1.842000e-3,1.57707,1957
1.844000e-3,1.71648,2130
1.846000e-3,1.82286,2262
1.848000e-3,1.89861,2356
1.850000e-3,1.88974,2345
1.852000e-3,1.81238,2249
1.854000e-3,1.69795,2107
1.856000e-3,1.58029,1961
1.858000e-3,1.47070,1825
1.860000e-3,1.42396,1767
1.862000e-3,1.45216,1802
1.864000e-3,1.51099,1875
1.866000e-3,1.62945,2022
1.868000e-3,1.76161,2186
1.870000e-3,1.83575,2278
1.872000e-3,1.87846,2331
1.874000e-3,1.85267,2299
1.876000e-3,1.75839,2182
1.878000e-3,1.64476,2041
1.880000e-3,1.54645,1919
1.882000e-3,1.45700,1808
1.884000e-3,1.44733,1796
1.886000e-3,1.48681,1845
1.888000e-3,1.56659,1944
1.890000e-3,1.68103,2086
1.892000e-3,1.78498,2215
1.894000e-3,1.83333,2275
1.896000e-3,1.85670,2304
1.898000e-3,1.80593,2241
1.900000e-3,1.70520,2116
1.902000e-3,1.61011,1998
1.904000e-3,1.52227,1889
1.906000e-3,1.45700,1808
1.908000e-3,1.46747,1821
1.910000e-3,1.52469,1892
1.912000e-3,1.60769,1995
1.914000e-3,1.72051,2135
1.916000e-3,1.80513,2240
1.918000e-3,1.82850,2269
1.920000e-3,1.81560,2253
1.922000e-3,1.76403,2189
1.924000e-3,1.65766,2057
1.926000e-3,1.57465,1954
1.928000e-3,1.51018,1874
1.930000e-3,1.47070,1825
1.932000e-3,1.50857,1872
1.934000e-3,1.57385,1953
1.936000e-3,1.65524,2054
1.938000e-3,1.75839,2182
1.940000e-3,1.80916,2245
1.942000e-3,1.80835,2244
1.944000e-3,1.78982,2221
1.946000e-3,1.71810,2132
1.948000e-3,1.62300,2014
1.950000e-3,1.56659,1944
1.952000e-3,1.50535,1868
1.954000e-3,1.49890,1860
1.956000e-3,1.55370,1928
1.958000e-3,1.61817,2008
1.960000e-3,1.69392,2102
1.962000e-3,1.77289,2200
1.964000e-3,1.80190,2236
1.966000e-3,1.78982,2221
1.968000e-3,1.75355,2176
1.970000e-3,1.67538,2079
1.972000e-3,1.59560,1980
1.974000e-3,1.55773,1933
1.976000e-3,1.51824,1884
1.978000e-3,1.52711,1895
1.980000e-3,1.60044,1986
1.982000e-3,1.65121,2049
1.984000e-3,1.72938,2146
1.986000e-3,1.78498,2215
1.988000e-3,1.79385,2226
1.990000e-3,1.75597,2179
1.992000e-3,1.71890,2133
1.994000e-3,1.63993,2035
1.996000e-3,1.57626,1956
1.998000e-3,1.54967,1923
2.000000e-3,1.53194,1901
2.002000e-3,1.56659,1944
2.004000e-3,1.62864,2021
2.006000e-3,1.67700,2081
2.008000e-3,1.73099,2148
2.010000e-3,1.77128,2198
2.012000e-3,1.75516,2178
2.014000e-3,1.72293,2138
2.016000e-3,1.68828,2095
2.018000e-3,1.61011,1998
2.020000e-3,1.56740,1945
2.022000e-3,1.55853,1934
2.024000e-3,1.55612,1931
2.026000e-3,1.59641,1981
2.028000e-3,1.65846,2058
2.030000e-3,1.69714,2106
2.032000e-3,1.73744,2156
2.034000e-3,1.75355,2176
2.036000e-3,1.72615,2142
2.038000e-3,1.69311,2101
2.040000e-3,1.65443,2053
2.042000e-3,1.59802,1983
2.044000e-3,1.56982,1948
2.046000e-3,1.58271,1964
2.048000e-3,1.58835,1971
2.050000e-3,1.62623,2018
2.052000e-3,1.68344,2089
2.054000e-3,1.70198,2112
2.056000e-3,1.73502,2153
2.058000e-3,1.74227,2162
2.060000e-3,1.70923,2121
2.062000e-3,1.66733,2069
2.064000e-3,1.64154,2037
2.066000e-3,1.59319,1977
2.068000e-3,1.58271,1964
2.070000e-3,1.60205,1988
2.072000e-3,1.61253,2001
2.074000e-3,1.65040,2048
2.076000e-3,1.70117,2111
2.078000e-3,1.70923,2121
2.080000e-3,1.71729,2131
2.082000e-3,1.71245,2125
2.084000e-3,1.67780,2082
2.086000e-3,1.64557,2042
2.088000e-3,1.62864,2021
2.090000e-3,1.59722,1982
2.092000e-3,1.59399,1978
2.094000e-3,1.62220,2013
2.096000e-3,1.63026,2023
2.098000e-3,1.66007,2060
2.100000e-3,1.70762,2119
2.102000e-3,1.70601,2117
2.104000e-3,1.70520,2116
2.106000e-3,1.69875,2108
2.108000e-3,1.65927,2059
2.110000e-3,1.62703,2019
2.112000e-3,1.62139,2012
2.114000e-3,1.60205,1988
2.116000e-3,1.60930,1997
2.118000e-3,1.64557,2042
2.120000e-3,1.64799,2045
2.122000e-3,1.67377,2077
2.124000e-3,1.70198,2112
2.126000e-3,1.69231,2100
2.128000e-3,1.68183,2087
2.130000e-3,1.68022,2085
2.132000e-3,1.64718,2044
2.134000e-3,1.62784,2020
2.136000e-3,1.62542,2017
2.138000e-3,1.61656,2006
2.140000e-3,1.62623,2018
2.142000e-3,1.65040,2048
2.144000e-3,1.65846,2058
2.146000e-3,1.67700,2081
2.148000e-3,1.69070,2098
2.150000e-3,1.68425,2090
2.152000e-3,1.67538,2079
2.154000e-3,1.66249,2063
2.156000e-3,1.63429,2028
2.158000e-3,1.63993,2035
2.160000e-3,1.63106,2024
2.162000e-3,1.63832,2033
2.164000e-3,1.63993,2035
2.166000e-3,1.66410,2065
2.168000e-3,1.66491,2066
2.170000e-3,1.67377,2077
2.172000e-3,1.68667,2093
2.174000e-3,1.67297,2076
2.176000e-3,1.66007,2060
2.178000e-3,1.66007,2060
2.180000e-3,1.63751,2032
2.182000e-3,1.63187,2025
2.184000e-3,1.64315,2039
2.186000e-3,1.63832,2033
2.188000e-3,1.65282,2051
2.190000e-3,1.67216,2075
2.192000e-3,1.66410,2065
2.194000e-3,1.66813,2070
2.196000e-3,1.69070,2098
2.198000e-3,1.66249,2063
2.200000e-3,1.65201,2050
2.202000e-3,1.65604,2055
2.204000e-3,1.64073,2036
2.206000e-3,1.63993,2035
2.208000e-3,1.65685,2056
2.210000e-3,1.65201,2050
2.212000e-3,1.65443,2053
2.214000e-3,1.67297,2076
2.216000e-3,1.67055,2073
2.218000e-3,1.65927,2059
2.220000e-3,1.66974,2072
2.222000e-3,1.65443,2053
2.224000e-3,1.64637,2043
2.226000e-3,1.65685,2056
2.228000e-3,1.64476,2041
2.230000e-3,1.64396,2040
2.232000e-3,1.65766,2057
2.234000e-3,1.65524,2054
2.236000e-3,1.65443,2053
2.238000e-3,1.67055,2073
2.240000e-3,1.65846,2058
2.242000e-3,1.65685,2056
2.244000e-3,1.66168,2062
2.246000e-3,1.65040,2048
2.248000e-3,1.64396,2040
2.250000e-3,1.66410,2065
2.252000e-3,1.64879,2046
2.254000e-3,1.65040,2048
2.256000e-3,1.66571,2067
2.258000e-3,1.65685,2056
2.260000e-3,1.65604,2055
2.262000e-3,1.66410,2065
2.264000e-3,1.65282,2051
2.266000e-3,1.65524,2054
2.268000e-3,1.66491,2066
2.270000e-3,1.64799,2045
2.272000e-3,1.65282,2051
2.274000e-3,1.65685,2056
2.276000e-3,1.65201,2050
2.278000e-3,1.64396,2040
2.280000e-3,1.66652,2068
2.282000e-3,1.65201,2050
2.284000e-3,1.65363,2052
2.286000e-3,1.66491,2066
2.288000e-3,1.65443,2053
2.290000e-3,1.64960,2047
2.292000e-3,1.66571,2067
2.294000e-3,1.65040,2048
2.296000e-3,1.65282,2051
2.298000e-3,1.66974,2072
2.300000e-3,1.64718,2044
2.302000e-3,1.65040,2048
2.304000e-3,1.65363,2052
2.306000e-3,1.65524,2054
2.308000e-3,1.65443,2053
2.310000e-3,1.65766,2057
2.312000e-3,1.64879,2046
2.314000e-3,1.65040,2048
2.316000e-3,1.65846,2058
2.318000e-3,1.64960,2047
2.320000e-3,1.65201,2050
2.322000e-3,1.65766,2057
2.324000e-3,1.64960,2047
2.326000e-3,1.65282,2051
2.328000e-3,1.65846,2058
2.330000e-3,1.64960,2047
2.332000e-3,1.65040,2048
2.334000e-3,1.65685,2056
2.336000e-3,1.64799,2045
2.338000e-3,1.65524,2054
2.340000e-3,1.66088,2061
2.342000e-3,1.65040,2048
2.344000e-3,1.65282,2051
2.346000e-3,1.65121,2049
2.348000e-3,1.64879,2046
2.350000e-3,1.65121,2049
2.352000e-3,1.66894,2071
2.354000e-3,1.64557,2042
2.356000e-3,1.65443,2053
2.358000e-3,1.65927,2059
2.360000e-3,1.64234,2038
2.362000e-3,1.65363,2052
2.364000e-3,1.65846,2058
2.366000e-3,1.64718,2044
2.368000e-3,1.65201,2050
2.370000e-3,1.66007,2060
2.372000e-3,1.64557,2042
2.374000e-3,1.65524,2054
2.376000e-3,1.65927,2059
2.378000e-3,1.64637,2043
2.380000e-3,1.65685,2056
2.382000e-3,1.65846,2058
2.384000e-3,1.64476,2041
2.386000e-3,1.65201,2050
2.388000e-3,1.66007,2060
2.390000e-3,1.64637,2043
2.392000e-3,1.64960,2047
2.394000e-3,1.65927,2059
2.396000e-3,1.64879,2046
2.398000e-3,1.65282,2051
2.400000e-3,1.65121,2049
2.402000e-3,1.64557,2042
2.404000e-3,1.65363,2052
2.406000e-3,1.66733,2069
2.408000e-3,1.64396,2040
2.410000e-3,1.65443,2053
2.412000e-3,1.66007,2060
2.414000e-3,1.64154,2037
2.416000e-3,1.65201,2050
2.418000e-3,1.65846,2058
2.420000e-3,1.64557,2042
2.422000e-3,1.65201,2050
2.424000e-3,1.66088,2061
2.426000e-3,1.64476,2041
2.428000e-3,1.65524,2054
2.430000e-3,1.66007,2060
2.432000e-3,1.64557,2042
2.434000e-3,1.65443,2053
2.436000e-3,1.66007,2060
2.438000e-3,1.64557,2042
2.440000e-3,1.65121,2049
2.442000e-3,1.66168,2062
2.444000e-3,1.64396,2040
2.446000e-3,1.66410,2065
2.448000e-3,1.65927,2059
2.450000e-3,1.64718,2044
2.452000e-3,1.64637,2043
2.454000e-3,1.65201,2050
2.456000e-3,1.64557,2042
2.458000e-3,1.65121,2049
2.460000e-3,1.66491,2066
2.462000e-3,1.64315,2039
2.464000e-3,1.65604,2055
2.466000e-3,1.66088,2061
2.468000e-3,1.64315,2039
2.470000e-3,1.65524,2054
2.472000e-3,1.66571,2067
2.474000e-3,1.64557,2042
2.476000e-3,1.65363,2052
2.478000e-3,1.66652,2068
2.480000e-3,1.64234,2038
2.482000e-3,1.65685,2056
2.484000e-3,1.66007,2060
2.486000e-3,1.63670,2031
2.488000e-3,1.65685,2056
2.490000e-3,1.65685,2056
2.492000e-3,1.64637,2043
2.494000e-3,1.65685,2056
2.496000e-3,1.66007,2060
2.498000e-3,1.64960,2047
2.500000e-3,1.66088,2061
2.502000e-3,1.65846,2058
2.504000e-3,1.65201,2050
2.506000e-3,1.65927,2059
2.508000e-3,1.65846,2058
2.510000e-3,1.65121,2049
2.512000e-3,1.65846,2058
2.514000e-3,1.66007,2060
2.516000e-3,1.65282,2051
2.518000e-3,1.66410,2065
2.520000e-3,1.65766,2057
2.522000e-3,1.65201,2050
2.524000e-3,1.65927,2059
2.526000e-3,1.65766,2057
2.528000e-3,1.65121,2049
2.530000e-3,1.66088,2061
2.532000e-3,1.65927,2059
2.534000e-3,1.65927,2059
2.536000e-3,1.65846,2058
2.538000e-3,1.65846,2058
2.540000e-3,1.65201,2050
2.542000e-3,1.66813,2070
2.544000e-3,1.65685,2056
2.546000e-3,1.65201,2050
2.548000e-3,1.66330,2064
2.550000e-3,1.65766,2057
2.552000e-3,1.65121,2049
2.554000e-3,1.66491,2066
2.556000e-3,1.65604,2055
2.558000e-3,1.65363,2052
2.560000e-3,1.66571,2067
2.562000e-3,1.65040,2048
2.564000e-3,1.65201,2050
2.566000e-3,1.66330,2064
2.568000e-3,1.64960,2047
2.570000e-3,1.65121,2049
2.572000e-3,1.66571,2067
2.574000e-3,1.65766,2057
2.576000e-3,1.65040,2048
2.578000e-3,1.66330,2064
2.580000e-3,1.65201,2050
2.582000e-3,1.65201,2050
2.584000e-3,1.66088,2061
2.586000e-3,1.65282,2051
2.588000e-3,1.65040,2048
2.590000e-3,1.66249,2063
2.592000e-3,1.65766,2057
2.594000e-3,1.65282,2051
2.596000e-3,1.65766,2057
2.598000e-3,1.65121,2049
2.600000e-3,1.65040,2048
2.602000e-3,1.65846,2058
2.604000e-3,1.65524,2054
2.606000e-3,1.64637,2043
2.608000e-3,1.65927,2059
2.610000e-3,1.65927,2059
2.612000e-3,1.64396,2040
2.614000e-3,1.65766,2057
2.616000e-3,1.65363,2052
2.618000e-3,1.64234,2038
2.620000e-3,1.65685,2056
2.622000e-3,1.65443,2053
2.624000e-3,1.63993,2035
2.626000e-3,1.65846,2058
2.628000e-3,1.66007,2060
2.630000e-3,1.64557,2042
2.632000e-3,1.65766,2057
2.634000e-3,1.65201,2050
2.636000e-3,1.64396,2040
2.638000e-3,1.65443,2053
2.640000e-3,1.65282,2051
2.642000e-3,1.64637,2043
2.644000e-3,1.65766,2057
2.646000e-3,1.65927,2059
2.648000e-3,1.63993,2035
2.650000e-3,1.65685,2056
2.652000e-3,1.65201,2050
2.654000e-3,1.64879,2046
2.656000e-3,1.65846,2058
2.658000e-3,1.65282,2051
2.660000e-3,1.65040,2048
2.662000e-3,1.66249,2063
2.664000e-3,1.65927,2059
2.666000e-3,1.65524,2054
2.668000e-3,1.66007,2060
2.670000e-3,1.65121,2049
2.672000e-3,1.65363,2052
2.674000e-3,1.65846,2058
2.676000e-3,1.65201,2050
2.678000e-3,1.64960,2047
2.680000e-3,1.66168,2062
2.682000e-3,1.65846,2058
2.684000e-3,1.65443,2053
2.686000e-3,1.66088,2061
2.688000e-3,1.65040,2048
2.690000e-3,1.65201,2050
2.692000e-3,1.66007,2060
2.694000e-3,1.65846,2058
2.696000e-3,1.65121,2049
2.698000e-3,1.66007,2060
2.700000e-3,1.65846,2058
2.702000e-3,1.65040,2048
2.704000e-3,1.65846,2058
2.706000e-3,1.65201,2050
2.708000e-3,1.64718,2044
2.710000e-3,1.65524,2054
2.712000e-3,1.65282,2051
2.714000e-3,1.64476,2041
2.716000e-3,1.65927,2059
2.718000e-3,1.65927,2059
2.720000e-3,1.64476,2041
2.722000e-3,1.65685,2056
2.724000e-3,1.65282,2051
2.726000e-3,1.64396,2040
2.728000e-3,1.65524,2054
2.730000e-3,1.66733,2069
2.732000e-3,1.63993,2035
2.734000e-3,1.65766,2057
2.736000e-3,1.65927,2059
2.738000e-3,1.64073,2036
2.740000e-3,1.65685,2056
2.742000e-3,1.65524,2054
2.744000e-3,1.64557,2042
2.746000e-3,1.65201,2050
2.748000e-3,1.65443,2053
2.750000e-3,1.64476,2041
2.752000e-3,1.65443,2053
2.754000e-3,1.65846,2058
2.756000e-3,1.63912,2034
2.758000e-3,1.65040,2048
2.760000e-3,1.66733,2069
2.762000e-3,1.64879,2046
2.764000e-3,1.65040,2048
2.766000e-3,1.65524,2054
2.768000e-3,1.64879,2046
2.770000e-3,1.65121,2049
2.772000e-3,1.66168,2062
2.774000e-3,1.64557,2042
2.776000e-3,1.65201,2050
2.778000e-3,1.65201,2050
2.780000e-3,1.64879,2046
2.782000e-3,1.65040,2048
2.784000e-3,1.65766,2057
2.786000e-3,1.65040,2048
2.788000e-3,1.65121,2049
2.790000e-3,1.66571,2067
2.792000e-3,1.64718,2044
2.794000e-3,1.65121,2049
2.796000e-3,1.66491,2066
2.798000e-3,1.65201,2050
2.800000e-3,1.65040,2048
2.802000e-3,1.67619,2080
2.804000e-3,1.65121,2049
2.806000e-3,1.65443,2053
2.808000e-3,1.66410,2065
2.810000e-3,1.65282,2051
2.812000e-3,1.65282,2051
2.814000e-3,1.65846,2058
2.816000e-3,1.65040,2048
2.818000e-3,1.64879,2046
2.820000e-3,1.66491,2066
2.822000e-3,1.65121,2049
2.824000e-3,1.65201,2050
2.826000e-3,1.66733,2069
2.828000e-3,1.65282,2051
2.830000e-3,1.65040,2048
2.832000e-3,1.66007,2060
2.834000e-3,1.65363,2052
2.836000e-3,1.65040,2048
2.838000e-3,1.66168,2062
2.840000e-3,1.65121,2049
2.842000e-3,1.65282,2051
2.844000e-3,1.66652,2068
2.846000e-3,1.64960,2047
2.848000e-3,1.65201,2050
2.850000e-3,1.66007,2060
2.852000e-3,1.65201,2050
2.854000e-3,1.65040,2048
2.856000e-3,1.66733,2069
2.858000e-3,1.64960,2047
2.860000e-3,1.65282,2051
2.862000e-3,1.66491,2066
2.864000e-3,1.64718,2044
2.866000e-3,1.65201,2050
2.868000e-3,1.66652,2068
2.870000e-3,1.64799,2045
2.872000e-3,1.65121,2049
2.874000e-3,1.66894,2071
2.876000e-3,1.64799,2045
2.878000e-3,1.65282,2051
2.880000e-3,1.66007,2060
2.882000e-3,1.65040,2048
2.884000e-3,1.65201,2050
2.886000e-3,1.65201,2050
2.888000e-3,1.64718,2044
2.890000e-3,1.65282,2051
2.892000e-3,1.66571,2067
2.894000e-3,1.64637,2043
2.896000e-3,1.65443,2053
2.898000e-3,1.65927,2059
2.900000e-3,1.64154,2037
2.902000e-3,1.65201,2050
2.904000e-3,1.65524,2054
2.906000e-3,1.64960,2047
2.908000e-3,1.65121,2049
2.910000e-3,1.66088,2061
2.912000e-3,1.64960,2047
2.914000e-3,1.65282,2051
2.916000e-3,1.66571,2067
2.918000e-3,1.65927,2059
2.920000e-3,1.65363,2052
2.922000e-3,1.66330,2064
2.924000e-3,1.65121,2049
2.926000e-3,1.65121,2049
2.928000e-3,1.66491,2066
2.930000e-3,1.64879,2046
2.932000e-3,1.65282,2051
2.934000e-3,1.65685,2056
2.936000e-3,1.64960,2047
2.938000e-3,1.65282,2051
2.940000e-3,1.66652,2068
2.942000e-3,1.65282,2051
2.944000e-3,1.65363,2052
2.946000e-3,1.66813,2070
2.948000e-3,1.65201,2050
2.950000e-3,1.65766,2057
2.952000e-3,1.66571,2067
2.954000e-3,1.65363,2052
2.956000e-3,1.64637,2043
2.958000e-3,1.66330,2064
2.960000e-3,1.65363,2052
2.962000e-3,1.65040,2048
2.964000e-3,1.66410,2065
2.966000e-3,1.65121,2049
2.968000e-3,1.65282,2051
2.970000e-3,1.66813,2070
2.972000e-3,1.65443,2053
2.974000e-3,1.65040,2048
2.976000e-3,1.66410,2065
2.978000e-3,1.65363,2052
2.980000e-3,1.65121,2049
2.982000e-3,1.67619,2080
2.984000e-3,1.65766,2057
2.986000e-3,1.65040,2048
2.988000e-3,1.66410,2065
2.990000e-3,1.65524,2054
2.992000e-3,1.65282,2051
2.994000e-3,1.66410,2065
2.996000e-3,1.65524,2054
2.998000e-3,1.65282,2051
3.000000e-3,1.66330,2064
3.002000e-3,1.65121,2049
3.004000e-3,1.65201,2050
3.006000e-3,1.66491,2066
3.008000e-3,1.66491,2066
3.010000e-3,1.65201,2050
3.012000e-3,1.66007,2060
3.014000e-3,1.65766,2057
3.016000e-3,1.66410,2065
3.018000e-3,1.66007,2060
3.020000e-3,1.65927,2059
3.022000e-3,1.65363,2052
3.024000e-3,1.66491,2066
3.026000e-3,1.66330,2064
3.028000e-3,1.64879,2046
3.030000e-3,1.65766,2057
3.032000e-3,1.66652,2068
3.034000e-3,1.65363,2052
3.036000e-3,1.66168,2062
3.038000e-3,1.65685,2056
3.040000e-3,1.65766,2057
3.042000e-3,1.66652,2068
3.044000e-3,1.65685,2056
3.046000e-3,1.65604,2055
3.048000e-3,1.66330,2064
3.050000e-3,1.65443,2053
3.052000e-3,1.65282,2051
3.054000e-3,1.66330,2064
3.056000e-3,1.65927,2059
3.058000e-3,1.65121,2049
3.060000e-3,1.66410,2065
3.062000e-3,1.65766,2057
3.064000e-3,1.65282,2051
3.066000e-3,1.65846,2058
3.068000e-3,1.64879,2046
3.070000e-3,1.65040,2048
3.072000e-3,1.66249,2063
3.074000e-3,1.65685,2056
3.076000e-3,1.66007,2060
3.078000e-3,1.67136,2074
3.080000e-3,1.64799,2045
3.082000e-3,1.65282,2051
3.084000e-3,1.66007,2060
3.086000e-3,1.65766,2057
3.088000e-3,1.65282,2051
3.090000e-3,1.66330,2064
3.092000e-3,1.65766,2057
3.094000e-3,1.65040,2048
3.096000e-3,1.66410,2065
3.098000e-3,1.65443,2053
3.100000e-3,1.65363,2052
3.102000e-3,1.67619,2080
3.104000e-3,1.65040,2048
3.106000e-3,1.64315,2039
3.108000e-3,1.66813,2070
3.110000e-3,1.65282,2051
3.112000e-3,1.65363,2052
3.114000e-3,1.66410,2065
3.116000e-3,1.64960,2047
3.118000e-3,1.65282,2051
3.120000e-3,1.65685,2056
3.122000e-3,1.64637,2043
3.124000e-3,1.65443,2053
3.126000e-3,1.65524,2054
3.128000e-3,1.64396,2040
3.130000e-3,1.65443,2053
3.132000e-3,1.65846,2058
3.134000e-3,1.64396,2040
3.136000e-3,1.65604,2055
3.138000e-3,1.65766,2057
3.140000e-3,1.64476,2041
3.142000e-3,1.65766,2057
3.144000e-3,1.65685,2056
3.146000e-3,1.64557,2042
3.148000e-3,1.66007,2060
3.150000e-3,1.66007,2060
3.152000e-3,1.64637,2043
3.154000e-3,1.66088,2061
3.156000e-3,1.66410,2065
3.158000e-3,1.64396,2040
3.160000e-3,1.66007,2060
3.162000e-3,1.66007,2060
3.164000e-3,1.65524,2054
3.166000e-3,1.66330,2064
3.168000e-3,1.65766,2057
3.170000e-3,1.64637,2043
3.172000e-3,1.66249,2063
3.174000e-3,1.65443,2053
3.176000e-3,1.65040,2048
3.178000e-3,1.66330,2064
3.180000e-3,1.65524,2054
3.182000e-3,1.65363,2052
3.184000e-3,1.66410,2065
3.186000e-3,1.65927,2059
3.188000e-3,1.65363,2052
3.190000e-3,1.66813,2070
3.192000e-3,1.65524,2054
3.194000e-3,1.65040,2048
3.196000e-3,1.65685,2056
3.198000e-3,1.65201,2050
3.200000e-3,1.65201,2050
3.202000e-3,1.66652,2068
3.204000e-3,1.65766,2057
3.206000e-3,1.65363,2052
3.208000e-3,1.67216,2075
3.210000e-3,1.65363,2052
3.212000e-3,1.65040,2048
3.214000e-3,1.66733,2069
3.216000e-3,1.64879,2046
3.218000e-3,1.65121,2049
3.220000e-3,1.66088,2061
3.222000e-3,1.65282,2051
3.224000e-3,1.65363,2052
3.226000e-3,1.66088,2061
3.228000e-3,1.64799,2045
3.230000e-3,1.65040,2048
3.232000e-3,1.65846,2058
3.234000e-3,1.64879,2046
3.236000e-3,1.65363,2052
3.238000e-3,1.65927,2059
3.240000e-3,1.64879,2046
3.242000e-3,1.65201,2050
3.244000e-3,1.66330,2064
3.246000e-3,1.64879,2046
3.248000e-3,1.65040,2048
3.250000e-3,1.65846,2058
3.252000e-3,1.65040,2048
3.254000e-3,1.64799,2045
3.256000e-3,1.66088,2061
3.258000e-3,1.65201,2050
3.260000e-3,1.65443,2053
3.262000e-3,1.66410,2065
3.264000e-3,1.65121,2049
3.266000e-3,1.65040,2048
3.268000e-3,1.65927,2059
3.270000e-3,1.64557,2042
3.272000e-3,1.65443,2053
3.274000e-3,1.65846,2058
3.276000e-3,1.65282,2051
3.278000e-3,1.65363,2052
3.280000e-3,1.65846,2058
3.282000e-3,1.64718,2044
3.284000e-3,1.65201,2050
3.286000e-3,1.65846,2058
3.288000e-3,1.64718,2044
3.290000e-3,1.65443,2053
3.292000e-3,1.66652,2068
3.294000e-3,1.64879,2046
3.296000e-3,1.64960,2047
3.298000e-3,1.66168,2062
3.300000e-3,1.64557,2042
3.302000e-3,1.65121,2049
3.304000e-3,1.65927,2059
3.306000e-3,1.64557,2042
3.308000e-3,1.65443,2053
3.310000e-3,1.65604,2055
3.312000e-3,1.65040,2048
3.314000e-3,1.65524,2054
3.316000e-3,1.66330,2064
3.318000e-3,1.64718,2044
3.320000e-3,1.65121,2049
3.322000e-3,1.65282,2051
3.324000e-3,1.64557,2042
3.326000e-3,1.65604,2055
3.328000e-3,1.65766,2057
3.330000e-3,1.65040,2048
3.332000e-3,1.65524,2054
3.334000e-3,1.66007,2060
3.336000e-3,1.64718,2044
3.338000e-3,1.65121,2049
3.340000e-3,1.65846,2058
3.342000e-3,1.64557,2042
3.344000e-3,1.65604,2055
3.346000e-3,1.65766,2057
3.348000e-3,1.64718,2044
3.350000e-3,1.65685,2056
3.352000e-3,1.66330,2064
3.354000e-3,1.64315,2039
3.356000e-3,1.65363,2052
3.358000e-3,1.65927,2059
3.360000e-3,1.64234,2038
3.362000e-3,1.65766,2057
3.364000e-3,1.65927,2059
3.366000e-3,1.64637,2043
3.368000e-3,1.65766,2057
3.370000e-3,1.66330,2064
3.372000e-3,1.64396,2040
3.374000e-3,1.65363,2052
3.376000e-3,1.65846,2058
3.378000e-3,1.64234,2038
3.380000e-3,1.65846,2058
3.382000e-3,1.65766,2057
3.384000e-3,1.64637,2043
3.386000e-3,1.65685,2056
3.388000e-3,1.66330,2064
3.390000e-3,1.64396,2040
3.392000e-3,1.65363,2052
3.394000e-3,1.65282,2051
3.396000e-3,1.64073,2036
3.398000e-3,1.65443,2053
3.400000e-3,1.65846,2058
3.402000e-3,1.64718,2044
3.404000e-3,1.65524,2054
3.406000e-3,1.66330,2064
3.408000e-3,1.64557,2042
3.410000e-3,1.65121,2049
3.412000e-3,1.65766,2057
3.414000e-3,1.64557,2042
3.416000e-3,1.65363,2052
3.418000e-3,1.65766,2057
3.420000e-3,1.65040,2048
3.422000e-3,1.65363,2052
3.424000e-3,1.66168,2062
3.426000e-3,1.64557,2042
3.428000e-3,1.65201,2050
3.430000e-3,1.65846,2058
3.432000e-3,1.64396,2040
3.434000e-3,1.65846,2058
3.436000e-3,1.65846,2058
3.438000e-3,1.64879,2046
3.440000e-3,1.65524,2054
3.442000e-3,1.66330,2064
3.444000e-3,1.64637,2043
3.446000e-3,1.65363,2052
3.448000e-3,1.65201,2050
3.450000e-3,1.64557,2042
3.452000e-3,1.65443,2053
3.454000e-3,1.65766,2057
3.456000e-3,1.65040,2048
3.458000e-3,1.65443,2053
3.460000e-3,1.66088,2061
3.462000e-3,1.64879,2046
3.464000e-3,1.65040,2048
3.466000e-3,1.66088,2061
3.468000e-3,1.64557,2042
3.470000e-3,1.65282,2051
3.472000e-3,1.65766,2057
3.474000e-3,1.65121,2049
3.476000e-3,1.65282,2051
3.478000e-3,1.66088,2061
3.480000e-3,1.64799,2045
3.482000e-3,1.65040,2048
3.484000e-3,1.65201,2050
3.486000e-3,1.64718,2044
3.488000e-3,1.65282,2051
3.490000e-3,1.65604,2055
3.492000e-3,1.65040,2048
3.494000e-3,1.65443,2053
3.496000e-3,1.66330,2064
3.498000e-3,1.64637,2043
3.500000e-3,1.65121,2049
3.502000e-3,1.65846,2058
3.504000e-3,1.64234,2038
3.506000e-3,1.65524,2054
3.508000e-3,1.65846,2058
3.510000e-3,1.64718,2044
3.512000e-3,1.65685,2056
3.514000e-3,1.66007,2060
3.516000e-3,1.64154,2037
3.518000e-3,1.65363,2052
3.520000e-3,1.65846,2058
3.522000e-3,1.64396,2040
3.524000e-3,1.65604,2055
3.526000e-3,1.65766,2057
3.528000e-3,1.65040,2048
3.530000e-3,1.65766,2057
3.532000e-3,1.66168,2062
3.534000e-3,1.64879,2046
3.536000e-3,1.65685,2056
3.538000e-3,1.65685,2056
3.540000e-3,1.65040,2048
3.542000e-3,1.66168,2062
3.544000e-3,1.65604,2055
3.546000e-3,1.65443,2053
3.548000e-3,1.66330,2064
3.550000e-3,1.65927,2059
3.552000e-3,1.65121,2049
3.554000e-3,1.66007,2060
3.556000e-3,1.65685,2056
3.558000e-3,1.65040,2048
3.560000e-3,1.66088,2061
3.562000e-3,1.65443,2053
3.564000e-3,1.65524,2054
3.566000e-3,1.66652,2068
3.568000e-3,1.65685,2056
3.570000e-3,1.65201,2050
3.572000e-3,1.66330,2064
3.574000e-3,1.65201,2050
3.576000e-3,1.65040,2048
3.578000e-3,1.66813,2070
3.580000e-3,1.65201,2050
3.582000e-3,1.65443,2053
3.584000e-3,1.66813,2070
3.586000e-3,1.65766,2057
3.588000e-3,1.65121,2049
3.590000e-3,1.66491,2066
3.592000e-3,1.65524,2054
3.594000e-3,1.65040,2048
3.596000e-3,1.66894,2071
3.598000e-3,1.66007,2060
3.600000e-3,1.65201,2050
3.602000e-3,1.66330,2064
3.604000e-3,1.65685,2056
3.606000e-3,1.65121,2049
3.608000e-3,1.66491,2066
3.610000e-3,1.65685,2056
3.612000e-3,1.65040,2048
3.614000e-3,1.66733,2069
3.616000e-3,1.65363,2052
3.618000e-3,1.65282,2051
3.620000e-3,1.66894,2071
3.622000e-3,1.65604,2055
3.624000e-3,1.65040,2048
3.626000e-3,1.66330,2064
3.628000e-3,1.65363,2052
3.630000e-3,1.65040,2048
3.632000e-3,1.66571,2067
3.634000e-3,1.65201,2050
3.636000e-3,1.65363,2052
3.638000e-3,1.66652,2068
3.640000e-3,1.65766,2057
3.642000e-3,1.64718,2044
3.644000e-3,1.66330,2064
3.646000e-3,1.65363,2052
3.648000e-3,1.65040,2048
3.650000e-3,1.66571,2067
3.652000e-3,1.65282,2051
3.654000e-3,1.65524,2054
3.656000e-3,1.66813,2070
3.658000e-3,1.65927,2059
3.660000e-3,1.65121,2049
3.662000e-3,1.66330,2064
3.664000e-3,1.65363,2052
3.666000e-3,1.65040,2048
3.668000e-3,1.66894,2071
3.670000e-3,1.65282,2051
3.672000e-3,1.65524,2054
3.674000e-3,1.66652,2068
3.676000e-3,1.65524,2054
3.678000e-3,1.65201,2050
3.680000e-3,1.66168,2062
3.682000e-3,1.64879,2046
3.684000e-3,1.65040,2048
3.686000e-3,1.66007,2060
3.688000e-3,1.64718,2044
3.690000e-3,1.65685,2056
3.692000e-3,1.65846,2058
3.694000e-3,1.65040,2048
3.696000e-3,1.65524,2054
3.698000e-3,1.65685,2056
3.700000e-3,1.64557,2042
3.702000e-3,1.65201,2050
3.704000e-3,1.65927,2059
3.706000e-3,1.64154,2037
3.708000e-3,1.65766,2057
3.710000e-3,1.65604,2055
3.712000e-3,1.64718,2044
3.714000e-3,1.65443,2053
3.716000e-3,1.65604,2055
3.718000e-3,1.64557,2042
3.720000e-3,1.65363,2052
3.722000e-3,1.66088,2061
3.724000e-3,1.64315,2039
3.726000e-3,1.65846,2058
3.728000e-3,1.66007,2060
3.730000e-3,1.64637,2043
3.732000e-3,1.65685,2056
3.734000e-3,1.65685,2056
3.736000e-3,1.64960,2047
3.738000e-3,1.65685,2056
3.740000e-3,1.66088,2061
3.742000e-3,1.64960,2047
3.744000e-3,1.66330,2064
3.746000e-3,1.65846,2058
3.748000e-3,1.65604,2055
3.750000e-3,1.66410,2065
3.752000e-3,1.65363,2052
3.754000e-3,1.65040,2048
3.756000e-3,1.66330,2064
3.758000e-3,1.65685,2056
3.760000e-3,1.65121,2049
3.762000e-3,1.66813,2070
3.764000e-3,1.65524,2054
3.766000e-3,1.65524,2054
3.768000e-3,1.66571,2067
3.770000e-3,1.65040,2048
3.772000e-3,1.65121,2049
3.774000e-3,1.66491,2066
3.776000e-3,1.65604,2055
3.778000e-3,1.65121,2049
3.780000e-3,1.66894,2071
3.782000e-3,1.65685,2056
3.784000e-3,1.65685,2056
3.786000e-3,1.66491,2066
3.788000e-3,1.65363,2052
3.790000e-3,1.65121,2049
3.792000e-3,1.66330,2064
3.794000e-3,1.66007,2060
3.796000e-3,1.65363,2052
3.798000e-3,1.66652,2068
3.800000e-3,1.65685,2056
3.802000e-3,1.65524,2054
3.804000e-3,1.66330,2064
3.806000e-3,1.65443,2053
3.808000e-3,1.65201,2050
3.810000e-3,1.66007,2060
3.812000e-3,1.65927,2059
3.814000e-3,1.65121,2049
3.816000e-3,1.65927,2059
3.818000e-3,1.65846,2058
3.820000e-3,1.65524,2054
3.822000e-3,1.66007,2060
3.824000e-3,1.65443,2053
3.826000e-3,1.65121,2049
3.828000e-3,1.66007,2060
3.830000e-3,1.65846,2058
3.832000e-3,1.65363,2052
3.834000e-3,1.66410,2065
3.836000e-3,1.65846,2058
3.838000e-3,1.65121,2049
3.840000e-3,1.65927,2059
3.842000e-3,1.65363,2052
3.844000e-3,1.64637,2043
3.846000e-3,1.65766,2057
3.848000e-3,1.65766,2057
3.850000e-3,1.65766,2057
3.852000e-3,1.66249,2063
3.854000e-3,1.65282,2051
3.856000e-3,1.65282,2051
3.858000e-3,1.65846,2058
3.860000e-3,1.65524,2054
3.862000e-3,1.64476,2041
3.864000e-3,1.65685,2056
3.866000e-3,1.65846,2058
3.868000e-3,1.64879,2046
3.870000e-3,1.66249,2063
3.872000e-3,1.65846,2058
3.874000e-3,1.65363,2052
3.876000e-3,1.65927,2059
3.878000e-3,1.65685,2056
3.880000e-3,1.64960,2047
3.882000e-3,1.65685,2056
3.884000e-3,1.66007,2060
3.886000e-3,1.64476,2041
3.888000e-3,1.66168,2062
3.890000e-3,1.66007,2060
3.892000e-3,1.65040,2048
3.894000e-3,1.65927,2059
3.896000e-3,1.65524,2054
3.898000e-3,1.65201,2050
3.900000e-3,1.65846,2058
3.902000e-3,1.65846,2058
3.904000e-3,1.65282,2051
3.906000e-3,1.66410,2065
3.908000e-3,1.65685,2056
3.910000e-3,1.65604,2055
3.912000e-3,1.66168,2062
3.914000e-3,1.65363,2052
3.916000e-3,1.65363,2052
3.918000e-3,1.66007,2060
3.920000e-3,1.65766,2057
3.922000e-3,1.65201,2050
3.924000e-3,1.66571,2067
3.926000e-3,1.65846,2058
3.928000e-3,1.65685,2056
3.930000e-3,1.66088,2061
3.932000e-3,1.65685,2056
3.934000e-3,1.65443,2053
3.936000e-3,1.66007,2060
3.938000e-3,1.65766,2057
3.940000e-3,1.65282,2051
3.942000e-3,1.66410,2065
3.944000e-3,1.65846,2058
3.946000e-3,1.65604,2055
3.948000e-3,1.66007,2060
3.950000e-3,1.65685,2056
3.952000e-3,1.65282,2051
3.954000e-3,1.65846,2058
3.956000e-3,1.65766,2057
3.958000e-3,1.65282,2051
3.960000e-3,1.66410,2065
3.962000e-3,1.65685,2056
3.964000e-3,1.65524,2054
3.966000e-3,1.66410,2065
3.968000e-3,1.65685,2056
3.970000e-3,1.65363,2052
3.972000e-3,1.66330,2064
3.974000e-3,1.65604,2055
3.976000e-3,1.65121,2049
3.978000e-3,1.66813,2070
3.980000e-3,1.65363,2052
3.982000e-3,1.65443,2053
3.984000e-3,1.65927,2059
3.986000e-3,1.65040,2048
3.988000e-3,1.65040,2048
3.990000e-3,1.65685,2056
3.992000e-3,1.65443,2053
3.994000e-3,1.65121,2049
3.996000e-3,1.66410,2065
3.998000e-3,1.65524,2054
4.000000e-3,1.65040,2048
4.002000e-3,1.66491,2066
4.004000e-3,1.64799,2045
4.006000e-3,1.65040,2048
4.008000e-3,1.66652,2068
4.010000e-3,1.65363,2052
4.012000e-3,1.65121,2049
4.014000e-3,1.66330,2064
4.016000e-3,1.65604,2055
4.018000e-3,1.65201,2050
4.020000e-3,1.66330,2064
4.022000e-3,1.65766,2057
4.024000e-3,1.64879,2046
4.026000e-3,1.66088,2061
4.028000e-3,1.65766,2057
4.030000e-3,1.65121,2049
4.032000e-3,1.65846,2058
4.034000e-3,1.66007,2060
4.036000e-3,1.63912,2034
4.038000e-3,1.66249,2063
4.040000e-3,1.65927,2059
4.042000e-3,1.64315,2039
4.044000e-3,1.65685,2056
4.046000e-3,1.66088,2061
4.048000e-3,1.63590,2030
4.050000e-3,1.65282,2051
4.052000e-3,1.65846,2058
4.054000e-3,1.64557,2042
4.056000e-3,1.65282,2051
4.058000e-3,1.65846,2058
4.060000e-3,1.64396,2040
4.062000e-3,1.65363,2052
4.064000e-3,1.65201,2050
4.066000e-3,1.64476,2041
4.068000e-3,1.65363,2052
4.070000e-3,1.65927,2059
4.072000e-3,1.64396,2040
4.074000e-3,1.65363,2052
4.076000e-3,1.65927,2059
4.078000e-3,1.64396,2040
4.080000e-3,1.65443,2053
4.082000e-3,1.65766,2057
4.084000e-3,1.64557,2042
4.086000e-3,1.64557,2042
4.088000e-3,1.65846,2058
4.090000e-3,1.64879,2046
4.092000e-3,1.65363,2052
4.094000e-3,1.65524,2054
4.096000e-3,1.64476,2041
4.098000e-3,1.65121,2049
4.100000e-3,1.65766,2057
4.102000e-3,1.64396,2040
4.104000e-3,1.65201,2050
4.106000e-3,1.65846,2058
4.108000e-3,1.64396,2040
4.110000e-3,1.65363,2052
4.112000e-3,1.66088,2061
4.114000e-3,1.64234,2038
4.116000e-3,1.65604,2055
4.118000e-3,1.65927,2059
4.120000e-3,1.64234,2038
4.122000e-3,1.65524,2054
4.124000e-3,1.66007,2060
4.126000e-3,1.64234,2038
4.128000e-3,1.65524,2054
4.130000e-3,1.66088,2061
4.132000e-3,1.64315,2039
4.134000e-3,1.65604,2055
4.136000e-3,1.65766,2057
4.138000e-3,1.64315,2039
4.140000e-3,1.65685,2056
4.142000e-3,1.66007,2060
4.144000e-3,1.64557,2042
4.146000e-3,1.65846,2058
4.148000e-3,1.65524,2054
4.150000e-3,1.65040,2048
4.152000e-3,1.66330,2064
4.154000e-3,1.65766,2057
4.156000e-3,1.64557,2042
4.158000e-3,1.65443,2053
4.160000e-3,1.66007,2060
4.162000e-3,1.64396,2040
4.164000e-3,1.65685,2056
4.166000e-3,1.66007,2060
4.168000e-3,1.64718,2044
4.170000e-3,1.66571,2067
4.172000e-3,1.65927,2059
4.174000e-3,1.64799,2045
4.176000e-3,1.65766,2057
4.178000e-3,1.65201,2050
4.180000e-3,1.65040,2048
4.182000e-3,1.65927,2059
4.184000e-3,1.65282,2051
4.186000e-3,1.65121,2049
4.188000e-3,1.66330,2064
4.190000e-3,1.65685,2056
4.192000e-3,1.65040,2048
4.194000e-3,1.65766,2057
4.196000e-3,1.65685,2056
4.198000e-3,1.65040,2048
4.200000e-3,1.66007,2060
4.202000e-3,1.65040,2048
4.204000e-3,1.65121,2049
4.206000e-3,1.65766,2057
4.208000e-3,1.65685,2056
4.210000e-3,1.65121,2049
4.212000e-3,1.65846,2058
4.214000e-3,1.65927,2059
4.216000e-3,1.65040,2048
4.218000e-3,1.66007,2060
4.220000e-3,1.65363,2052
4.222000e-3,1.65040,2048
4.224000e-3,1.66168,2062
4.226000e-3,1.65685,2056
4.228000e-3,1.65201,2050
4.230000e-3,1.66168,2062
4.232000e-3,1.65685,2056
4.234000e-3,1.65040,2048
4.236000e-3,1.66249,2063
4.238000e-3,1.64799,2045
4.240000e-3,1.65040,2048
4.242000e-3,1.66410,2065
4.244000e-3,1.65685,2056
4.246000e-3,1.65201,2050
4.248000e-3,1.66330,2064
4.250000e-3,1.65524,2054
4.252000e-3,1.65040,2048
4.254000e-3,1.66571,2067
4.256000e-3,1.64637,2043
4.258000e-3,1.65040,2048
4.260000e-3,1.66733,2069
4.262000e-3,1.65363,2052
4.264000e-3,1.65040,2048
4.266000e-3,1.66410,2065
4.268000e-3,1.66330,2064
4.270000e-3,1.65040,2048
4.272000e-3,1.66491,2066
4.274000e-3,1.65040,2048
4.276000e-3,1.65040,2048
4.278000e-3,1.66249,2063
4.280000e-3,1.65363,2052
4.282000e-3,1.65040,2048
4.284000e-3,1.66330,2064
4.286000e-3,1.65443,2053
4.288000e-3,1.65201,2050
4.290000e-3,1.66410,2065
4.292000e-3,1.64396,2040
4.294000e-3,1.64960,2047
4.296000e-3,1.65927,2059
4.298000e-3,1.65121,2049
4.300000e-3,1.65121,2049
4.302000e-3,1.66088,2061
4.304000e-3,1.65201,2050
4.306000e-3,1.65040,2048
4.308000e-3,1.65927,2059
4.310000e-3,1.64637,2043
4.312000e-3,1.65121,2049
4.314000e-3,1.66088,2061
4.316000e-3,1.65121,2049
4.318000e-3,1.65363,2052
4.320000e-3,1.65685,2056
4.322000e-3,1.64960,2047
4.324000e-3,1.65201,2050
4.326000e-3,1.65685,2056
4.328000e-3,1.64476,2041
4.330000e-3,1.65040,2048
4.332000e-3,1.66330,2064
4.334000e-3,1.64637,2043
4.336000e-3,1.65443,2053
4.338000e-3,1.65685,2056
4.340000e-3,1.64476,2041
4.342000e-3,1.65524,2054
4.344000e-3,1.65766,2057
4.346000e-3,1.63509,2029
4.348000e-3,1.65524,2054
4.350000e-3,1.65927,2059
4.352000e-3,1.64396,2040
4.354000e-3,1.65927,2059
4.356000e-3,1.65685,2056
4.358000e-3,1.64799,2045
4.360000e-3,1.65846,2058
4.362000e-3,1.65524,2054
4.364000e-3,1.64476,2041
4.366000e-3,1.66088,2061
4.368000e-3,1.65604,2055
4.370000e-3,1.65282,2051
4.372000e-3,1.66330,2064
4.374000e-3,1.65363,2052
4.376000e-3,1.65443,2053
4.378000e-3,1.66330,2064
4.380000e-3,1.65685,2056
4.382000e-3,1.64799,2045
4.384000e-3,1.66410,2065
4.386000e-3,1.64960,2047
4.388000e-3,1.65282,2051
4.390000e-3,1.66571,2067
4.392000e-3,1.65121,2049
4.394000e-3,1.65443,2053
4.396000e-3,1.66652,2068
4.398000e-3,1.65121,2049
4.400000e-3,1.64476,2041
4.402000e-3,1.66088,2061
4.404000e-3,1.64315,2039
4.406000e-3,1.65363,2052
4.408000e-3,1.66007,2060
4.410000e-3,1.65040,2048
4.412000e-3,1.65443,2053
4.414000e-3,1.65846,2058
4.416000e-3,1.64718,2044
4.418000e-3,1.64637,2043
4.420000e-3,1.65524,2054
4.422000e-3,1.64557,2042
4.424000e-3,1.65282,2051
4.426000e-3,1.65766,2057
4.428000e-3,1.64476,2041
4.430000e-3,1.65363,2052
4.432000e-3,1.65685,2056
4.434000e-3,1.64476,2041
4.436000e-3,1.65040,2048
4.438000e-3,1.65766,2057
4.440000e-3,1.64073,2036
4.442000e-3,1.65443,2053
4.444000e-3,1.65927,2059
4.446000e-3,1.64073,2036
4.448000e-3,1.65766,2057
4.450000e-3,1.65846,2058
4.452000e-3,1.64154,2037
4.454000e-3,1.65685,2056
4.456000e-3,1.65766,2057
4.458000e-3,1.63751,2032
4.460000e-3,1.65766,2057
4.462000e-3,1.65927,2059
4.464000e-3,1.64476,2041
4.466000e-3,1.66088,2061
4.468000e-3,1.65685,2056
4.470000e-3,1.65121,2049
4.472000e-3,1.66088,2061
4.474000e-3,1.65443,2053
4.476000e-3,1.64960,2047
4.478000e-3,1.66491,2066
4.480000e-3,1.65443,2053
4.482000e-3,1.65040,2048
4.484000e-3,1.66733,2069
4.486000e-3,1.65201,2050
4.488000e-3,1.64960,2047
4.490000e-3,1.66330,2064
4.492000e-3,1.65363,2052
4.494000e-3,1.65443,2053
4.496000e-3,1.66249,2063
4.498000e-3,1.65040,2048
4.500000e-3,1.64960,2047
4.502000e-3,1.66168,2062
4.504000e-3,1.64799,2045
4.506000e-3,1.65282,2051
4.508000e-3,1.66733,2069
4.510000e-3,1.64396,2040
4.512000e-3,1.65282,2051
4.514000e-3,1.65846,2058
4.516000e-3,1.64154,2037
4.518000e-3,1.65443,2053
4.520000e-3,1.65927,2059
4.522000e-3,1.64234,2038
4.524000e-3,1.65685,2056
4.526000e-3,1.65927,2059
4.528000e-3,1.63993,2035
4.530000e-3,1.65927,2059
4.532000e-3,1.65846,2058
4.534000e-3,1.64718,2044
4.536000e-3,1.65685,2056
4.538000e-3,1.65685,2056
4.540000e-3,1.65363,2052
4.542000e-3,1.66652,2068
4.544000e-3,1.65766,2057
4.546000e-3,1.65121,2049
4.548000e-3,1.66410,2065
4.550000e-3,1.65040,2048
4.552000e-3,1.65040,2048
4.554000e-3,1.66330,2064
4.556000e-3,1.65443,2053
4.558000e-3,1.65040,2048
4.560000e-3,1.66491,2066
4.562000e-3,1.65443,2053
4.564000e-3,1.65040,2048
4.566000e-3,1.66571,2067
4.568000e-3,1.65201,2050
4.570000e-3,1.65121,2049
4.572000e-3,1.66007,2060
4.574000e-3,1.65201,2050
4.576000e-3,1.65121,2049
4.578000e-3,1.65927,2059
4.580000e-3,1.64396,2040
4.582000e-3,1.65040,2048
4.584000e-3,1.65927,2059
4.586000e-3,1.64879,2046
4.588000e-3,1.65121,2049
4.590000e-3,1.65524,2054
4.592000e-3,1.64799,2045
4.594000e-3,1.65201,2050
4.596000e-3,1.65685,2056
4.598000e-3,1.64557,2042
4.600000e-3,1.65443,2053
4.602000e-3,1.66088,2061
4.604000e-3,1.64476,2041
4.606000e-3,1.65443,2053
4.608000e-3,1.65685,2056
4.610000e-3,1.64557,2042
4.612000e-3,1.66168,2062
4.614000e-3,1.66330,2064
4.616000e-3,1.64476,2041
4.618000e-3,1.65443,2053
4.620000e-3,1.65927,2059
4.622000e-3,1.64637,2043
4.624000e-3,1.66007,2060
4.626000e-3,1.65685,2056
4.628000e-3,1.64396,2040
4.630000e-3,1.65766,2057
4.632000e-3,1.65201,2050
4.634000e-3,1.64396,2040
4.636000e-3,1.65604,2055
4.638000e-3,1.65766,2057
4.640000e-3,1.65363,2052
4.642000e-3,1.65766,2057
4.644000e-3,1.65685,2056
4.646000e-3,1.64637,2043
4.648000e-3,1.65846,2058
4.650000e-3,1.65685,2056
4.652000e-3,1.65040,2048
4.654000e-3,1.65846,2058
4.656000e-3,1.65927,2059
4.658000e-3,1.64637,2043
4.660000e-3,1.65846,2058
4.662000e-3,1.65846,2058
4.664000e-3,1.64718,2044
4.666000e-3,1.65846,2058
4.668000e-3,1.65685,2056
4.670000e-3,1.64476,2041
4.672000e-3,1.65766,2057
4.674000e-3,1.66652,2068
4.676000e-3,1.64960,2047
4.678000e-3,1.65927,2059
4.680000e-3,1.65524,2054
4.682000e-3,1.65121,2049
4.684000e-3,1.65846,2058
4.686000e-3,1.65604,2055
4.688000e-3,1.65040,2048
4.690000e-3,1.66088,2061
4.692000e-3,1.65363,2052
4.694000e-3,1.65201,2050
4.696000e-3,1.66410,2065
4.698000e-3,1.65363,2052
4.700000e-3,1.65040,2048
4.702000e-3,1.66652,2068
4.704000e-3,1.65363,2052
4.706000e-3,1.64637,2043
4.708000e-3,1.66571,2067
4.710000e-3,1.64637,2043
4.712000e-3,1.65121,2049
4.714000e-3,1.66652,2068
4.716000e-3,1.65121,2049
4.718000e-3,1.65363,2052
4.720000e-3,1.66491,2066
4.722000e-3,1.65121,2049
4.724000e-3,1.64637,2043
4.726000e-3,1.66652,2068
4.728000e-3,1.65927,2059
4.730000e-3,1.64879,2046
4.732000e-3,1.66733,2069
4.734000e-3,1.65121,2049
4.736000e-3,1.64879,2046
4.738000e-3,1.66652,2068
4.740000e-3,1.65121,2049
4.742000e-3,1.64476,2041
4.744000e-3,1.66491,2066
4.746000e-3,1.65443,2053
4.748000e-3,1.65121,2049
4.750000e-3,1.66652,2068
4.752000e-3,1.65363,2052
4.754000e-3,1.65201,2050
4.756000e-3,1.66491,2066
4.758000e-3,1.65121,2049
4.760000e-3,1.65040,2048
4.762000e-3,1.66330,2064
4.764000e-3,1.65201,2050
4.766000e-3,1.65443,2053
4.768000e-3,1.66330,2064
4.770000e-3,1.65363,2052
4.772000e-3,1.65282,2051
4.774000e-3,1.66652,2068
4.776000e-3,1.65201,2050
4.778000e-3,1.65201,2050
4.780000e-3,1.66571,2067
4.782000e-3,1.65363,2052
4.784000e-3,1.65121,2049
4.786000e-3,1.66733,2069
4.788000e-3,1.65040,2048
4.790000e-3,1.65363,2052
4.792000e-3,1.66491,2066
4.794000e-3,1.65040,2048
4.796000e-3,1.65040,2048
4.798000e-3,1.66088,2061
4.800000e-3,1.64315,2039
4.802000e-3,1.65282,2051
4.804000e-3,1.66007,2060
4.806000e-3,1.64718,2044
4.808000e-3,1.65363,2052
4.810000e-3,1.65443,2053
4.812000e-3,1.64718,2044
4.814000e-3,1.64476,2041
4.816000e-3,1.65685,2056
4.818000e-3,1.64718,2044
4.820000e-3,1.65524,2054
4.822000e-3,1.65766,2057
4.824000e-3,1.64396,2040
4.826000e-3,1.65604,2055
4.828000e-3,1.65846,2058
4.830000e-3,1.64315,2039
4.832000e-3,1.65363,2052
4.834000e-3,1.65766,2057
4.836000e-3,1.64154,2037
4.838000e-3,1.65524,2054
4.840000e-3,1.65846,2058
4.842000e-3,1.64234,2038
4.844000e-3,1.65685,2056
4.846000e-3,1.65846,2058
4.848000e-3,1.64154,2037
4.850000e-3,1.64637,2043
4.852000e-3,1.65766,2057
4.854000e-3,1.64476,2041
4.856000e-3,1.65443,2053
4.858000e-3,1.65766,2057
4.860000e-3,1.64476,2041
4.862000e-3,1.65443,2053
4.864000e-3,1.65846,2058
4.866000e-3,1.64476,2041
4.868000e-3,1.65040,2048
4.870000e-3,1.65766,2057
4.872000e-3,1.64476,2041
4.874000e-3,1.65363,2052
4.876000e-3,1.65766,2057
4.878000e-3,1.64396,2040
4.880000e-3,1.65282,2051
4.882000e-3,1.65685,2056
4.884000e-3,1.64396,2040
4.886000e-3,1.65121,2049
4.888000e-3,1.65766,2057
4.890000e-3,1.64799,2045
4.892000e-3,1.65443,2053
4.894000e-3,1.65766,2057
4.896000e-3,1.64396,2040
4.898000e-3,1.64879,2046
4.900000e-3,1.65846,2058
4.902000e-3,1.64154,2037
4.904000e-3,1.65040,2048
4.906000e-3,1.65766,2057
4.908000e-3,1.63993,2035
4.910000e-3,1.65604,2055
4.912000e-3,1.66007,2060
4.914000e-3,1.64073,2036
4.916000e-3,1.65846,2058
4.918000e-3,1.65766,2057
4.920000e-3,1.64557,2042
4.922000e-3,1.65685,2056
4.924000e-3,1.65846,2058
4.926000e-3,1.64315,2039
4.928000e-3,1.65766,2057
4.930000e-3,1.65846,2058
4.932000e-3,1.64154,2037
4.934000e-3,1.65685,2056
4.936000e-3,1.65846,2058
4.938000e-3,1.64557,2042
4.940000e-3,1.65121,2049
4.942000e-3,1.65766,2057
4.944000e-3,1.64073,2036
4.946000e-3,1.65766,2057
4.948000e-3,1.65846,2058
4.950000e-3,1.64073,2036
4.952000e-3,1.65766,2057
4.954000e-3,1.65846,2058
4.956000e-3,1.64315,2039
4.958000e-3,1.65201,2050
4.960000e-3,1.65766,2057
4.962000e-3,1.64154,2037
4.964000e-3,1.65927,2059
4.966000e-3,1.65766,2057
4.968000e-3,1.64879,2046
4.970000e-3,1.66088,2061
4.972000e-3,1.65685,2056
4.974000e-3,1.64960,2047
4.976000e-3,1.65040,2048
4.978000e-3,1.65685,2056
4.980000e-3,1.64637,2043
4.982000e-3,1.65846,2058
4.984000e-3,1.66088,2061
4.986000e-3,1.64879,2046
4.988000e-3,1.66168,2062
4.990000e-3,1.66168,2062
4.992000e-3,1.64396,2040
4.994000e-3,1.66330,2064
4.996000e-3,1.66410,2065
4.998000e-3,1.65201,2050
5.000000e-3,1.66330,2064
5.002000e-3,1.66733,2069
5.004000e-3,1.65040,2048
5.006000e-3,1.66733,2069
5.008000e-3,1.65443,2053
5.010000e-3,1.65040,2048
5.012000e-3,1.66652,2068
5.014000e-3,1.64637,2043
5.016000e-3,1.66330,2064
5.018000e-3,1.66330,2064
5.020000e-3,1.64637,2043
5.022000e-3,1.65121,2049
5.024000e-3,1.66088,2061
5.026000e-3,1.65121,2049
5.028000e-3,1.65524,2054
5.030000e-3,1.65846,2058
5.032000e-3,1.64396,2040
5.034000e-3,1.65201,2050
5.036000e-3,1.65685,2056
5.038000e-3,1.63993,2035
5.040000e-3,1.65443,2053
5.042000e-3,1.66007,2060
5.044000e-3,1.64637,2043
5.046000e-3,1.65524,2054
5.048000e-3,1.65846,2058
5.050000e-3,1.65685,2056
5.052000e-3,1.66007,2060
5.054000e-3,1.65443,2053
5.056000e-3,1.65685,2056
5.058000e-3,1.66249,2063
5.060000e-3,1.65685,2056
5.062000e-3,1.65363,2052
5.064000e-3,1.66088,2061
5.066000e-3,1.65524,2054
5.068000e-3,1.66088,2061
5.070000e-3,1.66652,2068
5.072000e-3,1.65121,2049
5.074000e-3,1.65363,2052
5.076000e-3,1.66168,2062
5.078000e-3,1.65121,2049
5.080000e-3,1.65282,2051
5.082000e-3,1.65443,2053
5.084000e-3,1.65121,2049
5.086000e-3,1.66007,2060
5.088000e-3,1.65927,2059
5.090000e-3,1.64637,2043
5.092000e-3,1.66007,2060
5.094000e-3,1.65846,2058
5.096000e-3,1.64718,2044
5.098000e-3,1.65524,2054
5.100000e-3,1.65121,2049
5.102000e-3,1.64396,2040
5.104000e-3,1.65685,2056
5.106000e-3,1.65846,2058
5.108000e-3,1.64234,2038
5.110000e-3,1.65927,2059
5.112000e-3,1.65685,2056
5.114000e-3,1.64396,2040
5.116000e-3,1.66894,2071
5.118000e-3,1.65846,2058
5.120000e-3,1.64557,2042
5.122000e-3,1.66007,2060
5.124000e-3,1.65685,2056
5.126000e-3,1.65040,2048
5.128000e-3,1.66249,2063
5.130000e-3,1.65766,2057
5.132000e-3,1.65363,2052
5.134000e-3,1.66088,2061
5.136000e-3,1.65685,2056
5.138000e-3,1.65282,2051
5.140000e-3,1.66168,2062
5.142000e-3,1.65766,2057
5.144000e-3,1.65443,2053
5.146000e-3,1.66491,2066
5.148000e-3,1.65443,2053
5.150000e-3,1.64718,2044
5.152000e-3,1.66410,2065
5.154000e-3,1.65685,2056
5.156000e-3,1.65443,2053
5.158000e-3,1.66652,2068
5.160000e-3,1.65524,2054
5.162000e-3,1.65040,2048
5.164000e-3,1.66410,2065
5.166000e-3,1.65121,2049
5.168000e-3,1.65201,2050
5.170000e-3,1.66733,2069
5.172000e-3,1.65524,2054
5.174000e-3,1.64879,2046
5.176000e-3,1.66410,2065
5.178000e-3,1.65282,2051
5.180000e-3,1.65040,2048
5.182000e-3,1.66491,2066
5.184000e-3,1.65121,2049
5.186000e-3,1.65201,2050
5.188000e-3,1.66491,2066
5.190000e-3,1.65282,2051
5.192000e-3,1.65282,2051
5.194000e-3,1.65927,2059
5.196000e-3,1.65040,2048
5.198000e-3,1.65040,2048
5.200000e-3,1.65282,2051
5.202000e-3,1.64799,2045
5.204000e-3,1.65443,2053
5.206000e-3,1.65927,2059
5.208000e-3,1.64476,2041
5.210000e-3,1.65363,2052
5.212000e-3,1.65201,2050
5.214000e-3,1.64557,2042
5.216000e-3,1.65282,2051
5.218000e-3,1.66249,2063
5.220000e-3,1.63993,2035
5.222000e-3,1.65766,2057
5.224000e-3,1.65766,2057
5.226000e-3,1.63670,2031
5.228000e-3,1.65685,2056
5.230000e-3,1.66007,2060
5.232000e-3,1.64718,2044
5.234000e-3,1.65927,2059
5.236000e-3,1.66007,2060
5.238000e-3,1.65282,2051
5.240000e-3,1.66330,2064
5.242000e-3,1.65846,2058
5.244000e-3,1.65121,2049
5.246000e-3,1.66491,2066
5.248000e-3,1.65685,2056
5.250000e-3,1.65282,2051
5.252000e-3,1.66330,2064
5.254000e-3,1.65524,2054
5.256000e-3,1.64960,2047
5.258000e-3,1.66974,2072
5.260000e-3,1.65121,2049
5.262000e-3,1.65201,2050
5.264000e-3,1.66168,2062
5.266000e-3,1.65040,2048
5.268000e-3,1.65363,2052
5.270000e-3,1.65685,2056
5.272000e-3,1.64960,2047
5.274000e-3,1.64637,2043
5.276000e-3,1.65927,2059
5.278000e-3,1.64637,2043
5.280000e-3,1.65443,2053
5.282000e-3,1.66088,2061
5.284000e-3,1.64476,2041
5.286000e-3,1.65443,2053
5.288000e-3,1.65685,2056
5.290000e-3,1.64315,2039
5.292000e-3,1.65685,2056
5.294000e-3,1.65201,2050
5.296000e-3,1.64476,2041
5.298000e-3,1.65846,2058
5.300000e-3,1.65846,2058
5.302000e-3,1.63993,2035
5.304000e-3,1.65685,2056
5.306000e-3,1.65685,2056
5.308000e-3,1.65363,2052
5.310000e-3,1.65685,2056
5.312000e-3,1.65927,2059
5.314000e-3,1.64879,2046
5.316000e-3,1.66088,2061
5.318000e-3,1.65846,2058
5.320000e-3,1.65121,2049
5.322000e-3,1.65846,2058
5.324000e-3,1.65685,2056
5.326000e-3,1.65443,2053
5.328000e-3,1.65846,2058
5.330000e-3,1.65766,2057
5.332000e-3,1.65282,2051
5.334000e-3,1.66007,2060
5.336000e-3,1.65685,2056
5.338000e-3,1.66007,2060
5.340000e-3,1.66491,2066
5.342000e-3,1.65282,2051
5.344000e-3,1.65685,2056
5.346000e-3,1.66491,2066
5.348000e-3,1.65443,2053
5.350000e-3,1.65524,2054
5.352000e-3,1.66491,2066
5.354000e-3,1.65201,2050
5.356000e-3,1.65685,2056
5.358000e-3,1.66491,2066
5.360000e-3,1.65040,2048
5.362000e-3,1.66330,2064
5.364000e-3,1.65927,2059
5.366000e-3,1.65040,2048
5.368000e-3,1.65282,2051
5.370000e-3,1.65040,2048
5.372000e-3,1.64637,2043
5.374000e-3,1.65443,2053
5.376000e-3,1.65846,2058
5.378000e-3,1.64396,2040
5.380000e-3,1.65604,2055
5.382000e-3,1.65766,2057
5.384000e-3,1.64637,2043
5.386000e-3,1.65524,2054
5.388000e-3,1.66088,2061
5.390000e-3,1.64557,2042
5.392000e-3,1.65443,2053
5.394000e-3,1.65685,2056
5.396000e-3,1.64476,2041
5.398000e-3,1.65604,2055
5.400000e-3,1.65766,2057
5.402000e-3,1.64637,2043
5.404000e-3,1.64960,2047
5.406000e-3,1.65927,2059
5.408000e-3,1.64396,2040
5.410000e-3,1.65685,2056
5.412000e-3,1.65846,2058
5.414000e-3,1.64396,2040
5.416000e-3,1.65927,2059
5.418000e-3,1.65927,2059
5.420000e-3,1.64637,2043
5.422000e-3,1.65282,2051
5.424000e-3,1.65846,2058
5.426000e-3,1.64396,2040
5.428000e-3,1.65846,2058
5.430000e-3,1.65766,2057
5.432000e-3,1.63832,2033
5.434000e-3,1.66249,2063
5.436000e-3,1.65282,2051
5.438000e-3,1.65524,2054
5.440000e-3,1.66088,2061
5.442000e-3,1.65766,2057
5.444000e-3,1.65927,2059
5.446000e-3,1.66168,2062
5.448000e-3,1.65766,2057
5.450000e-3,1.65040,2048
5.452000e-3,1.66007,2060
5.454000e-3,1.65443,2053
5.456000e-3,1.65363,2052
5.458000e-3,1.66168,2062
5.460000e-3,1.65927,2059
5.462000e-3,1.65201,2050
5.464000e-3,1.65685,2056
5.466000e-3,1.65685,2056
5.468000e-3,1.65121,2049
5.470000e-3,1.66410,2065
5.472000e-3,1.65443,2053
5.474000e-3,1.65363,2052
5.476000e-3,1.66249,2063
5.478000e-3,1.65846,2058
5.480000e-3,1.65201,2050
5.482000e-3,1.65685,2056
5.484000e-3,1.65685,2056
5.486000e-3,1.65040,2048
5.488000e-3,1.66168,2062
5.490000e-3,1.65282,2051
5.492000e-3,1.65282,2051
5.494000e-3,1.66652,2068
5.496000e-3,1.64960,2047
5.498000e-3,1.65201,2050
5.500000e-3,1.66652,2068
5.502000e-3,1.65282,2051
5.504000e-3,1.65040,2048
5.506000e-3,1.66813,2070
5.508000e-3,1.65121,2049
5.510000e-3,1.65282,2051
5.512000e-3,1.66813,2070
5.514000e-3,1.65685,2056
5.516000e-3,1.65040,2048
5.518000e-3,1.66733,2069
5.520000e-3,1.65282,2051
5.522000e-3,1.65040,2048
5.524000e-3,1.66733,2069
5.526000e-3,1.65282,2051
5.528000e-3,1.65201,2050
5.530000e-3,1.66330,2064
5.532000e-3,1.65121,2049
5.534000e-3,1.65201,2050
5.536000e-3,1.66652,2068
5.538000e-3,1.65363,2052
5.540000e-3,1.65040,2048
5.542000e-3,1.66974,2072
5.544000e-3,1.65040,2048
5.546000e-3,1.65443,2053
5.548000e-3,1.66410,2065
5.550000e-3,1.65282,2051
5.552000e-3,1.65040,2048
5.554000e-3,1.66652,2068
5.556000e-3,1.65282,2051
5.558000e-3,1.65040,2048
5.560000e-3,1.66894,2071
5.562000e-3,1.65201,2050
5.564000e-3,1.65443,2053
5.566000e-3,1.66652,2068
5.568000e-3,1.65524,2054
5.570000e-3,1.64718,2044
5.572000e-3,1.65927,2059
5.574000e-3,1.65363,2052
5.576000e-3,1.65040,2048
5.578000e-3,1.66410,2065
5.580000e-3,1.65040,2048
5.582000e-3,1.65282,2051
5.584000e-3,1.66410,2065
5.586000e-3,1.65282,2051
5.588000e-3,1.65201,2050
5.590000e-3,1.65524,2054
5.592000e-3,1.64879,2046
5.594000e-3,1.65040,2048
5.596000e-3,1.65524,2054
5.598000e-3,1.64637,2043
5.600000e-3,1.65363,2052
5.602000e-3,1.66168,2062
5.604000e-3,1.65201,2050
5.606000e-3,1.65201,2050
5.608000e-3,1.65443,2053
5.610000e-3,1.65040,2048
5.612000e-3,1.65040,2048
5.614000e-3,1.66168,2062
5.616000e-3,1.65121,2049
5.618000e-3,1.65282,2051
5.620000e-3,1.66813,2070
5.622000e-3,1.65524,2054
5.624000e-3,1.65201,2050
5.626000e-3,1.66007,2060
5.628000e-3,1.65363,2052
5.630000e-3,1.64960,2047
5.632000e-3,1.66491,2066
5.634000e-3,1.65121,2049
5.636000e-3,1.65201,2050
5.638000e-3,1.66733,2069
5.640000e-3,1.65524,2054
5.642000e-3,1.65201,2050
5.644000e-3,1.65927,2059
5.646000e-3,1.65201,2050
5.648000e-3,1.65040,2048
5.650000e-3,1.66168,2062
5.652000e-3,1.65282,2051
5.654000e-3,1.65282,2051
5.656000e-3,1.66813,2070
5.658000e-3,1.65604,2055
5.660000e-3,1.65121,2049
5.662000e-3,1.65846,2058
5.664000e-3,1.65524,2054
5.666000e-3,1.65040,2048
5.668000e-3,1.67619,2080
5.670000e-3,1.65282,2051
5.672000e-3,1.65282,2051
5.674000e-3,1.66652,2068
5.676000e-3,1.64637,2043
5.678000e-3,1.65201,2050
5.680000e-3,1.66652,2068
5.682000e-3,1.65201,2050
5.684000e-3,1.65040,2048
5.686000e-3,1.66813,2070
5.688000e-3,1.65363,2052
5.690000e-3,1.65363,2052
5.692000e-3,1.67538,2079
5.694000e-3,1.65443,2053
5.696000e-3,1.65201,2050
5.698000e-3,1.66652,2068
5.700000e-3,1.65443,2053
5.702000e-3,1.65040,2048
5.704000e-3,1.66733,2069
5.706000e-3,1.64960,2047
5.708000e-3,1.65443,2053
5.710000e-3,1.66652,2068
5.712000e-3,1.65685,2056
5.714000e-3,1.64799,2045
5.716000e-3,1.66330,2064
5.718000e-3,1.65685,2056
5.720000e-3,1.65201,2050
5.722000e-3,1.66168,2062
5.724000e-3,1.65121,2049
5.726000e-3,1.65201,2050
5.728000e-3,1.66813,2070
5.730000e-3,1.65927,2059
5.732000e-3,1.65040,2048
5.734000e-3,1.65846,2058
5.736000e-3,1.65685,2056
5.738000e-3,1.65121,2049
5.740000e-3,1.65927,2059
5.742000e-3,1.65443,2053
5.744000e-3,1.65282,2051
5.746000e-3,1.66330,2064
5.748000e-3,1.65766,2057
5.750000e-3,1.65201,2050
5.752000e-3,1.66007,2060
5.754000e-3,1.65524,2054
5.756000e-3,1.65040,2048
5.758000e-3,1.67377,2077
5.760000e-3,1.65685,2056
5.762000e-3,1.65282,2051
5.764000e-3,1.66249,2063
5.766000e-3,1.66491,2066
5.768000e-3,1.65201,2050
5.770000e-3,1.66330,2064
5.772000e-3,1.65685,2056
5.774000e-3,1.65040,2048
5.776000e-3,1.66410,2065
5.778000e-3,1.65685,2056
5.780000e-3,1.65201,2050
5.782000e-3,1.65766,2057
5.784000e-3,1.65604,2055
5.786000e-3,1.65201,2050
5.788000e-3,1.66168,2062
5.790000e-3,1.65766,2057
5.792000e-3,1.65121,2049
5.794000e-3,1.66330,2064
5.796000e-3,1.65685,2056
5.798000e-3,1.64879,2046
5.800000e-3,1.65927,2059
5.802000e-3,1.65927,2059
5.804000e-3,1.64396,2040
5.806000e-3,1.65201,2050
5.808000e-3,1.65846,2058
5.810000e-3,1.63993,2035
5.812000e-3,1.66652,2068
5.814000e-3,1.65766,2057
5.816000e-3,1.64476,2041
5.818000e-3,1.65846,2058
5.820000e-3,1.65604,2055
5.822000e-3,1.64396,2040
5.824000e-3,1.66571,2067
5.826000e-3,1.65846,2058
5.828000e-3,1.64154,2037
5.830000e-3,1.66571,2067
5.832000e-3,1.65766,2057
5.834000e-3,1.64637,2043
5.836000e-3,1.65604,2055
5.838000e-3,1.65927,2059
5.840000e-3,1.64396,2040
5.842000e-3,1.65363,2052
5.844000e-3,1.65846,2058
5.846000e-3,1.64396,2040
5.848000e-3,1.64960,2047
5.850000e-3,1.65685,2056
5.852000e-3,1.64637,2043
5.854000e-3,1.65604,2055
5.856000e-3,1.65927,2059
5.858000e-3,1.64557,2042
5.860000e-3,1.65201,2050
5.862000e-3,1.65846,2058
5.864000e-3,1.64396,2040
5.866000e-3,1.65604,2055
5.868000e-3,1.65766,2057
5.870000e-3,1.64557,2042
5.872000e-3,1.65685,2056
5.874000e-3,1.66088,2061
5.876000e-3,1.64396,2040
5.878000e-3,1.65040,2048
5.880000e-3,1.65846,2058
5.882000e-3,1.64396,2040
5.884000e-3,1.64879,2046
5.886000e-3,1.65604,2055
5.888000e-3,1.64637,2043
5.890000e-3,1.65604,2055
5.892000e-3,1.66088,2061
5.894000e-3,1.64557,2042
5.896000e-3,1.65282,2051
5.898000e-3,1.65201,2050
5.900000e-3,1.64234,2038
5.902000e-3,1.65282,2051
5.904000e-3,1.65604,2055
5.906000e-3,1.64637,2043
5.908000e-3,1.65604,2055
5.910000e-3,1.66007,2060
5.912000e-3,1.64637,2043
5.914000e-3,1.65040,2048
5.916000e-3,1.65846,2058
5.918000e-3,1.64396,2040
5.920000e-3,1.65604,2055
5.922000e-3,1.65685,2056
5.924000e-3,1.64799,2045
5.926000e-3,1.65524,2054
5.928000e-3,1.66088,2061
5.930000e-3,1.63912,2034
5.932000e-3,1.65040,2048
5.934000e-3,1.65685,2056
5.936000e-3,1.64557,2042
5.938000e-3,1.64879,2046
5.940000e-3,1.65604,2055
5.942000e-3,1.64879,2046
5.944000e-3,1.65443,2053
5.946000e-3,1.65927,2059
5.948000e-3,1.65040,2048
5.950000e-3,1.65524,2054
5.952000e-3,1.67136,2074
5.954000e-3,1.65040,2048
5.956000e-3,1.64799,2045
5.958000e-3,1.65927,2059
5.960000e-3,1.65121,2049
5.962000e-3,1.65443,2053
5.964000e-3,1.65524,2054
5.966000e-3,1.65363,2052
5.968000e-3,1.66088,2061
5.970000e-3,1.66491,2066
5.972000e-3,1.65040,2048
5.974000e-3,1.65846,2058
5.976000e-3,1.66410,2065
5.978000e-3,1.65282,2051
5.980000e-3,1.65201,2050
5.982000e-3,1.66007,2060
5.984000e-3,1.64557,2042
5.986000e-3,1.65121,2049
5.988000e-3,1.67136,2074
5.990000e-3,1.65282,2051
5.992000e-3,1.64718,2044
5.994000e-3,1.66491,2066
5.996000e-3,1.65201,2050
5.998000e-3,1.65363,2052
6.000000e-3,1.66330,2064
6.002000e-3,1.65685,2056
6.004000e-3,1.65524,2054
6.006000e-3,1.66249,2063
6.008000e-3,1.65121,2049
6.010000e-3,1.64960,2047
6.012000e-3,1.66249,2063
6.014000e-3,1.65201,2050
6.016000e-3,1.65201,2050
6.018000e-3,1.66410,2065
6.020000e-3,1.65685,2056
6.022000e-3,1.65604,2055
6.024000e-3,1.66410,2065
6.026000e-3,1.64960,2047
6.028000e-3,1.64879,2046
6.030000e-3,1.66330,2064
6.032000e-3,1.65443,2053
6.034000e-3,1.65040,2048
6.036000e-3,1.66007,2060
6.038000e-3,1.65685,2056
6.040000e-3,1.65604,2055
6.042000e-3,1.66168,2062
6.044000e-3,1.65604,2055
6.046000e-3,1.64557,2042
6.048000e-3,1.66168,2062
6.050000e-3,1.65363,2052
6.052000e-3,1.65121,2049
6.054000e-3,1.66088,2061
6.056000e-3,1.65685,2056
6.058000e-3,1.65524,2054
6.060000e-3,1.66330,2064
6.062000e-3,1.65121,2049
6.064000e-3,1.64879,2046
6.066000e-3,1.66410,2065
6.068000e-3,1.65201,2050
6.070000e-3,1.65201,2050
6.072000e-3,1.66168,2062
6.074000e-3,1.65363,2052
6.076000e-3,1.65524,2054
6.078000e-3,1.66491,2066
6.080000e-3,1.65685,2056
6.082000e-3,1.64718,2044
6.084000e-3,1.66491,2066
6.086000e-3,1.65121,2049
6.088000e-3,1.65121,2049
6.090000e-3,1.66330,2064
6.092000e-3,1.65121,2049
6.094000e-3,1.65766,2057
6.096000e-3,1.66491,2066
6.098000e-3,1.65524,2054
6.100000e-3,1.64637,2043
6.102000e-3,1.66652,2068
6.104000e-3,1.65040,2048
6.106000e-3,1.65121,2049
6.108000e-3,1.66330,2064
6.110000e-3,1.65282,2051
6.112000e-3,1.65524,2054
6.114000e-3,1.66652,2068
6.116000e-3,1.65363,2052
6.118000e-3,1.64315,2039
6.120000e-3,1.66491,2066
6.122000e-3,1.65040,2048
6.124000e-3,1.65282,2051
6.126000e-3,1.66330,2064
6.128000e-3,1.64960,2047
6.130000e-3,1.65524,2054
6.132000e-3,1.66571,2067
6.134000e-3,1.65604,2055
6.136000e-3,1.64154,2037
6.138000e-3,1.66652,2068
6.140000e-3,1.65121,2049
6.142000e-3,1.65363,2052
6.144000e-3,1.66088,2061
6.146000e-3,1.65282,2051
6.148000e-3,1.65524,2054
6.150000e-3,1.66571,2067
6.152000e-3,1.65604,2055
6.154000e-3,1.64315,2039
6.156000e-3,1.66330,2064
6.158000e-3,1.65282,2051
6.160000e-3,1.65201,2050
6.162000e-3,1.66330,2064
6.164000e-3,1.65443,2053
6.166000e-3,1.65604,2055
6.168000e-3,1.66491,2066
6.170000e-3,1.65363,2052
6.172000e-3,1.64879,2046
6.174000e-3,1.66410,2065
6.176000e-3,1.65201,2050
6.178000e-3,1.65201,2050
6.180000e-3,1.66410,2065
6.182000e-3,1.65443,2053
6.184000e-3,1.65524,2054
6.186000e-3,1.66652,2068
6.188000e-3,1.65443,2053
6.190000e-3,1.64234,2038
6.192000e-3,1.66491,2066
6.194000e-3,1.65040,2048
6.196000e-3,1.64637,2043
6.198000e-3,1.65927,2059
6.200000e-3,1.65121,2049
6.202000e-3,1.65524,2054
6.204000e-3,1.66007,2060
6.206000e-3,1.65201,2050
6.208000e-3,1.65443,2053
6.210000e-3,1.65766,2057
6.212000e-3,1.64396,2040
6.214000e-3,1.65363,2052
6.216000e-3,1.65443,2053
6.218000e-3,1.64557,2042
6.220000e-3,1.65846,2058
6.222000e-3,1.65685,2056
6.224000e-3,1.64799,2045
6.226000e-3,1.64476,2041
6.228000e-3,1.65685,2056
6.230000e-3,1.64396,2040
6.232000e-3,1.65524,2054
6.234000e-3,1.65604,2055
6.236000e-3,1.64476,2041
6.238000e-3,1.66007,2060
6.240000e-3,1.65846,2058
6.242000e-3,1.64799,2045
6.244000e-3,1.65282,2051
6.246000e-3,1.65685,2056
6.248000e-3,1.64154,2037
6.250000e-3,1.65685,2056
6.252000e-3,1.65604,2055
6.254000e-3,1.64637,2043
6.256000e-3,1.66249,2063
6.258000e-3,1.65685,2056
6.260000e-3,1.64960,2047
6.262000e-3,1.65363,2052
6.264000e-3,1.65524,2054
6.266000e-3,1.65040,2048
6.268000e-3,1.66330,2064
6.270000e-3,1.65363,2052
6.272000e-3,1.64960,2047
6.274000e-3,1.66733,2069
6.276000e-3,1.65524,2054
6.278000e-3,1.65363,2052
6.280000e-3,1.65766,2057
6.282000e-3,1.65201,2050
6.284000e-3,1.65040,2048
6.286000e-3,1.66733,2069
6.288000e-3,1.65040,2048
6.290000e-3,1.65282,2051
6.292000e-3,1.66249,2063
6.294000e-3,1.64879,2046
6.296000e-3,1.65524,2054
6.298000e-3,1.65685,2056
6.300000e-3,1.64879,2046
6.302000e-3,1.65040,2048
6.304000e-3,1.65363,2052
6.306000e-3,1.64476,2041
6.308000e-3,1.65282,2051
6.310000e-3,1.66168,2062
6.312000e-3,1.64718,2044
6.314000e-3,1.65604,2055
6.316000e-3,1.65363,2052
6.318000e-3,1.64396,2040
6.320000e-3,1.65201,2050
6.322000e-3,1.65846,2058
6.324000e-3,1.64396,2040
6.326000e-3,1.65363,2052
6.328000e-3,1.66249,2063
6.330000e-3,1.64476,2041
6.332000e-3,1.65846,2058
6.334000e-3,1.65201,2050
6.336000e-3,1.64234,2038
6.338000e-3,1.65363,2052
6.340000e-3,1.65363,2052
6.342000e-3,1.64315,2039
6.344000e-3,1.65766,2057
6.346000e-3,1.66168,2062
6.348000e-3,1.64637,2043
6.350000e-3,1.65604,2055
6.352000e-3,1.65604,2055
6.354000e-3,1.64799,2045
6.356000e-3,1.65685,2056
6.358000e-3,1.65846,2058
6.360000e-3,1.64396,2040
6.362000e-3,1.65927,2059
6.364000e-3,1.66330,2064
6.366000e-3,1.64879,2046
6.368000e-3,1.66410,2065
6.370000e-3,1.65363,2052
6.372000e-3,1.65121,2049
6.374000e-3,1.66088,2061
6.376000e-3,1.65604,2055
6.378000e-3,1.65040,2048
6.380000e-3,1.66491,2066
6.382000e-3,1.65766,2057
6.384000e-3,1.65040,2048
6.386000e-3,1.66813,2070
6.388000e-3,1.65282,2051
6.390000e-3,1.65040,2048
6.392000e-3,1.66330,2064
6.394000e-3,1.65363,2052
6.396000e-3,1.64799,2045
6.398000e-3,1.66652,2068
6.400000e-3,1.65766,2057
6.402000e-3,1.65040,2048
6.404000e-3,1.66733,2069
6.406000e-3,1.63993,2035
6.408000e-3,1.65040,2048
6.410000e-3,1.65766,2057
6.412000e-3,1.65040,2048
6.414000e-3,1.65040,2048
6.416000e-3,1.65846,2058
6.418000e-3,1.65201,2050
6.420000e-3,1.65282,2051
6.422000e-3,1.65604,2055
6.424000e-3,1.64476,2041
6.426000e-3,1.65282,2051
6.428000e-3,1.65685,2056
6.430000e-3,1.64637,2043
6.432000e-3,1.65282,2051
6.434000e-3,1.65927,2059
6.436000e-3,1.64718,2044
6.438000e-3,1.65524,2054
6.440000e-3,1.66007,2060
6.442000e-3,1.64154,2037
6.444000e-3,1.65443,2053
6.446000e-3,1.65685,2056
6.448000e-3,1.64396,2040
6.450000e-3,1.65443,2053
6.452000e-3,1.65846,2058
6.454000e-3,1.65363,2052
6.456000e-3,1.65927,2059
6.458000e-3,1.65282,2051
6.460000e-3,1.64637,2043
6.462000e-3,1.65685,2056
6.464000e-3,1.65524,2054
6.466000e-3,1.65040,2048
6.468000e-3,1.65766,2057
6.470000e-3,1.65685,2056
6.472000e-3,1.65524,2054
6.474000e-3,1.66088,2061
6.476000e-3,1.65604,2055
6.478000e-3,1.64879,2046
6.480000e-3,1.66330,2064
6.482000e-3,1.65121,2049
6.484000e-3,1.65282,2051
6.486000e-3,1.66410,2065
6.488000e-3,1.65282,2051
6.490000e-3,1.65524,2054
6.492000e-3,1.66571,2067
6.494000e-3,1.65685,2056
6.496000e-3,1.64879,2046
6.498000e-3,1.66168,2062
6.500000e-3,1.64960,2047
6.502000e-3,1.65363,2052
6.504000e-3,1.65766,2057
6.506000e-3,1.64879,2046
6.508000e-3,1.66571,2067
6.510000e-3,1.65604,2055
6.512000e-3,1.64879,2046
6.514000e-3,1.65201,2050
6.516000e-3,1.65685,2056
6.518000e-3,1.64476,2041
6.520000e-3,1.65443,2053
6.522000e-3,1.66330,2064
6.524000e-3,1.64718,2044
6.526000e-3,1.65846,2058
6.528000e-3,1.65040,2048
6.530000e-3,1.64960,2047
6.532000e-3,1.65363,2052
6.534000e-3,1.65685,2056
6.536000e-3,1.64396,2040
6.538000e-3,1.65524,2054
6.540000e-3,1.65685,2056
6.542000e-3,1.63993,2035
6.544000e-3,1.65846,2058
6.546000e-3,1.65604,2055
6.548000e-3,1.64637,2043
6.550000e-3,1.65846,2058
6.552000e-3,1.65685,2056
6.554000e-3,1.64234,2038
6.556000e-3,1.65685,2056
6.558000e-3,1.65604,2055
6.560000e-3,1.64315,2039
6.562000e-3,1.66168,2062
6.564000e-3,1.65766,2057
6.566000e-3,1.64718,2044
6.568000e-3,1.65363,2052
6.570000e-3,1.65685,2056
6.572000e-3,1.64557,2042
6.574000e-3,1.66007,2060
6.576000e-3,1.65685,2056
6.578000e-3,1.65282,2051
6.580000e-3,1.66410,2065
6.582000e-3,1.65604,2055
6.584000e-3,1.66007,2060
6.586000e-3,1.65846,2058
6.588000e-3,1.65604,2055
6.590000e-3,1.65040,2048
6.592000e-3,1.66088,2061
6.594000e-3,1.65443,2053
6.596000e-3,1.65282,2051
6.598000e-3,1.66652,2068
6.600000e-3,1.65766,2057
6.602000e-3,1.65443,2053
6.604000e-3,1.65524,2054
6.606000e-3,1.65524,2054
6.608000e-3,1.65040,2048
6.610000e-3,1.66410,2065
6.612000e-3,1.65363,2052
6.614000e-3,1.65282,2051
6.616000e-3,1.67136,2074
6.618000e-3,1.65282,2051
6.620000e-3,1.65524,2054
6.622000e-3,1.66330,2064
6.624000e-3,1.65040,2048
6.626000e-3,1.65121,2049
6.628000e-3,1.66168,2062
6.630000e-3,1.64557,2042
6.632000e-3,1.65282,2051
6.634000e-3,1.66330,2064
6.636000e-3,1.64476,2041
6.638000e-3,1.65040,2048
6.640000e-3,1.65604,2055
6.642000e-3,1.64154,2037
6.644000e-3,1.65282,2051
6.646000e-3,1.66007,2060
6.648000e-3,1.64154,2037
6.650000e-3,1.65685,2056
6.652000e-3,1.66330,2064
6.654000e-3,1.64557,2042
6.656000e-3,1.65443,2053
6.658000e-3,1.65604,2055
6.660000e-3,1.64315,2039
6.662000e-3,1.65685,2056
6.664000e-3,1.65846,2058
6.666000e-3,1.65040,2048
6.668000e-3,1.66168,2062
6.670000e-3,1.66007,2060
6.672000e-3,1.65121,2049
6.674000e-3,1.65604,2055
6.676000e-3,1.65524,2054
6.678000e-3,1.65201,2050
6.680000e-3,1.65766,2057
6.682000e-3,1.65846,2058
6.684000e-3,1.65040,2048
6.686000e-3,1.66330,2064
6.688000e-3,1.66007,2060
6.690000e-3,1.65040,2048
6.692000e-3,1.66733,2069
6.694000e-3,1.64718,2044
6.696000e-3,1.64718,2044
6.698000e-3,1.66330,2064
6.700000e-3,1.65524,2054
6.702000e-3,1.65040,2048
6.704000e-3,1.66571,2067
6.706000e-3,1.65524,2054
6.708000e-3,1.65201,2050
6.710000e-3,1.66410,2065
6.712000e-3,1.65121,2049
6.714000e-3,1.64799,2045
6.716000e-3,1.66330,2064
6.718000e-3,1.65201,2050
6.720000e-3,1.65040,2048
6.722000e-3,1.66168,2062
6.724000e-3,1.65524,2054
6.726000e-3,1.65201,2050
6.728000e-3,1.65846,2058
6.730000e-3,1.64718,2044
6.732000e-3,1.65363,2052
6.734000e-3,1.65685,2056
6.736000e-3,1.65040,2048
6.738000e-3,1.65040,2048
6.740000e-3,1.65685,2056
6.742000e-3,1.65201,2050
6.744000e-3,1.65282,2051
6.746000e-3,1.66168,2062
6.748000e-3,1.64073,2036
6.750000e-3,1.65201,2050
6.752000e-3,1.65685,2056
6.754000e-3,1.64718,2044
6.756000e-3,1.65282,2051
6.758000e-3,1.65766,2057
6.760000e-3,1.65040,2048
6.762000e-3,1.65282,2051
6.764000e-3,1.65443,2053
6.766000e-3,1.64234,2038
6.768000e-3,1.65282,2051
6.770000e-3,1.65766,2057
6.772000e-3,1.64557,2042
6.774000e-3,1.65121,2049
6.776000e-3,1.65927,2059
6.778000e-3,1.63912,2034
6.780000e-3,1.65604,2055
6.782000e-3,1.66007,2060
6.784000e-3,1.63912,2034
6.786000e-3,1.65524,2054
6.788000e-3,1.65443,2053
6.790000e-3,1.64476,2041
6.792000e-3,1.65363,2052
6.794000e-3,1.65846,2058
6.796000e-3,1.64234,2038
6.798000e-3,1.65201,2050
6.800000e-3,1.65846,2058
6.802000e-3,1.64637,2043
6.804000e-3,1.65443,2053
6.806000e-3,1.65685,2056
6.808000e-3,1.65040,2048
6.810000e-3,1.65604,2055
6.812000e-3,1.65282,2051
6.814000e-3,1.65685,2056
6.816000e-3,1.66168,2062
6.818000e-3,1.65766,2057
6.820000e-3,1.65201,2050
6.822000e-3,1.66088,2061
6.824000e-3,1.65685,2056
6.826000e-3,1.65201,2050
6.828000e-3,1.65766,2057
6.830000e-3,1.65201,2050
6.832000e-3,1.65604,2055
6.834000e-3,1.66007,2060
6.836000e-3,1.65604,2055
6.838000e-3,1.64234,2038
6.840000e-3,1.66168,2062
6.842000e-3,1.65363,2052
6.844000e-3,1.65201,2050
6.846000e-3,1.66168,2062
6.848000e-3,1.65443,2053
6.850000e-3,1.65604,2055
6.852000e-3,1.66330,2064
6.854000e-3,1.66007,2060
6.856000e-3,1.64879,2046
6.858000e-3,1.66249,2063
6.860000e-3,1.65282,2051
6.862000e-3,1.65201,2050
6.864000e-3,1.66330,2064
6.866000e-3,1.65604,2055
6.868000e-3,1.65524,2054
6.870000e-3,1.66330,2064
6.872000e-3,1.64718,2044
6.874000e-3,1.64799,2045
6.876000e-3,1.66410,2065
6.878000e-3,1.65121,2049
6.880000e-3,1.65201,2050
6.882000e-3,1.66330,2064
6.884000e-3,1.65524,2054
6.886000e-3,1.65524,2054
6.888000e-3,1.66652,2068
6.890000e-3,1.64879,2046
6.892000e-3,1.64799,2045
6.894000e-3,1.66571,2067
6.896000e-3,1.65040,2048
6.898000e-3,1.65201,2050
6.900000e-3,1.66088,2061
6.902000e-3,1.64960,2047
6.904000e-3,1.66491,2066
6.906000e-3,1.66491,2066
6.908000e-3,1.65443,2053
6.910000e-3,1.64879,2046
6.912000e-3,1.66571,2067
6.914000e-3,1.65040,2048
6.916000e-3,1.65040,2048
6.918000e-3,1.66007,2060
6.920000e-3,1.65201,2050
6.922000e-3,1.65524,2054
6.924000e-3,1.66652,2068
6.926000e-3,1.65363,2052
6.928000e-3,1.65685,2056
6.930000e-3,1.66249,2063
6.932000e-3,1.65040,2048
6.934000e-3,1.65201,2050
6.936000e-3,1.65766,2057
6.938000e-3,1.64396,2040
6.940000e-3,1.65766,2057
6.942000e-3,1.65685,2056
6.944000e-3,1.64960,2047
6.946000e-3,1.64476,2041
6.948000e-3,1.65524,2054
6.950000e-3,1.64476,2041
6.952000e-3,1.64879,2046
6.954000e-3,1.65685,2056
6.956000e-3,1.64718,2044
6.958000e-3,1.65846,2058
6.960000e-3,1.65685,2056
6.962000e-3,1.64234,2038
6.964000e-3,1.65363,2052
6.966000e-3,1.65766,2057
6.968000e-3,1.64073,2036
6.970000e-3,1.65685,2056
6.972000e-3,1.65766,2057
6.974000e-3,1.64396,2040
6.976000e-3,1.65846,2058
6.978000e-3,1.65766,2057
6.980000e-3,1.63832,2033
6.982000e-3,1.65363,2052
6.984000e-3,1.65121,2049
6.986000e-3,1.64315,2039
6.988000e-3,1.66571,2067
6.990000e-3,1.65766,2057
6.992000e-3,1.64960,2047
6.994000e-3,1.65846,2058
6.996000e-3,1.65443,2053
6.998000e-3,1.65363,2052
7.000000e-3,1.65201,2050
7.002000e-3,1.65685,2056
7.004000e-3,1.65363,2052
7.006000e-3,1.66894,2071
7.008000e-3,1.65685,2056
7.010000e-3,1.65685,2056
7.012000e-3,1.66410,2065
7.014000e-3,1.65363,2052
7.016000e-3,1.65201,2050
7.018000e-3,1.66491,2066
7.020000e-3,1.65443,2053
7.022000e-3,1.65927,2059
7.024000e-3,1.67055,2073
7.026000e-3,1.65363,2052
7.028000e-3,1.65524,2054
7.030000e-3,1.66813,2070
7.032000e-3,1.64718,2044
7.034000e-3,1.65282,2051
7.036000e-3,1.66168,2062
7.038000e-3,1.65363,2052
7.040000e-3,1.65201,2050
7.042000e-3,1.66571,2067
7.044000e-3,1.65282,2051
7.046000e-3,1.65524,2054
7.048000e-3,1.65927,2059
7.050000e-3,1.64557,2042
7.052000e-3,1.65363,2052
7.054000e-3,1.65685,2056
7.056000e-3,1.64799,2045
7.058000e-3,1.65604,2055
7.060000e-3,1.66168,2062
7.062000e-3,1.64476,2041
7.064000e-3,1.66007,2060
7.066000e-3,1.65927,2059
7.068000e-3,1.64718,2044
7.070000e-3,1.66007,2060
7.072000e-3,1.65685,2056
7.074000e-3,1.65201,2050
7.076000e-3,1.66007,2060
7.078000e-3,1.66088,2061
7.080000e-3,1.65201,2050
7.082000e-3,1.66571,2067
7.084000e-3,1.65685,2056
7.086000e-3,1.65040,2048
7.088000e-3,1.66168,2062
7.090000e-3,1.65685,2056
7.092000e-3,1.65443,2053
7.094000e-3,1.66168,2062
7.096000e-3,1.65927,2059
7.098000e-3,1.65201,2050
7.100000e-3,1.66894,2071
7.102000e-3,1.65443,2053
7.104000e-3,1.65040,2048
7.106000e-3,1.66571,2067
7.108000e-3,1.65443,2053
7.110000e-3,1.65282,2051
7.112000e-3,1.66733,2069
7.114000e-3,1.65766,2057
7.116000e-3,1.65282,2051
7.118000e-3,1.67297,2076
7.120000e-3,1.65282,2051
7.122000e-3,1.65040,2048
7.124000e-3,1.66571,2067
7.126000e-3,1.65121,2049
7.128000e-3,1.65121,2049
7.130000e-3,1.67055,2073
7.132000e-3,1.65685,2056
7.134000e-3,1.65846,2058
7.136000e-3,1.67055,2073
7.138000e-3,1.65443,2053
7.140000e-3,1.65040,2048
7.142000e-3,1.67619,2080
7.144000e-3,1.65201,2050
7.146000e-3,1.65363,2052
7.148000e-3,1.66007,2060
7.150000e-3,1.65282,2051
7.152000e-3,1.65282,2051
7.154000e-3,1.66168,2062
7.156000e-3,1.65040,2048
7.158000e-3,1.65121,2049
7.160000e-3,1.65766,2057
7.162000e-3,1.64718,2044
7.164000e-3,1.65524,2054
7.166000e-3,1.65927,2059
7.168000e-3,1.65201,2050
7.170000e-3,1.65524,2054
7.172000e-3,1.66088,2061
7.174000e-3,1.64799,2045
7.176000e-3,1.65201,2050
7.178000e-3,1.65846,2058
7.180000e-3,1.64557,2042
7.182000e-3,1.65766,2057
7.184000e-3,1.65846,2058
7.186000e-3,1.65121,2049
7.188000e-3,1.65363,2052
7.190000e-3,1.66330,2064
7.192000e-3,1.64557,2042
7.194000e-3,1.65363,2052
7.196000e-3,1.65846,2058
7.198000e-3,1.64073,2036
7.200000e-3,1.66007,2060
7.202000e-3,1.65846,2058
7.204000e-3,1.64396,2040
7.206000e-3,1.65766,2057
7.208000e-3,1.66330,2064
7.210000e-3,1.64879,2046
7.212000e-3,1.66007,2060
7.214000e-3,1.65766,2057
7.216000e-3,1.65040,2048
7.218000e-3,1.66491,2066
7.220000e-3,1.65604,2055
7.222000e-3,1.65685,2056
7.224000e-3,1.66491,2066
7.226000e-3,1.66007,2060
7.228000e-3,1.65201,2050
7.230000e-3,1.66330,2064
7.232000e-3,1.65524,2054
7.234000e-3,1.65040,2048
7.236000e-3,1.66894,2071
7.238000e-3,1.65363,2052
7.240000e-3,1.64879,2046
7.242000e-3,1.66652,2068
7.244000e-3,1.65685,2056
7.246000e-3,1.65201,2050
7.248000e-3,1.66330,2064
7.250000e-3,1.65524,2054
7.252000e-3,1.65121,2049
7.254000e-3,1.66007,2060
7.256000e-3,1.65282,2051
7.258000e-3,1.65524,2054
7.260000e-3,1.66813,2070
7.262000e-3,1.66571,2067
7.264000e-3,1.66088,2061
7.266000e-3,1.66491,2066
7.268000e-3,1.65363,2052
7.270000e-3,1.65040,2048
7.272000e-3,1.66813,2070
7.274000e-3,1.65443,2053
7.276000e-3,1.65524,2054
7.278000e-3,1.66168,2062
7.280000e-3,1.65201,2050
7.282000e-3,1.65282,2051
7.284000e-3,1.65685,2056
7.286000e-3,1.64718,2044
7.288000e-3,1.65363,2052
7.290000e-3,1.66088,2061
7.292000e-3,1.64234,2038
7.294000e-3,1.65685,2056
7.296000e-3,1.66168,2062
7.298000e-3,1.64718,2044
7.300000e-3,1.65524,2054
7.302000e-3,1.65766,2057
7.304000e-3,1.64557,2042
7.306000e-3,1.65363,2052
7.308000e-3,1.66007,2060
7.310000e-3,1.64476,2041
7.312000e-3,1.66088,2061
7.314000e-3,1.65846,2058
7.316000e-3,1.65040,2048
7.318000e-3,1.66007,2060
7.320000e-3,1.65443,2053
7.322000e-3,1.65282,2051
7.324000e-3,1.66168,2062
7.326000e-3,1.66249,2063
7.328000e-3,1.65282,2051
7.330000e-3,1.67619,2080
7.332000e-3,1.65604,2055
7.334000e-3,1.65443,2053
7.336000e-3,1.66571,2067
7.338000e-3,1.65201,2050
7.340000e-3,1.65201,2050
7.342000e-3,1.66652,2068
7.344000e-3,1.65443,2053
7.346000e-3,1.65121,2049
7.348000e-3,1.66974,2072
7.350000e-3,1.65443,2053
7.352000e-3,1.65766,2057
7.354000e-3,1.66168,2062
7.356000e-3,1.64718,2044
7.358000e-3,1.65443,2053
7.360000e-3,1.65766,2057
7.362000e-3,1.64879,2046
7.364000e-3,1.65766,2057
7.366000e-3,1.66088,2061
7.368000e-3,1.64234,2038
7.370000e-3,1.65685,2056
7.372000e-3,1.65846,2058
7.374000e-3,1.64073,2036
7.376000e-3,1.65443,2053
7.378000e-3,1.65685,2056
7.380000e-3,1.64799,2045
7.382000e-3,1.65524,2054
7.384000e-3,1.66330,2064
7.386000e-3,1.64396,2040
7.388000e-3,1.66088,2061
7.390000e-3,1.66007,2060
7.392000e-3,1.64073,2036
7.394000e-3,1.65766,2057
7.396000e-3,1.65040,2048
7.398000e-3,1.64799,2045
7.400000e-3,1.65766,2057
7.402000e-3,1.66088,2061
7.404000e-3,1.64879,2046
7.406000e-3,1.65604,2055
7.408000e-3,1.65927,2059
7.410000e-3,1.64396,2040
7.412000e-3,1.65685,2056
7.414000e-3,1.65685,2056
7.416000e-3,1.65121,2049
7.418000e-3,1.65282,2051
7.420000e-3,1.66249,2063
7.422000e-3,1.65524,2054
7.424000e-3,1.66491,2066
7.426000e-3,1.65685,2056
7.428000e-3,1.65040,2048
7.430000e-3,1.66168,2062
7.432000e-3,1.65524,2054
7.434000e-3,1.65121,2049
7.436000e-3,1.65927,2059
7.438000e-3,1.66007,2060
7.440000e-3,1.65201,2050
7.442000e-3,1.66088,2061
7.444000e-3,1.65766,2057
7.446000e-3,1.65040,2048
7.448000e-3,1.66007,2060
7.450000e-3,1.65685,2056
7.452000e-3,1.64557,2042
7.454000e-3,1.66168,2062
7.456000e-3,1.66894,2071
7.458000e-3,1.65282,2051
7.460000e-3,1.66652,2068
7.462000e-3,1.65604,2055
7.464000e-3,1.65040,2048
7.466000e-3,1.66491,2066
7.468000e-3,1.65040,2048
7.470000e-3,1.65201,2050
7.472000e-3,1.66410,2065
7.474000e-3,1.65927,2059
7.476000e-3,1.65282,2051
7.478000e-3,1.67377,2077
7.480000e-3,1.65443,2053
7.482000e-3,1.65040,2048
7.484000e-3,1.66571,2067
7.486000e-3,1.65363,2052
7.488000e-3,1.65363,2052
7.490000e-3,1.66330,2064
7.492000e-3,1.65766,2057
7.494000e-3,1.64879,2046
7.496000e-3,1.67055,2073
7.498000e-3,1.65363,2052
7.500000e-3,1.65040,2048
7.502000e-3,1.66652,2068
7.504000e-3,1.65201,2050
7.506000e-3,1.65443,2053
7.508000e-3,1.66733,2069
7.510000e-3,1.65766,2057
7.512000e-3,1.65282,2051
7.514000e-3,1.67136,2074
7.516000e-3,1.65201,2050
7.518000e-3,1.65040,2048
7.520000e-3,1.66813,2070
7.522000e-3,1.65201,2050
7.524000e-3,1.65443,2053
7.526000e-3,1.66410,2065
7.528000e-3,1.65685,2056
7.530000e-3,1.65363,2052
7.532000e-3,1.66974,2072
7.534000e-3,1.65282,2051
7.536000e-3,1.65040,2048
7.538000e-3,1.66491,2066
7.540000e-3,1.65040,2048
7.542000e-3,1.65282,2051
7.544000e-3,1.66571,2067
7.546000e-3,1.65685,2056
7.548000e-3,1.65363,2052
7.550000e-3,1.66974,2072
7.552000e-3,1.65201,2050
7.554000e-3,1.65040,2048
7.556000e-3,1.66330,2064
7.558000e-3,1.64799,2045
7.560000e-3,1.65524,2054
7.562000e-3,1.66007,2060
7.564000e-3,1.65121,2049
7.566000e-3,1.65201,2050
7.568000e-3,1.66249,2063
7.570000e-3,1.64799,2045
7.572000e-3,1.65040,2048
7.574000e-3,1.65927,2059
7.576000e-3,1.64718,2044
7.578000e-3,1.65282,2051
7.580000e-3,1.65766,2057
7.582000e-3,1.64879,2046
7.584000e-3,1.65524,2054
7.586000e-3,1.67136,2074
7.588000e-3,1.64637,2043
7.590000e-3,1.65363,2052
7.592000e-3,1.65927,2059
7.594000e-3,1.64557,2042
7.596000e-3,1.65443,2053
7.598000e-3,1.66007,2060
7.600000e-3,1.65040,2048
7.602000e-3,1.65363,2052
7.604000e-3,1.66088,2061
7.606000e-3,1.64718,2044
7.608000e-3,1.65363,2052
7.610000e-3,1.65927,2059
7.612000e-3,1.64396,2040
7.614000e-3,1.65524,2054
7.616000e-3,1.66330,2064
7.618000e-3,1.64718,2044
7.620000e-3,1.66088,2061
7.622000e-3,1.66088,2061
7.624000e-3,1.64557,2042
7.626000e-3,1.65363,2052
7.628000e-3,1.65201,2050
7.630000e-3,1.64234,2038
7.632000e-3,1.65766,2057
7.634000e-3,1.65927,2059
7.636000e-3,1.64718,2044
7.638000e-3,1.65766,2057
7.640000e-3,1.66330,2064
7.642000e-3,1.64396,2040
7.644000e-3,1.65201,2050
7.646000e-3,1.65927,2059
7.648000e-3,1.64396,2040
7.650000e-3,1.65766,2057
7.652000e-3,1.65846,2058
7.654000e-3,1.65040,2048
7.656000e-3,1.65524,2054
7.658000e-3,1.66330,2064
7.660000e-3,1.64637,2043
7.662000e-3,1.65201,2050
7.664000e-3,1.65846,2058
7.666000e-3,1.64637,2043
7.668000e-3,1.65443,2053
7.670000e-3,1.65604,2055
7.672000e-3,1.65282,2051
7.674000e-3,1.65685,2056
7.676000e-3,1.66249,2063
7.678000e-3,1.64799,2045
7.680000e-3,1.65040,2048
7.682000e-3,1.65927,2059
7.684000e-3,1.64718,2044
7.686000e-3,1.65524,2054
7.688000e-3,1.65766,2057
7.690000e-3,1.65040,2048
7.692000e-3,1.65363,2052
7.694000e-3,1.66330,2064
7.696000e-3,1.64879,2046
7.698000e-3,1.65363,2052
7.700000e-3,1.65766,2057
7.702000e-3,1.64476,2041
7.704000e-3,1.65282,2051
7.706000e-3,1.65201,2050
7.708000e-3,1.65040,2048
7.710000e-3,1.65282,2051
7.712000e-3,1.66249,2063
7.714000e-3,1.65040,2048
7.716000e-3,1.65121,2049
7.718000e-3,1.66249,2063
7.720000e-3,1.65040,2048
7.722000e-3,1.65443,2053
7.724000e-3,1.65927,2059
7.726000e-3,1.65201,2050
7.728000e-3,1.65282,2051
7.730000e-3,1.66571,2067
7.732000e-3,1.65121,2049
7.734000e-3,1.65040,2048
7.736000e-3,1.66410,2065
7.738000e-3,1.65040,2048
7.740000e-3,1.65121,2049
7.742000e-3,1.66491,2066
7.744000e-3,1.65604,2055
7.746000e-3,1.64960,2047
7.748000e-3,1.66813,2070
7.750000e-3,1.65363,2052
7.752000e-3,1.65040,2048
7.754000e-3,1.66652,2068
7.756000e-3,1.65363,2052
7.758000e-3,1.65363,2052
7.760000e-3,1.66571,2067
7.762000e-3,1.65927,2059
7.764000e-3,1.65604,2055
7.766000e-3,1.66813,2070
7.768000e-3,1.65685,2056
7.770000e-3,1.65040,2048
7.772000e-3,1.66168,2062
7.774000e-3,1.65363,2052
7.776000e-3,1.65282,2051
7.778000e-3,1.66168,2062
7.780000e-3,1.65927,2059
7.782000e-3,1.65201,2050
7.784000e-3,1.66652,2068
7.786000e-3,1.65685,2056
7.788000e-3,1.65040,2048
7.790000e-3,1.66007,2060
7.792000e-3,1.65846,2058
7.794000e-3,1.64960,2047
7.796000e-3,1.65604,2055
7.798000e-3,1.66410,2065
7.800000e-3,1.64476,2041
7.802000e-3,1.65927,2059
7.804000e-3,1.65685,2056
7.806000e-3,1.63832,2033
7.808000e-3,1.65685,2056
7.810000e-3,1.65685,2056
7.812000e-3,1.64476,2041
7.814000e-3,1.65766,2057
7.816000e-3,1.66330,2064
7.818000e-3,1.64799,2045
7.820000e-3,1.66168,2062
7.822000e-3,1.66088,2061
7.824000e-3,1.64073,2036
7.826000e-3,1.65524,2054
7.828000e-3,1.65685,2056
7.830000e-3,1.64718,2044
7.832000e-3,1.65685,2056
7.834000e-3,1.66330,2064
7.836000e-3,1.64557,2042
7.838000e-3,1.65846,2058
7.840000e-3,1.65766,2057
7.842000e-3,1.64396,2040
7.844000e-3,1.65282,2051
7.846000e-3,1.65685,2056
7.848000e-3,1.64960,2047
7.850000e-3,1.65443,2053
7.852000e-3,1.66168,2062
7.854000e-3,1.64637,2043
7.856000e-3,1.65685,2056
7.858000e-3,1.65685,2056
7.860000e-3,1.64234,2038
7.862000e-3,1.65524,2054
7.864000e-3,1.65685,2056
7.866000e-3,1.64718,2044
7.868000e-3,1.65443,2053
7.870000e-3,1.66088,2061
7.872000e-3,1.64396,2040
7.874000e-3,1.65604,2055
7.876000e-3,1.65685,2056
7.878000e-3,1.64396,2040
7.880000e-3,1.65443,2053
7.882000e-3,1.65685,2056
7.884000e-3,1.64799,2045
7.886000e-3,1.65443,2053
7.888000e-3,1.66168,2062
7.890000e-3,1.64557,2042
7.892000e-3,1.65927,2059
7.894000e-3,1.65846,2058
7.896000e-3,1.64396,2040
7.898000e-3,1.65524,2054
7.900000e-3,1.65685,2056
7.902000e-3,1.64879,2046
7.904000e-3,1.65121,2049
7.906000e-3,1.66088,2061
7.908000e-3,1.64879,2046
7.910000e-3,1.65766,2057
7.912000e-3,1.65766,2057
7.914000e-3,1.64476,2041
7.916000e-3,1.65201,2050
7.918000e-3,1.65685,2056
7.920000e-3,1.65121,2049
7.922000e-3,1.65282,2051
7.924000e-3,1.66168,2062
7.926000e-3,1.65121,2049
7.928000e-3,1.65443,2053
7.930000e-3,1.66249,2063
7.932000e-3,1.65040,2048
7.934000e-3,1.65282,2051
7.936000e-3,1.66410,2065
7.938000e-3,1.65443,2053
7.940000e-3,1.65121,2049
7.942000e-3,1.67055,2073
7.944000e-3,1.65443,2053
7.946000e-3,1.65524,2054
7.948000e-3,1.66491,2066
7.950000e-3,1.65040,2048
7.952000e-3,1.65201,2050
7.954000e-3,1.66410,2065
7.956000e-3,1.65604,2055
7.958000e-3,1.64960,2047
7.960000e-3,1.66733,2069
7.962000e-3,1.65443,2053
7.964000e-3,1.65685,2056
7.966000e-3,1.66652,2068
7.968000e-3,1.65121,2049
7.970000e-3,1.65201,2050
7.972000e-3,1.66491,2066
7.974000e-3,1.65443,2053
7.976000e-3,1.64960,2047
7.978000e-3,1.66974,2072
7.980000e-3,1.65524,2054
7.982000e-3,1.65604,2055
7.984000e-3,1.66652,2068
7.986000e-3,1.65040,2048
7.988000e-3,1.65040,2048
7.990000e-3,1.67377,2077
7.992000e-3,1.65443,2053
7.994000e-3,1.65363,2052
7.996000e-3,1.66410,2065
7.998000e-3,1.65685,2056
8.000000e-3,1.65201,2050
8.002000e-3,1.66330,2064
8.004000e-3,1.65685,2056
8.006000e-3,1.65121,2049
8.008000e-3,1.66410,2065
8.010000e-3,1.65766,2057
8.012000e-3,1.65443,2053
8.014000e-3,1.66007,2060
8.016000e-3,1.65121,2049
8.018000e-3,1.65363,2052
8.020000e-3,1.65927,2059
8.022000e-3,1.64799,2045
8.024000e-3,1.65201,2050
8.026000e-3,1.66330,2064
8.028000e-3,1.65604,2055
8.030000e-3,1.65121,2049
8.032000e-3,1.66007,2060
8.034000e-3,1.65766,2057
8.036000e-3,1.65040,2048
8.038000e-3,1.66088,2061
8.040000e-3,1.65040,2048
8.042000e-3,1.65121,2049
8.044000e-3,1.65846,2058
8.046000e-3,1.65685,2056
8.048000e-3,1.65121,2049
8.050000e-3,1.66330,2064
8.052000e-3,1.65685,2056
8.054000e-3,1.65121,2049
8.056000e-3,1.66491,2066
8.058000e-3,1.66652,2068
8.060000e-3,1.65121,2049
8.062000e-3,1.66410,2065
8.064000e-3,1.65604,2055
8.066000e-3,1.65121,2049
8.068000e-3,1.66330,2064
8.070000e-3,1.65685,2056
8.072000e-3,1.65040,2048
8.074000e-3,1.66733,2069
8.076000e-3,1.65766,2057
8.078000e-3,1.64879,2046
8.080000e-3,1.66571,2067
8.082000e-3,1.65766,2057
8.084000e-3,1.64718,2044
8.086000e-3,1.66330,2064
8.088000e-3,1.65524,2054
8.090000e-3,1.65201,2050
8.092000e-3,1.66330,2064
8.094000e-3,1.65604,2055
8.096000e-3,1.65040,2048
8.098000e-3,1.66733,2069
8.100000e-3,1.65282,2051
8.102000e-3,1.65121,2049
8.104000e-3,1.66330,2064
8.106000e-3,1.65685,2056
8.108000e-3,1.65201,2050
8.110000e-3,1.66410,2065
8.112000e-3,1.65040,2048
8.114000e-3,1.65201,2050
8.116000e-3,1.66330,2064
8.118000e-3,1.65685,2056
8.120000e-3,1.65363,2052
8.122000e-3,1.65846,2058
8.124000e-3,1.65766,2057
8.126000e-3,1.64718,2044
8.128000e-3,1.66007,2060
8.130000e-3,1.66007,2060
8.132000e-3,1.64476,2041
8.134000e-3,1.65604,2055
8.136000e-3,1.65766,2057
8.138000e-3,1.64234,2038
8.140000e-3,1.65524,2054
8.142000e-3,1.66007,2060
8.144000e-3,1.63590,2030
8.146000e-3,1.66088,2061
8.148000e-3,1.65927,2059
8.150000e-3,1.64315,2039
8.152000e-3,1.65604,2055
8.154000e-3,1.65685,2056
8.156000e-3,1.64396,2040
8.158000e-3,1.65201,2050
8.160000e-3,1.65927,2059
8.162000e-3,1.64718,2044
8.164000e-3,1.65282,2051
8.166000e-3,1.65766,2057
8.168000e-3,1.64718,2044
8.170000e-3,1.65604,2055
8.172000e-3,1.65846,2058
8.174000e-3,1.64718,2044
8.176000e-3,1.65201,2050
8.178000e-3,1.66974,2072
8.180000e-3,1.64557,2042
8.182000e-3,1.65363,2052
8.184000e-3,1.65685,2056
8.186000e-3,1.64476,2041
8.188000e-3,1.65766,2057
8.190000e-3,1.65846,2058
8.192000e-3,1.64637,2043
8.194000e-3,1.65121,2049
8.196000e-3,1.65846,2058
8.198000e-3,1.65040,2048
8.200000e-3,1.64879,2046
8.202000e-3,1.65685,2056
8.204000e-3,1.64799,2045
8.206000e-3,1.65282,2051
8.208000e-3,1.65846,2058
8.210000e-3,1.64799,2045
8.212000e-3,1.65040,2048
8.214000e-3,1.66330,2064
8.216000e-3,1.65201,2050
8.218000e-3,1.65040,2048
8.220000e-3,1.66168,2062
8.222000e-3,1.65121,2049
8.224000e-3,1.64637,2043
8.226000e-3,1.66652,2068
8.228000e-3,1.65443,2053
8.230000e-3,1.65040,2048
8.232000e-3,1.66652,2068
8.234000e-3,1.65524,2054
8.236000e-3,1.65040,2048
8.238000e-3,1.65766,2057
8.240000e-3,1.65363,2052
8.242000e-3,1.65363,2052
8.244000e-3,1.66330,2064
8.246000e-3,1.65766,2057
8.248000e-3,1.65040,2048
8.250000e-3,1.66007,2060
8.252000e-3,1.65927,2059
8.254000e-3,1.64637,2043
8.256000e-3,1.65604,2055
8.258000e-3,1.66652,2068
8.260000e-3,1.64234,2038
8.262000e-3,1.66007,2060
8.264000e-3,1.66007,2060
8.266000e-3,1.64234,2038
8.268000e-3,1.65604,2055
8.270000e-3,1.65846,2058
8.272000e-3,1.64396,2040
8.274000e-3,1.65524,2054
8.276000e-3,1.65766,2057
8.278000e-3,1.64557,2042
8.280000e-3,1.65443,2053
8.282000e-3,1.65846,2058
8.284000e-3,1.64476,2041
8.286000e-3,1.65443,2053
8.288000e-3,1.65846,2058
8.290000e-3,1.64637,2043
8.292000e-3,1.64799,2045
8.294000e-3,1.65766,2057
8.296000e-3,1.64476,2041
8.298000e-3,1.65443,2053
8.300000e-3,1.65766,2057
8.302000e-3,1.64557,2042
8.304000e-3,1.65443,2053
8.306000e-3,1.65685,2056
8.308000e-3,1.64557,2042
8.310000e-3,1.65443,2053
8.312000e-3,1.65846,2058
8.314000e-3,1.64960,2047
8.316000e-3,1.65121,2049
8.318000e-3,1.65927,2059
8.320000e-3,1.64799,2045
8.322000e-3,1.65363,2052
8.324000e-3,1.65766,2057
8.326000e-3,1.64879,2046
8.328000e-3,1.65443,2053
8.330000e-3,1.65766,2057
8.332000e-3,1.64960,2047
8.334000e-3,1.65282,2051
8.336000e-3,1.65846,2058
8.338000e-3,1.64718,2044
8.340000e-3,1.65443,2053
8.342000e-3,1.65685,2056
8.344000e-3,1.64879,2046
8.346000e-3,1.66330,2064
8.348000e-3,1.65685,2056
8.350000e-3,1.64637,2043
8.352000e-3,1.65443,2053
8.354000e-3,1.66007,2060
8.356000e-3,1.64396,2040
8.358000e-3,1.65363,2052
8.360000e-3,1.65766,2057
8.362000e-3,1.64476,2041
8.364000e-3,1.65443,2053
8.366000e-3,1.65604,2055
8.368000e-3,1.64557,2042
8.370000e-3,1.65766,2057
8.372000e-3,1.65685,2056
8.374000e-3,1.64234,2038
8.376000e-3,1.65685,2056
8.378000e-3,1.65846,2058
8.380000e-3,1.64234,2038
8.382000e-3,1.65604,2055
8.384000e-3,1.65685,2056
8.386000e-3,1.65282,2051
8.388000e-3,1.65685,2056
8.390000e-3,1.66088,2061
8.392000e-3,1.64396,2040
8.394000e-3,1.65927,2059
8.396000e-3,1.65846,2058
8.398000e-3,1.65040,2048
8.400000e-3,1.67055,2073
8.402000e-3,1.65443,2053
8.404000e-3,1.65201,2050
8.406000e-3,1.66249,2063
8.408000e-3,1.65685,2056
8.410000e-3,1.65201,2050
8.412000e-3,1.66410,2065
8.414000e-3,1.65524,2054
8.416000e-3,1.64476,2041
8.418000e-3,1.66249,2063
8.420000e-3,1.65040,2048
8.422000e-3,1.65121,2049
8.424000e-3,1.66249,2063
8.426000e-3,1.65201,2050
8.428000e-3,1.65040,2048
8.430000e-3,1.66088,2061
8.432000e-3,1.65846,2058
8.434000e-3,1.64960,2047
8.436000e-3,1.66007,2060
8.438000e-3,1.65443,2053
8.440000e-3,1.64960,2047
8.442000e-3,1.66088,2061
8.444000e-3,1.65685,2056
8.446000e-3,1.65121,2049
8.448000e-3,1.66491,2066
8.450000e-3,1.65685,2056
8.452000e-3,1.65524,2054
8.454000e-3,1.67297,2076
8.456000e-3,1.65685,2056
8.458000e-3,1.65121,2049
8.460000e-3,1.66249,2063
8.462000e-3,1.65443,2053
8.464000e-3,1.65040,2048
8.466000e-3,1.66813,2070
8.468000e-3,1.64879,2046
8.470000e-3,1.64476,2041
8.472000e-3,1.66733,2069
8.474000e-3,1.64879,2046
8.476000e-3,1.65121,2049
8.478000e-3,1.66410,2065
8.480000e-3,1.65040,2048
8.482000e-3,1.65040,2048
8.484000e-3,1.66491,2066
8.486000e-3,1.65121,2049
8.488000e-3,1.64396,2040
8.490000e-3,1.66410,2065
8.492000e-3,1.65121,2049
8.494000e-3,1.65282,2051
8.496000e-3,1.67216,2075
8.498000e-3,1.65121,2049
8.500000e-3,1.65040,2048
8.502000e-3,1.66491,2066
8.504000e-3,1.65121,2049
8.506000e-3,1.65121,2049
8.508000e-3,1.66813,2070
8.510000e-3,1.65201,2050
8.512000e-3,1.64476,2041
8.514000e-3,1.66733,2069
8.516000e-3,1.65363,2052
8.518000e-3,1.65040,2048
8.520000e-3,1.66733,2069
8.522000e-3,1.65443,2053
8.524000e-3,1.65201,2050
8.526000e-3,1.66330,2064
8.528000e-3,1.65363,2052
8.530000e-3,1.65201,2050
8.532000e-3,1.66571,2067
8.534000e-3,1.65363,2052
8.536000e-3,1.65040,2048
8.538000e-3,1.66813,2070
8.540000e-3,1.65363,2052
8.542000e-3,1.65201,2050
8.544000e-3,1.66733,2069
8.546000e-3,1.65766,2057
8.548000e-3,1.65201,2050
8.550000e-3,1.66652,2068
8.552000e-3,1.65363,2052
8.554000e-3,1.65040,2048
8.556000e-3,1.66813,2070
8.558000e-3,1.65363,2052
8.560000e-3,1.64799,2045
8.562000e-3,1.66894,2071
8.564000e-3,1.65443,2053
8.566000e-3,1.64960,2047
8.568000e-3,1.66733,2069
8.570000e-3,1.65443,2053
8.572000e-3,1.65040,2048
8.574000e-3,1.66974,2072
8.576000e-3,1.65363,2052
8.578000e-3,1.64960,2047
8.580000e-3,1.66007,2060
8.582000e-3,1.65282,2051
8.584000e-3,1.65121,2049
8.586000e-3,1.66571,2067
8.588000e-3,1.65443,2053
8.590000e-3,1.65040,2048
8.592000e-3,1.66733,2069
8.594000e-3,1.65524,2054
8.596000e-3,1.65040,2048
8.598000e-3,1.65846,2058
8.600000e-3,1.65443,2053
8.602000e-3,1.65121,2049
8.604000e-3,1.66249,2063
8.606000e-3,1.65685,2056
8.608000e-3,1.65121,2049
8.610000e-3,1.66168,2062
8.612000e-3,1.65685,2056
8.614000e-3,1.64960,2047
8.616000e-3,1.65040,2048
8.618000e-3,1.65685,2056
8.620000e-3,1.64879,2046
8.622000e-3,1.65927,2059
8.624000e-3,1.65766,2057
8.626000e-3,1.64476,2041
8.628000e-3,1.65846,2058
8.630000e-3,1.65846,2058
8.632000e-3,1.64799,2045
8.634000e-3,1.65121,2049
8.636000e-3,1.65685,2056
8.638000e-3,1.65363,2052
8.640000e-3,1.66249,2063
8.642000e-3,1.65685,2056
8.644000e-3,1.65121,2049
8.646000e-3,1.66330,2064
8.648000e-3,1.65685,2056
8.650000e-3,1.65040,2048
8.652000e-3,1.66491,2066
8.654000e-3,1.65363,2052
8.656000e-3,1.65121,2049
8.658000e-3,1.66491,2066
8.660000e-3,1.65363,2052
8.662000e-3,1.65040,2048
8.664000e-3,1.66652,2068
8.666000e-3,1.65685,2056
8.668000e-3,1.65282,2051
8.670000e-3,1.66652,2068
8.672000e-3,1.65604,2055
8.674000e-3,1.65121,2049
8.676000e-3,1.66571,2067
8.678000e-3,1.65685,2056
8.680000e-3,1.65201,2050
8.682000e-3,1.66491,2066
8.684000e-3,1.65685,2056
8.686000e-3,1.65040,2048
8.688000e-3,1.66007,2060
8.690000e-3,1.65604,2055
8.692000e-3,1.65443,2053
8.694000e-3,1.66168,2062
8.696000e-3,1.65604,2055
8.698000e-3,1.65363,2052
8.700000e-3,1.66491,2066
8.702000e-3,1.65685,2056
8.704000e-3,1.65040,2048
8.706000e-3,1.66168,2062
8.708000e-3,1.65604,2055
8.710000e-3,1.65766,2057
8.712000e-3,1.66410,2065
8.714000e-3,1.65443,2053
8.716000e-3,1.65040,2048
8.718000e-3,1.66571,2067
8.720000e-3,1.65685,2056
8.722000e-3,1.64960,2047
8.724000e-3,1.65766,2057
8.726000e-3,1.65282,2051
8.728000e-3,1.64960,2047
8.730000e-3,1.66571,2067
8.732000e-3,1.65443,2053
8.734000e-3,1.65040,2048
8.736000e-3,1.66410,2065
8.738000e-3,1.65685,2056
8.740000e-3,1.65201,2050
8.742000e-3,1.67055,2073
8.744000e-3,1.65766,2057
8.746000e-3,1.65282,2051
8.748000e-3,1.66088,2061
8.750000e-3,1.65685,2056
8.752000e-3,1.65040,2048
8.754000e-3,1.66168,2062
8.756000e-3,1.65846,2058
8.758000e-3,1.64960,2047
8.760000e-3,1.66007,2060
8.762000e-3,1.65846,2058
8.764000e-3,1.64960,2047
8.766000e-3,1.66007,2060
8.768000e-3,1.65766,2057
8.770000e-3,1.65040,2048
8.772000e-3,1.66168,2062
8.774000e-3,1.65766,2057
8.776000e-3,1.64557,2042
8.778000e-3,1.66491,2066
8.780000e-3,1.65685,2056
8.782000e-3,1.65443,2053
8.784000e-3,1.66249,2063
8.786000e-3,1.65766,2057
8.788000e-3,1.65040,2048
8.790000e-3,1.66410,2065
8.792000e-3,1.65685,2056
8.794000e-3,1.64960,2047
8.796000e-3,1.67055,2073
8.798000e-3,1.65766,2057
8.800000e-3,1.65282,2051
8.802000e-3,1.66007,2060
8.804000e-3,1.65685,2056
8.806000e-3,1.65040,2048
8.808000e-3,1.66168,2062
8.810000e-3,1.65685,2056
8.812000e-3,1.65201,2050
8.814000e-3,1.66088,2061
8.816000e-3,1.65604,2055
8.818000e-3,1.65282,2051
8.820000e-3,1.66088,2061
8.822000e-3,1.65766,2057
8.824000e-3,1.64718,2044
8.826000e-3,1.65927,2059
8.828000e-3,1.66330,2064
8.830000e-3,1.65766,2057
8.832000e-3,1.65927,2059
8.834000e-3,1.65685,2056
8.836000e-3,1.64799,2045
8.838000e-3,1.65201,2050
8.840000e-3,1.65604,2055
8.842000e-3,1.65040,2048
8.844000e-3,1.66088,2061
8.846000e-3,1.65766,2057
8.848000e-3,1.64960,2047
8.850000e-3,1.66249,2063
8.852000e-3,1.65685,2056
8.854000e-3,1.64476,2041
8.856000e-3,1.66088,2061
8.858000e-3,1.65766,2057
8.860000e-3,1.65040,2048
8.862000e-3,1.66410,2065
8.864000e-3,1.65766,2057
8.866000e-3,1.65201,2050
8.868000e-3,1.66088,2061
8.870000e-3,1.65524,2054
8.872000e-3,1.65282,2051
8.874000e-3,1.66410,2065
8.876000e-3,1.65766,2057
8.878000e-3,1.65040,2048
8.880000e-3,1.66410,2065
8.882000e-3,1.65685,2056
8.884000e-3,1.64960,2047
8.886000e-3,1.66652,2068
8.888000e-3,1.65685,2056
8.890000e-3,1.65121,2049
8.892000e-3,1.66168,2062
8.894000e-3,1.65685,2056
8.896000e-3,1.65040,2048
8.898000e-3,1.66168,2062
8.900000e-3,1.65685,2056
8.902000e-3,1.64879,2046
8.904000e-3,1.66088,2061
8.906000e-3,1.65766,2057
8.908000e-3,1.64637,2043
8.910000e-3,1.65766,2057
8.912000e-3,1.65766,2057
8.914000e-3,1.64396,2040
8.916000e-3,1.65927,2059
8.918000e-3,1.65685,2056
8.920000e-3,1.64879,2046
8.922000e-3,1.65604,2055
8.924000e-3,1.66088,2061
8.926000e-3,1.64637,2043
8.928000e-3,1.65766,2057
8.930000e-3,1.66007,2060
8.932000e-3,1.64396,2040
8.934000e-3,1.65766,2057
8.936000e-3,1.65524,2054
8.938000e-3,1.63832,2033
8.940000e-3,1.65766,2057
8.942000e-3,1.65766,2057
8.944000e-3,1.65201,2050
8.946000e-3,1.65363,2052
8.948000e-3,1.65766,2057
8.950000e-3,1.64557,2042
8.952000e-3,1.65766,2057
8.954000e-3,1.65846,2058
8.956000e-3,1.64396,2040
8.958000e-3,1.65766,2057
8.960000e-3,1.65685,2056
8.962000e-3,1.64799,2045
8.964000e-3,1.66007,2060
8.966000e-3,1.65766,2057
8.968000e-3,1.64557,2042
8.970000e-3,1.66007,2060
8.972000e-3,1.65685,2056
8.974000e-3,1.64315,2039
8.976000e-3,1.65524,2054
8.978000e-3,1.65766,2057
8.980000e-3,1.63832,2033
8.982000e-3,1.65604,2055
8.984000e-3,1.65927,2059
8.986000e-3,1.63590,2030
8.988000e-3,1.65524,2054
8.990000e-3,1.66249,2063
8.992000e-3,1.63993,2035
8.994000e-3,1.65685,2056
8.996000e-3,1.66974,2072
8.998000e-3,1.64234,2038
9.000000e-3,1.65524,2054
9.002000e-3,1.67055,2073
9.004000e-3,1.64315,2039
9.006000e-3,1.65766,2057
9.008000e-3,1.66088,2061
9.010000e-3,1.64557,2042
9.012000e-3,1.65685,2056
9.014000e-3,1.65282,2051
9.016000e-3,1.64234,2038
9.018000e-3,1.65524,2054
9.020000e-3,1.65363,2052
9.022000e-3,1.64315,2039
9.024000e-3,1.65685,2056
9.026000e-3,1.66168,2062
9.028000e-3,1.63670,2031
9.030000e-3,1.65443,2053
9.032000e-3,1.65363,2052
9.034000e-3,1.64799,2045
9.036000e-3,1.65121,2049
9.038000e-3,1.66088,2061
9.040000e-3,1.64799,2045
9.042000e-3,1.65443,2053
9.044000e-3,1.66894,2071
9.046000e-3,1.64879,2046
9.048000e-3,1.65201,2050
9.050000e-3,1.66330,2064
9.052000e-3,1.65040,2048
9.054000e-3,1.65040,2048
9.056000e-3,1.66813,2070
9.058000e-3,1.64799,2045
9.060000e-3,1.65685,2056
9.062000e-3,1.66571,2067
9.064000e-3,1.65524,2054
9.066000e-3,1.65363,2052
9.068000e-3,1.66733,2069
9.070000e-3,1.65443,2053
9.072000e-3,1.65040,2048
9.074000e-3,1.66813,2070
9.076000e-3,1.65282,2051
9.078000e-3,1.65685,2056
9.080000e-3,1.66733,2069
9.082000e-3,1.65685,2056
9.084000e-3,1.64718,2044
9.086000e-3,1.65927,2059
9.088000e-3,1.65524,2054
9.090000e-3,1.65040,2048
9.092000e-3,1.66088,2061
9.094000e-3,1.65604,2055
9.096000e-3,1.65524,2054
9.098000e-3,1.66571,2067
9.100000e-3,1.65846,2058
9.102000e-3,1.65363,2052
9.104000e-3,1.65685,2056
9.106000e-3,1.65685,2056
9.108000e-3,1.65040,2048
9.110000e-3,1.65604,2055
9.112000e-3,1.65766,2057
9.114000e-3,1.64396,2040
9.116000e-3,1.65766,2057
9.118000e-3,1.65201,2050
9.120000e-3,1.64396,2040
9.122000e-3,1.66491,2066
9.124000e-3,1.65846,2058
9.126000e-3,1.64396,2040
9.128000e-3,1.66168,2062
9.130000e-3,1.65685,2056
9.132000e-3,1.64637,2043
9.134000e-3,1.65604,2055
9.136000e-3,1.65443,2053
9.138000e-3,1.64557,2042
9.140000e-3,1.65121,2049
9.142000e-3,1.65766,2057
9.144000e-3,1.64476,2041
9.146000e-3,1.65685,2056
9.148000e-3,1.65604,2055
9.150000e-3,1.64799,2045
9.152000e-3,1.65927,2059
9.154000e-3,1.65766,2057
9.156000e-3,1.64718,2044
9.158000e-3,1.65524,2054
9.160000e-3,1.65685,2056
9.162000e-3,1.65040,2048
9.164000e-3,1.65604,2055
9.166000e-3,1.65927,2059
9.168000e-3,1.66168,2062
9.170000e-3,1.65201,2050
9.172000e-3,1.66813,2070
9.174000e-3,1.65201,2050
9.176000e-3,1.64476,2041
9.178000e-3,1.66652,2068
9.180000e-3,1.65201,2050
9.182000e-3,1.66249,2063
9.184000e-3,1.66410,2065
9.186000e-3,1.65282,2051
9.188000e-3,1.64960,2047
9.190000e-3,1.65846,2058
9.192000e-3,1.65443,2053
9.194000e-3,1.65040,2048
9.196000e-3,1.66652,2068
9.198000e-3,1.65040,2048
9.200000e-3,1.65443,2053
9.202000e-3,1.66249,2063
9.204000e-3,1.65282,2051
9.206000e-3,1.66007,2060
9.208000e-3,1.66571,2067
9.210000e-3,1.65282,2051
9.212000e-3,1.65363,2052
9.214000e-3,1.66813,2070
9.216000e-3,1.64476,2041
9.218000e-3,1.65443,2053
9.220000e-3,1.66491,2066
9.222000e-3,1.66330,2064
9.224000e-3,1.65201,2050
9.226000e-3,1.66974,2072
9.228000e-3,1.65685,2056
9.230000e-3,1.64476,2041
9.232000e-3,1.66330,2064
9.234000e-3,1.65363,2052
9.236000e-3,1.66249,2063
9.238000e-3,1.65927,2059
9.240000e-3,1.65927,2059
9.242000e-3,1.64960,2047
9.244000e-3,1.65201,2050
9.246000e-3,1.65766,2057
9.248000e-3,1.65443,2053
9.250000e-3,1.65685,2056
9.252000e-3,1.65685,2056
9.254000e-3,1.64799,2045
9.256000e-3,1.65524,2054
9.258000e-3,1.65766,2057
9.260000e-3,1.64476,2041
9.262000e-3,1.64799,2045
9.264000e-3,1.65927,2059
9.266000e-3,1.65363,2052
9.268000e-3,1.65363,2052
9.270000e-3,1.65685,2056
9.272000e-3,1.65363,2052
9.274000e-3,1.65524,2054
9.276000e-3,1.65927,2059
9.278000e-3,1.64637,2043
9.280000e-3,1.64718,2044
9.282000e-3,1.65766,2057
9.284000e-3,1.64718,2044
9.286000e-3,1.65282,2051
9.288000e-3,1.65443,2053
9.290000e-3,1.64718,2044
9.292000e-3,1.65282,2051
9.294000e-3,1.65927,2059
9.296000e-3,1.64879,2046
9.298000e-3,1.65363,2052
9.300000e-3,1.66007,2060
9.302000e-3,1.64557,2042
9.304000e-3,1.65363,2052
9.306000e-3,1.65685,2056
9.308000e-3,1.64879,2046
9.310000e-3,1.65121,2049
9.312000e-3,1.65685,2056
9.314000e-3,1.65363,2052
9.316000e-3,1.65282,2051
9.318000e-3,1.65846,2058
9.320000e-3,1.65040,2048
9.322000e-3,1.65363,2052
9.324000e-3,1.65846,2058
9.326000e-3,1.65363,2052
9.328000e-3,1.65443,2053
9.330000e-3,1.65201,2050
9.332000e-3,1.64960,2047
9.334000e-3,1.65524,2054
9.336000e-3,1.65524,2054
9.338000e-3,1.65040,2048
9.340000e-3,1.65524,2054
9.342000e-3,1.65685,2056
9.344000e-3,1.65443,2053
9.346000e-3,1.65201,2050
9.348000e-3,1.65927,2059
9.350000e-3,1.64799,2045
9.352000e-3,1.64637,2043
9.354000e-3,1.65846,2058
9.356000e-3,1.65846,2058
9.358000e-3,1.65201,2050
9.360000e-3,1.65766,2057
9.362000e-3,1.66168,2062
9.364000e-3,1.65121,2049
9.366000e-3,1.66410,2065
9.368000e-3,1.64960,2047
9.370000e-3,1.64476,2041
9.372000e-3,1.66491,2066
9.374000e-3,1.66330,2064
9.376000e-3,1.65040,2048
9.378000e-3,1.66330,2064
9.380000e-3,1.66168,2062
9.382000e-3,1.65121,2049
9.384000e-3,1.66733,2069
9.386000e-3,1.65766,2057
9.388000e-3,1.64396,2040
9.390000e-3,1.66330,2064
9.392000e-3,1.66652,2068
9.394000e-3,1.65121,2049
9.396000e-3,1.65685,2056
9.398000e-3,1.66571,2067
9.400000e-3,1.64960,2047
9.402000e-3,1.66007,2060
9.404000e-3,1.65927,2059
9.406000e-3,1.64234,2038
9.408000e-3,1.65846,2058
9.410000e-3,1.65363,2052
9.412000e-3,1.64396,2040
9.414000e-3,1.65524,2054
9.416000e-3,1.66974,2072
9.418000e-3,1.64315,2039
9.420000e-3,1.65846,2058
9.422000e-3,1.66088,2061
9.424000e-3,1.64637,2043
9.426000e-3,1.65846,2058
9.428000e-3,1.65282,2051
9.430000e-3,1.64557,2042
9.432000e-3,1.65685,2056
9.434000e-3,1.65685,2056
9.436000e-3,1.64154,2037
9.438000e-3,1.65685,2056
9.440000e-3,1.65846,2058
9.442000e-3,1.64557,2042
9.444000e-3,1.65282,2051
9.446000e-3,1.65121,2049
9.448000e-3,1.64557,2042
9.450000e-3,1.65363,2052
9.452000e-3,1.65282,2051
9.454000e-3,1.64315,2039
9.456000e-3,1.65443,2053
9.458000e-3,1.65927,2059
9.460000e-3,1.63993,2035
9.462000e-3,1.65201,2050
9.464000e-3,1.66007,2060
9.466000e-3,1.64799,2045
9.468000e-3,1.65121,2049
9.470000e-3,1.66007,2060
9.472000e-3,1.64718,2044
9.474000e-3,1.65443,2053
9.476000e-3,1.65846,2058
9.478000e-3,1.64315,2039
9.480000e-3,1.65201,2050
9.482000e-3,1.66330,2064
9.484000e-3,1.65201,2050
9.486000e-3,1.65040,2048
9.488000e-3,1.66571,2067
9.490000e-3,1.65040,2048
9.492000e-3,1.65443,2053
9.494000e-3,1.65846,2058
9.496000e-3,1.65201,2050
9.498000e-3,1.65121,2049
9.500000e-3,1.66491,2066
9.502000e-3,1.65201,2050
9.504000e-3,1.65040,2048
9.506000e-3,1.66894,2071
9.508000e-3,1.65201,2050
9.510000e-3,1.65927,2059
9.512000e-3,1.66894,2071
9.514000e-3,1.65363,2052
9.516000e-3,1.64637,2043
9.518000e-3,1.65846,2058
9.520000e-3,1.65201,2050
9.522000e-3,1.65040,2048
9.524000e-3,1.66410,2065
9.526000e-3,1.65121,2049
9.528000e-3,1.65201,2050
9.530000e-3,1.66894,2071
9.532000e-3,1.65524,2054
9.534000e-3,1.65040,2048
9.536000e-3,1.66330,2064
9.538000e-3,1.65201,2050
9.540000e-3,1.65040,2048
9.542000e-3,1.66168,2062
9.544000e-3,1.65282,2051
9.546000e-3,1.65282,2051
9.548000e-3,1.66813,2070
9.550000e-3,1.64960,2047
9.552000e-3,1.65040,2048
9.554000e-3,1.66168,2062
9.556000e-3,1.65201,2050
9.558000e-3,1.65040,2048
9.560000e-3,1.67297,2076
9.562000e-3,1.65201,2050
9.564000e-3,1.65121,2049
9.566000e-3,1.66571,2067
9.568000e-3,1.64799,2045
9.570000e-3,1.65201,2050
9.572000e-3,1.66813,2070
9.574000e-3,1.65040,2048
9.576000e-3,1.65040,2048
9.578000e-3,1.67297,2076
9.580000e-3,1.64960,2047
9.582000e-3,1.65282,2051
9.584000e-3,1.66733,2069
9.586000e-3,1.64718,2044
9.588000e-3,1.65201,2050
9.590000e-3,1.67700,2081
9.592000e-3,1.65524,2054
9.594000e-3,1.65040,2048
9.596000e-3,1.67700,2081
9.598000e-3,1.65121,2049
9.600000e-3,1.65121,2049
9.602000e-3,1.66491,2066
9.604000e-3,1.64315,2039
9.606000e-3,1.65201,2050
9.608000e-3,1.66330,2064
9.610000e-3,1.65363,2052
9.612000e-3,1.65040,2048
9.614000e-3,1.67216,2075
9.616000e-3,1.65121,2049
9.618000e-3,1.65201,2050
9.620000e-3,1.66733,2069
9.622000e-3,1.65524,2054
9.624000e-3,1.65201,2050
9.626000e-3,1.66410,2065
9.628000e-3,1.65201,2050
9.630000e-3,1.65040,2048
9.632000e-3,1.66249,2063
9.634000e-3,1.65121,2049
9.636000e-3,1.65282,2051
9.638000e-3,1.66733,2069
9.640000e-3,1.65524,2054
9.642000e-3,1.65040,2048
9.644000e-3,1.66330,2064
9.646000e-3,1.65363,2052
9.648000e-3,1.65040,2048
9.650000e-3,1.66410,2065
9.652000e-3,1.65282,2051
9.654000e-3,1.65201,2050
9.656000e-3,1.66894,2071
9.658000e-3,1.65524,2054
9.660000e-3,1.65201,2050
9.662000e-3,1.65927,2059
9.664000e-3,1.65524,2054
9.666000e-3,1.65040,2048
9.668000e-3,1.66410,2065
9.670000e-3,1.65282,2051
9.672000e-3,1.65282,2051
9.674000e-3,1.66733,2069
9.676000e-3,1.65766,2057
9.678000e-3,1.65040,2048
9.680000e-3,1.65846,2058
9.682000e-3,1.65363,2052
9.684000e-3,1.65040,2048
9.686000e-3,1.66330,2064
9.688000e-3,1.65121,2049
9.690000e-3,1.65201,2050
9.692000e-3,1.66813,2070
9.694000e-3,1.65443,2053
9.696000e-3,1.65121,2049
9.698000e-3,1.66088,2061
9.700000e-3,1.65363,2052
9.702000e-3,1.65040,2048
9.704000e-3,1.67136,2074
9.706000e-3,1.65282,2051
9.708000e-3,1.65121,2049
9.710000e-3,1.66733,2069
9.712000e-3,1.65201,2050
9.714000e-3,1.65201,2050
9.716000e-3,1.66168,2062
9.718000e-3,1.65363,2052
9.720000e-3,1.65040,2048
9.722000e-3,1.66652,2068
9.724000e-3,1.65363,2052
9.726000e-3,1.65363,2052
9.728000e-3,1.66652,2068
9.730000e-3,1.65604,2055
9.732000e-3,1.65282,2051
9.734000e-3,1.66733,2069
9.736000e-3,1.65363,2052
9.738000e-3,1.65201,2050
9.740000e-3,1.67297,2076
9.742000e-3,1.65282,2051
9.744000e-3,1.65363,2052
9.746000e-3,1.66571,2067
9.748000e-3,1.64879,2046
9.750000e-3,1.65201,2050
9.752000e-3,1.67297,2076
9.754000e-3,1.65524,2054
9.756000e-3,1.65040,2048
9.758000e-3,1.67377,2077
9.760000e-3,1.65282,2051
9.762000e-3,1.65443,2053
9.764000e-3,1.66571,2067
9.766000e-3,1.65201,2050
9.768000e-3,1.65282,2051
9.770000e-3,1.66088,2061
9.772000e-3,1.65201,2050
9.774000e-3,1.65040,2048
9.776000e-3,1.67538,2079
9.778000e-3,1.65524,2054
9.780000e-3,1.65121,2049
9.782000e-3,1.66330,2064
9.784000e-3,1.65201,2050
9.786000e-3,1.65201,2050
9.788000e-3,1.67136,2074
9.790000e-3,1.65524,2054
9.792000e-3,1.65040,2048
9.794000e-3,1.67458,2078
9.796000e-3,1.65282,2051
9.798000e-3,1.65121,2049
9.800000e-3,1.66571,2067
9.802000e-3,1.64799,2045
9.804000e-3,1.65282,2051
9.806000e-3,1.66088,2061
9.808000e-3,1.65604,2055
9.810000e-3,1.65040,2048
9.812000e-3,1.66813,2070
9.814000e-3,1.65443,2053
9.816000e-3,1.65282,2051
9.818000e-3,1.67216,2075
9.820000e-3,1.65121,2049
9.822000e-3,1.65201,2050
9.824000e-3,1.66652,2068
9.826000e-3,1.65363,2052
9.828000e-3,1.65443,2053
9.830000e-3,1.66733,2069
9.832000e-3,1.65443,2053
9.834000e-3,1.65282,2051
9.836000e-3,1.66652,2068
9.838000e-3,1.65524,2054
9.840000e-3,1.65201,2050
9.842000e-3,1.66491,2066
9.844000e-3,1.65685,2056
9.846000e-3,1.65121,2049
9.848000e-3,1.66571,2067
9.850000e-3,1.65604,2055
9.852000e-3,1.65524,2054
9.854000e-3,1.66733,2069
9.856000e-3,1.65604,2055
9.858000e-3,1.65201,2050
9.860000e-3,1.66813,2070
9.862000e-3,1.65524,2054
9.864000e-3,1.64073,2036
9.866000e-3,1.66813,2070
9.868000e-3,1.65363,2052
9.870000e-3,1.65927,2059
9.872000e-3,1.66733,2069
9.874000e-3,1.65524,2054
9.876000e-3,1.64718,2044
9.878000e-3,1.65927,2059
9.880000e-3,1.65524,2054
9.882000e-3,1.65121,2049
9.884000e-3,1.67216,2075
9.886000e-3,1.65282,2051
9.888000e-3,1.65282,2051
9.890000e-3,1.66571,2067
9.892000e-3,1.64799,2045
9.894000e-3,1.65201,2050
9.896000e-3,1.66330,2064
9.898000e-3,1.64879,2046
9.900000e-3,1.65040,2048
9.902000e-3,1.67700,2081
9.904000e-3,1.65282,2051
9.906000e-3,1.65443,2053
9.908000e-3,1.66733,2069
9.910000e-3,1.64718,2044
9.912000e-3,1.65121,2049
9.914000e-3,1.67136,2074
9.916000e-3,1.65363,2052
9.918000e-3,1.65040,2048
9.920000e-3,1.67700,2081
9.922000e-3,1.65524,2054
9.924000e-3,1.65282,2051
9.926000e-3,1.66974,2072
9.928000e-3,1.65121,2049
9.930000e-3,1.65201,2050
9.932000e-3,1.66088,2061
9.934000e-3,1.65685,2056
9.936000e-3,1.65040,2048
9.938000e-3,1.67538,2079
9.940000e-3,1.64960,2047
9.942000e-3,1.65121,2049
9.944000e-3,1.66813,2070
9.946000e-3,1.64476,2041
9.948000e-3,1.65040,2048
9.950000e-3,1.67619,2080
9.952000e-3,1.65201,2050
9.954000e-3,1.65040,2048
9.956000e-3,1.67700,2081
9.958000e-3,1.65040,2048
9.960000e-3,1.65443,2053
9.962000e-3,1.66088,2061
9.964000e-3,1.64315,2039
9.966000e-3,1.65282,2051
9.968000e-3,1.66007,2060
9.970000e-3,1.65040,2048
9.972000e-3,1.65040,2048
9.974000e-3,1.66168,2062
9.976000e-3,1.65040,2048
9.978000e-3,1.65363,2052
9.980000e-3,1.66491,2066
9.982000e-3,1.64960,2047
9.984000e-3,1.65766,2057
9.986000e-3,1.66249,2063
9.988000e-3,1.65443,2053
9.990000e-3,1.64960,2047
9.992000e-3,1.66330,2064
9.994000e-3,1.65040,2048
9.996000e-3,1.65685,2056
9.998000e-3,1.66652,2068
1.000000e-2,1.65040,2048
1.000200e-2,1.65121,2049
1.000400e-2,1.67136,2074
1.000600e-2,1.65363,2052
1.000800e-2,1.66088,2061
1.001000e-2,1.66410,2065
1.001200e-2,1.65282,2051
1.001400e-2,1.65040,2048
1.001600e-2,1.66571,2067
1.001800e-2,1.65282,2051
1.002000e-2,1.65201,2050
1.002200e-2,1.66894,2071
1.002400e-2,1.65604,2055
1.002600e-2,1.64960,2047
1.002800e-2,1.65363,2052
1.003000e-2,1.65363,2052
1.003200e-2,1.65040,2048
1.003400e-2,1.66330,2064
1.003600e-2,1.65363,2052
1.003800e-2,1.65282,2051
1.004000e-2,1.66491,2066
1.004200e-2,1.65604,2055
1.004400e-2,1.65524,2054
1.004600e-2,1.65363,2052
1.004800e-2,1.65524,2054
1.005000e-2,1.65040,2048
1.005200e-2,1.66168,2062
1.005400e-2,1.65363,2052
1.005600e-2,1.65121,2049
1.005800e-2,1.66491,2066
1.006000e-2,1.65766,2057
1.006200e-2,1.64960,2047
1.006400e-2,1.65685,2056
1.006600e-2,1.65846,2058
1.006800e-2,1.64476,2041
1.007000e-2,1.65846,2058
1.007200e-2,1.65685,2056
1.007400e-2,1.64557,2042
1.007600e-2,1.66249,2063
1.007800e-2,1.65766,2057
1.008000e-2,1.65443,2053
1.008200e-2,1.65685,2056
1.008400e-2,1.65524,2054
1.008600e-2,1.65040,2048
1.008800e-2,1.66007,2060
1.009000e-2,1.65443,2053
1.009200e-2,1.65282,2051
1.009400e-2,1.66491,2066
1.009600e-2,1.65604,2055
1.009800e-2,1.65604,2055
1.010000e-2,1.65040,2048
1.010200e-2,1.65524,2054
1.010400e-2,1.65040,2048
1.010600e-2,1.65846,2058
1.010800e-2,1.65524,2054
1.011000e-2,1.64960,2047
1.011200e-2,1.66330,2064
1.011400e-2,1.65846,2058
1.011600e-2,1.63832,2033
1.011800e-2,1.65524,2054
1.012000e-2,1.65766,2057
1.012200e-2,1.64073,2036
1.012400e-2,1.65685,2056
1.012600e-2,1.65524,2054
1.012800e-2,1.64396,2040
1.013000e-2,1.66007,2060
1.013200e-2,1.65766,2057
1.013400e-2,1.65121,2049
1.013600e-2,1.65846,2058
1.013800e-2,1.65766,2057
1.014000e-2,1.64637,2043
1.014200e-2,1.65846,2058
1.014400e-2,1.65443,2053
1.014600e-2,1.64637,2043
1.014800e-2,1.66330,2064
1.015000e-2,1.65363,2052
1.015200e-2,1.64879,2046
1.015400e-2,1.65766,2057
1.015600e-2,1.65604,2055
1.015800e-2,1.65040,2048
1.016000e-2,1.66168,2062
1.016200e-2,1.65201,2050
1.016400e-2,1.65282,2051
1.016600e-2,1.66007,2060
1.016800e-2,1.66088,2061
1.017000e-2,1.65363,2052
1.017200e-2,1.66168,2062
1.017400e-2,1.65604,2055
1.017600e-2,1.65040,2048
1.017800e-2,1.66571,2067
1.018000e-2,1.65201,2050
1.018200e-2,1.66007,2060
1.018400e-2,1.67055,2073
1.018600e-2,1.65121,2049
1.018800e-2,1.65363,2052
1.019000e-2,1.66330,2064
1.019200e-2,1.65363,2052
1.019400e-2,1.65121,2049
1.019600e-2,1.66652,2068
1.019800e-2,1.65121,2049
1.020000e-2,1.64960,2047
1.020200e-2,1.66974,2072
1.020400e-2,1.65363,2052
1.020600e-2,1.64718,2044
1.020800e-2,1.66410,2065
1.021000e-2,1.65282,2051
1.021200e-2,1.65040,2048
1.021400e-2,1.66652,2068
1.021600e-2,1.65201,2050
1.021800e-2,1.64879,2046
1.022000e-2,1.66974,2072
1.022200e-2,1.65282,2051
1.022400e-2,1.65443,2053
1.022600e-2,1.66330,2064
1.022800e-2,1.65443,2053
1.023000e-2,1.65040,2048
1.023200e-2,1.66491,2066
1.023400e-2,1.65201,2050
1.023600e-2,1.65121,2049
1.023800e-2,1.66894,2071
1.024000e-2,1.65443,2053
1.024200e-2,1.65282,2051
1.024400e-2,1.66330,2064
1.024600e-2,1.65282,2051
1.024800e-2,1.65040,2048
1.025000e-2,1.66491,2066
1.025200e-2,1.65040,2048
1.025400e-2,1.64960,2047
1.025600e-2,1.66330,2064
1.025800e-2,1.65927,2059
1.026000e-2,1.65282,2051
1.026200e-2,1.66330,2064
1.026400e-2,1.64476,2041
1.026600e-2,1.65040,2048
1.026800e-2,1.66733,2069
1.027000e-2,1.65121,2049
1.027200e-2,1.65846,2058
1.027400e-2,1.67136,2074
1.027600e-2,1.65201,2050
1.027800e-2,1.65121,2049
1.028000e-2,1.65685,2056
1.028200e-2,1.65040,2048
1.028400e-2,1.65040,2048
1.028600e-2,1.66813,2070
1.028800e-2,1.65121,2049
1.029000e-2,1.65121,2049
1.029200e-2,1.66813,2070
1.029400e-2,1.65040,2048
1.029600e-2,1.65927,2059
1.029800e-2,1.66007,2060
1.030000e-2,1.64879,2046
1.030200e-2,1.65040,2048
1.030400e-2,1.66168,2062
1.030600e-2,1.64799,2045
1.030800e-2,1.65282,2051
1.031000e-2,1.66652,2068
1.031200e-2,1.64879,2046
1.031400e-2,1.65363,2052
1.031600e-2,1.65604,2055
1.031800e-2,1.64637,2043
1.032000e-2,1.65121,2049
1.032200e-2,1.65846,2058
1.032400e-2,1.64637,2043
1.032600e-2,1.65282,2051
1.032800e-2,1.67216,2075
1.033000e-2,1.64315,2039
1.033200e-2,1.65443,2053
1.033400e-2,1.65524,2054
1.033600e-2,1.64960,2047
1.033800e-2,1.65040,2048
1.034000e-2,1.65927,2059
1.034200e-2,1.64557,2042
1.034400e-2,1.64637,2043
1.034600e-2,1.66330,2064
1.034800e-2,1.64799,2045
1.035000e-2,1.65443,2053
1.035200e-2,1.65363,2052
1.035400e-2,1.64557,2042
1.035600e-2,1.65121,2049
1.035800e-2,1.65846,2058
1.036000e-2,1.64396,2040
1.036200e-2,1.65282,2051
1.036400e-2,1.66330,2064
1.036600e-2,1.64637,2043
1.036800e-2,1.64960,2047
1.037000e-2,1.65524,2054
1.037200e-2,1.64557,2042
1.037400e-2,1.65282,2051
1.037600e-2,1.65846,2058
1.037800e-2,1.64315,2039
1.038000e-2,1.65524,2054
1.038200e-2,1.66410,2065
1.038400e-2,1.64476,2041
1.038600e-2,1.64960,2047
1.038800e-2,1.65524,2054
1.039000e-2,1.64234,2038
1.039200e-2,1.65443,2053
1.039400e-2,1.66007,2060
1.039600e-2,1.63993,2035
1.039800e-2,1.65766,2057
1.040000e-2,1.66168,2062
1.040200e-2,1.64234,2038
1.040400e-2,1.65927,2059
1.040600e-2,1.64960,2047
1.040800e-2,1.64718,2044
1.041000e-2,1.65685,2056
1.041200e-2,1.65443,2053
1.041400e-2,1.64557,2042
1.041600e-2,1.65927,2059
1.041800e-2,1.66249,2063
1.042000e-2,1.64637,2043
1.042200e-2,1.66088,2061
1.042400e-2,1.65524,2054
1.042600e-2,1.64718,2044
1.042800e-2,1.65685,2056
1.043000e-2,1.65846,2058
1.043200e-2,1.64476,2041
1.043400e-2,1.65927,2059
1.043600e-2,1.66249,2063
1.043800e-2,1.65040,2048
1.044000e-2,1.66330,2064
1.044200e-2,1.64879,2046
1.044400e-2,1.64718,2044
1.044600e-2,1.65685,2056
1.044800e-2,1.65766,2057
1.045000e-2,1.64799,2045
1.045200e-2,1.66168,2062
1.045400e-2,1.66168,2062
1.045600e-2,1.65121,2049
1.045800e-2,1.67216,2075
1.046000e-2,1.65363,2052
1.046200e-2,1.65040,2048
1.046400e-2,1.66330,2064
1.046600e-2,1.65524,2054
1.046800e-2,1.64799,2045
1.047000e-2,1.66652,2068
1.047200e-2,1.66007,2060
1.047400e-2,1.65121,2049
1.047600e-2,1.66168,2062
1.047800e-2,1.64960,2047
1.048000e-2,1.64960,2047
1.048200e-2,1.66330,2064
1.048400e-2,1.65201,2050
1.048600e-2,1.65040,2048
1.048800e-2,1.66410,2065
1.049000e-2,1.66330,2064
1.049200e-2,1.65040,2048
1.049400e-2,1.66652,2068
1.049600e-2,1.64799,2045
1.049800e-2,1.65040,2048
1.050000e-2,1.66007,2060
1.050200e-2,1.65040,2048
1.050400e-2,1.65282,2051
1.050600e-2,1.65927,2059
1.050800e-2,1.65363,2052
1.051000e-2,1.65121,2049
1.051200e-2,1.66088,2061
1.051400e-2,1.64073,2036
1.051600e-2,1.65121,2049
1.051800e-2,1.65040,2048
1.052000e-2,1.65040,2048
1.052200e-2,1.65040,2048
1.052400e-2,1.65927,2059
1.052600e-2,1.65363,2052
1.052800e-2,1.65201,2050
1.053000e-2,1.66330,2064
1.053200e-2,1.64396,2040
1.053400e-2,1.65040,2048
1.053600e-2,1.65685,2056
1.053800e-2,1.64879,2046
1.054000e-2,1.65121,2049
1.054200e-2,1.65927,2059
1.054400e-2,1.65040,2048
1.054600e-2,1.65282,2051
1.054800e-2,1.65604,2055
1.055000e-2,1.64234,2038
1.055200e-2,1.65282,2051
1.055400e-2,1.65685,2056
1.055600e-2,1.64718,2044
1.055800e-2,1.65121,2049
1.056000e-2,1.65766,2057
1.056200e-2,1.64879,2046
1.056400e-2,1.65282,2051
1.056600e-2,1.65282,2051
1.056800e-2,1.63993,2035
1.057000e-2,1.65685,2056
1.057200e-2,1.65685,2056
1.057400e-2,1.64799,2045
1.057600e-2,1.65766,2057
1.057800e-2,1.65766,2057
1.058000e-2,1.65524,2054
1.058200e-2,1.65927,2059
1.058400e-2,1.65443,2053
1.058600e-2,1.64960,2047
1.058800e-2,1.66088,2061
1.059000e-2,1.65443,2053
1.059200e-2,1.65201,2050
1.059400e-2,1.66007,2060
1.059600e-2,1.65685,2056
1.059800e-2,1.65201,2050
1.060000e-2,1.66249,2063
1.060200e-2,1.65604,2055
1.060400e-2,1.64879,2046
1.060600e-2,1.66410,2065
1.060800e-2,1.65363,2052
1.061000e-2,1.65363,2052
1.061200e-2,1.66571,2067
1.061400e-2,1.65282,2051
1.061600e-2,1.65282,2051
1.061800e-2,1.67297,2076
1.062000e-2,1.65282,2051
1.062200e-2,1.64799,2045
1.062400e-2,1.65363,2052
1.062600e-2,1.64396,2040
1.062800e-2,1.65201,2050
1.063000e-2,1.65443,2053
1.063200e-2,1.63912,2034
1.063400e-2,1.65846,2058
1.063600e-2,1.65685,2056
1.063800e-2,1.64879,2046
1.064000e-2,1.65524,2054
1.064200e-2,1.65604,2055
1.064400e-2,1.63993,2035
1.064600e-2,1.65524,2054
1.064800e-2,1.65685,2056
1.065000e-2,1.64315,2039
1.065200e-2,1.66007,2060
1.065400e-2,1.65846,2058
1.065600e-2,1.64718,2044
1.065800e-2,1.65040,2048
1.066000e-2,1.65685,2056
1.066200e-2,1.64154,2037
1.066400e-2,1.65927,2059
1.066600e-2,1.65685,2056
1.066800e-2,1.64879,2046
1.067000e-2,1.66249,2063
1.067200e-2,1.65766,2057
1.067400e-2,1.65524,2054
1.067600e-2,1.65282,2051
1.067800e-2,1.65524,2054
1.068000e-2,1.65040,2048
1.068200e-2,1.66491,2066
1.068400e-2,1.65443,2053
1.068600e-2,1.65201,2050
1.068800e-2,1.66168,2062
1.069000e-2,1.65766,2057
1.069200e-2,1.64879,2046
1.069400e-2,1.65685,2056
1.069600e-2,1.65604,2055
1.069800e-2,1.65040,2048
1.070000e-2,1.66088,2061
1.070200e-2,1.65443,2053
1.070400e-2,1.65282,2051
1.070600e-2,1.66571,2067
1.070800e-2,1.65604,2055
1.071000e-2,1.65282,2051
1.071200e-2,1.66330,2064
1.071400e-2,1.65443,2053
1.071600e-2,1.65040,2048
1.071800e-2,1.66410,2065
1.072000e-2,1.65282,2051
1.072200e-2,1.65282,2051
1.072400e-2,1.66974,2072
1.072600e-2,1.65524,2054
1.072800e-2,1.65443,2053
1.073000e-2,1.66168,2062
1.073200e-2,1.65363,2052
1.073400e-2,1.65040,2048
1.073600e-2,1.66491,2066
1.073800e-2,1.65282,2051
1.074000e-2,1.65524,2054
1.074200e-2,1.66491,2066
1.074400e-2,1.65363,2052
1.074600e-2,1.65363,2052
1.074800e-2,1.66491,2066
1.075000e-2,1.65282,2051
1.075200e-2,1.65040,2048
1.075400e-2,1.66491,2066
1.075600e-2,1.64637,2043
1.075800e-2,1.64637,2043
1.076000e-2,1.66249,2063
1.076200e-2,1.64718,2044
1.076400e-2,1.65443,2053
1.076600e-2,1.66088,2061
1.076800e-2,1.64557,2042
1.077000e-2,1.64718,2044
1.077200e-2,1.65927,2059
1.077400e-2,1.64396,2040
1.077600e-2,1.65363,2052
1.077800e-2,1.66168,2062
1.078000e-2,1.64476,2041
1.078200e-2,1.65685,2056
1.078400e-2,1.64960,2047
1.078600e-2,1.64234,2038
1.078800e-2,1.65201,2050
1.079000e-2,1.65846,2058
1.079200e-2,1.64154,2037
1.079400e-2,1.65443,2053
1.079600e-2,1.66249,2063
1.079800e-2,1.64234,2038
1.080000e-2,1.65927,2059
1.080200e-2,1.65524,2054
1.080400e-2,1.64073,2036
1.080600e-2,1.65443,2053
1.080800e-2,1.65846,2058
1.081000e-2,1.64154,2037
1.081200e-2,1.65766,2057
1.081400e-2,1.66168,2062
1.081600e-2,1.64557,2042
1.081800e-2,1.66249,2063
1.082000e-2,1.64879,2046
1.082200e-2,1.64879,2046
1.082400e-2,1.65846,2058
1.082600e-2,1.65766,2057
1.082800e-2,1.65040,2048
1.083000e-2,1.66168,2062
1.083200e-2,1.66168,2062
1.083400e-2,1.65201,2050
1.083600e-2,1.66007,2060
1.083800e-2,1.65363,2052
1.084000e-2,1.65121,2049
1.084200e-2,1.66007,2060
1.084400e-2,1.65766,2057
1.084600e-2,1.65121,2049
1.084800e-2,1.66571,2067
1.085000e-2,1.66088,2061
1.085200e-2,1.65121,2049
1.085400e-2,1.65766,2057
1.085600e-2,1.65363,2052
1.085800e-2,1.65121,2049
1.086000e-2,1.66330,2064
1.086200e-2,1.65685,2056
1.086400e-2,1.64799,2045
1.086600e-2,1.66733,2069
1.086800e-2,1.65685,2056
1.087000e-2,1.65121,2049
1.087200e-2,1.66330,2064
1.087400e-2,1.64960,2047
1.087600e-2,1.64960,2047
1.087800e-2,1.66410,2065
1.088000e-2,1.65201,2050
1.088200e-2,1.65040,2048
1.088400e-2,1.66571,2067
1.088600e-2,1.65363,2052
1.088800e-2,1.65201,2050
1.089000e-2,1.65443,2053
1.089200e-2,1.64476,2041
1.089400e-2,1.65282,2051
1.089600e-2,1.65685,2056
1.089800e-2,1.64476,2041
1.090000e-2,1.65121,2049
1.090200e-2,1.65927,2059
1.090400e-2,1.64799,2045
1.090600e-2,1.65443,2053
1.090800e-2,1.66088,2061
1.091000e-2,1.64073,2036
1.091200e-2,1.65363,2052
1.091400e-2,1.65685,2056
1.091600e-2,1.64396,2040
1.091800e-2,1.65201,2050
1.092000e-2,1.65846,2058
1.092200e-2,1.64637,2043
1.092400e-2,1.65685,2056
1.092600e-2,1.66088,2061
1.092800e-2,1.63429,2028
1.093000e-2,1.65443,2053
1.093200e-2,1.65685,2056
1.093400e-2,1.63993,2035
1.093600e-2,1.65443,2053
1.093800e-2,1.65846,2058
1.094000e-2,1.64718,2044
1.094200e-2,1.65604,2055
1.094400e-2,1.65524,2054
1.094600e-2,1.63993,2035
1.094800e-2,1.65443,2053
1.095000e-2,1.65685,2056
1.095200e-2,1.64476,2041
1.095400e-2,1.65443,2053
1.095600e-2,1.65927,2059
1.095800e-2,1.64718,2044
1.096000e-2,1.65604,2055
1.096200e-2,1.65685,2056
1.096400e-2,1.64154,2037
1.096600e-2,1.65604,2055
1.096800e-2,1.65685,2056
1.097000e-2,1.64396,2040
1.097200e-2,1.65685,2056
1.097400e-2,1.66007,2060
1.097600e-2,1.65282,2051
1.097800e-2,1.65766,2057
1.098000e-2,1.65201,2050
1.098200e-2,1.64960,2047
1.098400e-2,1.65443,2053
1.098600e-2,1.65524,2054
1.098800e-2,1.65927,2059
1.099000e-2,1.66330,2064
1.099200e-2,1.65766,2057
1.099400e-2,1.64879,2046
1.099600e-2,1.66007,2060
1.099800e-2,1.65766,2057
1.100000e-2,1.65040,2048
1.100200e-2,1.66168,2062
1.100400e-2,1.65604,2055
1.100600e-2,1.65524,2054
1.100800e-2,1.66330,2064
1.101000e-2,1.66007,2060
1.101200e-2,1.65121,2049
1.101400e-2,1.65846,2058
1.101600e-2,1.65766,2057
1.101800e-2,1.65040,2048
1.102000e-2,1.66168,2062
1.102200e-2,1.66410,2065
1.102400e-2,1.65201,2050
1.102600e-2,1.65846,2058
1.102800e-2,1.66088,2061
1.103000e-2,1.65040,2048
1.103200e-2,1.65766,2057
1.103400e-2,1.66330,2064
1.103600e-2,1.65040,2048
1.103800e-2,1.66330,2064
1.104000e-2,1.65766,2057
1.104200e-2,1.65604,2055
1.104400e-2,1.66330,2064
1.104600e-2,1.65927,2059
1.104800e-2,1.65201,2050
1.105000e-2,1.66007,2060
1.105200e-2,1.65685,2056
1.105400e-2,1.65363,2052
1.105600e-2,1.66088,2061
1.105800e-2,1.65443,2053
1.106000e-2,1.65524,2054
1.106200e-2,1.66571,2067
1.106400e-2,1.66571,2067
1.106600e-2,1.65846,2058
1.106800e-2,1.66330,2064
1.107000e-2,1.65524,2054
1.107200e-2,1.65040,2048
1.107400e-2,1.66733,2069
1.107600e-2,1.64637,2043
1.107800e-2,1.65604,2055
1.108000e-2,1.66652,2068
1.108200e-2,1.65524,2054
1.108400e-2,1.65201,2050
1.108600e-2,1.66330,2064
1.108800e-2,1.65363,2052
1.109000e-2,1.65040,2048
1.109200e-2,1.66571,2067
1.109400e-2,1.65121,2049
1.109600e-2,1.65443,2053
1.109800e-2,1.66330,2064
1.110000e-2,1.65201,2050
1.110200e-2,1.65443,2053
1.110400e-2,1.65685,2056
1.110600e-2,1.64879,2046
1.110800e-2,1.65201,2050
1.111000e-2,1.66007,2060
1.111200e-2,1.64718,2044
1.111400e-2,1.65766,2057
1.111600e-2,1.66007,2060
1.111800e-2,1.64799,2045
1.112000e-2,1.65604,2055
1.112200e-2,1.65766,2057
1.112400e-2,1.64315,2039
1.112600e-2,1.65524,2054
1.112800e-2,1.66007,2060
1.113000e-2,1.64799,2045
1.113200e-2,1.66088,2061
1.113400e-2,1.66007,2060
1.113600e-2,1.65363,2052
1.113800e-2,1.66088,2061
1.114000e-2,1.65524,2054
1.114200e-2,1.65201,2050
1.114400e-2,1.65927,2059
1.114600e-2,1.66088,2061
1.114800e-2,1.65282,2051
1.115000e-2,1.67136,2074
1.115200e-2,1.65604,2055
1.115400e-2,1.65604,2055
1.115600e-2,1.66330,2064
1.115800e-2,1.65363,2052
1.116000e-2,1.65282,2051
1.116200e-2,1.66330,2064
1.116400e-2,1.65846,2058
1.116600e-2,1.65121,2049
1.116800e-2,1.66733,2069
1.117000e-2,1.65685,2056
1.117200e-2,1.65121,2049
1.117400e-2,1.66330,2064
1.117600e-2,1.65363,2052
1.117800e-2,1.65201,2050
1.118000e-2,1.66330,2064
1.118200e-2,1.65766,2057
1.118400e-2,1.66007,2060
1.118600e-2,1.66813,2070
1.118800e-2,1.65363,2052
1.119000e-2,1.65282,2051
1.119200e-2,1.66491,2066
1.119400e-2,1.65363,2052
1.119600e-2,1.65201,2050
1.119800e-2,1.66088,2061
1.120000e-2,1.65604,2055
1.120200e-2,1.65201,2050
1.120400e-2,1.66491,2066
1.120600e-2,1.65927,2059
1.120800e-2,1.65524,2054
1.121000e-2,1.66168,2062
1.121200e-2,1.65363,2052
1.121400e-2,1.65201,2050
1.121600e-2,1.66330,2064
1.121800e-2,1.65766,2057
1.122000e-2,1.65121,2049
1.122200e-2,1.66974,2072
1.122400e-2,1.65524,2054
1.122600e-2,1.65524,2054
1.122800e-2,1.66652,2068
1.123000e-2,1.65040,2048
1.123200e-2,1.66088,2061
1.123400e-2,1.66491,2066
1.123600e-2,1.65443,2053
1.123800e-2,1.65121,2049
1.124000e-2,1.66974,2072
1.124200e-2,1.65363,2052
1.124400e-2,1.65604,2055
1.124600e-2,1.66652,2068
1.124800e-2,1.65363,2052
1.125000e-2,1.65201,2050
1.125200e-2,1.66330,2064
1.125400e-2,1.65604,2055
1.125600e-2,1.65201,2050
1.125800e-2,1.66571,2067
1.126000e-2,1.65846,2058
1.126200e-2,1.65685,2056
1.126400e-2,1.66330,2064
1.126600e-2,1.65201,2050
1.126800e-2,1.65201,2050
1.127000e-2,1.66330,2064
1.127200e-2,1.66007,2060
1.127400e-2,1.65282,2051
1.127600e-2,1.66410,2065
1.127800e-2,1.65927,2059
1.128000e-2,1.65524,2054
1.128200e-2,1.66330,2064
1.128400e-2,1.65363,2052
1.128600e-2,1.65282,2051
1.128800e-2,1.66007,2060
1.129000e-2,1.65846,2058
1.129200e-2,1.65282,2051
1.129400e-2,1.66733,2069
1.129600e-2,1.65846,2058
1.129800e-2,1.65604,2055
1.130000e-2,1.66410,2065
1.130200e-2,1.65363,2052
1.130400e-2,1.65201,2050
1.130600e-2,1.66330,2064
1.130800e-2,1.66007,2060
1.131000e-2,1.65363,2052
1.131200e-2,1.66410,2065
1.131400e-2,1.65685,2056
1.131600e-2,1.65524,2054
1.131800e-2,1.66168,2062
1.132000e-2,1.65524,2054
1.132200e-2,1.65201,2050
1.132400e-2,1.66330,2064
1.132600e-2,1.65846,2058
1.132800e-2,1.65363,2052
1.133000e-2,1.66974,2072
1.133200e-2,1.65524,2054
1.133400e-2,1.65443,2053
1.133600e-2,1.66652,2068
1.133800e-2,1.65201,2050
1.134000e-2,1.65121,2049
1.134200e-2,1.66571,2067
1.134400e-2,1.65121,2049
1.134600e-2,1.65121,2049
1.134800e-2,1.67780,2082
1.135000e-2,1.65524,2054
1.135200e-2,1.65363,2052
1.135400e-2,1.66733,2069
1.135600e-2,1.65121,2049
1.135800e-2,1.65121,2049
1.136000e-2,1.66491,2066
1.136200e-2,1.65363,2052
1.136400e-2,1.65121,2049
1.136600e-2,1.66974,2072
1.136800e-2,1.65524,2054
1.137000e-2,1.65766,2057
1.137200e-2,1.66733,2069
1.137400e-2,1.65121,2049
1.137600e-2,1.65282,2051
1.137800e-2,1.66491,2066
1.138000e-2,1.65363,2052
1.138200e-2,1.64476,2041
1.138400e-2,1.67055,2073
1.138600e-2,1.65363,2052
1.138800e-2,1.65443,2053
1.139000e-2,1.66168,2062
1.139200e-2,1.64718,2044
1.139400e-2,1.65363,2052
1.139600e-2,1.65524,2054
1.139800e-2,1.64637,2043
1.140000e-2,1.65363,2052
1.140200e-2,1.66168,2062
1.140400e-2,1.64879,2046
1.140600e-2,1.65685,2056
1.140800e-2,1.65927,2059
1.141000e-2,1.64396,2040
1.141200e-2,1.65443,2053
1.141400e-2,1.65685,2056
1.141600e-2,1.64718,2044
1.141800e-2,1.65443,2053
1.142000e-2,1.66249,2063
1.142200e-2,1.64637,2043
1.142400e-2,1.66007,2060
1.142600e-2,1.65846,2058
1.142800e-2,1.64234,2038
1.143000e-2,1.65524,2054
1.143200e-2,1.65766,2057
1.143400e-2,1.65363,2052
1.143600e-2,1.65604,2055
1.143800e-2,1.65927,2059
1.144000e-2,1.64315,2039
1.144200e-2,1.66007,2060
1.144400e-2,1.65766,2057
1.144600e-2,1.64154,2037
1.144800e-2,1.65685,2056
1.145000e-2,1.65685,2056
1.145200e-2,1.64718,2044
1.145400e-2,1.65766,2057
1.145600e-2,1.66249,2063
1.145800e-2,1.64960,2047
1.146000e-2,1.65846,2058
1.146200e-2,1.66007,2060
1.146400e-2,1.64718,2044
1.146600e-2,1.66007,2060
1.146800e-2,1.65524,2054
1.147000e-2,1.65363,2052
1.147200e-2,1.66330,2064
1.147400e-2,1.65927,2059
1.147600e-2,1.65363,2052
1.147800e-2,1.66894,2071
1.148000e-2,1.65685,2056
1.148200e-2,1.65040,2048
1.148400e-2,1.66249,2063
1.148600e-2,1.65685,2056
1.148800e-2,1.65363,2052
1.149000e-2,1.66410,2065
1.149200e-2,1.65927,2059
1.149400e-2,1.66249,2063
1.149600e-2,1.66652,2068
1.149800e-2,1.65604,2055
1.150000e-2,1.65040,2048
1.150200e-2,1.66410,2065
1.150400e-2,1.65524,2054
1.150600e-2,1.65282,2051
1.150800e-2,1.66330,2064
1.151000e-2,1.65927,2059
1.151200e-2,1.65363,2052
1.151400e-2,1.66491,2066
1.151600e-2,1.65685,2056
1.151800e-2,1.65040,2048
1.152000e-2,1.66974,2072
1.152200e-2,1.65685,2056
1.152400e-2,1.65201,2050
1.152600e-2,1.66007,2060
1.152800e-2,1.66168,2062
1.153000e-2,1.64879,2046
1.153200e-2,1.66330,2064
1.153400e-2,1.65846,2058
1.153600e-2,1.65040,2048
1.153800e-2,1.66007,2060
1.154000e-2,1.65524,2054
1.154200e-2,1.65443,2053
1.154400e-2,1.66088,2061
1.154600e-2,1.66088,2061
1.154800e-2,1.65040,2048
1.155000e-2,1.66410,2065
1.155200e-2,1.65685,2056
1.155400e-2,1.65040,2048
1.155600e-2,1.66088,2061
1.155800e-2,1.65685,2056
1.156000e-2,1.64960,2047
1.156200e-2,1.65927,2059
1.156400e-2,1.66088,2061
1.156600e-2,1.64960,2047
1.156800e-2,1.66330,2064
1.157000e-2,1.65685,2056
1.157200e-2,1.65040,2048
1.157400e-2,1.65685,2056
1.157600e-2,1.65685,2056
1.157800e-2,1.65282,2051
1.158000e-2,1.66249,2063
1.158200e-2,1.65927,2059
1.158400e-2,1.65282,2051
1.158600e-2,1.66491,2066
1.158800e-2,1.65685,2056
1.159000e-2,1.65040,2048
1.159200e-2,1.66007,2060
1.159400e-2,1.65685,2056
1.159600e-2,1.65121,2049
1.159800e-2,1.65927,2059
1.160000e-2,1.66168,2062
1.160200e-2,1.65201,2050
1.160400e-2,1.66491,2066
1.160600e-2,1.65927,2059
1.160800e-2,1.65040,2048
1.161000e-2,1.66330,2064
1.161200e-2,1.65524,2054
1.161400e-2,1.65363,2052
1.161600e-2,1.65927,2059
1.161800e-2,1.66007,2060
1.162000e-2,1.64960,2047
1.162200e-2,1.66491,2066
1.162400e-2,1.65685,2056
1.162600e-2,1.65040,2048
1.162800e-2,1.66330,2064
1.163000e-2,1.65524,2054
1.163200e-2,1.65443,2053
1.163400e-2,1.66410,2065
1.163600e-2,1.66007,2060
1.163800e-2,1.65363,2052
1.164000e-2,1.66652,2068
1.164200e-2,1.65604,2055
1.164400e-2,1.65040,2048
1.164600e-2,1.66410,2065
1.164800e-2,1.65524,2054
1.165000e-2,1.65363,2052
1.165200e-2,1.66330,2064
1.165400e-2,1.66088,2061
1.165600e-2,1.65040,2048
1.165800e-2,1.66491,2066
1.166000e-2,1.65766,2057
1.166200e-2,1.64718,2044
1.166400e-2,1.65927,2059
1.166600e-2,1.65685,2056
1.166800e-2,1.64799,2045
1.167000e-2,1.65766,2057
1.167200e-2,1.66088,2061
1.167400e-2,1.64718,2044
1.167600e-2,1.66330,2064
1.167800e-2,1.65766,2057
1.168000e-2,1.64476,2041
1.168200e-2,1.65846,2058
1.168400e-2,1.65766,2057
1.168600e-2,1.64637,2043
1.168800e-2,1.65766,2057
1.169000e-2,1.66168,2062
1.169200e-2,1.64557,2042
1.169400e-2,1.66168,2062
1.169600e-2,1.65846,2058
1.169800e-2,1.64073,2036
1.170000e-2,1.65685,2056
1.170200e-2,1.65685,2056
1.170400e-2,1.64718,2044
1.170600e-2,1.65524,2054
1.170800e-2,1.66168,2062
1.171000e-2,1.64718,2044
1.171200e-2,1.65604,2055
1.171400e-2,1.65846,2058
1.171600e-2,1.64557,2042
1.171800e-2,1.65282,2051
1.172000e-2,1.65685,2056
1.172200e-2,1.64960,2047
1.172400e-2,1.65363,2052
1.172600e-2,1.66168,2062
1.172800e-2,1.64960,2047
1.173000e-2,1.65685,2056
1.173200e-2,1.66249,2063
1.173400e-2,1.65040,2048
1.173600e-2,1.65201,2050
1.173800e-2,1.66491,2066
1.174000e-2,1.65201,2050
1.174200e-2,1.65282,2051
1.174400e-2,1.66974,2072
1.174600e-2,1.65201,2050
1.174800e-2,1.65443,2053
1.175000e-2,1.66652,2068
1.175200e-2,1.65040,2048
1.175400e-2,1.65201,2050
1.175600e-2,1.66330,2064
1.175800e-2,1.65282,2051
1.176000e-2,1.65121,2049
1.176200e-2,1.66491,2066
1.176400e-2,1.65201,2050
1.176600e-2,1.65443,2053
1.176800e-2,1.66571,2067
1.177000e-2,1.65121,2049
1.177200e-2,1.66007,2060
1.177400e-2,1.66330,2064
1.177600e-2,1.65282,2051
1.177800e-2,1.65121,2049
1.178000e-2,1.66974,2072
1.178200e-2,1.65443,2053
1.178400e-2,1.65604,2055
1.178600e-2,1.66571,2067
1.178800e-2,1.65040,2048
1.179000e-2,1.65443,2053
1.179200e-2,1.66330,2064
1.179400e-2,1.65604,2055
1.179600e-2,1.65121,2049
1.179800e-2,1.66894,2071
1.180000e-2,1.65443,2053
1.180200e-2,1.65604,2055
1.180400e-2,1.66652,2068
1.180600e-2,1.65121,2049
1.180800e-2,1.65201,2050
1.181000e-2,1.66652,2068
1.181200e-2,1.65443,2053
1.181400e-2,1.65121,2049
1.181600e-2,1.66974,2072
1.181800e-2,1.65443,2053
1.182000e-2,1.65524,2054
1.182200e-2,1.66491,2066
1.182400e-2,1.65040,2048
1.182600e-2,1.65201,2050
1.182800e-2,1.66652,2068
1.183000e-2,1.65524,2054
1.183200e-2,1.64960,2047
1.183400e-2,1.66571,2067
1.183600e-2,1.65524,2054
1.183800e-2,1.65443,2053
1.184000e-2,1.66652,2068
1.184200e-2,1.65201,2050
1.184400e-2,1.65201,2050
1.184600e-2,1.66491,2066
1.184800e-2,1.65604,2055
1.185000e-2,1.65121,2049
1.185200e-2,1.66813,2070
1.185400e-2,1.65766,2057
1.185600e-2,1.65604,2055
1.185800e-2,1.66168,2062
1.186000e-2,1.65524,2054
1.186200e-2,1.64960,2047
1.186400e-2,1.65846,2058
1.186600e-2,1.66007,2060
1.186800e-2,1.64879,2046
1.187000e-2,1.66330,2064
1.187200e-2,1.66007,2060
1.187400e-2,1.64879,2046
1.187600e-2,1.65685,2056
1.187800e-2,1.65685,2056
1.188000e-2,1.64396,2040
1.188200e-2,1.65443,2053
1.188400e-2,1.66088,2061
1.188600e-2,1.64396,2040
1.188800e-2,1.65766,2057
1.189000e-2,1.66330,2064
1.189200e-2,1.64879,2046
1.189400e-2,1.65524,2054
1.189600e-2,1.65685,2056
1.189800e-2,1.64718,2044
1.190000e-2,1.65121,2049
1.190200e-2,1.66007,2060
1.190400e-2,1.64960,2047
1.190600e-2,1.66007,2060
1.190800e-2,1.66168,2062
1.191000e-2,1.65443,2053
1.191200e-2,1.65282,2051
1.191400e-2,1.66007,2060
1.191600e-2,1.65201,2050
1.191800e-2,1.65846,2058
1.192000e-2,1.66571,2067
1.192200e-2,1.65443,2053
1.192400e-2,1.65443,2053
1.192600e-2,1.66733,2069
1.192800e-2,1.65766,2057
1.193000e-2,1.65121,2049
1.193200e-2,1.66249,2063
1.193400e-2,1.65685,2056
1.193600e-2,1.64718,2044
1.193800e-2,1.65766,2057
1.194000e-2,1.65766,2057
1.194200e-2,1.65685,2056
1.194400e-2,1.66168,2062
1.194600e-2,1.66330,2064
1.194800e-2,1.65201,2050
1.195000e-2,1.65766,2057
1.195200e-2,1.65766,2057
1.195400e-2,1.65040,2048
1.195600e-2,1.66249,2063
1.195800e-2,1.66007,2060
1.196000e-2,1.65040,2048
1.196200e-2,1.66007,2060
1.196400e-2,1.66330,2064
1.196600e-2,1.64315,2039
1.196800e-2,1.65524,2054
1.197000e-2,1.65846,2058
1.197200e-2,1.64396,2040
1.197400e-2,1.66007,2060
1.197600e-2,1.65685,2056
1.197800e-2,1.65201,2050
1.198000e-2,1.65846,2058
1.198200e-2,1.66088,2061
1.198400e-2,1.65040,2048
1.198600e-2,1.65846,2058
1.198800e-2,1.65604,2055
1.199000e-2,1.65846,2058
1.199200e-2,1.66007,2060
1.199400e-2,1.65766,2057
1.199600e-2,1.65040,2048
1.199800e-2,1.66330,2064
