# MCU_ADC_CAPTURE: ADC3 sampling PA4 through the A2-A5 jumper, TIM8-triggered, DMA2
# capture 8 mode pulse rate 500000 Hz, vref 3.3 V ASSUMED, window HAMMING
# NOT an oscilloscope measurement
time_s,volts,adc_counts
0.000000e+0,1.66330,2064
2.000000e-6,1.66007,2060
4.000000e-6,1.65121,2049
6.000000e-6,1.65766,2057
8.000000e-6,1.66088,2061
1.000000e-5,1.64799,2045
1.200000e-5,1.65443,2053
1.400000e-5,1.66410,2065
1.600000e-5,1.65363,2052
1.800000e-5,1.65363,2052
2.000000e-5,1.66088,2061
2.200000e-5,1.66410,2065
2.400000e-5,1.65363,2052
2.600000e-5,1.66410,2065
2.800000e-5,1.66007,2060
3.000000e-5,1.65121,2049
3.200000e-5,1.65766,2057
3.400000e-5,1.65604,2055
3.600000e-5,1.64637,2043
3.800000e-5,1.65443,2053
4.000000e-5,1.66410,2065
4.200000e-5,1.65443,2053
4.400000e-5,1.65363,2052
4.600000e-5,1.66410,2065
4.800000e-5,1.65927,2059
5.000000e-5,1.64476,2041
5.200000e-5,1.65685,2056
5.400000e-5,1.66007,2060
5.600000e-5,1.65121,2049
5.800000e-5,1.65363,2052
6.000000e-5,1.67055,2073
6.200000e-5,1.65685,2056
6.400000e-5,1.65443,2053
6.600000e-5,1.66249,2063
6.800000e-5,1.65927,2059
7.000000e-5,1.64476,2041
7.200000e-5,1.65766,2057
7.400000e-5,1.66088,2061
7.600000e-5,1.65121,2049
7.800000e-5,1.65443,2053
8.000000e-5,1.66733,2069
8.200000e-5,1.65121,2049
8.400000e-5,1.64718,2044
8.600000e-5,1.65766,2057
8.800000e-5,1.66733,2069
9.000000e-5,1.63993,2035
9.200000e-5,1.65685,2056
9.400000e-5,1.66088,2061
9.600000e-5,1.65121,2049
9.800000e-5,1.65363,2052
1.000000e-4,1.66733,2069
1.020000e-4,1.65766,2057
1.040000e-4,1.65363,2052
1.060000e-4,1.66007,2060
1.080000e-4,1.66007,2060
1.100000e-4,1.64960,2047
1.120000e-4,1.65685,2056
1.140000e-4,1.66007,2060
1.160000e-4,1.65040,2048
1.180000e-4,1.65443,2053
1.200000e-4,1.66733,2069
1.220000e-4,1.65604,2055
1.240000e-4,1.65363,2052
1.260000e-4,1.66733,2069
1.280000e-4,1.65927,2059
1.300000e-4,1.65363,2052
1.320000e-4,1.65766,2057
1.340000e-4,1.66007,2060
1.360000e-4,1.64718,2044
1.380000e-4,1.65685,2056
1.400000e-4,1.66088,2061
1.420000e-4,1.65121,2049
1.440000e-4,1.65443,2053
1.460000e-4,1.66894,2071
1.480000e-4,1.65766,2057
1.500000e-4,1.65443,2053
1.520000e-4,1.66330,2064
1.540000e-4,1.65927,2059
1.560000e-4,1.64960,2047
1.580000e-4,1.66410,2065
1.600000e-4,1.65685,2056
1.620000e-4,1.64154,2037
1.640000e-4,1.65766,2057
1.660000e-4,1.65927,2059
1.680000e-4,1.64637,2043
1.700000e-4,1.64799,2045
1.720000e-4,1.66410,2065
1.740000e-4,1.65443,2053
1.760000e-4,1.65363,2052
1.780000e-4,1.66410,2065
1.800000e-4,1.66410,2065
1.820000e-4,1.65201,2050
1.840000e-4,1.66733,2069
1.860000e-4,1.65766,2057
1.880000e-4,1.65121,2049
1.900000e-4,1.64799,2045
1.920000e-4,1.66652,2068
1.940000e-4,1.65443,2053
1.960000e-4,1.65363,2052
1.980000e-4,1.66652,2068
2.000000e-4,1.65766,2057
2.020000e-4,1.65363,2052
2.040000e-4,1.66088,2061
2.060000e-4,1.66168,2062
2.080000e-4,1.64476,2041
2.100000e-4,1.65766,2057
2.120000e-4,1.65927,2059
2.140000e-4,1.65040,2048
2.160000e-4,1.65604,2055
2.180000e-4,1.66249,2063
2.200000e-4,1.65443,2053
2.220000e-4,1.65363,2052
2.240000e-4,1.66733,2069
2.260000e-4,1.65766,2057
2.280000e-4,1.65443,2053
2.300000e-4,1.66410,2065
2.320000e-4,1.65927,2059
2.340000e-4,1.64718,2044
2.360000e-4,1.65766,2057
2.380000e-4,1.65604,2055
2.400000e-4,1.65121,2049
2.420000e-4,1.65443,2053
2.440000e-4,1.67055,2073
2.460000e-4,1.65443,2053
2.480000e-4,1.65282,2051
2.500000e-4,1.66571,2067
2.520000e-4,1.65766,2057
2.540000e-4,1.65443,2053
2.560000e-4,1.66088,2061
2.580000e-4,1.66088,2061
2.600000e-4,1.64799,2045
2.620000e-4,1.65685,2056
2.640000e-4,1.65927,2059
2.660000e-4,1.65121,2049
2.680000e-4,1.65363,2052
2.700000e-4,1.66894,2071
2.720000e-4,1.65443,2053
2.740000e-4,1.65282,2051
2.760000e-4,1.66652,2068
2.780000e-4,1.66007,2060
2.800000e-4,1.64799,2045
2.820000e-4,1.65927,2059
2.840000e-4,1.66088,2061
2.860000e-4,1.64637,2043
2.880000e-4,1.65443,2053
2.900000e-4,1.66088,2061
2.920000e-4,1.65282,2051
2.940000e-4,1.65443,2053
2.960000e-4,1.66894,2071
2.980000e-4,1.65363,2052
3.000000e-4,1.65846,2058
3.020000e-4,1.67297,2076
3.040000e-4,1.68425,2090
3.060000e-4,1.69553,2104
3.080000e-4,1.70359,2114
3.100000e-4,1.69875,2108
3.120000e-4,1.66491,2066
3.140000e-4,1.65121,2049
3.160000e-4,1.63590,2030
3.180000e-4,1.60205,1988
3.200000e-4,1.60689,1994
3.220000e-4,1.61656,2006
3.240000e-4,1.62542,2017
3.260000e-4,1.65040,2048
3.280000e-4,1.68425,2090
3.300000e-4,1.69553,2104
3.320000e-4,1.69553,2104
3.340000e-4,1.71326,2126
3.360000e-4,1.68586,2092
3.380000e-4,1.66330,2064
3.400000e-4,1.64799,2045
3.420000e-4,1.61333,2002
3.440000e-4,1.60689,1994
3.460000e-4,1.61172,2000
3.480000e-4,1.62300,2014
3.500000e-4,1.63429,2028
3.520000e-4,1.66330,2064
3.540000e-4,1.69231,2100
3.560000e-4,1.69553,2104
3.580000e-4,1.70359,2114
3.600000e-4,1.70520,2116
3.620000e-4,1.68264,2088
3.640000e-4,1.64718,2044
3.660000e-4,1.63267,2026
3.680000e-4,1.61736,2007
3.700000e-4,1.59238,1976
3.720000e-4,1.60527,1992
3.740000e-4,1.62220,2013
3.760000e-4,1.64073,2036
3.780000e-4,1.68103,2086
3.800000e-4,1.70198,2112
3.820000e-4,1.70520,2116
3.840000e-4,1.70198,2112
3.860000e-4,1.69956,2109
3.880000e-4,1.66088,2061
3.900000e-4,1.63106,2024
3.920000e-4,1.62139,2012
3.940000e-4,1.59963,1985
3.960000e-4,1.59399,1978
3.980000e-4,1.61253,2001
4.000000e-4,1.64557,2042
4.020000e-4,1.66168,2062
4.040000e-4,1.69634,2105
4.060000e-4,1.71890,2133
4.080000e-4,1.71165,2124
4.100000e-4,1.69875,2108
4.120000e-4,1.68908,2096
4.140000e-4,1.65040,2048
4.160000e-4,1.61656,2006
4.180000e-4,1.59963,1985
4.200000e-4,1.59641,1981
4.220000e-4,1.58916,1972
4.240000e-4,1.62784,2020
4.260000e-4,1.66330,2064
4.280000e-4,1.68264,2088
4.300000e-4,1.71648,2130
4.320000e-4,1.73099,2148
4.340000e-4,1.71004,2122
4.360000e-4,1.68586,2092
4.380000e-4,1.66813,2070
4.400000e-4,1.62623,2018
4.420000e-4,1.59158,1975
4.440000e-4,1.58916,1972
4.460000e-4,1.59077,1974
4.480000e-4,1.59883,1984
4.500000e-4,1.64396,2040
4.520000e-4,1.68264,2088
4.540000e-4,1.70681,2118
4.560000e-4,1.72454,2140
4.580000e-4,1.74066,2160
4.600000e-4,1.70359,2114
4.620000e-4,1.67458,2078
4.640000e-4,1.63912,2034
4.660000e-4,1.59883,1984
4.680000e-4,1.57707,1957
4.700000e-4,1.57788,1958
4.720000e-4,1.59560,1980
4.740000e-4,1.61736,2007
4.760000e-4,1.67780,2082
4.780000e-4,1.71165,2124
4.800000e-4,1.72777,2144
4.820000e-4,1.73985,2159
4.840000e-4,1.74147,2161
4.860000e-4,1.69392,2102
4.880000e-4,1.64879,2046
4.900000e-4,1.61817,2008
4.920000e-4,1.58110,1962
4.940000e-4,1.55209,1926
4.960000e-4,1.56821,1946
4.980000e-4,1.60769,1995
5.000000e-4,1.64879,2046
5.020000e-4,1.69795,2107
5.040000e-4,1.74388,2164
5.060000e-4,1.75355,2176
5.080000e-4,1.74227,2162
5.100000e-4,1.72777,2144
5.120000e-4,1.67136,2074
5.140000e-4,1.61656,2006
5.160000e-4,1.58432,1966
5.180000e-4,1.55370,1928
5.200000e-4,1.54242,1914
5.220000e-4,1.57626,1956
5.240000e-4,1.63106,2024
5.260000e-4,1.67861,2083
5.280000e-4,1.72615,2142
5.300000e-4,1.77451,2202
5.320000e-4,1.76081,2185
5.340000e-4,1.73744,2156
5.360000e-4,1.70117,2111
5.380000e-4,1.64073,2036
5.400000e-4,1.57223,1951
5.420000e-4,1.54081,1912
5.440000e-4,1.54322,1915
5.460000e-4,1.55289,1927
5.480000e-4,1.60205,1988
5.500000e-4,1.67780,2082
5.520000e-4,1.72454,2140
5.540000e-4,1.76967,2196
5.560000e-4,1.78740,2218
5.580000e-4,1.76484,2190
5.600000e-4,1.70520,2116
5.620000e-4,1.65363,2052
5.640000e-4,1.59480,1979
5.660000e-4,1.53516,1905
5.680000e-4,1.51985,1886
5.700000e-4,1.54484,1917
5.720000e-4,1.57868,1959
5.740000e-4,1.64234,2038
5.760000e-4,1.71810,2132
5.780000e-4,1.77209,2199
5.800000e-4,1.78256,2212
5.820000e-4,1.78659,2217
5.840000e-4,1.74872,2170
5.860000e-4,1.66974,2072
5.880000e-4,1.60447,1991
5.900000e-4,1.55370,1928
5.920000e-4,1.50777,1871
5.940000e-4,1.50696,1870
5.960000e-4,1.56015,1936
5.980000e-4,1.61495,2004
6.000000e-4,1.70198,2112
6.020000e-4,1.77128,2198
6.040000e-4,1.80513,2240
6.060000e-4,1.80190,2236
6.080000e-4,1.77289,2200
6.100000e-4,1.71810,2132
6.120000e-4,1.61736,2007
6.140000e-4,1.54967,1923
6.160000e-4,1.51099,1875
6.180000e-4,1.48601,1844
6.200000e-4,1.51824,1884
6.220000e-4,1.59722,1982
6.240000e-4,1.66652,2068
6.260000e-4,1.75194,2174
6.280000e-4,1.81158,2248
6.300000e-4,1.82769,2268
6.320000e-4,1.79385,2226
6.340000e-4,1.73502,2153
6.360000e-4,1.65766,2057
6.380000e-4,1.56015,1936
6.400000e-4,1.49407,1854
6.420000e-4,1.47956,1836
6.440000e-4,1.49407,1854
6.460000e-4,1.54403,1916
6.480000e-4,1.65363,2052
6.500000e-4,1.74388,2164
6.520000e-4,1.79868,2232
6.540000e-4,1.85026,2296
6.560000e-4,1.83092,2272
6.580000e-4,1.76484,2190
6.600000e-4,1.67941,2084
6.620000e-4,1.59077,1974
6.640000e-4,1.49810,1859
6.660000e-4,1.44733,1796
6.680000e-4,1.47714,1833
6.700000e-4,1.52308,1890
6.720000e-4,1.61011,1998
6.740000e-4,1.72454,2140
6.760000e-4,1.81319,2250
6.780000e-4,1.85590,2303
6.800000e-4,1.85670,2304
6.820000e-4,1.80835,2244
6.840000e-4,1.70520,2116
6.860000e-4,1.59560,1980
6.880000e-4,1.51663,1882
6.900000e-4,1.44249,1790
6.920000e-4,1.43121,1776
6.940000e-4,1.49407,1854
6.960000e-4,1.58755,1970
6.980000e-4,1.68586,2092
7.000000e-4,1.79546,2228
7.020000e-4,1.87040,2321
7.040000e-4,1.87282,2324
7.060000e-4,1.83414,2276
7.080000e-4,1.74711,2168
7.100000e-4,1.62784,2020
7.120000e-4,1.51179,1876
7.140000e-4,1.44894,1798
7.160000e-4,1.41993,1762
7.180000e-4,1.44894,1798
7.200000e-4,1.55209,1926
7.220000e-4,1.67780,2082
7.240000e-4,1.78256,2212
7.260000e-4,1.87604,2328
7.280000e-4,1.90505,2364
7.300000e-4,1.86718,2317
7.320000e-4,1.77451,2202
7.340000e-4,1.66491,2066
7.360000e-4,1.52469,1892
7.380000e-4,1.43927,1786
7.400000e-4,1.40462,1743
7.420000e-4,1.42799,1772
7.440000e-4,1.49729,1858
7.460000e-4,1.63670,2031
7.480000e-4,1.77451,2202
7.500000e-4,1.86799,2318
7.520000e-4,1.91795,2380
7.540000e-4,1.90667,2366
7.560000e-4,1.81158,2248
7.580000e-4,1.68425,2090
7.600000e-4,1.56015,1936
7.620000e-4,1.43604,1782
7.640000e-4,1.37802,1710
7.660000e-4,1.39575,1732
7.680000e-4,1.47634,1832
7.700000e-4,1.58432,1966
7.720000e-4,1.75194,2174
7.740000e-4,1.87604,2328
7.760000e-4,1.93084,2396
7.780000e-4,1.93245,2398
7.800000e-4,1.85670,2304
7.820000e-4,1.71971,2134
7.840000e-4,1.57143,1950
7.860000e-4,1.45538,1806
7.880000e-4,1.36835,1698
7.900000e-4,1.35868,1686
7.920000e-4,1.44813,1797
7.940000e-4,1.57949,1960
7.960000e-4,1.71326,2126
7.980000e-4,1.86557,2315
8.000000e-4,1.95341,2424
8.020000e-4,1.95744,2429
8.040000e-4,1.88571,2340
8.060000e-4,1.76806,2194
8.080000e-4,1.59077,1974
8.100000e-4,1.44571,1794
8.120000e-4,1.36835,1698
8.140000e-4,1.34095,1664
8.160000e-4,1.40220,1740
8.180000e-4,1.53919,1910
8.200000e-4,1.70359,2114
8.220000e-4,1.84059,2284
8.240000e-4,1.95018,2420
8.260000e-4,1.98403,2462
8.280000e-4,1.91634,2378
8.300000e-4,1.79465,2227
8.320000e-4,1.63106,2024
8.340000e-4,1.46183,1814
8.360000e-4,1.34740,1672
8.380000e-4,1.32000,1638
8.400000e-4,1.37319,1704
8.420000e-4,1.49084,1850
8.440000e-4,1.67136,2074
8.460000e-4,1.84220,2286
8.480000e-4,1.95018,2420
8.500000e-4,2.00659,2490
8.520000e-4,1.95663,2428
8.540000e-4,1.82769,2268
8.560000e-4,1.65363,2052
8.580000e-4,1.48198,1839
8.600000e-4,1.34659,1671
8.620000e-4,1.28938,1600
8.640000e-4,1.34982,1675
8.660000e-4,1.46264,1815
8.680000e-4,1.63670,2031
8.700000e-4,1.82527,2265
8.720000e-4,1.96469,2438
8.740000e-4,2.01626,2502
8.760000e-4,1.98725,2466
8.780000e-4,1.86557,2315
8.800000e-4,1.67780,2082
8.820000e-4,1.49407,1854
8.840000e-4,1.35707,1684
8.860000e-4,1.27810,1586
8.880000e-4,1.30066,1614
8.900000e-4,1.43121,1776
8.920000e-4,1.61495,2004
8.940000e-4,1.79304,2225
8.960000e-4,1.96147,2434
8.980000e-4,2.04447,2537
9.000000e-4,2.01143,2496
9.020000e-4,1.89861,2356
9.040000e-4,1.72293,2138
9.060000e-4,1.51179,1876
9.080000e-4,1.34740,1672
9.100000e-4,1.26923,1575
9.120000e-4,1.28293,1592
9.140000e-4,1.38286,1716
9.160000e-4,1.58432,1966
9.180000e-4,1.79223,2224
9.200000e-4,1.94374,2412
9.220000e-4,2.05333,2548
9.240000e-4,2.05172,2546
9.260000e-4,1.93487,2401
9.280000e-4,1.74147,2161
9.300000e-4,1.54242,1914
9.320000e-4,1.35546,1682
9.340000e-4,1.24747,1548
9.360000e-4,1.25875,1562
9.380000e-4,1.36029,1688
9.400000e-4,1.53919,1910
9.420000e-4,1.76322,2188
9.440000e-4,1.96147,2434
9.460000e-4,2.06139,2558
9.480000e-4,2.06462,2562
9.500000e-4,1.97355,2449
9.520000e-4,1.77289,2200
9.540000e-4,1.54886,1922
9.560000e-4,1.36352,1692
9.580000e-4,1.23861,1537
9.600000e-4,1.22652,1522
9.620000e-4,1.33128,1652
9.640000e-4,1.52872,1897
9.660000e-4,1.74147,2161
9.680000e-4,1.94615,2415
9.700000e-4,2.07751,2578
9.720000e-4,2.07912,2580
9.740000e-4,1.99289,2473
9.760000e-4,1.80352,2238
9.780000e-4,1.56659,1944
9.800000e-4,1.36190,1690
9.820000e-4,1.23619,1534
9.840000e-4,1.20879,1500
9.860000e-4,1.30066,1614
9.880000e-4,1.50857,1872
9.900000e-4,1.73099,2148
9.920000e-4,1.93729,2404
9.940000e-4,2.08557,2588
9.960000e-4,2.11861,2629
9.980000e-4,2.00498,2488
1.000000e-3,1.82125,2260
1.002000e-3,1.59077,1974
1.004000e-3,1.35949,1687
1.006000e-3,1.21685,1510
1.008000e-3,1.19429,1482
1.010000e-3,1.27810,1586
1.012000e-3,1.46989,1824
1.014000e-3,1.72777,2144
1.016000e-3,1.94212,2410
1.018000e-3,2.08879,2592
1.020000e-3,2.13714,2652
1.022000e-3,2.04044,2532
1.024000e-3,1.84462,2289
1.026000e-3,1.60850,1996
1.028000e-3,1.37319,1704
1.030000e-3,1.20396,1494
1.032000e-3,1.16689,1448
1.034000e-3,1.26359,1568
1.036000e-3,1.43282,1778
1.038000e-3,1.70037,2110
1.040000e-3,1.94051,2408
1.042000e-3,2.09524,2600
1.044000e-3,2.14601,2663
1.046000e-3,2.06542,2563
1.048000e-3,1.86799,2318
1.050000e-3,1.61414,2003
1.052000e-3,1.38125,1714
1.054000e-3,1.20234,1492
1.056000e-3,1.15883,1438
1.058000e-3,1.25311,1555
1.060000e-3,1.43604,1782
1.062000e-3,1.68425,2090
1.064000e-3,1.93890,2406
1.066000e-3,2.11458,2624
1.068000e-3,2.15165,2670
1.070000e-3,2.07751,2578
1.072000e-3,1.88733,2342
1.074000e-3,1.61495,2004
1.076000e-3,1.37963,1712
1.078000e-3,1.20073,1490
1.080000e-3,1.13707,1411
1.082000e-3,1.22168,1516
1.084000e-3,1.43443,1780
1.086000e-3,1.68103,2086
1.088000e-3,1.93084,2396
1.090000e-3,2.12103,2632
1.092000e-3,2.17744,2702
1.094000e-3,2.08234,2584
1.096000e-3,1.90022,2358
1.098000e-3,1.63106,2024
1.100000e-3,1.36029,1688
1.102000e-3,1.18945,1476
1.104000e-3,1.13385,1407
1.106000e-3,1.20718,1498
1.108000e-3,1.40542,1744
1.110000e-3,1.68908,2096
1.112000e-3,1.94051,2408
1.114000e-3,2.11619,2626
1.116000e-3,2.19194,2720
1.118000e-3,2.10813,2616
1.120000e-3,1.90183,2360
1.122000e-3,1.63429,2028
1.124000e-3,1.37480,1706
1.126000e-3,1.17333,1456
1.128000e-3,1.11531,1384
1.130000e-3,1.20879,1500
1.132000e-3,1.39575,1732
1.134000e-3,1.67458,2078
1.136000e-3,1.94696,2416
1.138000e-3,2.12908,2642
1.140000e-3,2.19355,2722
1.142000e-3,2.11458,2624
1.144000e-3,1.91473,2376
1.146000e-3,1.62300,2014
1.148000e-3,1.36513,1694
1.150000e-3,1.17817,1462
1.152000e-3,1.09597,1360
1.154000e-3,1.19267,1480
1.156000e-3,1.40220,1740
1.158000e-3,1.67297,2076
1.160000e-3,1.93729,2404
1.162000e-3,2.14842,2666
1.164000e-3,2.20322,2734
1.166000e-3,2.11780,2628
1.168000e-3,1.91956,2382
1.170000e-3,1.63187,2025
1.172000e-3,1.34740,1672
1.174000e-3,1.16527,1446
1.176000e-3,1.09597,1360
1.178000e-3,1.17978,1464
1.180000e-3,1.39897,1736
1.182000e-3,1.68908,2096
1.184000e-3,1.94857,2418
1.186000e-3,2.14520,2662
1.188000e-3,2.22256,2758
1.190000e-3,2.12344,2635
1.192000e-3,1.90828,2368
1.194000e-3,1.62462,2016
1.196000e-3,1.34821,1673
1.198000e-3,1.13788,1412
1.200000e-3,1.09758,1362
1.202000e-3,1.19267,1480
1.204000e-3,1.39897,1736
1.206000e-3,1.69070,2098
1.208000e-3,1.97436,2450
1.210000e-3,2.15487,2674
1.212000e-3,2.21289,2746
1.214000e-3,2.13231,2646
1.216000e-3,1.90344,2362
1.218000e-3,1.60366,1990
1.220000e-3,1.33773,1660
1.222000e-3,1.14916,1426
1.224000e-3,1.07663,1336
1.226000e-3,1.19348,1481
1.228000e-3,1.41670,1758
1.230000e-3,1.70359,2114
1.232000e-3,1.97758,2454
1.234000e-3,2.18147,2707
1.236000e-3,2.21934,2754
1.238000e-3,2.11619,2626
1.240000e-3,1.89377,2350
1.242000e-3,1.59560,1980
1.244000e-3,1.30711,1622
1.246000e-3,1.13143,1404
1.248000e-3,1.09114,1354
1.250000e-3,1.18945,1476
1.252000e-3,1.42476,1768
1.254000e-3,1.73099,2148
1.256000e-3,1.99370,2474
1.258000e-3,2.17582,2700
1.260000e-3,2.23143,2769
1.262000e-3,2.10491,2612
1.264000e-3,1.86799,2318
1.266000e-3,1.57788,1958
1.268000e-3,1.30227,1616
1.270000e-3,1.10886,1376
1.272000e-3,1.09033,1353
1.274000e-3,1.21363,1506
1.276000e-3,1.44088,1788
1.278000e-3,1.75033,2172
1.280000e-3,2.01465,2500
1.282000e-3,2.19678,2726
1.284000e-3,2.21128,2744
1.286000e-3,2.10168,2608
1.288000e-3,1.85026,2296
1.290000e-3,1.54081,1912
1.292000e-3,1.28132,1590
1.294000e-3,1.11209,1380
1.296000e-3,1.08308,1344
1.298000e-3,1.23297,1530
1.300000e-3,1.48117,1838
1.302000e-3,1.77209,2199
1.304000e-3,2.03399,2524
1.306000e-3,2.21128,2744
1.308000e-3,2.21289,2746
1.310000e-3,2.07590,2576
1.312000e-3,1.82286,2262
1.314000e-3,1.52147,1888
1.316000e-3,1.24747,1548
1.318000e-3,1.10081,1366
1.320000e-3,1.10161,1367
1.322000e-3,1.23941,1538
1.324000e-3,1.50293,1865
1.326000e-3,1.81641,2254
1.328000e-3,2.05817,2554
1.330000e-3,2.20403,2735
1.332000e-3,2.21128,2744
1.334000e-3,2.05011,2544
1.336000e-3,1.78418,2214
1.338000e-3,1.48762,1846
1.340000e-3,1.23861,1537
1.342000e-3,1.07985,1340
1.344000e-3,1.11048,1378
1.346000e-3,1.28938,1600
1.348000e-3,1.53597,1906
1.350000e-3,1.83414,2276
1.352000e-3,2.08799,2591
1.354000e-3,2.21531,2749
1.356000e-3,2.18227,2708
1.358000e-3,2.03238,2522
1.360000e-3,1.75678,2180
1.362000e-3,1.44410,1792
1.364000e-3,1.21201,1504
1.366000e-3,1.09597,1360
1.368000e-3,1.12579,1397
1.370000e-3,1.31033,1626
1.372000e-3,1.59077,1974
1.374000e-3,1.87282,2324
1.376000e-3,2.09846,2604
1.378000e-3,2.22256,2758
1.380000e-3,2.17582,2700
1.382000e-3,1.97919,2456
1.384000e-3,1.70842,2120
1.386000e-3,1.42637,1770
1.388000e-3,1.18623,1472
1.390000e-3,1.08952,1352
1.392000e-3,1.16205,1442
1.394000e-3,1.34095,1664
1.396000e-3,1.61978,2010
1.398000e-3,1.91634,2378
1.400000e-3,2.12747,2640
1.402000e-3,2.20403,2735
1.404000e-3,2.14842,2666
1.406000e-3,1.95502,2426
1.408000e-3,1.65363,2052
1.410000e-3,1.38608,1720
1.412000e-3,1.18139,1466
1.414000e-3,1.09436,1358
1.416000e-3,1.17495,1458
1.418000e-3,1.39253,1728
1.420000e-3,1.67216,2075
1.422000e-3,1.93810,2405
1.424000e-3,2.14037,2656
1.426000e-3,2.21048,2743
1.428000e-3,2.11297,2622
1.430000e-3,1.90505,2364
1.432000e-3,1.62623,2018
1.434000e-3,1.34337,1667
1.436000e-3,1.14916,1426
1.438000e-3,1.11370,1382
1.440000e-3,1.21201,1504
1.442000e-3,1.42154,1764
1.444000e-3,1.71810,2132
1.446000e-3,1.98242,2460
1.448000e-3,2.15004,2668
1.450000e-3,2.19355,2722
1.452000e-3,2.08879,2592
1.454000e-3,1.85187,2298
1.456000e-3,1.56176,1938
1.458000e-3,1.31355,1630
1.460000e-3,1.14593,1422
1.462000e-3,1.12015,1390
1.464000e-3,1.25714,1560
1.466000e-3,1.47634,1832
1.468000e-3,1.75033,2172
1.470000e-3,2.01465,2500
1.472000e-3,2.16615,2688
1.474000e-3,2.16777,2690
1.476000e-3,2.03883,2530
1.478000e-3,1.80513,2240
1.480000e-3,1.51179,1876
1.482000e-3,1.27165,1578
1.484000e-3,1.14593,1422
1.486000e-3,1.14432,1420
1.488000e-3,1.29341,1605
1.490000e-3,1.54564,1918
1.492000e-3,1.82527,2265
1.494000e-3,2.03480,2525
1.496000e-3,2.17099,2694
1.498000e-3,2.15165,2670
1.500000e-3,1.98403,2462
1.502000e-3,1.73985,2159
1.504000e-3,1.46989,1824
1.506000e-3,1.23941,1538
1.508000e-3,1.13465,1408
1.510000e-3,1.18945,1476
1.512000e-3,1.34579,1670
1.514000e-3,1.59560,1980
1.516000e-3,1.87282,2324
1.518000e-3,2.07590,2576
1.520000e-3,2.15648,2676
1.522000e-3,2.11619,2626
1.524000e-3,1.93890,2406
1.526000e-3,1.67619,2080
1.528000e-3,1.40542,1744
1.530000e-3,1.23297,1530
1.532000e-3,1.14271,1418
1.534000e-3,1.20879,1500
1.536000e-3,1.41429,1755
1.538000e-3,1.66974,2072
1.540000e-3,1.91311,2374
1.542000e-3,2.09524,2600
1.544000e-3,2.15890,2679
1.546000e-3,2.06623,2564
1.548000e-3,1.87363,2325
1.550000e-3,1.62381,2015
1.552000e-3,1.36513,1694
1.554000e-3,1.20396,1494
1.556000e-3,1.16850,1450
1.558000e-3,1.26359,1568
1.560000e-3,1.46022,1812
1.562000e-3,1.72293,2138
1.564000e-3,1.96147,2434
1.566000e-3,2.09524,2600
1.568000e-3,2.13231,2646
1.570000e-3,2.02755,2516
1.572000e-3,1.80835,2244
1.574000e-3,1.55531,1930
1.576000e-3,1.34256,1666
1.578000e-3,1.19509,1483
1.580000e-3,1.18462,1470
1.582000e-3,1.32000,1638
1.584000e-3,1.52791,1896
1.586000e-3,1.76645,2192
1.588000e-3,1.99531,2476
1.590000e-3,2.11458,2624
1.592000e-3,2.10007,2606
1.594000e-3,1.96308,2436
1.596000e-3,1.75033,2172
1.598000e-3,1.49568,1856
1.600000e-3,1.29582,1608
1.602000e-3,1.21121,1503
1.604000e-3,1.21846,1512
1.606000e-3,1.36674,1696
1.608000e-3,1.60527,1992
1.610000e-3,1.83495,2277
1.612000e-3,2.01304,2498
1.614000e-3,2.10652,2614
1.616000e-3,2.07267,2572
1.618000e-3,1.89700,2354
1.620000e-3,1.67941,2084
1.622000e-3,1.45055,1800
1.624000e-3,1.26359,1568
1.626000e-3,1.20557,1496
1.628000e-3,1.27971,1588
1.630000e-3,1.43443,1780
1.632000e-3,1.65846,2058
1.634000e-3,1.89216,2348
1.636000e-3,2.04608,2539
1.638000e-3,2.08879,2592
1.640000e-3,2.02271,2510
1.642000e-3,1.84542,2290
1.644000e-3,1.60366,1990
1.646000e-3,1.39414,1730
1.648000e-3,1.26037,1564
1.650000e-3,1.23136,1528
1.652000e-3,1.31839,1636
1.654000e-3,1.51824,1884
1.656000e-3,1.72212,2137
1.658000e-3,1.91875,2381
1.660000e-3,2.06300,2560
1.662000e-3,2.06784,2566
1.664000e-3,1.95985,2432
1.666000e-3,1.77289,2200
1.668000e-3,1.55531,1930
1.670000e-3,1.35223,1678
1.672000e-3,1.25070,1552
1.674000e-3,1.27487,1582
1.676000e-3,1.37158,1702
1.678000e-3,1.57223,1951
1.680000e-3,1.79868,2232
1.682000e-3,1.96469,2438
1.684000e-3,2.05011,2544
1.686000e-3,2.03802,2529
1.688000e-3,1.90344,2362
1.690000e-3,1.69714,2106
1.692000e-3,1.49487,1855
1.694000e-3,1.33289,1654
1.696000e-3,1.25231,1554
1.698000e-3,1.30227,1616
1.700000e-3,1.44894,1798
1.702000e-3,1.63751,2032
1.704000e-3,1.83575,2278
1.706000e-3,2.00015,2482
1.708000e-3,2.03560,2526
1.710000e-3,1.98081,2458
1.712000e-3,1.84703,2292
1.714000e-3,1.63912,2034
1.716000e-3,1.43685,1783
1.718000e-3,1.30872,1624
1.720000e-3,1.27326,1580
1.722000e-3,1.34901,1674
1.724000e-3,1.50857,1872
1.726000e-3,1.71971,2134
1.728000e-3,1.88249,2336
1.730000e-3,1.99692,2478
1.732000e-3,2.02271,2510
1.734000e-3,1.92762,2392
1.736000e-3,1.76161,2186
1.738000e-3,1.57304,1952
1.740000e-3,1.41026,1750
1.742000e-3,1.29744,1610
1.744000e-3,1.30711,1622
1.746000e-3,1.41590,1757
1.748000e-3,1.56498,1942
1.750000e-3,1.76484,2190
1.752000e-3,1.92440,2388
1.754000e-3,1.99692,2478
1.756000e-3,1.97275,2448
1.758000e-3,1.87443,2326
1.760000e-3,1.70037,2110
1.762000e-3,1.50535,1868
1.764000e-3,1.37722,1709
1.766000e-3,1.32000,1638
1.768000e-3,1.34256,1666
1.770000e-3,1.47473,1830
1.772000e-3,1.65363,2052
1.774000e-3,1.81641,2254
1.776000e-3,1.93084,2396
1.778000e-3,1.99048,2470
1.780000e-3,1.93407,2400
1.782000e-3,1.79062,2222
1.784000e-3,1.63429,2028
1.786000e-3,1.47473,1830
1.788000e-3,1.35707,1684
1.790000e-3,1.33451,1656
1.792000e-3,1.41509,1756
1.794000e-3,1.53758,1908
1.796000e-3,1.70198,2112
1.798000e-3,1.86960,2320
1.800000e-3,1.94857,2418
1.802000e-3,1.95663,2428
1.804000e-3,1.88088,2334
1.806000e-3,1.74388,2164
1.808000e-3,1.56418,1941
1.810000e-3,1.43363,1779
1.812000e-3,1.36593,1695
1.814000e-3,1.36674,1696
1.816000e-3,1.45780,1809
1.818000e-3,1.61333,2002
1.820000e-3,1.76161,2186
1.822000e-3,1.88249,2336
1.824000e-3,1.94696,2416
1.826000e-3,1.92198,2385
1.828000e-3,1.80835,2244
1.830000e-3,1.67297,2076
1.832000e-3,1.52952,1898
1.834000e-3,1.41670,1758
1.836000e-3,1.37238,1703
1.838000e-3,1.43121,1776
1.840000e-3,1.52469,1892
1.842000e-3,1.65685,2056
1.844000e-3,1.80352,2238
1.846000e-3,1.90344,2362
1.848000e-3,1.90828,2368
1.850000e-3,1.87282,2324
1.852000e-3,1.76161,2186
1.854000e-3,1.61656,2006
1.856000e-3,1.48440,1842
1.858000e-3,1.41509,1756
1.860000e-3,1.41026,1750
1.862000e-3,1.45941,1811
1.864000e-3,1.58674,1969
1.866000e-3,1.71971,2134
1.868000e-3,1.82930,2270
1.870000e-3,1.89700,2354
1.872000e-3,1.89458,2351
1.874000e-3,1.82125,2260
1.876000e-3,1.69392,2102
1.878000e-3,1.57062,1949
1.880000e-3,1.46425,1817
1.882000e-3,1.41348,1754
1.884000e-3,1.43604,1782
1.886000e-3,1.51824,1884
1.888000e-3,1.63267,2026
1.890000e-3,1.76081,2185
1.892000e-3,1.86960,2320
1.894000e-3,1.89216,2348
1.896000e-3,1.84864,2294
1.898000e-3,1.76161,2186
1.900000e-3,1.64557,2042
1.902000e-3,1.51985,1886
1.904000e-3,1.44491,1793
1.906000e-3,1.44168,1789
1.908000e-3,1.47634,1832
1.910000e-3,1.57143,1950
1.912000e-3,1.70359,2114
1.914000e-3,1.79546,2228
1.916000e-3,1.85670,2304
1.918000e-3,1.87443,2326
1.920000e-3,1.80835,2244
1.922000e-3,1.69875,2108
1.924000e-3,1.59399,1978
1.926000e-3,1.50696,1870
1.928000e-3,1.44168,1789
1.930000e-3,1.45377,1804
1.932000e-3,1.54161,1913
1.934000e-3,1.62462,2016
1.936000e-3,1.73260,2150
1.938000e-3,1.82286,2262
1.940000e-3,1.85509,2302
1.942000e-3,1.81802,2256
1.944000e-3,1.76161,2186
1.946000e-3,1.66168,2062
1.948000e-3,1.54725,1920
1.950000e-3,1.48601,1844
1.952000e-3,1.46989,1824
1.954000e-3,1.49568,1856
1.956000e-3,1.57304,1952
1.958000e-3,1.68747,2094
1.960000e-3,1.76806,2194
1.962000e-3,1.80996,2246
1.964000e-3,1.84220,2286
1.966000e-3,1.78095,2210
1.968000e-3,1.70037,2110
1.970000e-3,1.61656,2006
1.972000e-3,1.53033,1899
1.974000e-3,1.47795,1834
1.976000e-3,1.48923,1848
1.978000e-3,1.54725,1920
1.980000e-3,1.61817,2008
1.982000e-3,1.71165,2124
1.984000e-3,1.79707,2230
1.986000e-3,1.81399,2251
1.988000e-3,1.80029,2234
1.990000e-3,1.75194,2174
1.992000e-3,1.66974,2072
1.994000e-3,1.57143,1950
1.996000e-3,1.52469,1892
1.998000e-3,1.50051,1862
2.000000e-3,1.51421,1879
2.002000e-3,1.58190,1963
2.004000e-3,1.66974,2072
2.006000e-3,1.74066,2160
2.008000e-3,1.78579,2216
2.010000e-3,1.81480,2252
2.012000e-3,1.77128,2198
2.014000e-3,1.70520,2116
2.016000e-3,1.63267,2026
2.018000e-3,1.56659,1944
2.020000e-3,1.50777,1871
2.022000e-3,1.52147,1888
2.024000e-3,1.56337,1940
2.026000e-3,1.61978,2010
2.028000e-3,1.70359,2114
2.030000e-3,1.76484,2190
2.032000e-3,1.77934,2208
2.034000e-3,1.77612,2204
2.036000e-3,1.73582,2154
2.038000e-3,1.66007,2060
2.040000e-3,1.59238,1976
2.042000e-3,1.55531,1930
2.044000e-3,1.53275,1902
2.046000e-3,1.54403,1916
2.048000e-3,1.59399,1978
2.050000e-3,1.66249,2063
2.052000e-3,1.71648,2130
2.054000e-3,1.76806,2194
2.056000e-3,1.77612,2204
2.058000e-3,1.73905,2158
2.060000e-3,1.69070,2098
2.062000e-3,1.63267,2026
2.064000e-3,1.57062,1949
2.066000e-3,1.54242,1914
2.068000e-3,1.55853,1934
2.070000e-3,1.57465,1954
2.072000e-3,1.62784,2020
2.074000e-3,1.69553,2104
2.076000e-3,1.74388,2164
2.078000e-3,1.75919,2183
2.080000e-3,1.75678,2180
2.082000e-3,1.72293,2138
2.084000e-3,1.65040,2048
2.086000e-3,1.60205,1988
2.088000e-3,1.57465,1954
2.090000e-3,1.54403,1916
2.092000e-3,1.56821,1946
2.094000e-3,1.61172,2000
2.096000e-3,1.66088,2061
2.098000e-3,1.70198,2112
2.100000e-3,1.75355,2176
2.102000e-3,1.75033,2172
2.104000e-3,1.72615,2142
2.106000e-3,1.69553,2104
2.108000e-3,1.63751,2032
2.110000e-3,1.58513,1967
2.112000e-3,1.56982,1948
2.114000e-3,1.57143,1950
2.116000e-3,1.58835,1971
2.118000e-3,1.63912,2034
2.120000e-3,1.69392,2102
2.122000e-3,1.71487,2128
2.124000e-3,1.73905,2158
2.126000e-3,1.73421,2152
2.128000e-3,1.69553,2104
2.130000e-3,1.65201,2050
2.132000e-3,1.62462,2016
2.134000e-3,1.58110,1962
2.136000e-3,1.56821,1946
2.138000e-3,1.59883,1984
2.140000e-3,1.62542,2017
2.142000e-3,1.65846,2058
2.144000e-3,1.70681,2118
2.146000e-3,1.73260,2150
2.148000e-3,1.71810,2132
2.150000e-3,1.71004,2122
2.152000e-3,1.68264,2088
2.154000e-3,1.63267,2026
2.156000e-3,1.59399,1978
2.158000e-3,1.59722,1982
2.160000e-3,1.58755,1970
2.162000e-3,1.60850,1996
2.164000e-3,1.65443,2053
2.166000e-3,1.68103,2086
2.168000e-3,1.70440,2115
2.170000e-3,1.72454,2140
2.172000e-3,1.71487,2128
2.174000e-3,1.67619,2080
2.176000e-3,1.65040,2048
2.178000e-3,1.62300,2014
2.180000e-3,1.59158,1975
2.182000e-3,1.59077,1974
2.184000e-3,1.61495,2004
2.186000e-3,1.63026,2023
2.188000e-3,1.66974,2072
2.190000e-3,1.70198,2112
2.192000e-3,1.71729,2131
2.194000e-3,1.70842,2120
2.196000e-3,1.69956,2109
2.198000e-3,1.65846,2058
2.200000e-3,1.62623,2018
2.202000e-3,1.60366,1990
2.204000e-3,1.60205,1988
2.206000e-3,1.59480,1979
2.208000e-3,1.62139,2012
2.210000e-3,1.65846,2058
2.212000e-3,1.68103,2086
2.214000e-3,1.71326,2126
2.216000e-3,1.72454,2140
2.218000e-3,1.69553,2104
2.220000e-3,1.67700,2081
2.222000e-3,1.65524,2054
2.224000e-3,1.62139,2012
2.226000e-3,1.60044,1986
2.228000e-3,1.60850,1996
2.230000e-3,1.62623,2018
2.232000e-3,1.62945,2022
2.234000e-3,1.67780,2082
2.236000e-3,1.69392,2102
2.238000e-3,1.68908,2096
2.240000e-3,1.70117,2111
2.242000e-3,1.69150,2099
2.244000e-3,1.65846,2058
2.246000e-3,1.62784,2020
2.248000e-3,1.61817,2008
2.250000e-3,1.60930,1997
2.252000e-3,1.60366,1990
2.254000e-3,1.63912,2034
2.256000e-3,1.66007,2060
2.258000e-3,1.66974,2072
2.260000e-3,1.69231,2100
2.262000e-3,1.71165,2124
2.264000e-3,1.68908,2096
2.266000e-3,1.66652,2068
2.268000e-3,1.65604,2055
2.270000e-3,1.62139,2012
2.272000e-3,1.60689,1994
2.274000e-3,1.61817,2008
2.276000e-3,1.63429,2028
2.278000e-3,1.63993,2035
2.280000e-3,1.67941,2084
2.282000e-3,1.69795,2107
2.284000e-3,1.69714,2106
2.286000e-3,1.69231,2100
2.288000e-3,1.69070,2098
2.290000e-3,1.65201,2050
2.292000e-3,1.62864,2021
2.294000e-3,1.61978,2010
2.296000e-3,1.61172,2000
2.298000e-3,1.60930,1997
2.300000e-3,1.65363,2052
2.302000e-3,1.65524,2054
2.304000e-3,1.64637,2043
2.306000e-3,1.65282,2051
2.308000e-3,1.66249,2063
2.310000e-3,1.65040,2048
2.312000e-3,1.65363,2052
2.314000e-3,1.66007,2060
2.316000e-3,1.65685,2056
2.318000e-3,1.65040,2048
2.320000e-3,1.66410,2065
2.322000e-3,1.65685,2056
2.324000e-3,1.64557,2042
2.326000e-3,1.65685,2056
2.328000e-3,1.66007,2060
2.330000e-3,1.64396,2040
2.332000e-3,1.65443,2053
2.334000e-3,1.65766,2057
2.336000e-3,1.65201,2050
2.338000e-3,1.65040,2048
2.340000e-3,1.66491,2066
2.342000e-3,1.65443,2053
2.344000e-3,1.65201,2050
2.346000e-3,1.66491,2066
2.348000e-3,1.66007,2060
2.350000e-3,1.64637,2043
2.352000e-3,1.65685,2056
2.354000e-3,1.65766,2057
2.356000e-3,1.64396,2040
2.358000e-3,1.65604,2055
2.360000e-3,1.66007,2060
2.362000e-3,1.65443,2053
2.364000e-3,1.65040,2048
2.366000e-3,1.66733,2069
2.368000e-3,1.66007,2060
2.370000e-3,1.65282,2051
2.372000e-3,1.66168,2062
2.374000e-3,1.66491,2066
2.376000e-3,1.64396,2040
2.378000e-3,1.65604,2055
2.380000e-3,1.65443,2053
2.382000e-3,1.64476,2041
2.384000e-3,1.64557,2042
2.386000e-3,1.65846,2058
2.388000e-3,1.65121,2049
2.390000e-3,1.65201,2050
2.392000e-3,1.66652,2068
2.394000e-3,1.65363,2052
2.396000e-3,1.65040,2048
2.398000e-3,1.65604,2055
2.400000e-3,1.65766,2057
2.402000e-3,1.64637,2043
2.404000e-3,1.65604,2055
2.406000e-3,1.65685,2056
2.408000e-3,1.64879,2046
2.410000e-3,1.65363,2052
2.412000e-3,1.66733,2069
2.414000e-3,1.65443,2053
2.416000e-3,1.65282,2051
2.418000e-3,1.66410,2065
2.420000e-3,1.65927,2059
2.422000e-3,1.65121,2049
2.424000e-3,1.65927,2059
2.426000e-3,1.65766,2057
2.428000e-3,1.64557,2042
2.430000e-3,1.65685,2056
2.432000e-3,1.65846,2058
2.434000e-3,1.64637,2043
2.436000e-3,1.65443,2053
2.438000e-3,1.66410,2065
2.440000e-3,1.66007,2060
2.442000e-3,1.65201,2050
2.444000e-3,1.66410,2065
2.446000e-3,1.65201,2050
2.448000e-3,1.65201,2050
2.450000e-3,1.65685,2056
2.452000e-3,1.65927,2059
2.454000e-3,1.63993,2035
2.456000e-3,1.65604,2055
2.458000e-3,1.65846,2058
2.460000e-3,1.64396,2040
2.462000e-3,1.65604,2055
2.464000e-3,1.66007,2060
2.466000e-3,1.65121,2049
2.468000e-3,1.65201,2050
2.470000e-3,1.66733,2069
2.472000e-3,1.63187,2025
2.474000e-3,1.65443,2053
2.476000e-3,1.65524,2054
2.478000e-3,1.66088,2061
2.480000e-3,1.64476,2041
2.482000e-3,1.65524,2054
2.484000e-3,1.65927,2059
2.486000e-3,1.64799,2045
2.488000e-3,1.65201,2050
2.490000e-3,1.66813,2070
2.492000e-3,1.65443,2053
2.494000e-3,1.65282,2051
2.496000e-3,1.66168,2062
2.498000e-3,1.66007,2060
2.500000e-3,1.64154,2037
2.502000e-3,1.65201,2050
2.504000e-3,1.65363,2052
2.506000e-3,1.64799,2045
2.508000e-3,1.65040,2048
2.510000e-3,1.66249,2063
2.512000e-3,1.65201,2050
2.514000e-3,1.65685,2056
2.516000e-3,1.66491,2066
2.518000e-3,1.65524,2054
2.520000e-3,1.65282,2051
2.522000e-3,1.65927,2059
2.524000e-3,1.65766,2057
2.526000e-3,1.64637,2043
2.528000e-3,1.65282,2051
2.530000e-3,1.66007,2060
2.532000e-3,1.65282,2051
2.534000e-3,1.65201,2050
2.536000e-3,1.66249,2063
2.538000e-3,1.65282,2051
2.540000e-3,1.65766,2057
2.542000e-3,1.66410,2065
2.544000e-3,1.65766,2057
2.546000e-3,1.65363,2052
2.548000e-3,1.66088,2061
2.550000e-3,1.65685,2056
2.552000e-3,1.64476,2041
2.554000e-3,1.65363,2052
2.556000e-3,1.65766,2057
2.558000e-3,1.64396,2040
2.560000e-3,1.65201,2050
2.562000e-3,1.66491,2066
2.564000e-3,1.65524,2054
2.566000e-3,1.65040,2048
2.568000e-3,1.66088,2061
2.570000e-3,1.65524,2054
2.572000e-3,1.64799,2045
2.574000e-3,1.65685,2056
2.576000e-3,1.66571,2067
2.578000e-3,1.64718,2044
2.580000e-3,1.65282,2051
2.582000e-3,1.66168,2062
2.584000e-3,1.64637,2043
2.586000e-3,1.65363,2052
2.588000e-3,1.66249,2063
2.590000e-3,1.65766,2057
2.592000e-3,1.65121,2049
2.594000e-3,1.66007,2060
2.596000e-3,1.65685,2056
2.598000e-3,1.64557,2042
2.600000e-3,1.65443,2053
2.602000e-3,1.65927,2059
2.604000e-3,1.65201,2050
2.606000e-3,1.65363,2052
2.608000e-3,1.66410,2065
2.610000e-3,1.65846,2058
2.612000e-3,1.65040,2048
2.614000e-3,1.65927,2059
2.616000e-3,1.65524,2054
2.618000e-3,1.63993,2035
2.620000e-3,1.65282,2051
2.622000e-3,1.65766,2057
2.624000e-3,1.65040,2048
2.626000e-3,1.65443,2053
2.628000e-3,1.66652,2068
2.630000e-3,1.65282,2051
2.632000e-3,1.65363,2052
2.634000e-3,1.66410,2065
2.636000e-3,1.65604,2055
2.638000e-3,1.65201,2050
2.640000e-3,1.65766,2057
2.642000e-3,1.66007,2060
2.644000e-3,1.64799,2045
2.646000e-3,1.65685,2056
2.648000e-3,1.66733,2069
2.650000e-3,1.64718,2044
2.652000e-3,1.65443,2053
2.654000e-3,1.66330,2064
2.656000e-3,1.64718,2044
2.658000e-3,1.65201,2050
2.660000e-3,1.66813,2070
2.662000e-3,1.65766,2057
2.664000e-3,1.65363,2052
2.666000e-3,1.65604,2055
2.668000e-3,1.66168,2062
2.670000e-3,1.64234,2038
2.672000e-3,1.65363,2052
2.674000e-3,1.65201,2050
2.676000e-3,1.65040,2048
2.678000e-3,1.65685,2056
2.680000e-3,1.66894,2071
2.682000e-3,1.65121,2049
2.684000e-3,1.65201,2050
2.686000e-3,1.66088,2061
2.688000e-3,1.65766,2057
2.690000e-3,1.65201,2050
2.692000e-3,1.65121,2049
2.694000e-3,1.66007,2060
2.696000e-3,1.64476,2041
2.698000e-3,1.65282,2051
2.700000e-3,1.66410,2065
2.702000e-3,1.65121,2049
2.704000e-3,1.64879,2046
2.706000e-3,1.66733,2069
2.708000e-3,1.65040,2048
2.710000e-3,1.65363,2052
2.712000e-3,1.66733,2069
2.714000e-3,1.65604,2055
2.716000e-3,1.65363,2052
2.718000e-3,1.66088,2061
2.720000e-3,1.65121,2049
2.722000e-3,1.64637,2043
2.724000e-3,1.65846,2058
2.726000e-3,1.66007,2060
2.728000e-3,1.64315,2039
2.730000e-3,1.65524,2054
2.732000e-3,1.65685,2056
2.734000e-3,1.64879,2046
2.736000e-3,1.65363,2052
2.738000e-3,1.66974,2072
2.740000e-3,1.65524,2054
2.742000e-3,1.65282,2051
2.744000e-3,1.66168,2062
2.746000e-3,1.65846,2058
2.748000e-3,1.63912,2034
2.750000e-3,1.65604,2055
2.752000e-3,1.65604,2055
2.754000e-3,1.64557,2042
2.756000e-3,1.65040,2048
2.758000e-3,1.66894,2071
2.760000e-3,1.65443,2053
2.762000e-3,1.64396,2040
2.764000e-3,1.66571,2067
2.766000e-3,1.65846,2058
2.768000e-3,1.65282,2051
2.770000e-3,1.65927,2059
2.772000e-3,1.65927,2059
2.774000e-3,1.64557,2042
2.776000e-3,1.65604,2055
2.778000e-3,1.66007,2060
2.780000e-3,1.65201,2050
2.782000e-3,1.64718,2044
2.784000e-3,1.66652,2068
2.786000e-3,1.65121,2049
2.788000e-3,1.64557,2042
2.790000e-3,1.66330,2064
2.792000e-3,1.65685,2056
2.794000e-3,1.65040,2048
2.796000e-3,1.66168,2062
2.798000e-3,1.65927,2059
2.800000e-3,1.64396,2040
2.802000e-3,1.65524,2054
2.804000e-3,1.66168,2062
2.806000e-3,1.64557,2042
2.808000e-3,1.65282,2051
2.810000e-3,1.65766,2057
2.812000e-3,1.65201,2050
2.814000e-3,1.65363,2052
2.816000e-3,1.66007,2060
2.818000e-3,1.65201,2050
2.820000e-3,1.65524,2054
2.822000e-3,1.67216,2075
2.824000e-3,1.65604,2055
2.826000e-3,1.65282,2051
2.828000e-3,1.66330,2064
2.830000e-3,1.65604,2055
2.832000e-3,1.65201,2050
2.834000e-3,1.66410,2065
2.836000e-3,1.65927,2059
2.838000e-3,1.64960,2047
2.840000e-3,1.65685,2056
2.842000e-3,1.65927,2059
2.844000e-3,1.64234,2038
2.846000e-3,1.65604,2055
2.848000e-3,1.65524,2054
2.850000e-3,1.64960,2047
2.852000e-3,1.65040,2048
2.854000e-3,1.66491,2066
2.856000e-3,1.65040,2048
2.858000e-3,1.65443,2053
2.860000e-3,1.65927,2059
2.862000e-3,1.65121,2049
2.864000e-3,1.65201,2050
2.866000e-3,1.66410,2065
2.868000e-3,1.65766,2057
2.870000e-3,1.64799,2045
2.872000e-3,1.65685,2056
2.874000e-3,1.66330,2064
2.876000e-3,1.65685,2056
2.878000e-3,1.65604,2055
2.880000e-3,1.66330,2064
2.882000e-3,1.64879,2046
2.884000e-3,1.65363,2052
2.886000e-3,1.66652,2068
2.888000e-3,1.65524,2054
2.890000e-3,1.65363,2052
2.892000e-3,1.66249,2063
2.894000e-3,1.65846,2058
2.896000e-3,1.64557,2042
2.898000e-3,1.65604,2055
2.900000e-3,1.65604,2055
2.902000e-3,1.65121,2049
2.904000e-3,1.66007,2060
2.906000e-3,1.65927,2059
2.908000e-3,1.65121,2049
2.910000e-3,1.65040,2048
2.912000e-3,1.66733,2069
2.914000e-3,1.65363,2052
2.916000e-3,1.65685,2056
2.918000e-3,1.65846,2058
2.920000e-3,1.65363,2052
2.922000e-3,1.64315,2039
2.924000e-3,1.65685,2056
2.926000e-3,1.65524,2054
2.928000e-3,1.64799,2045
2.930000e-3,1.65363,2052
2.932000e-3,1.66007,2060
2.934000e-3,1.65927,2059
2.936000e-3,1.65282,2051
2.938000e-3,1.66733,2069
2.940000e-3,1.65846,2058
2.942000e-3,1.65604,2055
2.944000e-3,1.65524,2054
2.946000e-3,1.66088,2061
2.948000e-3,1.64799,2045
2.950000e-3,1.66410,2065
2.952000e-3,1.66652,2068
2.954000e-3,1.65282,2051
2.956000e-3,1.65363,2052
2.958000e-3,1.66894,2071
2.960000e-3,1.65685,2056
2.962000e-3,1.64960,2047
2.964000e-3,1.66410,2065
2.966000e-3,1.65846,2058
2.968000e-3,1.65201,2050
2.970000e-3,1.66007,2060
2.972000e-3,1.65524,2054
2.974000e-3,1.64073,2036
2.976000e-3,1.64799,2045
2.978000e-3,1.66007,2060
2.980000e-3,1.64718,2044
2.982000e-3,1.65201,2050
2.984000e-3,1.66168,2062
2.986000e-3,1.65282,2051
2.988000e-3,1.65443,2053
2.990000e-3,1.66571,2067
2.992000e-3,1.65040,2048
2.994000e-3,1.65524,2054
2.996000e-3,1.66007,2060
2.998000e-3,1.65282,2051
3.000000e-3,1.64396,2040
3.002000e-3,1.65685,2056
3.004000e-3,1.65524,2054
3.006000e-3,1.64557,2042
3.008000e-3,1.65201,2050
3.010000e-3,1.65363,2052
3.012000e-3,1.65363,2052
3.014000e-3,1.66007,2060
3.016000e-3,1.66249,2063
3.018000e-3,1.65443,2053
3.020000e-3,1.65282,2051
3.022000e-3,1.66088,2061
3.024000e-3,1.66007,2060
3.026000e-3,1.64637,2043
3.028000e-3,1.65524,2054
3.030000e-3,1.65927,2059
3.032000e-3,1.64637,2043
3.034000e-3,1.65524,2054
3.036000e-3,1.66894,2071
3.038000e-3,1.65443,2053
3.040000e-3,1.65363,2052
3.042000e-3,1.66410,2065
3.044000e-3,1.65846,2058
3.046000e-3,1.65040,2048
3.048000e-3,1.66007,2060
3.050000e-3,1.65201,2050
3.052000e-3,1.64557,2042
3.054000e-3,1.65524,2054
3.056000e-3,1.66330,2064
3.058000e-3,1.64879,2046
3.060000e-3,1.65201,2050
3.062000e-3,1.66410,2065
3.064000e-3,1.65443,2053
3.066000e-3,1.65040,2048
3.068000e-3,1.66168,2062
3.070000e-3,1.65443,2053
3.072000e-3,1.65040,2048
3.074000e-3,1.65685,2056
3.076000e-3,1.66007,2060
3.078000e-3,1.64315,2039
3.080000e-3,1.65282,2051
3.082000e-3,1.66330,2064
3.084000e-3,1.65201,2050
3.086000e-3,1.65282,2051
3.088000e-3,1.66491,2066
3.090000e-3,1.65363,2052
3.092000e-3,1.65363,2052
3.094000e-3,1.66249,2063
3.096000e-3,1.65685,2056
3.098000e-3,1.64154,2037
3.100000e-3,1.65846,2058
3.102000e-3,1.66410,2065
3.104000e-3,1.63751,2032
3.106000e-3,1.65604,2055
3.108000e-3,1.65524,2054
3.110000e-3,1.64879,2046
3.112000e-3,1.65040,2048
3.114000e-3,1.66894,2071
3.116000e-3,1.65685,2056
3.118000e-3,1.65363,2052
3.120000e-3,1.65685,2056
3.122000e-3,1.65685,2056
3.124000e-3,1.65040,2048
3.126000e-3,1.66168,2062
3.128000e-3,1.65846,2058
3.130000e-3,1.64396,2040
3.132000e-3,1.65121,2049
3.134000e-3,1.65685,2056
3.136000e-3,1.64637,2043
3.138000e-3,1.65201,2050
3.140000e-3,1.66410,2065
3.142000e-3,1.65604,2055
3.144000e-3,1.65121,2049
3.146000e-3,1.66168,2062
3.148000e-3,1.65363,2052
3.150000e-3,1.65443,2053
3.152000e-3,1.65927,2059
3.154000e-3,1.66168,2062
3.156000e-3,1.64557,2042
3.158000e-3,1.65282,2051
3.160000e-3,1.65927,2059
3.162000e-3,1.65040,2048
3.164000e-3,1.65766,2057
3.166000e-3,1.66168,2062
3.168000e-3,1.65524,2054
3.170000e-3,1.65201,2050
3.172000e-3,1.66571,2067
3.174000e-3,1.65685,2056
3.176000e-3,1.64396,2040
3.178000e-3,1.65524,2054
3.180000e-3,1.66007,2060
3.182000e-3,1.64234,2038
3.184000e-3,1.65443,2053
3.186000e-3,1.65524,2054
3.188000e-3,1.65040,2048
3.190000e-3,1.65121,2049
3.192000e-3,1.66652,2068
3.194000e-3,1.65363,2052
3.196000e-3,1.65121,2049
3.198000e-3,1.66007,2060
3.200000e-3,1.66007,2060
3.202000e-3,1.64637,2043
3.204000e-3,1.65443,2053
3.206000e-3,1.65524,2054
3.208000e-3,1.64396,2040
3.210000e-3,1.65443,2053
3.212000e-3,1.66733,2069
3.214000e-3,1.65443,2053
3.216000e-3,1.65201,2050
3.218000e-3,1.66571,2067
3.220000e-3,1.65766,2057
3.222000e-3,1.65201,2050
3.224000e-3,1.65685,2056
3.226000e-3,1.66168,2062
3.228000e-3,1.64073,2036
3.230000e-3,1.65524,2054
3.232000e-3,1.65766,2057
3.234000e-3,1.65201,2050
3.236000e-3,1.66007,2060
3.238000e-3,1.66571,2067
3.240000e-3,1.65685,2056
3.242000e-3,1.65201,2050
3.244000e-3,1.66168,2062
3.246000e-3,1.65524,2054
3.248000e-3,1.65201,2050
3.250000e-3,1.66007,2060
3.252000e-3,1.65766,2057
3.254000e-3,1.64557,2042
3.256000e-3,1.65685,2056
3.258000e-3,1.65927,2059
3.260000e-3,1.65121,2049
3.262000e-3,1.65282,2051
3.264000e-3,1.66491,2066
3.266000e-3,1.65524,2054
3.268000e-3,1.65363,2052
3.270000e-3,1.66733,2069
3.272000e-3,1.65766,2057
3.274000e-3,1.65121,2049
3.276000e-3,1.66249,2063
3.278000e-3,1.65685,2056
3.280000e-3,1.64960,2047
3.282000e-3,1.66007,2060
3.284000e-3,1.65927,2059
3.286000e-3,1.64234,2038
3.288000e-3,1.65766,2057
3.290000e-3,1.65846,2058
3.292000e-3,1.64799,2045
3.294000e-3,1.64718,2044
3.296000e-3,1.66491,2066
3.298000e-3,1.65443,2053
3.300000e-3,1.65282,2051
3.302000e-3,1.66007,2060
3.304000e-3,1.65685,2056
3.306000e-3,1.64396,2040
3.308000e-3,1.65766,2057
3.310000e-3,1.65846,2058
3.312000e-3,1.64476,2041
3.314000e-3,1.65443,2053
3.316000e-3,1.66007,2060
3.318000e-3,1.65121,2049
3.320000e-3,1.65282,2051
3.322000e-3,1.66894,2071
3.324000e-3,1.65685,2056
3.326000e-3,1.65443,2053
3.328000e-3,1.66007,2060
3.330000e-3,1.65766,2057
3.332000e-3,1.65363,2052
3.334000e-3,1.66249,2063
3.336000e-3,1.65927,2059
3.338000e-3,1.63509,2029
3.340000e-3,1.65040,2048
3.342000e-3,1.66088,2061
3.344000e-3,1.64799,2045
3.346000e-3,1.65363,2052
3.348000e-3,1.65846,2058
3.350000e-3,1.65121,2049
3.352000e-3,1.65121,2049
3.354000e-3,1.66652,2068
3.356000e-3,1.65363,2052
3.358000e-3,1.65363,2052
3.360000e-3,1.66410,2065
3.362000e-3,1.65927,2059
3.364000e-3,1.65282,2051
3.366000e-3,1.65604,2055
3.368000e-3,1.65685,2056
3.370000e-3,1.64234,2038
3.372000e-3,1.65524,2054
3.374000e-3,1.65685,2056
3.376000e-3,1.65121,2049
3.378000e-3,1.65363,2052
3.380000e-3,1.66410,2065
3.382000e-3,1.65685,2056
3.384000e-3,1.65443,2053
3.386000e-3,1.66330,2064
3.388000e-3,1.66007,2060
3.390000e-3,1.64637,2043
3.392000e-3,1.65766,2057
3.394000e-3,1.65766,2057
3.396000e-3,1.64476,2041
3.398000e-3,1.65685,2056
3.400000e-3,1.66007,2060
3.402000e-3,1.64476,2041
3.404000e-3,1.65685,2056
3.406000e-3,1.66007,2060
3.408000e-3,1.64879,2046
3.410000e-3,1.63912,2034
3.412000e-3,1.66733,2069
3.414000e-3,1.65524,2054
3.416000e-3,1.65282,2051
3.418000e-3,1.66007,2060
3.420000e-3,1.65604,2055
3.422000e-3,1.65040,2048
3.424000e-3,1.66007,2060
3.426000e-3,1.65846,2058
3.428000e-3,1.64073,2036
3.430000e-3,1.65685,2056
3.432000e-3,1.65846,2058
3.434000e-3,1.65040,2048
3.436000e-3,1.65282,2051
3.438000e-3,1.66813,2070
3.440000e-3,1.65766,2057
3.442000e-3,1.65443,2053
3.444000e-3,1.65524,2054
3.446000e-3,1.65846,2058
3.448000e-3,1.64718,2044
3.450000e-3,1.65846,2058
3.452000e-3,1.66007,2060
3.454000e-3,1.64396,2040
3.456000e-3,1.65363,2052
3.458000e-3,1.66168,2062
3.460000e-3,1.65201,2050
3.462000e-3,1.65282,2051
3.464000e-3,1.66491,2066
3.466000e-3,1.65443,2053
3.468000e-3,1.65121,2049
3.470000e-3,1.66652,2068
3.472000e-3,1.65363,2052
3.474000e-3,1.65363,2052
3.476000e-3,1.65846,2058
3.478000e-3,1.65927,2059
3.480000e-3,1.64396,2040
3.482000e-3,1.65040,2048
3.484000e-3,1.65927,2059
3.486000e-3,1.63993,2035
3.488000e-3,1.65282,2051
3.490000e-3,1.66491,2066
3.492000e-3,1.65282,2051
3.494000e-3,1.65201,2050
3.496000e-3,1.66652,2068
3.498000e-3,1.66168,2062
3.500000e-3,1.65443,2053
3.502000e-3,1.66007,2060
3.504000e-3,1.66088,2061
3.506000e-3,1.64476,2041
3.508000e-3,1.65443,2053
3.510000e-3,1.65040,2048
3.512000e-3,1.64799,2045
3.514000e-3,1.65282,2051
3.516000e-3,1.66330,2064
3.518000e-3,1.65121,2049
3.520000e-3,1.65282,2051
3.522000e-3,1.66491,2066
3.524000e-3,1.65040,2048
3.526000e-3,1.64799,2045
3.528000e-3,1.66168,2062
3.530000e-3,1.65685,2056
3.532000e-3,1.64637,2043
3.534000e-3,1.65524,2054
3.536000e-3,1.65927,2059
3.538000e-3,1.64396,2040
3.540000e-3,1.65363,2052
3.542000e-3,1.65846,2058
3.544000e-3,1.65363,2052
3.546000e-3,1.65121,2049
3.548000e-3,1.66491,2066
3.550000e-3,1.65443,2053
3.552000e-3,1.65363,2052
3.554000e-3,1.66249,2063
3.556000e-3,1.64637,2043
3.558000e-3,1.64799,2045
3.560000e-3,1.65363,2052
3.562000e-3,1.65927,2059
3.564000e-3,1.64476,2041
3.566000e-3,1.65524,2054
3.568000e-3,1.66088,2061
3.570000e-3,1.64960,2047
3.572000e-3,1.65201,2050
3.574000e-3,1.67136,2074
3.576000e-3,1.65524,2054
3.578000e-3,1.65363,2052
3.580000e-3,1.66007,2060
3.582000e-3,1.65927,2059
3.584000e-3,1.64154,2037
3.586000e-3,1.65685,2056
3.588000e-3,1.65685,2056
3.590000e-3,1.65040,2048
3.592000e-3,1.65121,2049
3.594000e-3,1.66813,2070
3.596000e-3,1.65282,2051
3.598000e-3,1.65040,2048
3.600000e-3,1.66491,2066
3.602000e-3,1.65282,2051
3.604000e-3,1.65363,2052
3.606000e-3,1.65846,2058
3.608000e-3,1.65766,2057
3.610000e-3,1.64476,2041
3.612000e-3,1.65040,2048
3.614000e-3,1.66007,2060
3.616000e-3,1.65201,2050
3.618000e-3,1.65121,2049
3.620000e-3,1.66894,2071
3.622000e-3,1.65524,2054
3.624000e-3,1.66330,2064
3.626000e-3,1.65846,2058
3.628000e-3,1.66007,2060
3.630000e-3,1.64396,2040
3.632000e-3,1.65685,2056
3.634000e-3,1.65524,2054
3.636000e-3,1.64879,2046
3.638000e-3,1.65201,2050
3.640000e-3,1.66491,2066
3.642000e-3,1.65201,2050
3.644000e-3,1.65363,2052
3.646000e-3,1.65766,2057
3.648000e-3,1.65846,2058
3.650000e-3,1.64234,2038
3.652000e-3,1.64637,2043
3.654000e-3,1.65766,2057
3.656000e-3,1.65121,2049
3.658000e-3,1.65040,2048
3.660000e-3,1.66813,2070
3.662000e-3,1.65201,2050
3.664000e-3,1.65766,2057
3.666000e-3,1.66088,2061
3.668000e-3,1.65846,2058
3.670000e-3,1.64476,2041
3.672000e-3,1.65766,2057
3.674000e-3,1.66007,2060
3.676000e-3,1.64799,2045
3.678000e-3,1.65443,2053
3.680000e-3,1.66974,2072
3.682000e-3,1.65443,2053
3.684000e-3,1.65040,2048
3.686000e-3,1.66330,2064
3.688000e-3,1.65685,2056
3.690000e-3,1.64799,2045
3.692000e-3,1.65201,2050
3.694000e-3,1.66007,2060
3.696000e-3,1.65040,2048
3.698000e-3,1.65121,2049
3.700000e-3,1.66330,2064
3.702000e-3,1.66088,2061
3.704000e-3,1.64234,2038
3.706000e-3,1.65524,2054
3.708000e-3,1.65524,2054
3.710000e-3,1.65121,2049
3.712000e-3,1.65121,2049
3.714000e-3,1.66894,2071
3.716000e-3,1.65040,2048
3.718000e-3,1.64718,2044
3.720000e-3,1.66491,2066
3.722000e-3,1.65685,2056
3.724000e-3,1.64557,2042
3.726000e-3,1.65604,2055
3.728000e-3,1.65846,2058
3.730000e-3,1.64799,2045
3.732000e-3,1.65766,2057
3.734000e-3,1.66330,2064
3.736000e-3,1.64960,2047
3.738000e-3,1.65121,2049
3.740000e-3,1.65604,2055
3.742000e-3,1.66007,2060
3.744000e-3,1.64960,2047
3.746000e-3,1.65363,2052
3.748000e-3,1.66168,2062
3.750000e-3,1.64879,2046
3.752000e-3,1.64960,2047
3.754000e-3,1.66813,2070
3.756000e-3,1.66410,2065
3.758000e-3,1.65282,2051
3.760000e-3,1.65766,2057
3.762000e-3,1.65685,2056
3.764000e-3,1.64476,2041
3.766000e-3,1.65524,2054
3.768000e-3,1.66330,2064
3.770000e-3,1.64637,2043
3.772000e-3,1.64799,2045
3.774000e-3,1.66491,2066
3.776000e-3,1.64718,2044
3.778000e-3,1.64718,2044
3.780000e-3,1.66491,2066
3.782000e-3,1.65846,2058
3.784000e-3,1.65685,2056
3.786000e-3,1.65846,2058
3.788000e-3,1.66007,2060
3.790000e-3,1.64799,2045
3.792000e-3,1.65685,2056
3.794000e-3,1.66491,2066
3.796000e-3,1.64960,2047
3.798000e-3,1.65443,2053
3.800000e-3,1.66974,2072
3.802000e-3,1.65846,2058
3.804000e-3,1.64799,2045
3.806000e-3,1.66410,2065
3.808000e-3,1.65766,2057
3.810000e-3,1.65282,2051
3.812000e-3,1.66088,2061
3.814000e-3,1.65121,2049
3.816000e-3,1.64637,2043
3.818000e-3,1.65604,2055
3.820000e-3,1.65524,2054
3.822000e-3,1.65201,2050
3.824000e-3,1.65040,2048
3.826000e-3,1.66652,2068
3.828000e-3,1.65443,2053
3.830000e-3,1.65121,2049
3.832000e-3,1.65846,2058
3.834000e-3,1.65604,2055
3.836000e-3,1.64637,2043
3.838000e-3,1.65685,2056
3.840000e-3,1.66007,2060
3.842000e-3,1.65121,2049
3.844000e-3,1.65040,2048
3.846000e-3,1.66571,2067
3.848000e-3,1.66007,2060
3.850000e-3,1.65282,2051
3.852000e-3,1.66088,2061
3.854000e-3,1.65766,2057
3.856000e-3,1.64557,2042
3.858000e-3,1.65927,2059
3.860000e-3,1.65524,2054
3.862000e-3,1.64476,2041
3.864000e-3,1.65604,2055
3.866000e-3,1.66007,2060
3.868000e-3,1.65524,2054
3.870000e-3,1.65363,2052
3.872000e-3,1.66491,2066
3.874000e-3,1.65685,2056
3.876000e-3,1.64960,2047
3.878000e-3,1.65685,2056
3.880000e-3,1.66007,2060
3.882000e-3,1.63670,2031
3.884000e-3,1.65201,2050
3.886000e-3,1.66088,2061
3.888000e-3,1.65121,2049
3.890000e-3,1.64718,2044
3.892000e-3,1.66491,2066
3.894000e-3,1.65524,2054
3.896000e-3,1.65282,2051
3.898000e-3,1.66249,2063
3.900000e-3,1.66249,2063
3.902000e-3,1.64315,2039
3.904000e-3,1.65201,2050
3.906000e-3,1.65927,2059
3.908000e-3,1.65121,2049
3.910000e-3,1.65443,2053
3.912000e-3,1.66733,2069
3.914000e-3,1.65524,2054
3.916000e-3,1.65282,2051
3.918000e-3,1.66652,2068
3.920000e-3,1.65766,2057
3.922000e-3,1.64557,2042
3.924000e-3,1.66330,2064
3.926000e-3,1.66007,2060
3.928000e-3,1.64799,2045
3.930000e-3,1.65443,2053
3.932000e-3,1.66330,2064
3.934000e-3,1.65604,2055
3.936000e-3,1.65201,2050
3.938000e-3,1.66249,2063
3.940000e-3,1.65685,2056
3.942000e-3,1.64396,2040
3.944000e-3,1.65524,2054
3.946000e-3,1.65927,2059
3.948000e-3,1.64315,2039
3.950000e-3,1.65443,2053
3.952000e-3,1.65604,2055
3.954000e-3,1.65201,2050
3.956000e-3,1.65282,2051
3.958000e-3,1.66249,2063
3.960000e-3,1.66088,2061
3.962000e-3,1.64879,2046
3.964000e-3,1.65846,2058
3.966000e-3,1.66491,2066
3.968000e-3,1.64718,2044
3.970000e-3,1.65363,2052
3.972000e-3,1.66491,2066
3.974000e-3,1.64879,2046
3.976000e-3,1.65604,2055
3.978000e-3,1.67297,2076
3.980000e-3,1.65766,2057
3.982000e-3,1.65040,2048
3.984000e-3,1.65927,2059
3.986000e-3,1.65685,2056
3.988000e-3,1.64960,2047
3.990000e-3,1.66088,2061
3.992000e-3,1.65685,2056
3.994000e-3,1.64557,2042
3.996000e-3,1.65443,2053
3.998000e-3,1.66007,2060
4.000000e-3,1.65524,2054
4.002000e-3,1.65282,2051
4.004000e-3,1.66571,2067
4.006000e-3,1.65766,2057
4.008000e-3,1.65040,2048
4.010000e-3,1.65201,2050
4.012000e-3,1.65766,2057
4.014000e-3,1.64637,2043
4.016000e-3,1.65363,2052
4.018000e-3,1.65201,2050
4.020000e-3,1.64476,2041
4.022000e-3,1.64960,2047
4.024000e-3,1.66491,2066
4.026000e-3,1.65685,2056
4.028000e-3,1.65121,2049
4.030000e-3,1.66088,2061
4.032000e-3,1.66410,2065
4.034000e-3,1.65040,2048
4.036000e-3,1.64396,2040
4.038000e-3,1.65685,2056
4.040000e-3,1.65040,2048
4.042000e-3,1.65363,2052
4.044000e-3,1.67216,2075
4.046000e-3,1.65524,2054
4.048000e-3,1.65040,2048
4.050000e-3,1.66088,2061
4.052000e-3,1.65685,2056
4.054000e-3,1.64718,2044
4.056000e-3,1.65443,2053
4.058000e-3,1.65927,2059
4.060000e-3,1.64396,2040
4.062000e-3,1.65282,2051
4.064000e-3,1.66088,2061
4.066000e-3,1.65524,2054
4.068000e-3,1.65040,2048
4.070000e-3,1.66330,2064
4.072000e-3,1.65846,2058
4.074000e-3,1.64557,2042
4.076000e-3,1.65604,2055
4.078000e-3,1.67216,2075
4.080000e-3,1.64960,2047
4.082000e-3,1.65282,2051
4.084000e-3,1.66168,2062
4.086000e-3,1.65201,2050
4.088000e-3,1.65040,2048
4.090000e-3,1.66410,2065
4.092000e-3,1.65604,2055
4.094000e-3,1.65201,2050
4.096000e-3,1.66088,2061
4.098000e-3,1.65363,2052
4.100000e-3,1.64557,2042
4.102000e-3,1.64557,2042
4.104000e-3,1.65927,2059
4.106000e-3,1.64315,2039
4.108000e-3,1.65201,2050
4.110000e-3,1.66088,2061
4.112000e-3,1.65282,2051
4.114000e-3,1.65040,2048
4.116000e-3,1.66571,2067
4.118000e-3,1.65121,2049
4.120000e-3,1.65363,2052
4.122000e-3,1.66168,2062
4.124000e-3,1.66088,2061
4.126000e-3,1.65040,2048
4.128000e-3,1.65604,2055
4.130000e-3,1.66168,2062
4.132000e-3,1.64637,2043
4.134000e-3,1.64718,2044
4.136000e-3,1.66733,2069
4.138000e-3,1.64557,2042
4.140000e-3,1.65524,2054
4.142000e-3,1.66733,2069
4.144000e-3,1.65363,2052
4.146000e-3,1.65201,2050
4.148000e-3,1.65927,2059
4.150000e-3,1.65604,2055
4.152000e-3,1.64637,2043
4.154000e-3,1.65604,2055
4.156000e-3,1.65846,2058
4.158000e-3,1.64799,2045
4.160000e-3,1.65685,2056
4.162000e-3,1.65846,2058
4.164000e-3,1.65121,2049
4.166000e-3,1.64960,2047
4.168000e-3,1.66249,2063
4.170000e-3,1.65927,2059
4.172000e-3,1.65685,2056
4.174000e-3,1.65927,2059
4.176000e-3,1.66007,2060
4.178000e-3,1.64557,2042
4.180000e-3,1.65282,2051
4.182000e-3,1.65685,2056
4.184000e-3,1.65524,2054
4.186000e-3,1.65121,2049
4.188000e-3,1.66571,2067
4.190000e-3,1.65201,2050
4.192000e-3,1.64718,2044
4.194000e-3,1.66249,2063
4.196000e-3,1.66168,2062
4.198000e-3,1.64799,2045
4.200000e-3,1.65846,2058
4.202000e-3,1.65685,2056
4.204000e-3,1.65040,2048
4.206000e-3,1.65282,2051
4.208000e-3,1.66733,2069
4.210000e-3,1.65201,2050
4.212000e-3,1.65201,2050
4.214000e-3,1.66491,2066
4.216000e-3,1.65927,2059
4.218000e-3,1.63670,2031
4.220000e-3,1.65604,2055
4.222000e-3,1.65927,2059
4.224000e-3,1.64396,2040
4.226000e-3,1.65040,2048
4.228000e-3,1.66330,2064
4.230000e-3,1.65282,2051
4.232000e-3,1.65040,2048
4.234000e-3,1.66249,2063
4.236000e-3,1.65685,2056
4.238000e-3,1.64637,2043
4.240000e-3,1.65927,2059
4.242000e-3,1.66088,2061
4.244000e-3,1.63832,2033
4.246000e-3,1.65363,2052
4.248000e-3,1.66249,2063
4.250000e-3,1.65282,2051
4.252000e-3,1.64396,2040
4.254000e-3,1.66813,2070
4.256000e-3,1.65282,2051
4.258000e-3,1.65121,2049
4.260000e-3,1.66652,2068
4.262000e-3,1.66007,2060
4.264000e-3,1.65604,2055
4.266000e-3,1.65766,2057
4.268000e-3,1.65282,2051
4.270000e-3,1.64476,2041
4.272000e-3,1.65443,2053
4.274000e-3,1.65524,2054
4.276000e-3,1.64960,2047
4.278000e-3,1.65282,2051
4.280000e-3,1.66330,2064
4.282000e-3,1.65846,2058
4.284000e-3,1.65443,2053
4.286000e-3,1.66491,2066
4.288000e-3,1.65685,2056
4.290000e-3,1.65766,2057
4.292000e-3,1.66410,2065
4.294000e-3,1.66894,2071
4.296000e-3,1.65604,2055
4.298000e-3,1.66491,2066
4.300000e-3,1.66007,2060
4.302000e-3,1.64799,2045
4.304000e-3,1.65443,2053
4.306000e-3,1.66088,2061
4.308000e-3,1.65040,2048
4.310000e-3,1.65282,2051
4.312000e-3,1.66168,2062
4.314000e-3,1.65685,2056
4.316000e-3,1.65201,2050
4.318000e-3,1.66007,2060
4.320000e-3,1.65766,2057
4.322000e-3,1.64396,2040
4.324000e-3,1.65685,2056
4.326000e-3,1.66410,2065
4.328000e-3,1.65040,2048
4.330000e-3,1.65604,2055
4.332000e-3,1.66007,2060
4.334000e-3,1.65282,2051
4.336000e-3,1.65443,2053
4.338000e-3,1.66733,2069
4.340000e-3,1.65846,2058
4.342000e-3,1.64315,2039
4.344000e-3,1.65524,2054
4.346000e-3,1.65685,2056
4.348000e-3,1.64557,2042
4.350000e-3,1.65121,2049
4.352000e-3,1.66330,2064
4.354000e-3,1.65040,2048
4.356000e-3,1.65201,2050
4.358000e-3,1.66410,2065
4.360000e-3,1.65766,2057
4.362000e-3,1.65121,2049
4.364000e-3,1.66088,2061
4.366000e-3,1.65685,2056
4.368000e-3,1.64637,2043
4.370000e-3,1.65604,2055
4.372000e-3,1.65685,2056
4.374000e-3,1.65282,2051
4.376000e-3,1.65121,2049
4.378000e-3,1.66168,2062
4.380000e-3,1.65604,2055
4.382000e-3,1.65040,2048
4.384000e-3,1.65846,2058
4.386000e-3,1.65846,2058
4.388000e-3,1.63590,2030
4.390000e-3,1.65524,2054
4.392000e-3,1.66007,2060
4.394000e-3,1.64879,2046
4.396000e-3,1.65040,2048
4.398000e-3,1.66410,2065
4.400000e-3,1.65121,2049
4.402000e-3,1.65201,2050
4.404000e-3,1.66491,2066
4.406000e-3,1.65766,2057
4.408000e-3,1.65040,2048
4.410000e-3,1.66088,2061
4.412000e-3,1.65363,2052
4.414000e-3,1.64476,2041
4.416000e-3,1.66088,2061
4.418000e-3,1.66007,2060
4.420000e-3,1.65040,2048
4.422000e-3,1.64960,2047
4.424000e-3,1.66491,2066
4.426000e-3,1.65766,2057
4.428000e-3,1.65443,2053
4.430000e-3,1.66088,2061
4.432000e-3,1.66168,2062
4.434000e-3,1.63832,2033
4.436000e-3,1.65604,2055
4.438000e-3,1.65766,2057
4.440000e-3,1.64799,2045
4.442000e-3,1.65040,2048
4.444000e-3,1.66571,2067
4.446000e-3,1.65201,2050
4.448000e-3,1.65121,2049
4.450000e-3,1.66330,2064
4.452000e-3,1.66007,2060
4.454000e-3,1.65040,2048
4.456000e-3,1.65766,2057
4.458000e-3,1.66007,2060
4.460000e-3,1.64637,2043
4.462000e-3,1.65201,2050
4.464000e-3,1.66088,2061
4.466000e-3,1.64960,2047
4.468000e-3,1.65443,2053
4.470000e-3,1.66249,2063
4.472000e-3,1.65363,2052
4.474000e-3,1.65443,2053
4.476000e-3,1.66491,2066
4.478000e-3,1.65927,2059
4.480000e-3,1.65121,2049
4.482000e-3,1.65927,2059
4.484000e-3,1.65524,2054
4.486000e-3,1.64476,2041
4.488000e-3,1.65846,2058
4.490000e-3,1.65846,2058
4.492000e-3,1.64718,2044
4.494000e-3,1.65604,2055
4.496000e-3,1.65927,2059
4.498000e-3,1.65201,2050
4.500000e-3,1.65927,2059
4.502000e-3,1.66894,2071
4.504000e-3,1.65927,2059
4.506000e-3,1.65766,2057
4.508000e-3,1.66088,2061
4.510000e-3,1.65846,2058
4.512000e-3,1.64315,2039
4.514000e-3,1.65604,2055
4.516000e-3,1.65766,2057
4.518000e-3,1.64718,2044
4.520000e-3,1.65363,2052
4.522000e-3,1.66733,2069
4.524000e-3,1.65443,2053
4.526000e-3,1.65040,2048
4.528000e-3,1.66330,2064
4.530000e-3,1.65282,2051
4.532000e-3,1.65282,2051
4.534000e-3,1.65685,2056
4.536000e-3,1.65846,2058
4.538000e-3,1.64396,2040
4.540000e-3,1.65040,2048
4.542000e-3,1.65685,2056
4.544000e-3,1.64960,2047
4.546000e-3,1.64637,2043
4.548000e-3,1.66733,2069
4.550000e-3,1.65524,2054
4.552000e-3,1.65443,2053
4.554000e-3,1.65524,2054
4.556000e-3,1.65685,2056
4.558000e-3,1.64960,2047
4.560000e-3,1.65846,2058
4.562000e-3,1.65685,2056
4.564000e-3,1.64960,2047
4.566000e-3,1.65363,2052
4.568000e-3,1.66007,2060
4.570000e-3,1.65443,2053
4.572000e-3,1.65121,2049
4.574000e-3,1.66168,2062
4.576000e-3,1.65685,2056
4.578000e-3,1.64315,2039
4.580000e-3,1.66330,2064
4.582000e-3,1.65685,2056
4.584000e-3,1.65040,2048
4.586000e-3,1.65443,2053
4.588000e-3,1.66974,2072
4.590000e-3,1.65766,2057
4.592000e-3,1.65282,2051
4.594000e-3,1.66491,2066
4.596000e-3,1.66330,2064
4.598000e-3,1.65282,2051
4.600000e-3,1.66249,2063
4.602000e-3,1.65846,2058
4.604000e-3,1.64476,2041
4.606000e-3,1.65604,2055
4.608000e-3,1.65846,2058
4.610000e-3,1.65040,2048
4.612000e-3,1.65282,2051
4.614000e-3,1.66652,2068
4.616000e-3,1.65363,2052
4.618000e-3,1.64718,2044
4.620000e-3,1.65604,2055
4.622000e-3,1.65846,2058
4.624000e-3,1.65363,2052
4.626000e-3,1.66491,2066
4.628000e-3,1.66007,2060
4.630000e-3,1.64234,2038
4.632000e-3,1.65524,2054
4.634000e-3,1.66007,2060
4.636000e-3,1.64960,2047
4.638000e-3,1.64879,2046
4.640000e-3,1.66571,2067
4.642000e-3,1.66007,2060
4.644000e-3,1.65201,2050
4.646000e-3,1.66491,2066
4.648000e-3,1.66007,2060
4.650000e-3,1.64234,2038
4.652000e-3,1.65685,2056
4.654000e-3,1.65524,2054
4.656000e-3,1.63912,2034
4.658000e-3,1.65443,2053
4.660000e-3,1.65766,2057
4.662000e-3,1.65282,2051
4.664000e-3,1.65040,2048
4.666000e-3,1.66652,2068
4.668000e-3,1.65685,2056
4.670000e-3,1.65443,2053
4.672000e-3,1.65846,2058
4.674000e-3,1.66007,2060
4.676000e-3,1.64557,2042
4.678000e-3,1.65524,2054
4.680000e-3,1.65766,2057
4.682000e-3,1.65121,2049
4.684000e-3,1.65282,2051
4.686000e-3,1.66652,2068
4.688000e-3,1.65363,2052
4.690000e-3,1.65282,2051
4.692000e-3,1.66652,2068
4.694000e-3,1.65685,2056
4.696000e-3,1.64879,2046
4.698000e-3,1.65685,2056
4.700000e-3,1.65846,2058
4.702000e-3,1.63751,2032
4.704000e-3,1.65685,2056
4.706000e-3,1.65766,2057
4.708000e-3,1.65040,2048
4.710000e-3,1.65040,2048
4.712000e-3,1.66894,2071
4.714000e-3,1.65201,2050
4.716000e-3,1.65363,2052
4.718000e-3,1.67216,2075
4.720000e-3,1.65766,2057
4.722000e-3,1.64879,2046
4.724000e-3,1.65282,2051
4.726000e-3,1.66088,2061
4.728000e-3,1.64476,2041
4.730000e-3,1.65846,2058
4.732000e-3,1.65846,2058
4.734000e-3,1.65040,2048
4.736000e-3,1.65040,2048
4.738000e-3,1.66813,2070
4.740000e-3,1.65363,2052
4.742000e-3,1.65121,2049
4.744000e-3,1.66007,2060
4.746000e-3,1.65927,2059
4.748000e-3,1.64476,2041
4.750000e-3,1.65685,2056
4.752000e-3,1.66088,2061
4.754000e-3,1.64960,2047
4.756000e-3,1.65443,2053
4.758000e-3,1.66410,2065
4.760000e-3,1.65443,2053
4.762000e-3,1.65121,2049
4.764000e-3,1.66974,2072
4.766000e-3,1.66168,2062
4.768000e-3,1.65201,2050
4.770000e-3,1.65685,2056
4.772000e-3,1.65685,2056
4.774000e-3,1.64154,2037
4.776000e-3,1.65524,2054
4.778000e-3,1.65685,2056
4.780000e-3,1.64799,2045
4.782000e-3,1.65201,2050
4.784000e-3,1.65846,2058
4.786000e-3,1.64396,2040
4.788000e-3,1.65443,2053
4.790000e-3,1.66652,2068
4.792000e-3,1.65524,2054
4.794000e-3,1.64960,2047
4.796000e-3,1.65846,2058
4.798000e-3,1.65685,2056
4.800000e-3,1.65604,2055
4.802000e-3,1.65363,2052
4.804000e-3,1.66007,2060
4.806000e-3,1.65040,2048
4.808000e-3,1.66007,2060
4.810000e-3,1.65685,2056
4.812000e-3,1.64476,2041
4.814000e-3,1.65524,2054
4.816000e-3,1.66491,2066
4.818000e-3,1.65282,2051
4.820000e-3,1.64879,2046
4.822000e-3,1.66733,2069
4.824000e-3,1.65846,2058
4.826000e-3,1.65121,2049
4.828000e-3,1.65524,2054
4.830000e-3,1.66088,2061
4.832000e-3,1.64476,2041
4.834000e-3,1.65685,2056
4.836000e-3,1.65685,2056
4.838000e-3,1.64960,2047
4.840000e-3,1.65524,2054
4.842000e-3,1.66410,2065
4.844000e-3,1.65443,2053
4.846000e-3,1.65443,2053
4.848000e-3,1.66007,2060
4.850000e-3,1.65766,2057
4.852000e-3,1.64476,2041
4.854000e-3,1.65685,2056
4.856000e-3,1.66491,2066
4.858000e-3,1.64879,2046
4.860000e-3,1.65363,2052
4.862000e-3,1.66491,2066
4.864000e-3,1.65363,2052
4.866000e-3,1.65121,2049
4.868000e-3,1.66491,2066
4.870000e-3,1.65363,2052
4.872000e-3,1.65201,2050
4.874000e-3,1.65766,2057
4.876000e-3,1.65766,2057
4.878000e-3,1.64396,2040
4.880000e-3,1.65927,2059
4.882000e-3,1.66007,2060
4.884000e-3,1.64799,2045
4.886000e-3,1.65282,2051
4.888000e-3,1.65927,2059
4.890000e-3,1.65201,2050
4.892000e-3,1.65282,2051
4.894000e-3,1.66894,2071
4.896000e-3,1.65685,2056
4.898000e-3,1.65121,2049
4.900000e-3,1.66007,2060
4.902000e-3,1.65927,2059
4.904000e-3,1.64234,2038
4.906000e-3,1.65121,2049
4.908000e-3,1.66410,2065
4.910000e-3,1.65040,2048
4.912000e-3,1.65040,2048
4.914000e-3,1.66652,2068
4.916000e-3,1.65443,2053
4.918000e-3,1.65363,2052
4.920000e-3,1.66330,2064
4.922000e-3,1.66168,2062
4.924000e-3,1.64396,2040
4.926000e-3,1.65685,2056
4.928000e-3,1.65604,2055
4.930000e-3,1.65201,2050
4.932000e-3,1.64879,2046
4.934000e-3,1.66571,2067
4.936000e-3,1.66088,2061
4.938000e-3,1.65282,2051
4.940000e-3,1.65766,2057
4.942000e-3,1.65846,2058
4.944000e-3,1.64396,2040
4.946000e-3,1.65363,2052
4.948000e-3,1.65685,2056
4.950000e-3,1.64879,2046
4.952000e-3,1.65040,2048
4.954000e-3,1.66410,2065
4.956000e-3,1.65604,2055
4.958000e-3,1.65040,2048
4.960000e-3,1.66410,2065
4.962000e-3,1.65927,2059
4.964000e-3,1.64799,2045
4.966000e-3,1.64799,2045
4.968000e-3,1.66007,2060
4.970000e-3,1.64960,2047
4.972000e-3,1.65524,2054
4.974000e-3,1.65766,2057
4.976000e-3,1.65282,2051
4.978000e-3,1.64557,2042
4.980000e-3,1.66410,2065
4.982000e-3,1.65604,2055
4.984000e-3,1.65363,2052
4.986000e-3,1.65685,2056
4.988000e-3,1.65927,2059
4.990000e-3,1.64557,2042
4.992000e-3,1.65040,2048
4.994000e-3,1.66571,2067
4.996000e-3,1.65363,2052
4.998000e-3,1.64799,2045
5.000000e-3,1.66330,2064
5.002000e-3,1.65766,2057
5.004000e-3,1.65040,2048
5.006000e-3,1.66168,2062
5.008000e-3,1.65685,2056
5.010000e-3,1.65201,2050
5.012000e-3,1.65846,2058
5.014000e-3,1.65846,2058
5.016000e-3,1.64396,2040
5.018000e-3,1.65282,2051
5.020000e-3,1.66894,2071
5.022000e-3,1.65604,2055
5.024000e-3,1.65282,2051
5.026000e-3,1.66330,2064
5.028000e-3,1.65927,2059
5.030000e-3,1.64396,2040
5.032000e-3,1.65524,2054
5.034000e-3,1.65040,2048
5.036000e-3,1.65363,2052
5.038000e-3,1.65282,2051
5.040000e-3,1.66813,2070
5.042000e-3,1.65685,2056
5.044000e-3,1.65443,2053
5.046000e-3,1.66168,2062
5.048000e-3,1.65282,2051
5.050000e-3,1.64396,2040
5.052000e-3,1.65766,2057
5.054000e-3,1.65685,2056
5.056000e-3,1.65201,2050
5.058000e-3,1.65040,2048
5.060000e-3,1.66813,2070
5.062000e-3,1.65282,2051
5.064000e-3,1.65201,2050
5.066000e-3,1.66168,2062
5.068000e-3,1.65524,2054
5.070000e-3,1.64799,2045
5.072000e-3,1.65685,2056
5.074000e-3,1.65766,2057
5.076000e-3,1.64557,2042
5.078000e-3,1.66007,2060
5.080000e-3,1.65927,2059
5.082000e-3,1.65040,2048
5.084000e-3,1.65685,2056
5.086000e-3,1.66652,2068
5.088000e-3,1.65282,2051
5.090000e-3,1.65282,2051
5.092000e-3,1.66168,2062
5.094000e-3,1.65927,2059
5.096000e-3,1.65201,2050
5.098000e-3,1.65927,2059
5.100000e-3,1.65443,2053
5.102000e-3,1.65363,2052
5.104000e-3,1.65363,2052
5.106000e-3,1.66249,2063
5.108000e-3,1.64799,2045
5.110000e-3,1.65766,2057
5.112000e-3,1.66330,2064
5.114000e-3,1.65685,2056
5.116000e-3,1.65201,2050
5.118000e-3,1.65846,2058
5.120000e-3,1.66007,2060
5.122000e-3,1.64476,2041
5.124000e-3,1.65040,2048
5.126000e-3,1.66330,2064
5.128000e-3,1.65040,2048
5.130000e-3,1.65201,2050
5.132000e-3,1.66733,2069
5.134000e-3,1.65282,2051
5.136000e-3,1.65685,2056
5.138000e-3,1.66168,2062
5.140000e-3,1.66491,2066
5.142000e-3,1.65040,2048
5.144000e-3,1.65927,2059
5.146000e-3,1.65524,2054
5.148000e-3,1.63509,2029
5.150000e-3,1.65685,2056
5.152000e-3,1.65766,2057
5.154000e-3,1.64557,2042
5.156000e-3,1.65604,2055
5.158000e-3,1.65846,2058
5.160000e-3,1.65282,2051
5.162000e-3,1.66007,2060
5.164000e-3,1.66974,2072
5.166000e-3,1.65524,2054
5.168000e-3,1.65121,2049
5.170000e-3,1.66007,2060
5.172000e-3,1.66168,2062
5.174000e-3,1.64234,2038
5.176000e-3,1.65685,2056
5.178000e-3,1.65927,2059
5.180000e-3,1.64557,2042
5.182000e-3,1.65282,2051
5.184000e-3,1.65363,2052
5.186000e-3,1.64637,2043
5.188000e-3,1.65201,2050
5.190000e-3,1.66652,2068
5.192000e-3,1.65363,2052
5.194000e-3,1.65040,2048
5.196000e-3,1.66088,2061
5.198000e-3,1.66007,2060
5.200000e-3,1.65040,2048
5.202000e-3,1.65846,2058
5.204000e-3,1.65927,2059
5.206000e-3,1.64315,2039
5.208000e-3,1.65443,2053
5.210000e-3,1.66007,2060
5.212000e-3,1.65201,2050
5.214000e-3,1.65443,2053
5.216000e-3,1.66652,2068
5.218000e-3,1.65927,2059
5.220000e-3,1.65201,2050
5.222000e-3,1.66410,2065
5.224000e-3,1.66007,2060
5.226000e-3,1.64557,2042
5.228000e-3,1.65524,2054
5.230000e-3,1.65927,2059
5.232000e-3,1.64476,2041
5.234000e-3,1.65443,2053
5.236000e-3,1.65685,2056
5.238000e-3,1.65282,2051
5.240000e-3,1.65363,2052
5.242000e-3,1.66571,2067
5.244000e-3,1.65363,2052
5.246000e-3,1.65121,2049
5.248000e-3,1.66168,2062
5.250000e-3,1.65766,2057
5.252000e-3,1.65040,2048
5.254000e-3,1.65685,2056
5.256000e-3,1.65766,2057
5.258000e-3,1.64476,2041
5.260000e-3,1.65282,2051
5.262000e-3,1.66410,2065
5.264000e-3,1.65443,2053
5.266000e-3,1.65282,2051
5.268000e-3,1.66410,2065
5.270000e-3,1.65766,2057
5.272000e-3,1.65282,2051
5.274000e-3,1.65766,2057
5.276000e-3,1.65927,2059
5.278000e-3,1.64718,2044
5.280000e-3,1.65443,2053
5.282000e-3,1.66330,2064
5.284000e-3,1.65363,2052
5.286000e-3,1.65040,2048
5.288000e-3,1.66410,2065
5.290000e-3,1.65685,2056
5.292000e-3,1.64799,2045
5.294000e-3,1.65363,2052
5.296000e-3,1.65846,2058
5.298000e-3,1.64637,2043
5.300000e-3,1.65363,2052
5.302000e-3,1.66007,2060
5.304000e-3,1.65282,2051
5.306000e-3,1.65040,2048
5.308000e-3,1.66733,2069
5.310000e-3,1.65524,2054
5.312000e-3,1.64396,2040
5.314000e-3,1.66007,2060
5.316000e-3,1.65927,2059
5.318000e-3,1.64396,2040
5.320000e-3,1.65443,2053
5.322000e-3,1.65363,2052
5.324000e-3,1.64154,2037
5.326000e-3,1.65282,2051
5.328000e-3,1.66168,2062
5.330000e-3,1.65604,2055
5.332000e-3,1.65282,2051
5.334000e-3,1.66249,2063
5.336000e-3,1.66007,2060
5.338000e-3,1.64234,2038
5.340000e-3,1.65685,2056
5.342000e-3,1.66088,2061
5.344000e-3,1.64718,2044
5.346000e-3,1.65282,2051
5.348000e-3,1.66652,2068
5.350000e-3,1.65524,2054
5.352000e-3,1.65040,2048
5.354000e-3,1.66088,2061
5.356000e-3,1.65685,2056
5.358000e-3,1.64557,2042
5.360000e-3,1.65685,2056
5.362000e-3,1.65846,2058
5.364000e-3,1.65040,2048
5.366000e-3,1.64315,2039
5.368000e-3,1.66652,2068
5.370000e-3,1.64879,2046
5.372000e-3,1.65363,2052
5.374000e-3,1.66168,2062
5.376000e-3,1.65846,2058
5.378000e-3,1.64476,2041
5.380000e-3,1.65524,2054
5.382000e-3,1.65927,2059
5.384000e-3,1.64557,2042
5.386000e-3,1.64637,2043
5.388000e-3,1.66733,2069
5.390000e-3,1.65685,2056
5.392000e-3,1.64637,2043
5.394000e-3,1.66007,2060
5.396000e-3,1.66088,2061
5.398000e-3,1.64396,2040
5.400000e-3,1.65766,2057
5.402000e-3,1.65685,2056
5.404000e-3,1.64879,2046
5.406000e-3,1.65201,2050
5.408000e-3,1.65927,2059
5.410000e-3,1.65040,2048
5.412000e-3,1.65201,2050
5.414000e-3,1.66974,2072
5.416000e-3,1.65846,2058
5.418000e-3,1.65040,2048
5.420000e-3,1.65846,2058
5.422000e-3,1.65685,2056
5.424000e-3,1.64476,2041
5.426000e-3,1.65201,2050
5.428000e-3,1.65766,2057
5.430000e-3,1.65201,2050
5.432000e-3,1.65121,2049
5.434000e-3,1.66652,2068
5.436000e-3,1.65685,2056
5.438000e-3,1.65363,2052
5.440000e-3,1.65846,2058
5.442000e-3,1.65927,2059
5.444000e-3,1.64234,2038
5.446000e-3,1.65685,2056
5.448000e-3,1.65846,2058
5.450000e-3,1.64960,2047
5.452000e-3,1.65363,2052
5.454000e-3,1.66491,2066
5.456000e-3,1.65040,2048
5.458000e-3,1.65363,2052
5.460000e-3,1.66088,2061
5.462000e-3,1.65927,2059
5.464000e-3,1.64154,2037
5.466000e-3,1.65685,2056
5.468000e-3,1.65524,2054
5.470000e-3,1.64557,2042
5.472000e-3,1.65040,2048
5.474000e-3,1.66733,2069
5.476000e-3,1.65201,2050
5.478000e-3,1.65201,2050
5.480000e-3,1.66330,2064
5.482000e-3,1.65524,2054
5.484000e-3,1.65121,2049
5.486000e-3,1.65524,2054
5.488000e-3,1.65927,2059
5.490000e-3,1.63751,2032
5.492000e-3,1.65524,2054
5.494000e-3,1.65766,2057
5.496000e-3,1.64960,2047
5.498000e-3,1.65282,2051
5.500000e-3,1.66894,2071
5.502000e-3,1.65282,2051
5.504000e-3,1.65604,2055
5.506000e-3,1.66410,2065
5.508000e-3,1.65604,2055
5.510000e-3,1.65040,2048
5.512000e-3,1.66007,2060
5.514000e-3,1.65201,2050
5.516000e-3,1.64557,2042
5.518000e-3,1.65201,2050
5.520000e-3,1.66491,2066
5.522000e-3,1.65363,2052
5.524000e-3,1.64557,2042
5.526000e-3,1.66571,2067
5.528000e-3,1.65766,2057
5.530000e-3,1.65121,2049
5.532000e-3,1.65927,2059
5.534000e-3,1.65766,2057
5.536000e-3,1.64557,2042
5.538000e-3,1.65201,2050
5.540000e-3,1.65927,2059
5.542000e-3,1.65443,2053
5.544000e-3,1.64718,2044
5.546000e-3,1.66652,2068
5.548000e-3,1.65766,2057
5.550000e-3,1.64960,2047
5.552000e-3,1.66007,2060
5.554000e-3,1.65927,2059
5.556000e-3,1.64315,2039
5.558000e-3,1.65443,2053
5.560000e-3,1.66007,2060
5.562000e-3,1.64879,2046
5.564000e-3,1.65363,2052
5.566000e-3,1.66733,2069
5.568000e-3,1.65604,2055
5.570000e-3,1.64879,2046
5.572000e-3,1.66330,2064
5.574000e-3,1.65927,2059
5.576000e-3,1.65040,2048
5.578000e-3,1.65846,2058
5.580000e-3,1.65846,2058
5.582000e-3,1.64557,2042
5.584000e-3,1.65201,2050
5.586000e-3,1.65604,2055
5.588000e-3,1.65040,2048
5.590000e-3,1.65524,2054
5.592000e-3,1.66410,2065
5.594000e-3,1.65282,2051
5.596000e-3,1.65121,2049
5.598000e-3,1.66168,2062
5.600000e-3,1.64154,2037
5.602000e-3,1.64396,2040
5.604000e-3,1.65846,2058
5.606000e-3,1.65766,2057
5.608000e-3,1.64476,2041
5.610000e-3,1.65363,2052
5.612000e-3,1.65685,2056
5.614000e-3,1.65201,2050
5.616000e-3,1.65282,2051
5.618000e-3,1.66652,2068
5.620000e-3,1.65766,2057
5.622000e-3,1.65121,2049
5.624000e-3,1.66249,2063
5.626000e-3,1.65766,2057
5.628000e-3,1.64476,2041
5.630000e-3,1.65846,2058
5.632000e-3,1.65927,2059
5.634000e-3,1.64637,2043
5.636000e-3,1.65524,2054
5.638000e-3,1.66652,2068
5.640000e-3,1.65524,2054
5.642000e-3,1.64234,2038
5.644000e-3,1.66330,2064
5.646000e-3,1.65524,2054
5.648000e-3,1.64879,2046
5.650000e-3,1.65443,2053
5.652000e-3,1.65201,2050
5.654000e-3,1.64234,2038
5.656000e-3,1.65363,2052
5.658000e-3,1.65927,2059
5.660000e-3,1.65282,2051
5.662000e-3,1.65282,2051
5.664000e-3,1.66733,2069
5.666000e-3,1.65443,2053
5.668000e-3,1.65282,2051
5.670000e-3,1.66410,2065
5.672000e-3,1.65524,2054
5.674000e-3,1.64637,2043
5.676000e-3,1.65766,2057
5.678000e-3,1.65927,2059
5.680000e-3,1.64637,2043
5.682000e-3,1.65363,2052
5.684000e-3,1.66249,2063
5.686000e-3,1.64960,2047
5.688000e-3,1.65040,2048
5.690000e-3,1.66974,2072
5.692000e-3,1.65524,2054
5.694000e-3,1.65363,2052
5.696000e-3,1.65846,2058
5.698000e-3,1.66088,2061
5.700000e-3,1.64315,2039
5.702000e-3,1.65443,2053
5.704000e-3,1.65685,2056
5.706000e-3,1.64799,2045
5.708000e-3,1.65363,2052
5.710000e-3,1.66571,2067
5.712000e-3,1.65201,2050
5.714000e-3,1.65040,2048
5.716000e-3,1.66330,2064
5.718000e-3,1.65443,2053
5.720000e-3,1.65282,2051
5.722000e-3,1.66007,2060
5.724000e-3,1.65685,2056
5.726000e-3,1.65040,2048
5.728000e-3,1.65685,2056
5.730000e-3,1.66007,2060
5.732000e-3,1.64637,2043
5.734000e-3,1.66410,2065
5.736000e-3,1.66007,2060
5.738000e-3,1.65121,2049
5.740000e-3,1.65604,2055
5.742000e-3,1.66733,2069
5.744000e-3,1.65604,2055
5.746000e-3,1.65363,2052
5.748000e-3,1.66168,2062
5.750000e-3,1.65685,2056
5.752000e-3,1.64637,2043
5.754000e-3,1.65201,2050
5.756000e-3,1.66007,2060
5.758000e-3,1.64396,2040
5.760000e-3,1.65363,2052
5.762000e-3,1.66330,2064
5.764000e-3,1.65443,2053
5.766000e-3,1.65040,2048
5.768000e-3,1.66410,2065
5.770000e-3,1.65524,2054
5.772000e-3,1.65201,2050
5.774000e-3,1.65927,2059
5.776000e-3,1.66410,2065
5.778000e-3,1.64476,2041
5.780000e-3,1.65604,2055
5.782000e-3,1.65766,2057
5.784000e-3,1.65040,2048
5.786000e-3,1.65604,2055
5.788000e-3,1.66168,2062
5.790000e-3,1.65524,2054
5.792000e-3,1.65363,2052
5.794000e-3,1.66652,2068
5.796000e-3,1.65766,2057
5.798000e-3,1.64960,2047
5.800000e-3,1.65766,2057
5.802000e-3,1.65927,2059
5.804000e-3,1.64557,2042
5.806000e-3,1.65443,2053
5.808000e-3,1.65766,2057
5.810000e-3,1.65201,2050
5.812000e-3,1.65121,2049
5.814000e-3,1.66652,2068
5.816000e-3,1.65282,2051
5.818000e-3,1.65040,2048
5.820000e-3,1.66007,2060
5.822000e-3,1.65927,2059
5.824000e-3,1.64234,2038
5.826000e-3,1.65443,2053
5.828000e-3,1.65927,2059
5.830000e-3,1.64234,2038
5.832000e-3,1.64476,2041
5.834000e-3,1.66571,2067
5.836000e-3,1.65685,2056
5.838000e-3,1.65201,2050
5.840000e-3,1.66168,2062
5.842000e-3,1.65766,2057
5.844000e-3,1.64799,2045
5.846000e-3,1.66088,2061
5.848000e-3,1.66007,2060
5.850000e-3,1.63993,2035
5.852000e-3,1.65443,2053
5.854000e-3,1.66007,2060
5.856000e-3,1.63993,2035
5.858000e-3,1.65443,2053
5.860000e-3,1.66410,2065
5.862000e-3,1.65363,2052
5.864000e-3,1.65201,2050
5.866000e-3,1.66652,2068
5.868000e-3,1.65524,2054
5.870000e-3,1.65363,2052
5.872000e-3,1.65766,2057
5.874000e-3,1.65685,2056
5.876000e-3,1.64073,2036
5.878000e-3,1.66491,2066
5.880000e-3,1.65766,2057
5.882000e-3,1.64557,2042
5.884000e-3,1.65201,2050
5.886000e-3,1.66168,2062
5.888000e-3,1.65443,2053
5.890000e-3,1.65040,2048
5.892000e-3,1.66330,2064
5.894000e-3,1.65685,2056
5.896000e-3,1.64960,2047
5.898000e-3,1.65927,2059
5.900000e-3,1.65927,2059
5.902000e-3,1.64557,2042
5.904000e-3,1.64960,2047
5.906000e-3,1.66168,2062
5.908000e-3,1.64718,2044
5.910000e-3,1.65282,2051
5.912000e-3,1.66410,2065
5.914000e-3,1.65846,2058
5.916000e-3,1.64799,2045
5.918000e-3,1.66088,2061
5.920000e-3,1.66491,2066
5.922000e-3,1.64557,2042
5.924000e-3,1.65363,2052
5.926000e-3,1.65927,2059
5.928000e-3,1.64879,2046
5.930000e-3,1.65363,2052
5.932000e-3,1.66491,2066
5.934000e-3,1.65121,2049
5.936000e-3,1.65040,2048
5.938000e-3,1.66410,2065
5.940000e-3,1.65604,2055
5.942000e-3,1.64799,2045
5.944000e-3,1.65766,2057
5.946000e-3,1.65604,2055
5.948000e-3,1.64315,2039
5.950000e-3,1.65121,2049
5.952000e-3,1.65766,2057
5.954000e-3,1.65282,2051
5.956000e-3,1.65282,2051
5.958000e-3,1.66652,2068
5.960000e-3,1.65282,2051
5.962000e-3,1.65282,2051
5.964000e-3,1.66571,2067
5.966000e-3,1.65766,2057
5.968000e-3,1.64718,2044
5.970000e-3,1.65524,2054
5.972000e-3,1.65846,2058
5.974000e-3,1.64718,2044
5.976000e-3,1.65443,2053
5.978000e-3,1.65685,2056
5.980000e-3,1.65282,2051
5.982000e-3,1.65201,2050
5.984000e-3,1.66491,2066
5.986000e-3,1.65766,2057
5.988000e-3,1.65685,2056
5.990000e-3,1.66088,2061
5.992000e-3,1.66249,2063
5.994000e-3,1.63993,2035
5.996000e-3,1.65766,2057
5.998000e-3,1.65363,2052
6.000000e-3,1.65524,2054
6.002000e-3,1.65201,2050
6.004000e-3,1.66168,2062
6.006000e-3,1.66007,2060
6.008000e-3,1.65524,2054
6.010000e-3,1.66571,2067
6.012000e-3,1.65685,2056
6.014000e-3,1.65040,2048
6.016000e-3,1.65927,2059
6.018000e-3,1.65766,2057
6.020000e-3,1.64637,2043
6.022000e-3,1.65201,2050
6.024000e-3,1.65846,2058
6.026000e-3,1.64557,2042
6.028000e-3,1.65766,2057
6.030000e-3,1.66088,2061
6.032000e-3,1.65282,2051
6.034000e-3,1.64960,2047
6.036000e-3,1.66652,2068
6.038000e-3,1.65685,2056
6.040000e-3,1.65685,2056
6.042000e-3,1.65685,2056
6.044000e-3,1.66007,2060
6.046000e-3,1.64637,2043
6.048000e-3,1.65443,2053
6.050000e-3,1.66249,2063
6.052000e-3,1.64557,2042
6.054000e-3,1.65363,2052
6.056000e-3,1.66652,2068
6.058000e-3,1.65282,2051
6.060000e-3,1.65201,2050
6.062000e-3,1.66813,2070
6.064000e-3,1.65685,2056
6.066000e-3,1.65443,2053
6.068000e-3,1.65927,2059
6.070000e-3,1.66007,2060
6.072000e-3,1.64557,2042
6.074000e-3,1.66894,2071
6.076000e-3,1.65685,2056
6.078000e-3,1.64637,2043
6.080000e-3,1.65363,2052
6.082000e-3,1.66168,2062
6.084000e-3,1.65040,2048
6.086000e-3,1.64879,2046
6.088000e-3,1.66330,2064
6.090000e-3,1.66168,2062
6.092000e-3,1.65040,2048
6.094000e-3,1.65766,2057
6.096000e-3,1.65040,2048
6.098000e-3,1.64799,2045
6.100000e-3,1.65524,2054
6.102000e-3,1.65927,2059
6.104000e-3,1.65121,2049
6.106000e-3,1.64637,2043
6.108000e-3,1.66894,2071
6.110000e-3,1.65685,2056
6.112000e-3,1.65604,2055
6.114000e-3,1.66168,2062
6.116000e-3,1.65927,2059
6.118000e-3,1.65604,2055
6.120000e-3,1.66249,2063
6.122000e-3,1.65604,2055
6.124000e-3,1.64637,2043
6.126000e-3,1.65685,2056
6.128000e-3,1.65927,2059
6.130000e-3,1.64637,2043
6.132000e-3,1.65201,2050
6.134000e-3,1.65524,2054
6.136000e-3,1.65201,2050
6.138000e-3,1.65040,2048
6.140000e-3,1.66571,2067
6.142000e-3,1.65040,2048
6.144000e-3,1.65282,2051
6.146000e-3,1.66249,2063
6.148000e-3,1.65685,2056
6.150000e-3,1.65685,2056
6.152000e-3,1.66491,2066
6.154000e-3,1.65846,2058
6.156000e-3,1.64718,2044
6.158000e-3,1.65524,2054
6.160000e-3,1.65443,2053
6.162000e-3,1.65363,2052
6.164000e-3,1.64073,2036
6.166000e-3,1.67055,2073
6.168000e-3,1.65685,2056
6.170000e-3,1.65443,2053
6.172000e-3,1.66007,2060
6.174000e-3,1.66007,2060
6.176000e-3,1.63832,2033
6.178000e-3,1.65524,2054
6.180000e-3,1.66007,2060
6.182000e-3,1.64718,2044
6.184000e-3,1.65685,2056
6.186000e-3,1.66168,2062
6.188000e-3,1.65363,2052
6.190000e-3,1.64637,2043
6.192000e-3,1.66652,2068
6.194000e-3,1.65363,2052
6.196000e-3,1.65040,2048
6.198000e-3,1.66330,2064
6.200000e-3,1.65604,2055
6.202000e-3,1.65685,2056
6.204000e-3,1.66088,2061
6.206000e-3,1.64879,2046
6.208000e-3,1.63993,2035
6.210000e-3,1.65121,2049
6.212000e-3,1.65927,2059
6.214000e-3,1.64960,2047
6.216000e-3,1.65282,2051
6.218000e-3,1.66894,2071
6.220000e-3,1.65524,2054
6.222000e-3,1.65282,2051
6.224000e-3,1.66410,2065
6.226000e-3,1.65443,2053
6.228000e-3,1.65524,2054
6.230000e-3,1.66088,2061
6.232000e-3,1.66088,2061
6.234000e-3,1.64476,2041
6.236000e-3,1.65846,2058
6.238000e-3,1.65846,2058
6.240000e-3,1.65121,2049
6.242000e-3,1.65685,2056
6.244000e-3,1.66894,2071
6.246000e-3,1.65282,2051
6.248000e-3,1.65443,2053
6.250000e-3,1.66410,2065
6.252000e-3,1.65846,2058
6.254000e-3,1.65040,2048
6.256000e-3,1.65927,2059
6.258000e-3,1.65685,2056
6.260000e-3,1.64234,2038
6.262000e-3,1.65121,2049
6.264000e-3,1.65846,2058
6.266000e-3,1.64799,2045
6.268000e-3,1.65363,2052
6.270000e-3,1.66491,2066
6.272000e-3,1.65524,2054
6.274000e-3,1.65846,2058
6.276000e-3,1.66249,2063
6.278000e-3,1.65846,2058
6.280000e-3,1.65121,2049
6.282000e-3,1.66088,2061
6.284000e-3,1.65846,2058
6.286000e-3,1.64476,2041
6.288000e-3,1.65363,2052
6.290000e-3,1.66088,2061
6.292000e-3,1.64557,2042
6.294000e-3,1.65846,2058
6.296000e-3,1.66733,2069
6.298000e-3,1.65604,2055
6.300000e-3,1.65121,2049
6.302000e-3,1.66330,2064
6.304000e-3,1.65685,2056
6.306000e-3,1.64960,2047
6.308000e-3,1.66007,2060
6.310000e-3,1.66007,2060
6.312000e-3,1.64718,2044
6.314000e-3,1.65201,2050
6.316000e-3,1.66088,2061
6.318000e-3,1.64879,2046
6.320000e-3,1.65121,2049
6.322000e-3,1.66249,2063
6.324000e-3,1.65443,2053
6.326000e-3,1.65201,2050
6.328000e-3,1.66088,2061
6.330000e-3,1.65685,2056
6.332000e-3,1.65443,2053
6.334000e-3,1.65282,2051
6.336000e-3,1.65766,2057
6.338000e-3,1.64476,2041
6.340000e-3,1.65121,2049
6.342000e-3,1.66491,2066
6.344000e-3,1.64960,2047
6.346000e-3,1.65363,2052
6.348000e-3,1.66813,2070
6.350000e-3,1.65443,2053
6.352000e-3,1.66088,2061
6.354000e-3,1.65927,2059
6.356000e-3,1.66007,2060
6.358000e-3,1.64396,2040
6.360000e-3,1.65766,2057
6.362000e-3,1.65766,2057
6.364000e-3,1.64879,2046
6.366000e-3,1.65201,2050
6.368000e-3,1.65766,2057
6.370000e-3,1.64557,2042
6.372000e-3,1.65121,2049
6.374000e-3,1.66491,2066
6.376000e-3,1.65121,2049
6.378000e-3,1.65121,2049
6.380000e-3,1.66168,2062
6.382000e-3,1.64073,2036
6.384000e-3,1.64396,2040
6.386000e-3,1.65685,2056
6.388000e-3,1.66410,2065
6.390000e-3,1.65040,2048
6.392000e-3,1.65201,2050
6.394000e-3,1.66652,2068
6.396000e-3,1.65443,2053
6.398000e-3,1.65363,2052
6.400000e-3,1.66168,2062
6.402000e-3,1.65846,2058
6.404000e-3,1.65363,2052
6.406000e-3,1.65927,2059
6.408000e-3,1.66007,2060
6.410000e-3,1.64637,2043
6.412000e-3,1.65363,2052
6.414000e-3,1.65846,2058
6.416000e-3,1.65121,2049
6.418000e-3,1.65363,2052
6.420000e-3,1.66491,2066
6.422000e-3,1.65685,2056
6.424000e-3,1.65040,2048
6.426000e-3,1.66168,2062
6.428000e-3,1.65685,2056
6.430000e-3,1.64234,2038
6.432000e-3,1.65443,2053
6.434000e-3,1.65766,2057
6.436000e-3,1.64557,2042
6.438000e-3,1.65282,2051
6.440000e-3,1.66330,2064
6.442000e-3,1.65121,2049
6.444000e-3,1.65201,2050
6.446000e-3,1.66168,2062
6.448000e-3,1.65604,2055
6.450000e-3,1.65201,2050
6.452000e-3,1.66088,2061
6.454000e-3,1.65846,2058
6.456000e-3,1.65040,2048
6.458000e-3,1.66007,2060
6.460000e-3,1.66088,2061
6.462000e-3,1.64234,2038
6.464000e-3,1.65604,2055
6.466000e-3,1.65685,2056
6.468000e-3,1.64799,2045
6.470000e-3,1.65282,2051
6.472000e-3,1.66410,2065
6.474000e-3,1.65443,2053
6.476000e-3,1.65282,2051
6.478000e-3,1.66974,2072
6.480000e-3,1.65927,2059
6.482000e-3,1.65040,2048
6.484000e-3,1.65927,2059
6.486000e-3,1.65363,2052
6.488000e-3,1.64396,2040
6.490000e-3,1.65443,2053
6.492000e-3,1.65927,2059
6.494000e-3,1.64476,2041
6.496000e-3,1.65363,2052
6.498000e-3,1.66330,2064
6.500000e-3,1.65363,2052
6.502000e-3,1.65121,2049
6.504000e-3,1.66571,2067
6.506000e-3,1.66007,2060
6.508000e-3,1.65201,2050
6.510000e-3,1.65766,2057
6.512000e-3,1.66088,2061
6.514000e-3,1.64960,2047
6.516000e-3,1.65121,2049
6.518000e-3,1.66249,2063
6.520000e-3,1.65121,2049
6.522000e-3,1.64960,2047
6.524000e-3,1.66571,2067
6.526000e-3,1.65927,2059
6.528000e-3,1.65282,2051
6.530000e-3,1.66088,2061
6.532000e-3,1.65685,2056
6.534000e-3,1.65604,2055
6.536000e-3,1.65766,2057
6.538000e-3,1.65685,2056
6.540000e-3,1.64718,2044
6.542000e-3,1.65766,2057
6.544000e-3,1.65524,2054
6.546000e-3,1.64396,2040
6.548000e-3,1.65604,2055
6.550000e-3,1.65685,2056
6.552000e-3,1.65040,2048
6.554000e-3,1.65604,2055
6.556000e-3,1.66168,2062
6.558000e-3,1.65766,2057
6.560000e-3,1.65201,2050
6.562000e-3,1.65282,2051
6.564000e-3,1.66088,2061
6.566000e-3,1.64557,2042
6.568000e-3,1.65121,2049
6.570000e-3,1.66088,2061
6.572000e-3,1.65121,2049
6.574000e-3,1.65040,2048
6.576000e-3,1.66571,2067
6.578000e-3,1.65846,2058
6.580000e-3,1.65604,2055
6.582000e-3,1.65846,2058
6.584000e-3,1.65766,2057
6.586000e-3,1.64396,2040
6.588000e-3,1.65443,2053
6.590000e-3,1.65685,2056
6.592000e-3,1.64637,2043
6.594000e-3,1.65201,2050
6.596000e-3,1.66330,2064
6.598000e-3,1.65443,2053
6.600000e-3,1.65121,2049
6.602000e-3,1.65685,2056
6.604000e-3,1.65846,2058
6.606000e-3,1.65040,2048
6.608000e-3,1.65766,2057
6.610000e-3,1.65766,2057
6.612000e-3,1.65040,2048
6.614000e-3,1.65201,2050
6.616000e-3,1.66249,2063
6.618000e-3,1.65201,2050
6.620000e-3,1.65040,2048
6.622000e-3,1.65846,2058
6.624000e-3,1.65282,2051
6.626000e-3,1.65121,2049
6.628000e-3,1.66410,2065
6.630000e-3,1.65443,2053
6.632000e-3,1.63670,2031
6.634000e-3,1.65282,2051
6.636000e-3,1.66813,2070
6.638000e-3,1.64557,2042
6.640000e-3,1.65363,2052
6.642000e-3,1.65846,2058
6.644000e-3,1.64557,2042
6.646000e-3,1.64718,2044
6.648000e-3,1.65846,2058
6.650000e-3,1.65766,2057
6.652000e-3,1.65201,2050
6.654000e-3,1.66168,2062
6.656000e-3,1.65685,2056
6.658000e-3,1.64557,2042
6.660000e-3,1.65443,2053
6.662000e-3,1.65846,2058
6.664000e-3,1.64396,2040
6.666000e-3,1.65363,2052
6.668000e-3,1.66088,2061
6.670000e-3,1.64799,2045
6.672000e-3,1.65121,2049
6.674000e-3,1.66571,2067
6.676000e-3,1.65443,2053
6.678000e-3,1.64879,2046
6.680000e-3,1.66168,2062
6.682000e-3,1.65846,2058
6.684000e-3,1.64476,2041
6.686000e-3,1.65685,2056
6.688000e-3,1.65846,2058
6.690000e-3,1.64799,2045
6.692000e-3,1.65282,2051
6.694000e-3,1.66491,2066
6.696000e-3,1.65604,2055
6.698000e-3,1.65121,2049
6.700000e-3,1.66491,2066
6.702000e-3,1.65524,2054
6.704000e-3,1.65443,2053
6.706000e-3,1.66088,2061
6.708000e-3,1.65927,2059
6.710000e-3,1.64234,2038
6.712000e-3,1.65685,2056
6.714000e-3,1.65685,2056
6.716000e-3,1.64476,2041
6.718000e-3,1.64557,2042
6.720000e-3,1.66007,2060
6.722000e-3,1.65040,2048
6.724000e-3,1.65282,2051
6.726000e-3,1.66491,2066
6.728000e-3,1.65363,2052
6.730000e-3,1.65040,2048
6.732000e-3,1.66168,2062
6.734000e-3,1.65685,2056
6.736000e-3,1.64315,2039
6.738000e-3,1.65443,2053
6.740000e-3,1.65846,2058
6.742000e-3,1.64476,2041
6.744000e-3,1.65443,2053
6.746000e-3,1.66088,2061
6.748000e-3,1.64879,2046
6.750000e-3,1.65282,2051
6.752000e-3,1.66813,2070
6.754000e-3,1.65524,2054
6.756000e-3,1.65282,2051
6.758000e-3,1.65846,2058
6.760000e-3,1.65846,2058
6.762000e-3,1.64637,2043
6.764000e-3,1.65685,2056
6.766000e-3,1.65927,2059
6.768000e-3,1.64476,2041
6.770000e-3,1.65524,2054
6.772000e-3,1.65927,2059
6.774000e-3,1.65201,2050
6.776000e-3,1.65040,2048
6.778000e-3,1.66330,2064
6.780000e-3,1.65524,2054
6.782000e-3,1.65363,2052
6.784000e-3,1.65766,2057
6.786000e-3,1.66088,2061
6.788000e-3,1.64234,2038
6.790000e-3,1.65201,2050
6.792000e-3,1.66733,2069
6.794000e-3,1.64476,2041
6.796000e-3,1.64879,2046
6.798000e-3,1.66168,2062
6.800000e-3,1.65363,2052
6.802000e-3,1.65121,2049
6.804000e-3,1.67136,2074
6.806000e-3,1.65766,2057
6.808000e-3,1.64960,2047
6.810000e-3,1.66007,2060
6.812000e-3,1.65363,2052
6.814000e-3,1.64315,2039
6.816000e-3,1.65282,2051
6.818000e-3,1.65766,2057
6.820000e-3,1.65201,2050
6.822000e-3,1.65443,2053
6.824000e-3,1.66733,2069
6.826000e-3,1.65524,2054
6.828000e-3,1.65282,2051
6.830000e-3,1.66007,2060
6.832000e-3,1.65685,2056
6.834000e-3,1.63912,2034
6.836000e-3,1.65524,2054
6.838000e-3,1.65766,2057
6.840000e-3,1.64718,2044
6.842000e-3,1.65040,2048
6.844000e-3,1.66168,2062
6.846000e-3,1.65040,2048
6.848000e-3,1.65282,2051
6.850000e-3,1.66571,2067
6.852000e-3,1.65201,2050
6.854000e-3,1.64799,2045
6.856000e-3,1.66168,2062
6.858000e-3,1.65685,2056
6.860000e-3,1.64476,2041
6.862000e-3,1.65927,2059
6.864000e-3,1.66007,2060
6.866000e-3,1.64799,2045
6.868000e-3,1.66007,2060
6.870000e-3,1.66007,2060
6.872000e-3,1.65121,2049
6.874000e-3,1.65282,2051
6.876000e-3,1.66088,2061
6.878000e-3,1.65846,2058
6.880000e-3,1.65201,2050
6.882000e-3,1.66652,2068
6.884000e-3,1.65604,2055
6.886000e-3,1.64557,2042
6.888000e-3,1.65685,2056
6.890000e-3,1.65927,2059
6.892000e-3,1.64315,2039
6.894000e-3,1.65604,2055
6.896000e-3,1.65766,2057
6.898000e-3,1.64637,2043
6.900000e-3,1.65040,2048
6.902000e-3,1.66330,2064
6.904000e-3,1.65443,2053
6.906000e-3,1.65201,2050
6.908000e-3,1.66491,2066
6.910000e-3,1.65040,2048
6.912000e-3,1.65121,2049
6.914000e-3,1.65846,2058
6.916000e-3,1.66007,2060
6.918000e-3,1.64476,2041
6.920000e-3,1.64718,2044
6.922000e-3,1.65846,2058
6.924000e-3,1.64879,2046
6.926000e-3,1.65443,2053
6.928000e-3,1.66813,2070
6.930000e-3,1.65282,2051
6.932000e-3,1.64960,2047
6.934000e-3,1.66410,2065
6.936000e-3,1.66168,2062
6.938000e-3,1.64476,2041
6.940000e-3,1.65443,2053
6.942000e-3,1.65846,2058
6.944000e-3,1.65201,2050
6.946000e-3,1.65040,2048
6.948000e-3,1.66410,2065
6.950000e-3,1.65040,2048
6.952000e-3,1.65282,2051
6.954000e-3,1.66410,2065
6.956000e-3,1.65766,2057
6.958000e-3,1.65121,2049
6.960000e-3,1.66088,2061
6.962000e-3,1.65685,2056
6.964000e-3,1.64476,2041
6.966000e-3,1.65363,2052
6.968000e-3,1.65443,2053
6.970000e-3,1.65121,2049
6.972000e-3,1.65201,2050
6.974000e-3,1.66571,2067
6.976000e-3,1.65443,2053
6.978000e-3,1.65604,2055
6.980000e-3,1.66330,2064
6.982000e-3,1.65927,2059
6.984000e-3,1.65040,2048
6.986000e-3,1.65766,2057
6.988000e-3,1.65927,2059
6.990000e-3,1.64396,2040
6.992000e-3,1.65282,2051
6.994000e-3,1.65766,2057
6.996000e-3,1.65201,2050
6.998000e-3,1.64557,2042
7.000000e-3,1.66491,2066
7.002000e-3,1.66652,2068
7.004000e-3,1.65443,2053
7.006000e-3,1.66168,2062
7.008000e-3,1.65766,2057
7.010000e-3,1.63832,2033
7.012000e-3,1.65443,2053
7.014000e-3,1.66088,2061
7.016000e-3,1.65121,2049
7.018000e-3,1.65282,2051
7.020000e-3,1.66491,2066
7.022000e-3,1.65846,2058
7.024000e-3,1.65040,2048
7.026000e-3,1.65766,2057
7.028000e-3,1.65443,2053
7.030000e-3,1.64396,2040
7.032000e-3,1.65040,2048
7.034000e-3,1.66088,2061
7.036000e-3,1.65040,2048
7.038000e-3,1.65040,2048
7.040000e-3,1.66330,2064
7.042000e-3,1.65443,2053
7.044000e-3,1.65121,2049
7.046000e-3,1.66088,2061
7.048000e-3,1.65766,2057
7.050000e-3,1.64315,2039
7.052000e-3,1.65524,2054
7.054000e-3,1.66571,2067
7.056000e-3,1.64879,2046
7.058000e-3,1.65040,2048
7.060000e-3,1.66733,2069
7.062000e-3,1.65363,2052
7.064000e-3,1.65282,2051
7.066000e-3,1.66491,2066
7.068000e-3,1.65604,2055
7.070000e-3,1.65201,2050
7.072000e-3,1.65443,2053
7.074000e-3,1.66652,2068
7.076000e-3,1.64557,2042
7.078000e-3,1.65685,2056
7.080000e-3,1.65927,2059
7.082000e-3,1.64557,2042
7.084000e-3,1.65443,2053
7.086000e-3,1.66088,2061
7.088000e-3,1.65040,2048
7.090000e-3,1.65040,2048
7.092000e-3,1.66652,2068
7.094000e-3,1.65363,2052
7.096000e-3,1.64718,2044
7.098000e-3,1.66007,2060
7.100000e-3,1.65685,2056
7.102000e-3,1.64315,2039
7.104000e-3,1.65846,2058
7.106000e-3,1.65846,2058
7.108000e-3,1.65040,2048
7.110000e-3,1.65363,2052
7.112000e-3,1.66571,2067
7.114000e-3,1.65282,2051
7.116000e-3,1.66168,2062
7.118000e-3,1.66330,2064
7.120000e-3,1.65766,2057
7.122000e-3,1.64879,2046
7.124000e-3,1.65604,2055
7.126000e-3,1.65927,2059
7.128000e-3,1.64718,2044
7.130000e-3,1.65443,2053
7.132000e-3,1.66652,2068
7.134000e-3,1.65524,2054
7.136000e-3,1.65201,2050
7.138000e-3,1.66410,2065
7.140000e-3,1.65766,2057
7.142000e-3,1.64476,2041
7.144000e-3,1.65282,2051
7.146000e-3,1.65846,2058
7.148000e-3,1.64718,2044
7.150000e-3,1.65282,2051
7.152000e-3,1.66168,2062
7.154000e-3,1.65443,2053
7.156000e-3,1.65201,2050
7.158000e-3,1.66491,2066
7.160000e-3,1.65604,2055
7.162000e-3,1.65766,2057
7.164000e-3,1.64476,2041
7.166000e-3,1.65846,2058
7.168000e-3,1.64315,2039
7.170000e-3,1.65685,2056
7.172000e-3,1.66007,2060
7.174000e-3,1.64557,2042
7.176000e-3,1.65604,2055
7.178000e-3,1.66249,2063
7.180000e-3,1.65363,2052
7.182000e-3,1.65121,2049
7.184000e-3,1.66571,2067
7.186000e-3,1.65846,2058
7.188000e-3,1.64960,2047
7.190000e-3,1.65766,2057
7.192000e-3,1.66168,2062
7.194000e-3,1.64234,2038
7.196000e-3,1.65524,2054
7.198000e-3,1.65846,2058
7.200000e-3,1.64799,2045
7.202000e-3,1.65040,2048
7.204000e-3,1.66410,2065
7.206000e-3,1.65121,2049
7.208000e-3,1.65121,2049
7.210000e-3,1.66088,2061
7.212000e-3,1.65766,2057
7.214000e-3,1.65121,2049
7.216000e-3,1.65685,2056
7.218000e-3,1.65766,2057
7.220000e-3,1.64234,2038
7.222000e-3,1.65524,2054
7.224000e-3,1.65685,2056
7.226000e-3,1.64637,2043
7.228000e-3,1.65443,2053
7.230000e-3,1.66088,2061
7.232000e-3,1.65443,2053
7.234000e-3,1.65524,2054
7.236000e-3,1.66571,2067
7.238000e-3,1.66007,2060
7.240000e-3,1.65121,2049
7.242000e-3,1.66088,2061
7.244000e-3,1.65685,2056
7.246000e-3,1.64718,2044
7.248000e-3,1.65766,2057
7.250000e-3,1.65927,2059
7.252000e-3,1.64234,2038
7.254000e-3,1.65524,2054
7.256000e-3,1.66330,2064
7.258000e-3,1.65363,2052
7.260000e-3,1.64718,2044
7.262000e-3,1.66571,2067
7.264000e-3,1.66330,2064
7.266000e-3,1.65282,2051
7.268000e-3,1.65685,2056
7.270000e-3,1.66088,2061
7.272000e-3,1.64154,2037
7.274000e-3,1.65766,2057
7.276000e-3,1.65766,2057
7.278000e-3,1.65121,2049
7.280000e-3,1.65443,2053
7.282000e-3,1.66249,2063
7.284000e-3,1.65201,2050
7.286000e-3,1.65363,2052
7.288000e-3,1.66571,2067
7.290000e-3,1.65524,2054
7.292000e-3,1.65443,2053
7.294000e-3,1.66007,2060
7.296000e-3,1.66007,2060
7.298000e-3,1.64315,2039
7.300000e-3,1.65604,2055
7.302000e-3,1.65927,2059
7.304000e-3,1.64799,2045
7.306000e-3,1.65040,2048
7.308000e-3,1.66652,2068
7.310000e-3,1.65201,2050
7.312000e-3,1.65201,2050
7.314000e-3,1.66330,2064
7.316000e-3,1.65846,2058
7.318000e-3,1.65040,2048
7.320000e-3,1.65766,2057
7.322000e-3,1.65685,2056
7.324000e-3,1.64396,2040
7.326000e-3,1.65524,2054
7.328000e-3,1.66007,2060
7.330000e-3,1.64315,2039
7.332000e-3,1.65363,2052
7.334000e-3,1.65121,2049
7.336000e-3,1.64637,2043
7.338000e-3,1.65363,2052
7.340000e-3,1.66330,2064
7.342000e-3,1.65363,2052
7.344000e-3,1.65363,2052
7.346000e-3,1.66974,2072
7.348000e-3,1.65846,2058
7.350000e-3,1.64718,2044
7.352000e-3,1.66007,2060
7.354000e-3,1.66168,2062
7.356000e-3,1.64315,2039
7.358000e-3,1.65443,2053
7.360000e-3,1.65685,2056
7.362000e-3,1.64476,2041
7.364000e-3,1.65282,2051
7.366000e-3,1.66733,2069
7.368000e-3,1.65121,2049
7.370000e-3,1.65524,2054
7.372000e-3,1.65443,2053
7.374000e-3,1.65604,2055
7.376000e-3,1.64557,2042
7.378000e-3,1.65846,2058
7.380000e-3,1.65846,2058
7.382000e-3,1.64476,2041
7.384000e-3,1.65201,2050
7.386000e-3,1.65846,2058
7.388000e-3,1.64799,2045
7.390000e-3,1.65121,2049
7.392000e-3,1.66330,2064
7.394000e-3,1.65040,2048
7.396000e-3,1.65363,2052
7.398000e-3,1.66491,2066
7.400000e-3,1.65363,2052
7.402000e-3,1.65363,2052
7.404000e-3,1.66491,2066
7.406000e-3,1.65443,2053
7.408000e-3,1.64960,2047
7.410000e-3,1.66652,2068
7.412000e-3,1.65927,2059
7.414000e-3,1.64476,2041
7.416000e-3,1.65604,2055
7.418000e-3,1.65685,2056
7.420000e-3,1.64396,2040
7.422000e-3,1.65040,2048
7.424000e-3,1.66813,2070
7.426000e-3,1.65282,2051
7.428000e-3,1.65363,2052
7.430000e-3,1.66168,2062
7.432000e-3,1.65846,2058
7.434000e-3,1.64557,2042
7.436000e-3,1.65443,2053
7.438000e-3,1.65846,2058
7.440000e-3,1.64557,2042
7.442000e-3,1.65121,2049
7.444000e-3,1.65927,2059
7.446000e-3,1.65040,2048
7.448000e-3,1.65201,2050
7.450000e-3,1.66330,2064
7.452000e-3,1.65524,2054
7.454000e-3,1.65282,2051
7.456000e-3,1.66007,2060
7.458000e-3,1.65685,2056
7.460000e-3,1.65121,2049
7.462000e-3,1.65363,2052
7.464000e-3,1.65524,2054
7.466000e-3,1.63912,2034
7.468000e-3,1.65443,2053
7.470000e-3,1.66249,2063
7.472000e-3,1.65040,2048
7.474000e-3,1.66007,2060
7.476000e-3,1.66491,2066
7.478000e-3,1.64799,2045
7.480000e-3,1.65363,2052
7.482000e-3,1.66410,2065
7.484000e-3,1.65363,2052
7.486000e-3,1.65363,2052
7.488000e-3,1.65685,2056
7.490000e-3,1.66088,2061
7.492000e-3,1.64315,2039
7.494000e-3,1.65443,2053
7.496000e-3,1.65685,2056
7.498000e-3,1.65201,2050
7.500000e-3,1.65040,2048
7.502000e-3,1.66491,2066
7.504000e-3,1.65282,2051
7.506000e-3,1.65604,2055
7.508000e-3,1.66168,2062
7.510000e-3,1.65685,2056
7.512000e-3,1.65604,2055
7.514000e-3,1.66894,2071
7.516000e-3,1.65846,2058
7.518000e-3,1.64637,2043
7.520000e-3,1.65443,2053
7.522000e-3,1.65846,2058
7.524000e-3,1.65524,2054
7.526000e-3,1.65363,2052
7.528000e-3,1.66813,2070
7.530000e-3,1.65363,2052
7.532000e-3,1.65121,2049
7.534000e-3,1.65846,2058
7.536000e-3,1.66813,2070
7.538000e-3,1.64476,2041
7.540000e-3,1.65766,2057
7.542000e-3,1.65685,2056
7.544000e-3,1.64879,2046
7.546000e-3,1.65201,2050
7.548000e-3,1.66733,2069
7.550000e-3,1.65121,2049
7.552000e-3,1.65363,2052
7.554000e-3,1.66249,2063
7.556000e-3,1.65685,2056
7.558000e-3,1.65363,2052
7.560000e-3,1.66007,2060
7.562000e-3,1.65685,2056
7.564000e-3,1.64073,2036
7.566000e-3,1.65282,2051
7.568000e-3,1.65766,2057
7.570000e-3,1.64879,2046
7.572000e-3,1.65121,2049
7.574000e-3,1.66571,2067
7.576000e-3,1.65443,2053
7.578000e-3,1.65363,2052
7.580000e-3,1.66491,2066
7.582000e-3,1.66168,2062
7.584000e-3,1.64396,2040
7.586000e-3,1.65846,2058
7.588000e-3,1.65846,2058
7.590000e-3,1.64879,2046
7.592000e-3,1.65363,2052
7.594000e-3,1.66652,2068
7.596000e-3,1.64718,2044
7.598000e-3,1.65363,2052
7.600000e-3,1.66410,2065
7.602000e-3,1.65766,2057
7.604000e-3,1.66007,2060
7.606000e-3,1.66168,2062
7.608000e-3,1.65766,2057
7.610000e-3,1.64879,2046
7.612000e-3,1.65443,2053
7.614000e-3,1.66330,2064
7.616000e-3,1.65121,2049
7.618000e-3,1.65040,2048
7.620000e-3,1.67055,2073
7.622000e-3,1.66007,2060
7.624000e-3,1.65121,2049
7.626000e-3,1.65766,2057
7.628000e-3,1.65363,2052
7.630000e-3,1.64637,2043
7.632000e-3,1.65363,2052
7.634000e-3,1.65846,2058
7.636000e-3,1.65040,2048
7.638000e-3,1.65363,2052
7.640000e-3,1.66410,2065
7.642000e-3,1.65846,2058
7.644000e-3,1.65766,2057
7.646000e-3,1.66652,2068
7.648000e-3,1.65443,2053
7.650000e-3,1.64718,2044
7.652000e-3,1.65766,2057
7.654000e-3,1.65282,2051
7.656000e-3,1.64960,2047
7.658000e-3,1.65363,2052
7.660000e-3,1.66088,2061
7.662000e-3,1.65363,2052
7.664000e-3,1.64879,2046
7.666000e-3,1.66330,2064
7.668000e-3,1.65524,2054
7.670000e-3,1.65040,2048
7.672000e-3,1.66088,2061
7.674000e-3,1.65443,2053
7.676000e-3,1.64396,2040
7.678000e-3,1.65363,2052
7.680000e-3,1.65927,2059
7.682000e-3,1.64637,2043
7.684000e-3,1.64879,2046
7.686000e-3,1.66249,2063
7.688000e-3,1.65604,2055
7.690000e-3,1.65201,2050
7.692000e-3,1.66007,2060
7.694000e-3,1.65604,2055
7.696000e-3,1.65363,2052
7.698000e-3,1.66088,2061
7.700000e-3,1.66733,2069
7.702000e-3,1.64396,2040
7.704000e-3,1.65685,2056
7.706000e-3,1.66088,2061
7.708000e-3,1.64476,2041
7.710000e-3,1.65443,2053
7.712000e-3,1.65766,2057
7.714000e-3,1.65363,2052
7.716000e-3,1.65040,2048
7.718000e-3,1.67297,2076
7.720000e-3,1.65524,2054
7.722000e-3,1.65282,2051
7.724000e-3,1.65766,2057
7.726000e-3,1.66007,2060
7.728000e-3,1.63912,2034
7.730000e-3,1.65604,2055
7.732000e-3,1.65363,2052
7.734000e-3,1.64879,2046
7.736000e-3,1.65363,2052
7.738000e-3,1.66330,2064
7.740000e-3,1.65282,2051
7.742000e-3,1.65040,2048
7.744000e-3,1.66571,2067
7.746000e-3,1.65927,2059
7.748000e-3,1.65201,2050
7.750000e-3,1.66894,2071
7.752000e-3,1.65927,2059
7.754000e-3,1.64396,2040
7.756000e-3,1.65604,2055
7.758000e-3,1.65604,2055
7.760000e-3,1.65201,2050
7.762000e-3,1.65121,2049
7.764000e-3,1.66894,2071
7.766000e-3,1.65524,2054
7.768000e-3,1.65443,2053
7.770000e-3,1.65685,2056
7.772000e-3,1.66007,2060
7.774000e-3,1.65121,2049
7.776000e-3,1.66088,2061
7.778000e-3,1.65685,2056
7.780000e-3,1.64637,2043
7.782000e-3,1.65363,2052
7.784000e-3,1.65685,2056
7.786000e-3,1.64718,2044
7.788000e-3,1.65766,2057
7.790000e-3,1.66168,2062
7.792000e-3,1.65282,2051
7.794000e-3,1.65040,2048
7.796000e-3,1.66491,2066
7.798000e-3,1.65524,2054
7.800000e-3,1.65363,2052
7.802000e-3,1.65927,2059
7.804000e-3,1.65040,2048
7.806000e-3,1.64637,2043
7.808000e-3,1.65604,2055
7.810000e-3,1.65927,2059
7.812000e-3,1.64315,2039
7.814000e-3,1.65121,2049
7.816000e-3,1.66491,2066
7.818000e-3,1.65363,2052
7.820000e-3,1.66007,2060
7.822000e-3,1.66813,2070
7.824000e-3,1.65363,2052
7.826000e-3,1.65927,2059
7.828000e-3,1.66168,2062
7.830000e-3,1.66088,2061
7.832000e-3,1.64234,2038
7.834000e-3,1.65766,2057
7.836000e-3,1.65846,2058
7.838000e-3,1.64960,2047
7.840000e-3,1.65201,2050
7.842000e-3,1.66813,2070
7.844000e-3,1.65363,2052
7.846000e-3,1.65282,2051
7.848000e-3,1.66330,2064
7.850000e-3,1.66249,2063
7.852000e-3,1.64315,2039
7.854000e-3,1.65443,2053
7.856000e-3,1.65524,2054
7.858000e-3,1.64879,2046
7.860000e-3,1.65121,2049
7.862000e-3,1.66571,2067
7.864000e-3,1.65766,2057
7.866000e-3,1.64476,2041
7.868000e-3,1.66088,2061
7.870000e-3,1.66088,2061
7.872000e-3,1.64476,2041
7.874000e-3,1.65040,2048
7.876000e-3,1.65927,2059
7.878000e-3,1.65040,2048
7.880000e-3,1.65282,2051
7.882000e-3,1.66652,2068
7.884000e-3,1.65443,2053
7.886000e-3,1.65121,2049
7.888000e-3,1.66491,2066
7.890000e-3,1.65363,2052
7.892000e-3,1.64557,2042
7.894000e-3,1.65524,2054
7.896000e-3,1.66088,2061
7.898000e-3,1.63832,2033
7.900000e-3,1.65524,2054
7.902000e-3,1.65766,2057
7.904000e-3,1.65282,2051
7.906000e-3,1.65040,2048
7.908000e-3,1.66652,2068
7.910000e-3,1.65363,2052
7.912000e-3,1.65363,2052
7.914000e-3,1.65685,2056
7.916000e-3,1.65927,2059
7.918000e-3,1.64315,2039
7.920000e-3,1.65201,2050
7.922000e-3,1.65927,2059
7.924000e-3,1.64960,2047
7.926000e-3,1.65121,2049
7.928000e-3,1.66652,2068
7.930000e-3,1.65604,2055
7.932000e-3,1.64315,2039
7.934000e-3,1.66249,2063
7.936000e-3,1.65524,2054
7.938000e-3,1.64476,2041
7.940000e-3,1.65363,2052
7.942000e-3,1.65846,2058
7.944000e-3,1.65121,2049
7.946000e-3,1.65201,2050
7.948000e-3,1.66652,2068
7.950000e-3,1.65766,2057
7.952000e-3,1.65121,2049
7.954000e-3,1.66007,2060
7.956000e-3,1.65685,2056
7.958000e-3,1.64557,2042
7.960000e-3,1.65121,2049
7.962000e-3,1.65846,2058
7.964000e-3,1.65121,2049
7.966000e-3,1.65201,2050
7.968000e-3,1.66330,2064
7.970000e-3,1.65766,2057
7.972000e-3,1.64718,2044
7.974000e-3,1.65604,2055
7.976000e-3,1.65282,2051
7.978000e-3,1.64637,2043
7.980000e-3,1.65363,2052
7.982000e-3,1.66571,2067
7.984000e-3,1.65363,2052
7.986000e-3,1.65443,2053
7.988000e-3,1.66652,2068
7.990000e-3,1.66330,2064
7.992000e-3,1.64234,2038
7.994000e-3,1.65604,2055
7.996000e-3,1.65846,2058
7.998000e-3,1.64799,2045
8.000000e-3,1.65363,2052
8.002000e-3,1.66813,2070
8.004000e-3,1.64799,2045
8.006000e-3,1.65363,2052
8.008000e-3,1.66733,2069
8.010000e-3,1.66330,2064
8.012000e-3,1.64557,2042
8.014000e-3,1.65524,2054
8.016000e-3,1.65604,2055
8.018000e-3,1.65040,2048
8.020000e-3,1.65443,2053
8.022000e-3,1.66410,2065
8.024000e-3,1.65443,2053
8.026000e-3,1.65121,2049
8.028000e-3,1.66088,2061
8.030000e-3,1.66007,2060
8.032000e-3,1.64960,2047
8.034000e-3,1.65685,2056
8.036000e-3,1.65766,2057
8.038000e-3,1.64718,2044
8.040000e-3,1.65282,2051
8.042000e-3,1.66491,2066
8.044000e-3,1.65121,2049
8.046000e-3,1.65121,2049
8.048000e-3,1.66168,2062
8.050000e-3,1.65524,2054
8.052000e-3,1.64396,2040
8.054000e-3,1.65121,2049
8.056000e-3,1.66249,2063
8.058000e-3,1.65363,2052
8.060000e-3,1.64557,2042
8.062000e-3,1.66168,2062
8.064000e-3,1.65846,2058
8.066000e-3,1.64718,2044
8.068000e-3,1.65927,2059
8.070000e-3,1.66330,2064
8.072000e-3,1.64396,2040
8.074000e-3,1.65604,2055
8.076000e-3,1.66330,2064
8.078000e-3,1.65282,2051
8.080000e-3,1.64476,2041
8.082000e-3,1.66733,2069
8.084000e-3,1.65524,2054
8.086000e-3,1.65282,2051
8.088000e-3,1.66330,2064
8.090000e-3,1.65604,2055
8.092000e-3,1.64073,2036
8.094000e-3,1.65685,2056
8.096000e-3,1.65604,2055
8.098000e-3,1.64799,2045
8.100000e-3,1.65040,2048
8.102000e-3,1.66168,2062
8.104000e-3,1.65040,2048
8.106000e-3,1.65201,2050
8.108000e-3,1.67136,2074
8.110000e-3,1.64879,2046
8.112000e-3,1.65040,2048
8.114000e-3,1.66007,2060
8.116000e-3,1.65766,2057
8.118000e-3,1.65685,2056
8.120000e-3,1.65121,2049
8.122000e-3,1.66733,2069
8.124000e-3,1.65927,2059
8.126000e-3,1.64476,2041
8.128000e-3,1.65766,2057
8.130000e-3,1.66007,2060
8.132000e-3,1.65121,2049
8.134000e-3,1.65121,2049
8.136000e-3,1.66894,2071
8.138000e-3,1.65363,2052
8.140000e-3,1.65524,2054
8.142000e-3,1.65766,2057
8.144000e-3,1.65524,2054
8.146000e-3,1.64396,2040
8.148000e-3,1.65443,2053
8.150000e-3,1.66330,2064
8.152000e-3,1.65363,2052
8.154000e-3,1.64234,2038
8.156000e-3,1.66249,2063
8.158000e-3,1.65685,2056
8.160000e-3,1.64234,2038
8.162000e-3,1.65524,2054
8.164000e-3,1.65766,2057
8.166000e-3,1.65685,2056
8.168000e-3,1.65121,2049
8.170000e-3,1.66652,2068
8.172000e-3,1.65685,2056
8.174000e-3,1.65201,2050
8.176000e-3,1.66088,2061
8.178000e-3,1.65846,2058
8.180000e-3,1.64476,2041
8.182000e-3,1.65282,2051
8.184000e-3,1.66168,2062
8.186000e-3,1.65524,2054
8.188000e-3,1.65121,2049
8.190000e-3,1.66410,2065
8.192000e-3,1.65846,2058
8.194000e-3,1.64960,2047
8.196000e-3,1.66410,2065
8.198000e-3,1.66088,2061
8.200000e-3,1.64637,2043
8.202000e-3,1.65524,2054
8.204000e-3,1.66249,2063
8.206000e-3,1.65524,2054
8.208000e-3,1.65040,2048
8.210000e-3,1.66168,2062
8.212000e-3,1.65604,2055
8.214000e-3,1.64396,2040
8.216000e-3,1.65443,2053
8.218000e-3,1.64799,2045
8.220000e-3,1.65524,2054
8.222000e-3,1.65201,2050
8.224000e-3,1.66491,2066
8.226000e-3,1.65604,2055
8.228000e-3,1.65040,2048
8.230000e-3,1.65846,2058
8.232000e-3,1.66168,2062
8.234000e-3,1.64557,2042
8.236000e-3,1.65524,2054
8.238000e-3,1.65846,2058
8.240000e-3,1.64960,2047
8.242000e-3,1.65201,2050
8.244000e-3,1.66733,2069
8.246000e-3,1.65685,2056
8.248000e-3,1.64960,2047
8.250000e-3,1.65685,2056
8.252000e-3,1.65604,2055
8.254000e-3,1.64557,2042
8.256000e-3,1.65604,2055
8.258000e-3,1.66652,2068
8.260000e-3,1.65766,2057
8.262000e-3,1.65201,2050
8.264000e-3,1.66088,2061
8.266000e-3,1.65766,2057
8.268000e-3,1.64637,2043
8.270000e-3,1.65363,2052
8.272000e-3,1.65927,2059
8.274000e-3,1.64557,2042
8.276000e-3,1.65201,2050
8.278000e-3,1.66249,2063
8.280000e-3,1.65685,2056
8.282000e-3,1.64073,2036
8.284000e-3,1.65524,2054
8.286000e-3,1.66249,2063
8.288000e-3,1.65363,2052
8.290000e-3,1.66249,2063
8.292000e-3,1.66410,2065
8.294000e-3,1.65766,2057
8.296000e-3,1.64637,2043
8.298000e-3,1.66007,2060
8.300000e-3,1.66088,2061
8.302000e-3,1.64315,2039
8.304000e-3,1.65443,2053
8.306000e-3,1.66813,2070
8.308000e-3,1.65121,2049
8.310000e-3,1.66088,2061
8.312000e-3,1.66007,2060
8.314000e-3,1.66168,2062
8.316000e-3,1.64557,2042
8.318000e-3,1.65524,2054
8.320000e-3,1.66007,2060
8.322000e-3,1.65604,2055
8.324000e-3,1.65040,2048
8.326000e-3,1.66330,2064
8.328000e-3,1.65282,2051
8.330000e-3,1.64557,2042
8.332000e-3,1.66410,2065
8.334000e-3,1.65927,2059
8.336000e-3,1.64718,2044
8.338000e-3,1.65282,2051
8.340000e-3,1.66491,2066
8.342000e-3,1.65685,2056
8.344000e-3,1.65121,2049
8.346000e-3,1.65121,2049
8.348000e-3,1.65927,2059
8.350000e-3,1.64315,2039
8.352000e-3,1.65282,2051
8.354000e-3,1.65363,2052
8.356000e-3,1.65363,2052
8.358000e-3,1.64960,2047
8.360000e-3,1.66491,2066
8.362000e-3,1.65846,2058
8.364000e-3,1.64960,2047
8.366000e-3,1.65685,2056
8.368000e-3,1.66007,2060
8.370000e-3,1.65121,2049
8.372000e-3,1.66249,2063
8.374000e-3,1.66168,2062
8.376000e-3,1.65443,2053
8.378000e-3,1.65040,2048
8.380000e-3,1.66491,2066
8.382000e-3,1.65524,2054
8.384000e-3,1.64879,2046
8.386000e-3,1.65363,2052
8.388000e-3,1.65685,2056
8.390000e-3,1.64557,2042
8.392000e-3,1.65363,2052
8.394000e-3,1.66491,2066
8.396000e-3,1.64879,2046
8.398000e-3,1.65040,2048
8.400000e-3,1.66168,2062
8.402000e-3,1.65766,2057
8.404000e-3,1.64960,2047
8.406000e-3,1.65685,2056
8.408000e-3,1.65685,2056
8.410000e-3,1.64879,2046
8.412000e-3,1.65282,2051
8.414000e-3,1.66571,2067
8.416000e-3,1.65685,2056
8.418000e-3,1.65363,2052
8.420000e-3,1.66410,2065
8.422000e-3,1.65927,2059
8.424000e-3,1.64960,2047
8.426000e-3,1.65766,2057
8.428000e-3,1.65927,2059
8.430000e-3,1.64637,2043
8.432000e-3,1.65524,2054
8.434000e-3,1.66249,2063
8.436000e-3,1.65121,2049
8.438000e-3,1.65282,2051
8.440000e-3,1.66088,2061
8.442000e-3,1.65685,2056
8.444000e-3,1.64154,2037
8.446000e-3,1.65685,2056
8.448000e-3,1.66571,2067
8.450000e-3,1.64718,2044
8.452000e-3,1.65040,2048
8.454000e-3,1.66168,2062
8.456000e-3,1.65040,2048
8.458000e-3,1.65282,2051
8.460000e-3,1.66733,2069
8.462000e-3,1.65363,2052
8.464000e-3,1.65201,2050
8.466000e-3,1.65282,2051
8.468000e-3,1.65927,2059
8.470000e-3,1.64637,2043
8.472000e-3,1.65766,2057
8.474000e-3,1.65524,2054
8.476000e-3,1.64960,2047
8.478000e-3,1.65121,2049
8.480000e-3,1.66652,2068
8.482000e-3,1.65282,2051
8.484000e-3,1.65524,2054
8.486000e-3,1.66007,2060
8.488000e-3,1.65766,2057
8.490000e-3,1.64315,2039
8.492000e-3,1.65927,2059
8.494000e-3,1.65685,2056
8.496000e-3,1.64960,2047
8.498000e-3,1.65040,2048
8.500000e-3,1.66652,2068
8.502000e-3,1.65282,2051
8.504000e-3,1.65201,2050
8.506000e-3,1.65766,2057
8.508000e-3,1.66007,2060
8.510000e-3,1.64396,2040
8.512000e-3,1.65443,2053
8.514000e-3,1.65766,2057
8.516000e-3,1.65040,2048
8.518000e-3,1.65040,2048
8.520000e-3,1.66168,2062
8.522000e-3,1.65766,2057
8.524000e-3,1.64073,2036
8.526000e-3,1.65685,2056
8.528000e-3,1.65766,2057
8.530000e-3,1.64476,2041
8.532000e-3,1.65363,2052
8.534000e-3,1.66410,2065
8.536000e-3,1.65443,2053
8.538000e-3,1.65282,2051
8.540000e-3,1.66330,2064
8.542000e-3,1.65766,2057
8.544000e-3,1.64637,2043
8.546000e-3,1.65846,2058
8.548000e-3,1.65927,2059
8.550000e-3,1.64879,2046
8.552000e-3,1.65121,2049
8.554000e-3,1.66330,2064
8.556000e-3,1.65201,2050
8.558000e-3,1.65927,2059
8.560000e-3,1.66088,2061
8.562000e-3,1.65685,2056
8.564000e-3,1.65121,2049
8.566000e-3,1.65846,2058
8.568000e-3,1.65363,2052
8.570000e-3,1.64557,2042
8.572000e-3,1.65363,2052
8.574000e-3,1.65846,2058
8.576000e-3,1.65040,2048
8.578000e-3,1.64637,2043
8.580000e-3,1.66733,2069
8.582000e-3,1.65685,2056
8.584000e-3,1.65121,2049
8.586000e-3,1.65766,2057
8.588000e-3,1.66088,2061
8.590000e-3,1.63832,2033
8.592000e-3,1.65282,2051
8.594000e-3,1.66088,2061
8.596000e-3,1.65443,2053
8.598000e-3,1.65121,2049
8.600000e-3,1.66410,2065
8.602000e-3,1.65927,2059
8.604000e-3,1.64637,2043
8.606000e-3,1.65846,2058
8.608000e-3,1.65524,2054
8.610000e-3,1.64234,2038
8.612000e-3,1.65685,2056
8.614000e-3,1.65685,2056
8.616000e-3,1.64879,2046
8.618000e-3,1.65040,2048
8.620000e-3,1.67297,2076
8.622000e-3,1.65363,2052
8.624000e-3,1.65363,2052
8.626000e-3,1.66330,2064
8.628000e-3,1.66007,2060
8.630000e-3,1.64154,2037
8.632000e-3,1.65524,2054
8.634000e-3,1.65766,2057
8.636000e-3,1.64799,2045
8.638000e-3,1.65443,2053
8.640000e-3,1.65685,2056
8.642000e-3,1.64799,2045
8.644000e-3,1.65363,2052
8.646000e-3,1.66571,2067
8.648000e-3,1.64799,2045
8.650000e-3,1.65121,2049
8.652000e-3,1.66249,2063
8.654000e-3,1.66007,2060
8.656000e-3,1.64637,2043
8.658000e-3,1.65685,2056
8.660000e-3,1.65685,2056
8.662000e-3,1.64718,2044
8.664000e-3,1.65443,2053
8.666000e-3,1.66330,2064
8.668000e-3,1.65040,2048
8.670000e-3,1.65282,2051
8.672000e-3,1.66491,2066
8.674000e-3,1.65443,2053
8.676000e-3,1.64637,2043
8.678000e-3,1.66330,2064
8.680000e-3,1.65524,2054
8.682000e-3,1.65121,2049
8.684000e-3,1.65524,2054
8.686000e-3,1.65927,2059
8.688000e-3,1.64396,2040
8.690000e-3,1.65443,2053
8.692000e-3,1.66088,2061
8.694000e-3,1.65121,2049
8.696000e-3,1.65121,2049
8.698000e-3,1.65927,2059
8.700000e-3,1.65604,2055
8.702000e-3,1.65604,2055
8.704000e-3,1.66088,2061
8.706000e-3,1.65524,2054
8.708000e-3,1.64315,2039
8.710000e-3,1.65121,2049
8.712000e-3,1.66007,2060
8.714000e-3,1.65121,2049
8.716000e-3,1.65282,2051
8.718000e-3,1.66813,2070
8.720000e-3,1.65604,2055
8.722000e-3,1.65121,2049
8.724000e-3,1.66410,2065
8.726000e-3,1.65685,2056
8.728000e-3,1.63187,2025
8.730000e-3,1.65685,2056
8.732000e-3,1.66007,2060
8.734000e-3,1.63751,2032
8.736000e-3,1.65846,2058
8.738000e-3,1.65604,2055
8.740000e-3,1.65040,2048
8.742000e-3,1.65040,2048
8.744000e-3,1.66491,2066
8.746000e-3,1.65363,2052
8.748000e-3,1.65040,2048
8.750000e-3,1.66410,2065
8.752000e-3,1.64879,2046
8.754000e-3,1.65121,2049
8.756000e-3,1.65846,2058
8.758000e-3,1.65927,2059
8.760000e-3,1.65201,2050
8.762000e-3,1.65443,2053
8.764000e-3,1.65927,2059
8.766000e-3,1.65604,2055
8.768000e-3,1.65201,2050
8.770000e-3,1.66894,2071
8.772000e-3,1.65524,2054
8.774000e-3,1.65121,2049
8.776000e-3,1.66330,2064
8.778000e-3,1.65927,2059
8.780000e-3,1.64879,2046
8.782000e-3,1.65846,2058
8.784000e-3,1.65685,2056
8.786000e-3,1.64799,2045
8.788000e-3,1.65201,2050
8.790000e-3,1.65846,2058
8.792000e-3,1.64315,2039
8.794000e-3,1.65201,2050
8.796000e-3,1.66652,2068
8.798000e-3,1.65604,2055
8.800000e-3,1.65040,2048
8.802000e-3,1.66571,2067
8.804000e-3,1.65524,2054
8.806000e-3,1.65282,2051
8.808000e-3,1.66007,2060
8.810000e-3,1.65604,2055
8.812000e-3,1.64799,2045
8.814000e-3,1.65685,2056
8.816000e-3,1.65766,2057
8.818000e-3,1.64476,2041
8.820000e-3,1.65685,2056
8.822000e-3,1.65363,2052
8.824000e-3,1.64799,2045
8.826000e-3,1.64557,2042
8.828000e-3,1.66088,2061
8.830000e-3,1.65121,2049
8.832000e-3,1.65363,2052
8.834000e-3,1.66813,2070
8.836000e-3,1.65282,2051
8.838000e-3,1.65121,2049
8.840000e-3,1.66733,2069
8.842000e-3,1.65685,2056
8.844000e-3,1.65040,2048
8.846000e-3,1.65685,2056
8.848000e-3,1.66007,2060
8.850000e-3,1.64234,2038
8.852000e-3,1.64960,2047
8.854000e-3,1.65766,2057
8.856000e-3,1.65121,2049
8.858000e-3,1.65121,2049
8.860000e-3,1.66733,2069
8.862000e-3,1.65282,2051
8.864000e-3,1.65040,2048
8.866000e-3,1.66249,2063
8.868000e-3,1.65443,2053
8.870000e-3,1.65282,2051
8.872000e-3,1.65121,2049
8.874000e-3,1.65846,2058
8.876000e-3,1.64396,2040
8.878000e-3,1.65363,2052
8.880000e-3,1.66249,2063
8.882000e-3,1.65201,2050
8.884000e-3,1.65363,2052
8.886000e-3,1.66894,2071
8.888000e-3,1.65443,2053
8.890000e-3,1.65121,2049
8.892000e-3,1.66330,2064
8.894000e-3,1.66088,2061
8.896000e-3,1.65443,2053
8.898000e-3,1.66088,2061
8.900000e-3,1.65766,2057
8.902000e-3,1.64637,2043
8.904000e-3,1.65766,2057
8.906000e-3,1.65201,2050
8.908000e-3,1.63912,2034
8.910000e-3,1.65282,2051
8.912000e-3,1.66007,2060
8.914000e-3,1.65363,2052
8.916000e-3,1.65040,2048
8.918000e-3,1.66733,2069
8.920000e-3,1.65363,2052
8.922000e-3,1.65282,2051
8.924000e-3,1.66007,2060
8.926000e-3,1.65201,2050
8.928000e-3,1.64476,2041
8.930000e-3,1.65443,2053
8.932000e-3,1.65766,2057
8.934000e-3,1.64799,2045
8.936000e-3,1.65524,2054
8.938000e-3,1.66088,2061
8.940000e-3,1.65604,2055
8.942000e-3,1.65363,2052
8.944000e-3,1.66410,2065
8.946000e-3,1.65685,2056
8.948000e-3,1.65524,2054
8.950000e-3,1.65927,2059
8.952000e-3,1.65766,2057
8.954000e-3,1.64396,2040
8.956000e-3,1.65766,2057
8.958000e-3,1.65685,2056
8.960000e-3,1.64718,2044
8.962000e-3,1.65201,2050
8.964000e-3,1.66491,2066
8.966000e-3,1.65121,2049
8.968000e-3,1.65040,2048
8.970000e-3,1.66410,2065
8.972000e-3,1.65766,2057
8.974000e-3,1.65040,2048
8.976000e-3,1.65927,2059
8.978000e-3,1.65443,2053
8.980000e-3,1.64073,2036
8.982000e-3,1.65121,2049
8.984000e-3,1.65604,2055
8.986000e-3,1.65524,2054
8.988000e-3,1.65282,2051
8.990000e-3,1.66088,2061
8.992000e-3,1.65282,2051
8.994000e-3,1.65121,2049
8.996000e-3,1.66491,2066
8.998000e-3,1.65846,2058
9.000000e-3,1.65201,2050
9.002000e-3,1.66168,2062
9.004000e-3,1.65685,2056
9.006000e-3,1.64637,2043
9.008000e-3,1.65846,2058
9.010000e-3,1.65766,2057
9.012000e-3,1.64476,2041
9.014000e-3,1.64557,2042
9.016000e-3,1.66974,2072
9.018000e-3,1.65201,2050
9.020000e-3,1.65121,2049
9.022000e-3,1.66571,2067
9.024000e-3,1.66330,2064
9.026000e-3,1.65604,2055
9.028000e-3,1.66168,2062
9.030000e-3,1.66330,2064
9.032000e-3,1.64234,2038
9.034000e-3,1.65604,2055
9.036000e-3,1.66168,2062
9.038000e-3,1.64960,2047
9.040000e-3,1.64637,2043
9.042000e-3,1.66813,2070
9.044000e-3,1.65363,2052
9.046000e-3,1.65121,2049
9.048000e-3,1.66652,2068
9.050000e-3,1.65524,2054
9.052000e-3,1.64315,2039
9.054000e-3,1.65927,2059
9.056000e-3,1.65604,2055
9.058000e-3,1.64557,2042
9.060000e-3,1.65201,2050
9.062000e-3,1.66088,2061
9.064000e-3,1.65040,2048
9.066000e-3,1.65201,2050
9.068000e-3,1.66733,2069
9.070000e-3,1.65282,2051
9.072000e-3,1.65201,2050
9.074000e-3,1.66330,2064
9.076000e-3,1.65685,2056
9.078000e-3,1.64718,2044
9.080000e-3,1.65443,2053
9.082000e-3,1.65766,2057
9.084000e-3,1.64879,2046
9.086000e-3,1.64557,2042
9.088000e-3,1.66330,2064
9.090000e-3,1.65363,2052
9.092000e-3,1.65443,2053
9.094000e-3,1.66491,2066
9.096000e-3,1.65846,2058
9.098000e-3,1.65121,2049
9.100000e-3,1.66168,2062
9.102000e-3,1.65685,2056
9.104000e-3,1.64718,2044
9.106000e-3,1.65443,2053
9.108000e-3,1.66007,2060
9.110000e-3,1.65040,2048
9.112000e-3,1.65282,2051
9.114000e-3,1.65685,2056
9.116000e-3,1.65685,2056
9.118000e-3,1.65040,2048
9.120000e-3,1.66007,2060
9.122000e-3,1.66088,2061
9.124000e-3,1.64315,2039
9.126000e-3,1.64557,2042
9.128000e-3,1.65685,2056
9.130000e-3,1.65040,2048
9.132000e-3,1.65201,2050
9.134000e-3,1.66652,2068
9.136000e-3,1.66410,2065
9.138000e-3,1.65201,2050
9.140000e-3,1.66491,2066
9.142000e-3,1.65604,2055
9.144000e-3,1.64637,2043
9.146000e-3,1.65604,2055
9.148000e-3,1.65927,2059
9.150000e-3,1.64799,2045
9.152000e-3,1.65443,2053
9.154000e-3,1.66894,2071
9.156000e-3,1.66007,2060
9.158000e-3,1.65443,2053
9.160000e-3,1.66330,2064
9.162000e-3,1.65927,2059
9.164000e-3,1.65121,2049
9.166000e-3,1.65927,2059
9.168000e-3,1.65846,2058
9.170000e-3,1.64637,2043
9.172000e-3,1.65282,2051
9.174000e-3,1.65927,2059
9.176000e-3,1.64718,2044
9.178000e-3,1.64234,2038
9.180000e-3,1.66330,2064
9.182000e-3,1.65201,2050
9.184000e-3,1.65040,2048
9.186000e-3,1.66410,2065
9.188000e-3,1.65282,2051
9.190000e-3,1.65121,2049
9.192000e-3,1.66249,2063
9.194000e-3,1.65846,2058
9.196000e-3,1.64476,2041
9.198000e-3,1.65443,2053
9.200000e-3,1.65604,2055
9.202000e-3,1.64879,2046
9.204000e-3,1.65363,2052
9.206000e-3,1.66733,2069
9.208000e-3,1.65766,2057
9.210000e-3,1.65201,2050
9.212000e-3,1.66410,2065
9.214000e-3,1.65927,2059
9.216000e-3,1.64557,2042
9.218000e-3,1.65685,2056
9.220000e-3,1.66088,2061
9.222000e-3,1.64396,2040
9.224000e-3,1.65282,2051
9.226000e-3,1.65846,2058
9.228000e-3,1.65282,2051
9.230000e-3,1.65766,2057
9.232000e-3,1.65282,2051
9.234000e-3,1.65685,2056
9.236000e-3,1.65121,2049
9.238000e-3,1.65685,2056
9.240000e-3,1.65766,2057
9.242000e-3,1.64476,2041
9.244000e-3,1.65443,2053
9.246000e-3,1.65766,2057
9.248000e-3,1.65040,2048
9.250000e-3,1.65282,2051
9.252000e-3,1.66491,2066
9.254000e-3,1.65121,2049
9.256000e-3,1.65363,2052
9.258000e-3,1.66571,2067
9.260000e-3,1.65766,2057
9.262000e-3,1.65201,2050
9.264000e-3,1.65766,2057
9.266000e-3,1.66088,2061
9.268000e-3,1.64315,2039
9.270000e-3,1.65604,2055
9.272000e-3,1.65766,2057
9.274000e-3,1.65201,2050
9.276000e-3,1.65121,2049
9.278000e-3,1.66571,2067
9.280000e-3,1.65201,2050
9.282000e-3,1.65121,2049
9.284000e-3,1.66330,2064
9.286000e-3,1.65846,2058
9.288000e-3,1.65040,2048
9.290000e-3,1.66007,2060
9.292000e-3,1.65685,2056
9.294000e-3,1.64154,2037
9.296000e-3,1.65363,2052
9.298000e-3,1.65927,2059
9.300000e-3,1.64557,2042
9.302000e-3,1.65282,2051
9.304000e-3,1.66491,2066
9.306000e-3,1.65846,2058
9.308000e-3,1.65363,2052
9.310000e-3,1.66410,2065
9.312000e-3,1.65685,2056
9.314000e-3,1.65121,2049
9.316000e-3,1.66088,2061
9.318000e-3,1.65524,2054
9.320000e-3,1.64476,2041
9.322000e-3,1.65443,2053
9.324000e-3,1.65927,2059
9.326000e-3,1.64879,2046
9.328000e-3,1.65363,2052
9.330000e-3,1.66330,2064
9.332000e-3,1.65121,2049
9.334000e-3,1.65846,2058
9.336000e-3,1.66894,2071
9.338000e-3,1.65363,2052
9.340000e-3,1.65282,2051
9.342000e-3,1.66007,2060
9.344000e-3,1.65685,2056
9.346000e-3,1.64234,2038
9.348000e-3,1.65524,2054
9.350000e-3,1.65846,2058
9.352000e-3,1.64476,2041
9.354000e-3,1.65443,2053
9.356000e-3,1.66088,2061
9.358000e-3,1.65201,2050
9.360000e-3,1.65040,2048
9.362000e-3,1.66571,2067
9.364000e-3,1.65282,2051
9.366000e-3,1.65121,2049
9.368000e-3,1.65846,2058
9.370000e-3,1.65846,2058
9.372000e-3,1.64396,2040
9.374000e-3,1.65282,2051
9.376000e-3,1.65443,2053
9.378000e-3,1.64960,2047
9.380000e-3,1.65363,2052
9.382000e-3,1.66813,2070
9.384000e-3,1.65363,2052
9.386000e-3,1.65121,2049
9.388000e-3,1.66330,2064
9.390000e-3,1.65927,2059
9.392000e-3,1.65040,2048
9.394000e-3,1.65927,2059
9.396000e-3,1.65685,2056
9.398000e-3,1.64637,2043
9.400000e-3,1.65363,2052
9.402000e-3,1.65846,2058
9.404000e-3,1.65040,2048
9.406000e-3,1.65282,2051
9.408000e-3,1.66491,2066
9.410000e-3,1.65363,2052
9.412000e-3,1.65282,2051
9.414000e-3,1.66410,2065
9.416000e-3,1.65524,2054
9.418000e-3,1.65282,2051
9.420000e-3,1.65766,2057
9.422000e-3,1.65443,2053
9.424000e-3,1.64557,2042
9.426000e-3,1.65363,2052
9.428000e-3,1.65766,2057
9.430000e-3,1.65201,2050
9.432000e-3,1.65443,2053
9.434000e-3,1.66249,2063
9.436000e-3,1.65846,2058
9.438000e-3,1.64960,2047
9.440000e-3,1.66088,2061
9.442000e-3,1.66168,2062
9.444000e-3,1.64960,2047
9.446000e-3,1.65685,2056
9.448000e-3,1.65766,2057
9.450000e-3,1.64718,2044
9.452000e-3,1.65524,2054
9.454000e-3,1.66330,2064
9.456000e-3,1.65524,2054
9.458000e-3,1.65040,2048
9.460000e-3,1.66571,2067
9.462000e-3,1.65524,2054
9.464000e-3,1.65040,2048
9.466000e-3,1.65766,2057
9.468000e-3,1.66007,2060
9.470000e-3,1.64234,2038
9.472000e-3,1.65604,2055
9.474000e-3,1.65846,2058
9.476000e-3,1.64476,2041
9.478000e-3,1.65121,2049
9.480000e-3,1.65685,2056
9.482000e-3,1.65201,2050
9.484000e-3,1.65524,2054
9.486000e-3,1.66733,2069
9.488000e-3,1.65604,2055
9.490000e-3,1.64879,2046
9.492000e-3,1.66249,2063
9.494000e-3,1.66007,2060
9.496000e-3,1.64476,2041
9.498000e-3,1.65766,2057
9.500000e-3,1.65927,2059
9.502000e-3,1.64637,2043
9.504000e-3,1.65121,2049
9.506000e-3,1.66330,2064
9.508000e-3,1.65363,2052
9.510000e-3,1.63751,2032
9.512000e-3,1.66168,2062
9.514000e-3,1.65927,2059
9.516000e-3,1.64476,2041
9.518000e-3,1.65604,2055
9.520000e-3,1.66168,2062
9.522000e-3,1.64718,2044
9.524000e-3,1.65363,2052
9.526000e-3,1.66491,2066
9.528000e-3,1.65201,2050
9.530000e-3,1.65121,2049
9.532000e-3,1.66168,2062
9.534000e-3,1.65685,2056
9.536000e-3,1.65121,2049
9.538000e-3,1.65201,2050
9.540000e-3,1.66007,2060
9.542000e-3,1.64557,2042
9.544000e-3,1.65282,2051
9.546000e-3,1.66410,2065
9.548000e-3,1.65524,2054
9.550000e-3,1.64960,2047
9.552000e-3,1.66894,2071
9.554000e-3,1.65040,2048
9.556000e-3,1.65443,2053
9.558000e-3,1.66007,2060
9.560000e-3,1.66007,2060
9.562000e-3,1.64557,2042
9.564000e-3,1.65443,2053
9.566000e-3,1.65685,2056
9.568000e-3,1.64960,2047
9.570000e-3,1.65121,2049
9.572000e-3,1.66571,2067
9.574000e-3,1.65201,2050
9.576000e-3,1.65201,2050
9.578000e-3,1.66330,2064
9.580000e-3,1.65685,2056
9.582000e-3,1.64718,2044
9.584000e-3,1.65846,2058
9.586000e-3,1.65685,2056
9.588000e-3,1.64315,2039
9.590000e-3,1.65201,2050
9.592000e-3,1.66491,2066
9.594000e-3,1.64557,2042
9.596000e-3,1.65040,2048
9.598000e-3,1.66491,2066
9.600000e-3,1.65685,2056
9.602000e-3,1.65040,2048
9.604000e-3,1.65363,2052
9.606000e-3,1.65766,2057
9.608000e-3,1.64637,2043
9.610000e-3,1.66088,2061
9.612000e-3,1.66088,2061
9.614000e-3,1.65282,2051
9.616000e-3,1.65121,2049
9.618000e-3,1.66410,2065
9.620000e-3,1.65685,2056
9.622000e-3,1.65524,2054
9.624000e-3,1.65846,2058
9.626000e-3,1.65927,2059
9.628000e-3,1.65040,2048
9.630000e-3,1.65846,2058
9.632000e-3,1.65846,2058
9.634000e-3,1.64637,2043
9.636000e-3,1.65040,2048
9.638000e-3,1.66088,2061
9.640000e-3,1.65766,2057
9.642000e-3,1.65282,2051
9.644000e-3,1.66410,2065
9.646000e-3,1.65685,2056
9.648000e-3,1.65040,2048
9.650000e-3,1.66007,2060
9.652000e-3,1.65766,2057
9.654000e-3,1.63993,2035
9.656000e-3,1.65443,2053
9.658000e-3,1.65766,2057
9.660000e-3,1.64879,2046
9.662000e-3,1.65846,2058
9.664000e-3,1.66813,2070
9.666000e-3,1.65121,2049
9.668000e-3,1.65282,2051
9.670000e-3,1.66088,2061
9.672000e-3,1.65766,2057
9.674000e-3,1.64315,2039
9.676000e-3,1.65685,2056
9.678000e-3,1.65363,2052
9.680000e-3,1.65282,2051
9.682000e-3,1.66088,2061
9.684000e-3,1.66007,2060
9.686000e-3,1.64557,2042
9.688000e-3,1.65524,2054
9.690000e-3,1.65846,2058
9.692000e-3,1.65201,2050
9.694000e-3,1.65040,2048
9.696000e-3,1.66088,2061
9.698000e-3,1.65443,2053
9.700000e-3,1.65201,2050
9.702000e-3,1.65766,2057
9.704000e-3,1.66007,2060
9.706000e-3,1.64315,2039
9.708000e-3,1.65282,2051
9.710000e-3,1.65846,2058
9.712000e-3,1.64799,2045
9.714000e-3,1.65282,2051
9.716000e-3,1.66007,2060
9.718000e-3,1.65685,2056
9.720000e-3,1.65282,2051
9.722000e-3,1.65846,2058
9.724000e-3,1.65604,2055
9.726000e-3,1.64637,2043
9.728000e-3,1.65685,2056
9.730000e-3,1.65927,2059
9.732000e-3,1.64637,2043
9.734000e-3,1.65363,2052
9.736000e-3,1.65766,2057
9.738000e-3,1.65363,2052
9.740000e-3,1.65282,2051
9.742000e-3,1.66733,2069
9.744000e-3,1.65524,2054
9.746000e-3,1.65443,2053
9.748000e-3,1.65846,2058
9.750000e-3,1.65282,2051
9.752000e-3,1.64154,2037
9.754000e-3,1.65363,2052
9.756000e-3,1.65846,2058
9.758000e-3,1.65282,2051
9.760000e-3,1.65040,2048
9.762000e-3,1.66652,2068
9.764000e-3,1.65363,2052
9.766000e-3,1.65443,2053
9.768000e-3,1.65927,2059
9.770000e-3,1.66330,2064
9.772000e-3,1.64557,2042
9.774000e-3,1.65604,2055
9.776000e-3,1.65766,2057
9.778000e-3,1.64960,2047
9.780000e-3,1.65201,2050
9.782000e-3,1.66571,2067
9.784000e-3,1.65604,2055
9.786000e-3,1.65282,2051
9.788000e-3,1.66330,2064
9.790000e-3,1.65766,2057
9.792000e-3,1.64154,2037
9.794000e-3,1.65766,2057
9.796000e-3,1.65766,2057
9.798000e-3,1.64557,2042
9.800000e-3,1.65443,2053
9.802000e-3,1.66491,2066
9.804000e-3,1.65604,2055
9.806000e-3,1.65121,2049
9.808000e-3,1.66571,2067
9.810000e-3,1.65524,2054
9.812000e-3,1.64557,2042
9.814000e-3,1.65524,2054
9.816000e-3,1.66007,2060
9.818000e-3,1.64637,2043
9.820000e-3,1.65363,2052
9.822000e-3,1.66652,2068
9.824000e-3,1.65201,2050
9.826000e-3,1.65846,2058
9.828000e-3,1.66168,2062
9.830000e-3,1.65846,2058
9.832000e-3,1.64234,2038
9.834000e-3,1.65443,2053
9.836000e-3,1.66007,2060
9.838000e-3,1.64396,2040
9.840000e-3,1.65201,2050
9.842000e-3,1.67619,2080
9.844000e-3,1.65363,2052
9.846000e-3,1.66249,2063
9.848000e-3,1.66168,2062
9.850000e-3,1.65766,2057
9.852000e-3,1.64799,2045
9.854000e-3,1.65604,2055
9.856000e-3,1.65766,2057
9.858000e-3,1.64637,2043
9.860000e-3,1.65121,2049
9.862000e-3,1.66007,2060
9.864000e-3,1.65040,2048
9.866000e-3,1.65040,2048
9.868000e-3,1.66330,2064
9.870000e-3,1.65524,2054
9.872000e-3,1.65121,2049
9.874000e-3,1.66088,2061
9.876000e-3,1.65524,2054
9.878000e-3,1.64637,2043
9.880000e-3,1.65524,2054
9.882000e-3,1.65766,2057
9.884000e-3,1.64557,2042
9.886000e-3,1.65040,2048
9.888000e-3,1.66571,2067
9.890000e-3,1.65201,2050
9.892000e-3,1.65121,2049
9.894000e-3,1.66410,2065
9.896000e-3,1.66007,2060
9.898000e-3,1.65363,2052
9.900000e-3,1.65846,2058
9.902000e-3,1.65201,2050
9.904000e-3,1.64637,2043
9.906000e-3,1.65201,2050
9.908000e-3,1.66249,2063
9.910000e-3,1.65443,2053
9.912000e-3,1.65282,2051
9.914000e-3,1.66168,2062
9.916000e-3,1.65927,2059
9.918000e-3,1.65040,2048
9.920000e-3,1.65604,2055
9.922000e-3,1.65766,2057
9.924000e-3,1.64557,2042
9.926000e-3,1.65201,2050
9.928000e-3,1.65846,2058
9.930000e-3,1.65363,2052
9.932000e-3,1.65363,2052
9.934000e-3,1.66491,2066
9.936000e-3,1.65685,2056
9.938000e-3,1.65201,2050
9.940000e-3,1.65927,2059
9.942000e-3,1.65201,2050
9.944000e-3,1.64234,2038
9.946000e-3,1.65685,2056
9.948000e-3,1.65685,2056
9.950000e-3,1.65040,2048
9.952000e-3,1.65040,2048
9.954000e-3,1.67458,2078
9.956000e-3,1.65524,2054
9.958000e-3,1.64557,2042
9.960000e-3,1.66571,2067
9.962000e-3,1.65766,2057
9.964000e-3,1.65201,2050
9.966000e-3,1.66088,2061
9.968000e-3,1.65766,2057
9.970000e-3,1.64315,2039
9.972000e-3,1.65443,2053
9.974000e-3,1.65846,2058
9.976000e-3,1.65121,2049
9.978000e-3,1.65524,2054
9.980000e-3,1.65846,2058
9.982000e-3,1.65524,2054
9.984000e-3,1.64234,2038
9.986000e-3,1.65927,2059
9.988000e-3,1.65927,2059
9.990000e-3,1.65040,2048
9.992000e-3,1.65363,2052
9.994000e-3,1.66330,2064
9.996000e-3,1.65685,2056
9.998000e-3,1.65282,2051
1.000000e-2,1.66330,2064
1.000200e-2,1.66088,2061
1.000400e-2,1.64396,2040
1.000600e-2,1.65766,2057
1.000800e-2,1.65685,2056
1.001000e-2,1.65201,2050
1.001200e-2,1.65040,2048
1.001400e-2,1.66974,2072
1.001600e-2,1.65363,2052
1.001800e-2,1.65524,2054
1.002000e-2,1.65685,2056
1.002200e-2,1.65927,2059
1.002400e-2,1.64718,2044
1.002600e-2,1.65040,2048
1.002800e-2,1.66007,2060
1.003000e-2,1.65363,2052
1.003200e-2,1.65040,2048
1.003400e-2,1.66088,2061
1.003600e-2,1.65766,2057
1.003800e-2,1.64396,2040
1.004000e-2,1.65846,2058
1.004200e-2,1.65685,2056
1.004400e-2,1.64799,2045
1.004600e-2,1.65443,2053
1.004800e-2,1.66410,2065
1.005000e-2,1.66007,2060
1.005200e-2,1.65363,2052
1.005400e-2,1.66410,2065
1.005600e-2,1.66088,2061
1.005800e-2,1.64476,2041
1.006000e-2,1.65443,2053
1.006200e-2,1.65766,2057
1.006400e-2,1.65282,2051
1.006600e-2,1.65363,2052
1.006800e-2,1.66571,2067
1.007000e-2,1.65685,2056
1.007200e-2,1.64960,2047
1.007400e-2,1.65524,2054
1.007600e-2,1.65766,2057
1.007800e-2,1.64396,2040
1.008000e-2,1.65363,2052
1.008200e-2,1.65927,2059
1.008400e-2,1.65282,2051
1.008600e-2,1.65040,2048
1.008800e-2,1.66733,2069
1.009000e-2,1.65524,2054
1.009200e-2,1.64718,2044
1.009400e-2,1.65846,2058
1.009600e-2,1.65201,2050
1.009800e-2,1.64557,2042
1.010000e-2,1.65524,2054
1.010200e-2,1.65766,2057
1.010400e-2,1.65282,2051
1.010600e-2,1.65363,2052
1.010800e-2,1.66007,2060
1.011000e-2,1.65766,2057
1.011200e-2,1.65766,2057
1.011400e-2,1.66168,2062
1.011600e-2,1.65846,2058
1.011800e-2,1.64637,2043
1.012000e-2,1.65524,2054
1.012200e-2,1.65927,2059
1.012400e-2,1.65363,2052
1.012600e-2,1.66330,2064
1.012800e-2,1.66491,2066
1.013000e-2,1.65846,2058
1.013200e-2,1.65766,2057
1.013400e-2,1.65927,2059
1.013600e-2,1.65201,2050
1.013800e-2,1.64073,2036
1.014000e-2,1.65282,2051
1.014200e-2,1.66007,2060
1.014400e-2,1.65040,2048
1.014600e-2,1.65363,2052
1.014800e-2,1.66491,2066
1.015000e-2,1.66330,2064
1.015200e-2,1.64718,2044
1.015400e-2,1.65846,2058
1.015600e-2,1.65927,2059
1.015800e-2,1.64396,2040
1.016000e-2,1.65524,2054
1.016200e-2,1.65121,2049
1.016400e-2,1.64799,2045
1.016600e-2,1.65282,2051
1.016800e-2,1.66330,2064
1.017000e-2,1.65040,2048
1.017200e-2,1.65443,2053
1.017400e-2,1.66088,2061
1.017600e-2,1.65363,2052
1.017800e-2,1.64396,2040
1.018000e-2,1.65927,2059
1.018200e-2,1.66007,2060
1.018400e-2,1.64960,2047
1.018600e-2,1.65121,2049
1.018800e-2,1.66894,2071
1.019000e-2,1.65363,2052
1.019200e-2,1.65443,2053
1.019400e-2,1.65524,2054
1.019600e-2,1.65927,2059
1.019800e-2,1.65282,2051
1.020000e-2,1.65604,2055
1.020200e-2,1.65685,2056
1.020400e-2,1.65121,2049
1.020600e-2,1.65040,2048
1.020800e-2,1.66813,2070
1.021000e-2,1.65524,2054
1.021200e-2,1.64234,2038
1.021400e-2,1.66249,2063
1.021600e-2,1.65604,2055
1.021800e-2,1.64154,2037
1.022000e-2,1.64799,2045
1.022200e-2,1.66088,2061
1.022400e-2,1.64637,2043
1.022600e-2,1.65363,2052
1.022800e-2,1.67055,2073
1.023000e-2,1.65766,2057
1.023200e-2,1.65040,2048
1.023400e-2,1.66410,2065
1.023600e-2,1.66571,2067
1.023800e-2,1.65604,2055
1.024000e-2,1.66491,2066
1.024200e-2,1.66088,2061
1.024400e-2,1.64557,2042
1.024600e-2,1.65443,2053
1.024800e-2,1.65846,2058
1.025000e-2,1.65201,2050
1.025200e-2,1.65040,2048
1.025400e-2,1.66330,2064
1.025600e-2,1.65363,2052
1.025800e-2,1.65201,2050
1.026000e-2,1.65685,2056
1.026200e-2,1.65363,2052
1.026400e-2,1.64234,2038
1.026600e-2,1.65040,2048
1.026800e-2,1.66249,2063
1.027000e-2,1.65766,2057
1.027200e-2,1.65201,2050
1.027400e-2,1.66330,2064
1.027600e-2,1.65766,2057
1.027800e-2,1.64476,2041
1.028000e-2,1.65443,2053
1.028200e-2,1.66007,2060
1.028400e-2,1.64960,2047
1.028600e-2,1.64799,2045
1.028800e-2,1.66410,2065
1.029000e-2,1.65363,2052
1.029200e-2,1.64799,2045
1.029400e-2,1.66088,2061
1.029600e-2,1.66088,2061
1.029800e-2,1.64396,2040
1.030000e-2,1.65524,2054
1.030200e-2,1.66007,2060
1.030400e-2,1.64960,2047
1.030600e-2,1.65121,2049
1.030800e-2,1.66652,2068
1.031000e-2,1.65040,2048
1.031200e-2,1.65040,2048
1.031400e-2,1.65443,2053
1.031600e-2,1.65927,2059
1.031800e-2,1.64234,2038
1.032000e-2,1.65604,2055
1.032200e-2,1.65685,2056
1.032400e-2,1.64799,2045
1.032600e-2,1.65201,2050
1.032800e-2,1.66088,2061
1.033000e-2,1.65040,2048
1.033200e-2,1.64960,2047
1.033400e-2,1.66571,2067
1.033600e-2,1.65766,2057
1.033800e-2,1.65604,2055
1.034000e-2,1.66088,2061
1.034200e-2,1.66088,2061
1.034400e-2,1.64557,2042
1.034600e-2,1.65604,2055
1.034800e-2,1.66007,2060
1.035000e-2,1.64879,2046
1.035200e-2,1.65685,2056
1.035400e-2,1.65846,2058
1.035600e-2,1.65040,2048
1.035800e-2,1.65604,2055
1.036000e-2,1.66571,2067
1.036200e-2,1.65846,2058
1.036400e-2,1.65201,2050
1.036600e-2,1.66330,2064
1.036800e-2,1.65766,2057
1.037000e-2,1.64234,2038
1.037200e-2,1.65604,2055
1.037400e-2,1.66088,2061
1.037600e-2,1.64476,2041
1.037800e-2,1.64718,2044
1.038000e-2,1.65927,2059
1.038200e-2,1.65040,2048
1.038400e-2,1.65040,2048
1.038600e-2,1.67055,2073
1.038800e-2,1.65685,2056
1.039000e-2,1.65201,2050
1.039200e-2,1.65846,2058
1.039400e-2,1.65766,2057
1.039600e-2,1.64476,2041
1.039800e-2,1.65363,2052
1.040000e-2,1.66652,2068
1.040200e-2,1.65363,2052
1.040400e-2,1.65443,2053
1.040600e-2,1.66330,2064
1.040800e-2,1.65604,2055
1.041000e-2,1.65121,2049
1.041200e-2,1.65766,2057
1.041400e-2,1.65927,2059
1.041600e-2,1.64557,2042
1.041800e-2,1.65282,2051
1.042000e-2,1.66088,2061
1.042200e-2,1.65201,2050
1.042400e-2,1.64960,2047
1.042600e-2,1.66088,2061
1.042800e-2,1.65524,2054
1.043000e-2,1.65121,2049
1.043200e-2,1.66410,2065
1.043400e-2,1.65685,2056
1.043600e-2,1.64637,2043
1.043800e-2,1.65443,2053
1.044000e-2,1.65927,2059
1.044200e-2,1.65040,2048
1.044400e-2,1.65040,2048
1.044600e-2,1.66894,2071
1.044800e-2,1.65363,2052
1.045000e-2,1.65201,2050
1.045200e-2,1.66410,2065
1.045400e-2,1.65927,2059
1.045600e-2,1.64154,2037
1.045800e-2,1.65927,2059
1.046000e-2,1.65524,2054
1.046200e-2,1.64476,2041
1.046400e-2,1.65524,2054
1.046600e-2,1.66007,2060
1.046800e-2,1.65201,2050
1.047000e-2,1.64718,2044
1.047200e-2,1.66733,2069
1.047400e-2,1.65846,2058
1.047600e-2,1.65121,2049
1.047800e-2,1.66007,2060
1.048000e-2,1.65766,2057
1.048200e-2,1.64879,2046
1.048400e-2,1.65121,2049
1.048600e-2,1.65846,2058
1.048800e-2,1.64718,2044
1.049000e-2,1.65121,2049
1.049200e-2,1.66330,2064
1.049400e-2,1.65685,2056
1.049600e-2,1.64476,2041
1.049800e-2,1.65443,2053
1.050000e-2,1.65524,2054
1.050200e-2,1.64557,2042
1.050400e-2,1.65363,2052
1.050600e-2,1.66652,2068
1.050800e-2,1.65443,2053
1.051000e-2,1.65363,2052
1.051200e-2,1.66410,2065
1.051400e-2,1.65927,2059
1.051600e-2,1.63993,2035
1.051800e-2,1.65685,2056
1.052000e-2,1.65443,2053
1.052200e-2,1.65121,2049
1.052400e-2,1.65121,2049
1.052600e-2,1.66652,2068
1.052800e-2,1.65846,2058
1.053000e-2,1.65685,2056
1.053200e-2,1.66088,2061
1.053400e-2,1.65846,2058
1.053600e-2,1.64476,2041
1.053800e-2,1.65443,2053
1.054000e-2,1.65846,2058
1.054200e-2,1.64396,2040
1.054400e-2,1.65363,2052
1.054600e-2,1.66410,2065
1.054800e-2,1.65443,2053
1.055000e-2,1.65040,2048
1.055200e-2,1.66813,2070
1.055400e-2,1.65363,2052
1.055600e-2,1.65121,2049
1.055800e-2,1.65846,2058
1.056000e-2,1.65685,2056
1.056200e-2,1.65443,2053
1.056400e-2,1.64718,2044
1.056600e-2,1.66088,2061
1.056800e-2,1.65443,2053
1.057000e-2,1.65282,2051
1.057200e-2,1.66813,2070
1.057400e-2,1.65927,2059
1.057600e-2,1.65685,2056
1.057800e-2,1.66007,2060
1.058000e-2,1.65927,2059
1.058200e-2,1.64718,2044
1.058400e-2,1.65443,2053
1.058600e-2,1.66088,2061
1.058800e-2,1.64718,2044
1.059000e-2,1.65282,2051
1.059200e-2,1.66330,2064
1.059400e-2,1.65846,2058
1.059600e-2,1.65040,2048
1.059800e-2,1.65927,2059
1.060000e-2,1.65604,2055
1.060200e-2,1.65201,2050
1.060400e-2,1.65121,2049
1.060600e-2,1.66330,2064
1.060800e-2,1.65201,2050
1.061000e-2,1.65363,2052
1.061200e-2,1.65524,2054
1.061400e-2,1.65524,2054
1.061600e-2,1.65040,2048
1.061800e-2,1.65443,2053
1.062000e-2,1.65927,2059
1.062200e-2,1.64315,2039
1.062400e-2,1.65363,2052
1.062600e-2,1.65766,2057
1.062800e-2,1.65201,2050
1.063000e-2,1.65363,2052
1.063200e-2,1.66571,2067
1.063400e-2,1.65766,2057
1.063600e-2,1.64960,2047
1.063800e-2,1.65604,2055
1.064000e-2,1.65766,2057
1.064200e-2,1.65604,2055
1.064400e-2,1.65443,2053
1.064600e-2,1.66974,2072
1.064800e-2,1.65524,2054
1.065000e-2,1.65040,2048
1.065200e-2,1.66410,2065
1.065400e-2,1.65524,2054
1.065600e-2,1.63429,2028
1.065800e-2,1.65282,2051
1.066000e-2,1.65846,2058
1.066200e-2,1.64637,2043
1.066400e-2,1.65040,2048
1.066600e-2,1.66652,2068
1.066800e-2,1.65524,2054
1.067000e-2,1.65040,2048
1.067200e-2,1.65846,2058
1.067400e-2,1.65846,2058
1.067600e-2,1.63590,2030
1.067800e-2,1.65363,2052
1.068000e-2,1.65766,2057
1.068200e-2,1.65121,2049
1.068400e-2,1.65121,2049
1.068600e-2,1.66733,2069
1.068800e-2,1.65282,2051
1.069000e-2,1.65443,2053
1.069200e-2,1.66249,2063
1.069400e-2,1.66007,2060
1.069600e-2,1.64396,2040
1.069800e-2,1.65766,2057
1.070000e-2,1.66088,2061
1.070200e-2,1.65121,2049
1.070400e-2,1.65040,2048
1.070600e-2,1.66491,2066
1.070800e-2,1.65443,2053
1.071000e-2,1.64879,2046
1.071200e-2,1.65604,2055
1.071400e-2,1.65846,2058
1.071600e-2,1.64637,2043
1.071800e-2,1.65040,2048
1.072000e-2,1.66571,2067
1.072200e-2,1.65604,2055
1.072400e-2,1.65040,2048
1.072600e-2,1.66088,2061
1.072800e-2,1.65766,2057
1.073000e-2,1.64234,2038
1.073200e-2,1.66007,2060
1.073400e-2,1.65685,2056
1.073600e-2,1.65121,2049
1.073800e-2,1.65040,2048
1.074000e-2,1.66652,2068
1.074200e-2,1.65040,2048
1.074400e-2,1.65282,2051
1.074600e-2,1.66249,2063
1.074800e-2,1.65685,2056
1.075000e-2,1.64315,2039
1.075200e-2,1.65604,2055
1.075400e-2,1.65846,2058
1.075600e-2,1.64396,2040
1.075800e-2,1.65040,2048
1.076000e-2,1.66571,2067
1.076200e-2,1.65685,2056
1.076400e-2,1.65443,2053
1.076600e-2,1.65363,2052
1.076800e-2,1.65524,2054
1.077000e-2,1.64154,2037
1.077200e-2,1.65363,2052
1.077400e-2,1.65443,2053
1.077600e-2,1.65040,2048
1.077800e-2,1.64879,2046
1.078000e-2,1.66733,2069
1.078200e-2,1.65363,2052
1.078400e-2,1.65282,2051
1.078600e-2,1.65685,2056
1.078800e-2,1.65846,2058
1.079000e-2,1.64396,2040
1.079200e-2,1.65363,2052
1.079400e-2,1.65846,2058
1.079600e-2,1.65846,2058
1.079800e-2,1.65040,2048
1.080000e-2,1.66652,2068
1.080200e-2,1.65846,2058
1.080400e-2,1.64234,2038
1.080600e-2,1.66168,2062
1.080800e-2,1.64960,2047
1.081000e-2,1.64637,2043
1.081200e-2,1.65443,2053
1.081400e-2,1.65927,2059
1.081600e-2,1.65121,2049
1.081800e-2,1.64396,2040
1.082000e-2,1.66007,2060
1.082200e-2,1.65524,2054
1.082400e-2,1.64879,2046
1.082600e-2,1.66330,2064
1.082800e-2,1.65524,2054
1.083000e-2,1.64476,2041
1.083200e-2,1.65685,2056
1.083400e-2,1.66330,2064
1.083600e-2,1.65040,2048
1.083800e-2,1.65282,2051
1.084000e-2,1.66330,2064
1.084200e-2,1.65604,2055
1.084400e-2,1.64799,2045
1.084600e-2,1.66330,2064
1.084800e-2,1.65685,2056
1.085000e-2,1.64396,2040
1.085200e-2,1.65685,2056
1.085400e-2,1.65846,2058
1.085600e-2,1.64718,2044
1.085800e-2,1.65282,2051
1.086000e-2,1.66410,2065
1.086200e-2,1.65282,2051
1.086400e-2,1.65443,2053
1.086600e-2,1.66330,2064
1.086800e-2,1.65927,2059
1.087000e-2,1.64799,2045
1.087200e-2,1.65685,2056
1.087400e-2,1.66652,2068
1.087600e-2,1.64960,2047
1.087800e-2,1.65363,2052
1.088000e-2,1.66733,2069
1.088200e-2,1.65363,2052
1.088400e-2,1.65282,2051
1.088600e-2,1.66168,2062
1.088800e-2,1.66410,2065
1.089000e-2,1.63912,2034
1.089200e-2,1.65524,2054
1.089400e-2,1.65685,2056
1.089600e-2,1.65040,2048
1.089800e-2,1.65040,2048
1.090000e-2,1.66813,2070
1.090200e-2,1.65363,2052
1.090400e-2,1.65201,2050
1.090600e-2,1.66168,2062
1.090800e-2,1.65685,2056
1.091000e-2,1.64637,2043
1.091200e-2,1.65363,2052
1.091400e-2,1.65766,2057
1.091600e-2,1.64557,2042
1.091800e-2,1.65363,2052
1.092000e-2,1.66894,2071
1.092200e-2,1.65927,2059
1.092400e-2,1.64476,2041
1.092600e-2,1.66571,2067
1.092800e-2,1.65927,2059
1.093000e-2,1.64960,2047
1.093200e-2,1.65282,2051
1.093400e-2,1.66249,2063
1.093600e-2,1.66330,2064
1.093800e-2,1.65443,2053
1.094000e-2,1.66007,2060
1.094200e-2,1.66007,2060
1.094400e-2,1.64234,2038
1.094600e-2,1.65685,2056
1.094800e-2,1.65685,2056
1.095000e-2,1.64799,2045
1.095200e-2,1.65040,2048
1.095400e-2,1.66733,2069
1.095600e-2,1.65443,2053
1.095800e-2,1.65363,2052
1.096000e-2,1.65927,2059
1.096200e-2,1.65846,2058
1.096400e-2,1.64396,2040
1.096600e-2,1.65201,2050
1.096800e-2,1.66007,2060
1.097000e-2,1.65201,2050
1.097200e-2,1.65121,2049
1.097400e-2,1.66410,2065
1.097600e-2,1.65604,2055
1.097800e-2,1.64960,2047
1.098000e-2,1.66168,2062
1.098200e-2,1.65927,2059
1.098400e-2,1.64396,2040
1.098600e-2,1.65363,2052
1.098800e-2,1.66007,2060
1.099000e-2,1.65121,2049
1.099200e-2,1.64396,2040
1.099400e-2,1.66168,2062
1.099600e-2,1.65524,2054
1.099800e-2,1.64476,2041
1.100000e-2,1.65363,2052
1.100200e-2,1.65121,2049
1.100400e-2,1.65040,2048
1.100600e-2,1.65363,2052
1.100800e-2,1.66410,2065
1.101000e-2,1.65363,2052
1.101200e-2,1.64960,2047
1.101400e-2,1.66330,2064
1.101600e-2,1.66007,2060
1.101800e-2,1.64879,2046
1.102000e-2,1.66168,2062
1.102200e-2,1.65846,2058
1.102400e-2,1.65282,2051
1.102600e-2,1.65282,2051
1.102800e-2,1.66330,2064
1.103000e-2,1.65201,2050
1.103200e-2,1.65443,2053
1.103400e-2,1.66330,2064
1.103600e-2,1.65927,2059
1.103800e-2,1.65040,2048
1.104000e-2,1.65846,2058
1.104200e-2,1.65363,2052
1.104400e-2,1.64799,2045
1.104600e-2,1.65524,2054
1.104800e-2,1.66088,2061
1.105000e-2,1.65040,2048
1.105200e-2,1.65121,2049
1.105400e-2,1.66088,2061
1.105600e-2,1.66330,2064
1.105800e-2,1.64234,2038
1.106000e-2,1.65766,2057
1.106200e-2,1.65685,2056
1.106400e-2,1.64396,2040
1.106600e-2,1.65282,2051
1.106800e-2,1.66249,2063
1.107000e-2,1.65363,2052
1.107200e-2,1.65201,2050
1.107400e-2,1.65201,2050
1.107600e-2,1.65121,2049
1.107800e-2,1.65121,2049
1.108000e-2,1.65766,2057
1.108200e-2,1.66088,2061
1.108400e-2,1.63751,2032
1.108600e-2,1.65363,2052
1.108800e-2,1.66652,2068
1.109000e-2,1.65443,2053
1.109200e-2,1.65040,2048
1.109400e-2,1.66813,2070
1.109600e-2,1.65524,2054
1.109800e-2,1.64073,2036
1.110000e-2,1.65282,2051
1.110200e-2,1.65846,2058
1.110400e-2,1.64557,2042
1.110600e-2,1.65685,2056
1.110800e-2,1.66330,2064
1.111000e-2,1.65443,2053
1.111200e-2,1.65040,2048
1.111400e-2,1.66249,2063
1.111600e-2,1.65685,2056
1.111800e-2,1.64637,2043
1.112000e-2,1.65766,2057
1.112200e-2,1.65927,2059
1.112400e-2,1.64637,2043
1.112600e-2,1.65363,2052
1.112800e-2,1.66410,2065
1.113000e-2,1.64960,2047
1.113200e-2,1.65282,2051
1.113400e-2,1.65766,2057
1.113600e-2,1.65846,2058
1.113800e-2,1.64557,2042
1.114000e-2,1.65766,2057
1.114200e-2,1.65927,2059
1.114400e-2,1.64154,2037
1.114600e-2,1.65846,2058
1.114800e-2,1.66813,2070
1.115000e-2,1.65685,2056
1.115200e-2,1.65282,2051
1.115400e-2,1.66007,2060
1.115600e-2,1.65846,2058
1.115800e-2,1.64315,2039
1.116000e-2,1.65524,2054
1.116200e-2,1.65766,2057
1.116400e-2,1.64637,2043
1.116600e-2,1.65040,2048
1.116800e-2,1.67538,2079
1.117000e-2,1.65443,2053
1.117200e-2,1.65040,2048
1.117400e-2,1.65766,2057
1.117600e-2,1.65685,2056
1.117800e-2,1.64396,2040
1.118000e-2,1.66330,2064
1.118200e-2,1.66088,2061
1.118400e-2,1.64879,2046
1.118600e-2,1.65201,2050
1.118800e-2,1.67458,2078
1.119000e-2,1.65927,2059
1.119200e-2,1.65363,2052
1.119400e-2,1.65927,2059
1.119600e-2,1.65846,2058
1.119800e-2,1.64637,2043
1.120000e-2,1.65363,2052
1.120200e-2,1.66571,2067
1.120400e-2,1.65443,2053
1.120600e-2,1.65282,2051
1.120800e-2,1.66330,2064
1.121000e-2,1.66007,2060
1.121200e-2,1.64476,2041
1.121400e-2,1.65282,2051
1.121600e-2,1.65685,2056
1.121800e-2,1.64718,2044
1.122000e-2,1.65121,2049
1.122200e-2,1.66733,2069
1.122400e-2,1.65201,2050
1.122600e-2,1.65121,2049
1.122800e-2,1.66168,2062
1.123000e-2,1.65766,2057
1.123200e-2,1.64476,2041
1.123400e-2,1.65282,2051
1.123600e-2,1.66007,2060
1.123800e-2,1.64557,2042
1.124000e-2,1.65201,2050
1.124200e-2,1.66652,2068
1.124400e-2,1.65524,2054
1.124600e-2,1.64476,2041
1.124800e-2,1.66249,2063
1.125000e-2,1.65766,2057
1.125200e-2,1.64637,2043
1.125400e-2,1.65443,2053
1.125600e-2,1.65927,2059
1.125800e-2,1.65282,2051
1.126000e-2,1.64960,2047
1.126200e-2,1.66652,2068
1.126400e-2,1.65927,2059
1.126600e-2,1.64879,2046
1.126800e-2,1.66007,2060
1.127000e-2,1.65766,2057
1.127200e-2,1.64476,2041
1.127400e-2,1.65363,2052
1.127600e-2,1.65927,2059
1.127800e-2,1.64557,2042
1.128000e-2,1.65121,2049
1.128200e-2,1.66491,2066
1.128400e-2,1.65524,2054
1.128600e-2,1.65201,2050
1.128800e-2,1.65201,2050
1.129000e-2,1.65524,2054
1.129200e-2,1.63751,2032
1.129400e-2,1.65685,2056
1.129600e-2,1.65846,2058
1.129800e-2,1.64879,2046
1.130000e-2,1.65363,2052
1.130200e-2,1.66410,2065
1.130400e-2,1.65443,2053
1.130600e-2,1.65363,2052
1.130800e-2,1.67055,2073
1.131000e-2,1.65766,2057
1.131200e-2,1.64396,2040
1.131400e-2,1.66007,2060
1.131600e-2,1.65685,2056
1.131800e-2,1.64960,2047
1.132000e-2,1.65282,2051
1.132200e-2,1.66733,2069
1.132400e-2,1.65040,2048
1.132600e-2,1.65282,2051
1.132800e-2,1.66007,2060
1.133000e-2,1.65685,2056
1.133200e-2,1.63912,2034
1.133400e-2,1.65524,2054
1.133600e-2,1.65846,2058
1.133800e-2,1.64960,2047
1.134000e-2,1.65040,2048
1.134200e-2,1.66733,2069
1.134400e-2,1.65363,2052
1.134600e-2,1.64637,2043
1.134800e-2,1.65846,2058
1.135000e-2,1.65524,2054
1.135200e-2,1.64476,2041
1.135400e-2,1.65363,2052
1.135600e-2,1.65766,2057
1.135800e-2,1.64234,2038
1.136000e-2,1.65443,2053
1.136200e-2,1.66410,2065
1.136400e-2,1.65524,2054
1.136600e-2,1.65685,2056
1.136800e-2,1.66491,2066
1.137000e-2,1.65685,2056
1.137200e-2,1.64960,2047
1.137400e-2,1.66249,2063
1.137600e-2,1.66088,2061
1.137800e-2,1.65363,2052
1.138000e-2,1.65604,2055
1.138200e-2,1.65685,2056
1.138400e-2,1.65201,2050
1.138600e-2,1.65040,2048
1.138800e-2,1.66733,2069
1.139000e-2,1.65363,2052
1.139200e-2,1.65040,2048
1.139400e-2,1.66007,2060
1.139600e-2,1.65927,2059
1.139800e-2,1.64234,2038
1.140000e-2,1.65846,2058
1.140200e-2,1.65766,2057
1.140400e-2,1.64879,2046
1.140600e-2,1.65201,2050
1.140800e-2,1.66330,2064
1.141000e-2,1.65363,2052
1.141200e-2,1.64557,2042
1.141400e-2,1.66652,2068
1.141600e-2,1.65443,2053
1.141800e-2,1.65121,2049
1.142000e-2,1.66330,2064
1.142200e-2,1.65846,2058
1.142400e-2,1.64476,2041
1.142600e-2,1.65766,2057
1.142800e-2,1.65766,2057
1.143000e-2,1.64960,2047
1.143200e-2,1.65040,2048
1.143400e-2,1.66974,2072
1.143600e-2,1.65685,2056
1.143800e-2,1.65282,2051
1.144000e-2,1.66007,2060
1.144200e-2,1.66088,2061
1.144400e-2,1.64234,2038
1.144600e-2,1.65443,2053
1.144800e-2,1.64718,2044
1.145000e-2,1.64960,2047
1.145200e-2,1.65040,2048
1.145400e-2,1.66733,2069
1.145600e-2,1.65121,2049
1.145800e-2,1.66007,2060
1.146000e-2,1.66007,2060
1.146200e-2,1.65927,2059
1.146400e-2,1.64315,2039
1.146600e-2,1.65201,2050
1.146800e-2,1.65927,2059
1.147000e-2,1.64879,2046
1.147200e-2,1.65121,2049
1.147400e-2,1.66733,2069
1.147600e-2,1.65685,2056
1.147800e-2,1.65121,2049
1.148000e-2,1.66168,2062
1.148200e-2,1.66007,2060
1.148400e-2,1.64476,2041
1.148600e-2,1.65363,2052
1.148800e-2,1.65604,2055
1.149000e-2,1.65282,2051
1.149200e-2,1.64960,2047
1.149400e-2,1.66330,2064
1.149600e-2,1.65846,2058
1.149800e-2,1.65040,2048
1.150000e-2,1.65927,2059
1.150200e-2,1.65685,2056
1.150400e-2,1.64799,2045
1.150600e-2,1.65040,2048
1.150800e-2,1.66168,2062
1.151000e-2,1.65201,2050
1.151200e-2,1.65363,2052
1.151400e-2,1.66007,2060
1.151600e-2,1.65846,2058
1.151800e-2,1.64557,2042
1.152000e-2,1.65282,2051
1.152200e-2,1.65846,2058
1.152400e-2,1.64637,2043
1.152600e-2,1.65282,2051
1.152800e-2,1.66652,2068
1.153000e-2,1.65443,2053
1.153200e-2,1.65363,2052
1.153400e-2,1.66249,2063
1.153600e-2,1.65927,2059
1.153800e-2,1.64637,2043
1.154000e-2,1.65604,2055
1.154200e-2,1.65927,2059
1.154400e-2,1.64960,2047
1.154600e-2,1.65121,2049
1.154800e-2,1.66491,2066
1.155000e-2,1.65766,2057
1.155200e-2,1.65121,2049
1.155400e-2,1.66007,2060
1.155600e-2,1.65685,2056
1.155800e-2,1.64637,2043
1.156000e-2,1.65363,2052
1.156200e-2,1.66571,2067
1.156400e-2,1.64557,2042
1.156600e-2,1.65363,2052
1.156800e-2,1.66571,2067
1.157000e-2,1.66330,2064
1.157200e-2,1.65121,2049
1.157400e-2,1.66088,2061
1.157600e-2,1.65685,2056
1.157800e-2,1.64315,2039
1.158000e-2,1.65282,2051
1.158200e-2,1.65604,2055
1.158400e-2,1.65282,2051
1.158600e-2,1.65040,2048
1.158800e-2,1.66249,2063
1.159000e-2,1.65443,2053
1.159200e-2,1.65282,2051
1.159400e-2,1.65524,2054
1.159600e-2,1.65927,2059
1.159800e-2,1.64396,2040
1.160000e-2,1.65363,2052
1.160200e-2,1.66330,2064
1.160400e-2,1.65363,2052
1.160600e-2,1.65282,2051
1.160800e-2,1.66330,2064
1.161000e-2,1.65685,2056
1.161200e-2,1.64960,2047
1.161400e-2,1.65524,2054
1.161600e-2,1.65927,2059
1.161800e-2,1.64557,2042
1.162000e-2,1.65201,2050
1.162200e-2,1.66330,2064
1.162400e-2,1.65121,2049
1.162600e-2,1.65040,2048
1.162800e-2,1.66491,2066
1.163000e-2,1.65685,2056
1.163200e-2,1.65201,2050
1.163400e-2,1.66007,2060
1.163600e-2,1.65685,2056
1.163800e-2,1.64315,2039
1.164000e-2,1.65201,2050
1.164200e-2,1.65846,2058
1.164400e-2,1.64879,2046
1.164600e-2,1.65040,2048
1.164800e-2,1.66652,2068
1.165000e-2,1.64637,2043
1.165200e-2,1.65363,2052
1.165400e-2,1.66088,2061
1.165600e-2,1.65927,2059
1.165800e-2,1.64557,2042
1.166000e-2,1.65363,2052
1.166200e-2,1.65766,2057
1.166400e-2,1.65121,2049
1.166600e-2,1.66007,2060
1.166800e-2,1.66652,2068
1.167000e-2,1.65766,2057
1.167200e-2,1.65201,2050
1.167400e-2,1.66894,2071
1.167600e-2,1.65685,2056
1.167800e-2,1.64396,2040
1.168000e-2,1.65040,2048
1.168200e-2,1.65927,2059
1.168400e-2,1.64718,2044
1.168600e-2,1.65282,2051
1.168800e-2,1.66249,2063
1.169000e-2,1.65766,2057
1.169200e-2,1.64718,2044
1.169400e-2,1.65604,2055
1.169600e-2,1.65201,2050
1.169800e-2,1.63912,2034
1.170000e-2,1.65282,2051
1.170200e-2,1.66652,2068
1.170400e-2,1.65040,2048
1.170600e-2,1.65121,2049
1.170800e-2,1.66410,2065
1.171000e-2,1.65443,2053
1.171200e-2,1.64960,2047
1.171400e-2,1.66652,2068
1.171600e-2,1.66088,2061
1.171800e-2,1.64557,2042
1.172000e-2,1.65443,2053
1.172200e-2,1.65927,2059
1.172400e-2,1.64557,2042
1.172600e-2,1.64557,2042
1.172800e-2,1.66491,2066
1.173000e-2,1.65685,2056
1.173200e-2,1.64557,2042
1.173400e-2,1.65363,2052
1.173600e-2,1.65846,2058
1.173800e-2,1.64718,2044
1.174000e-2,1.65846,2058
1.174200e-2,1.66410,2065
1.174400e-2,1.65685,2056
1.174600e-2,1.65040,2048
1.174800e-2,1.65846,2058
1.175000e-2,1.65927,2059
1.175200e-2,1.63993,2035
1.175400e-2,1.65282,2051
1.175600e-2,1.66410,2065
1.175800e-2,1.65524,2054
1.176000e-2,1.65121,2049
1.176200e-2,1.66249,2063
1.176400e-2,1.66088,2061
1.176600e-2,1.64315,2039
1.176800e-2,1.65846,2058
1.177000e-2,1.66249,2063
1.177200e-2,1.65040,2048
1.177400e-2,1.65443,2053
1.177600e-2,1.66652,2068
1.177800e-2,1.64799,2045
1.178000e-2,1.65363,2052
1.178200e-2,1.66249,2063
1.178400e-2,1.65766,2057
1.178600e-2,1.64315,2039
1.178800e-2,1.65282,2051
1.179000e-2,1.65927,2059
1.179200e-2,1.65040,2048
1.179400e-2,1.65121,2049
1.179600e-2,1.65927,2059
1.179800e-2,1.65685,2056
1.180000e-2,1.64315,2039
1.180200e-2,1.66088,2061
1.180400e-2,1.65685,2056
1.180600e-2,1.64234,2038
1.180800e-2,1.65363,2052
1.181000e-2,1.65604,2055
1.181200e-2,1.65040,2048
1.181400e-2,1.64637,2043
1.181600e-2,1.66571,2067
1.181800e-2,1.65201,2050
1.182000e-2,1.65121,2049
1.182200e-2,1.66330,2064
1.182400e-2,1.65927,2059
1.182600e-2,1.63993,2035
1.182800e-2,1.65604,2055
1.183000e-2,1.66652,2068
1.183200e-2,1.64879,2046
1.183400e-2,1.65201,2050
1.183600e-2,1.66733,2069
1.183800e-2,1.65443,2053
1.184000e-2,1.65846,2058
1.184200e-2,1.65040,2048
1.184400e-2,1.66088,2061
1.184600e-2,1.64396,2040
1.184800e-2,1.65524,2054
1.185000e-2,1.65685,2056
1.185200e-2,1.65040,2048
1.185400e-2,1.65040,2048
1.185600e-2,1.64799,2045
1.185800e-2,1.65282,2051
1.186000e-2,1.65201,2050
1.186200e-2,1.66088,2061
1.186400e-2,1.65524,2054
1.186600e-2,1.64315,2039
1.186800e-2,1.65363,2052
1.187000e-2,1.65766,2057
1.187200e-2,1.64557,2042
1.187400e-2,1.65282,2051
1.187600e-2,1.65927,2059
1.187800e-2,1.65443,2053
1.188000e-2,1.65121,2049
1.188200e-2,1.65927,2059
1.188400e-2,1.65363,2052
1.188600e-2,1.64637,2043
1.188800e-2,1.65524,2054
1.189000e-2,1.65927,2059
1.189200e-2,1.64960,2047
1.189400e-2,1.65121,2049
1.189600e-2,1.66652,2068
1.189800e-2,1.65846,2058
1.190000e-2,1.65363,2052
1.190200e-2,1.66168,2062
1.190400e-2,1.65766,2057
1.190600e-2,1.64557,2042
1.190800e-2,1.65363,2052
1.191000e-2,1.65846,2058
1.191200e-2,1.64073,2036
1.191400e-2,1.65201,2050
1.191600e-2,1.66168,2062
1.191800e-2,1.65927,2059
1.192000e-2,1.63751,2032
1.192200e-2,1.65121,2049
1.192400e-2,1.65685,2056
1.192600e-2,1.64960,2047
1.192800e-2,1.65201,2050
1.193000e-2,1.65846,2058
1.193200e-2,1.65282,2051
1.193400e-2,1.64960,2047
1.193600e-2,1.66088,2061
1.193800e-2,1.65766,2057
1.194000e-2,1.64396,2040
1.194200e-2,1.65363,2052
1.194400e-2,1.66088,2061
1.194600e-2,1.64234,2038
1.194800e-2,1.65443,2053
1.195000e-2,1.66491,2066
1.195200e-2,1.65443,2053
1.195400e-2,1.65282,2051
1.195600e-2,1.66168,2062
1.195800e-2,1.65201,2050
1.196000e-2,1.64960,2047
1.196200e-2,1.65604,2055
1.196400e-2,1.65363,2052
1.196600e-2,1.64637,2043
1.196800e-2,1.65443,2053
1.197000e-2,1.66168,2062
1.197200e-2,1.65121,2049
1.197400e-2,1.65040,2048
1.197600e-2,1.66410,2065
1.197800e-2,1.65685,2056
1.198000e-2,1.64718,2044
1.198200e-2,1.65524,2054
1.198400e-2,1.65685,2056
1.198600e-2,1.65040,2048
1.198800e-2,1.64960,2047
1.199000e-2,1.66088,2061
1.199200e-2,1.65040,2048
1.199400e-2,1.65040,2048
1.199600e-2,1.66733,2069
1.199800e-2,1.65685,2056
