# MCU_ADC_CAPTURE: ADC3 sampling PA4 through the A2-A5 jumper, TIM8-triggered, DMA2
# capture 14 mode pulse rate 500000 Hz, vref 3.3 V ASSUMED, window RECT, tap RAW_DAC
# NOT an oscilloscope measurement
time_s,volts,adc_counts
0.000000e+0,1.65846,2058
2.000000e-6,1.66491,2066
4.000000e-6,1.65363,2052
6.000000e-6,1.65846,2058
8.000000e-6,1.65846,2058
1.000000e-5,1.64315,2039
1.200000e-5,1.65604,2055
1.400000e-5,1.65766,2057
1.600000e-5,1.64637,2043
1.800000e-5,1.65282,2051
2.000000e-5,1.66007,2060
2.200000e-5,1.65201,2050
2.400000e-5,1.65201,2050
2.600000e-5,1.66491,2066
2.800000e-5,1.64718,2044
3.000000e-5,1.64879,2046
3.200000e-5,1.65927,2059
3.400000e-5,1.65524,2054
3.600000e-5,1.65121,2049
3.800000e-5,1.66330,2064
4.000000e-5,1.65604,2055
4.200000e-5,1.65201,2050
4.400000e-5,1.66007,2060
4.600000e-5,1.65846,2058
4.800000e-5,1.64396,2040
5.000000e-5,1.65524,2054
5.200000e-5,1.65846,2058
5.400000e-5,1.64557,2042
5.600000e-5,1.65524,2054
5.800000e-5,1.65846,2058
6.000000e-5,1.65040,2048
6.200000e-5,1.65201,2050
6.400000e-5,1.66491,2066
6.600000e-5,1.65282,2051
6.800000e-5,1.65201,2050
7.000000e-5,1.66088,2061
7.200000e-5,1.65846,2058
7.400000e-5,1.65040,2048
7.600000e-5,1.66168,2062
7.800000e-5,1.65685,2056
8.000000e-5,1.65040,2048
8.200000e-5,1.65846,2058
8.400000e-5,1.65846,2058
8.600000e-5,1.64315,2039
8.800000e-5,1.65524,2054
9.000000e-5,1.65846,2058
9.200000e-5,1.64476,2041
9.400000e-5,1.65363,2052
9.600000e-5,1.66007,2060
9.800000e-5,1.65201,2050
1.000000e-4,1.65201,2050
1.020000e-4,1.66733,2069
1.040000e-4,1.65363,2052
1.060000e-4,1.65201,2050
1.080000e-4,1.66168,2062
1.100000e-4,1.65766,2057
1.120000e-4,1.65040,2048
1.140000e-4,1.65927,2059
1.160000e-4,1.65846,2058
1.180000e-4,1.64154,2037
1.200000e-4,1.65524,2054
1.220000e-4,1.65846,2058
1.240000e-4,1.64557,2042
1.260000e-4,1.65524,2054
1.280000e-4,1.65846,2058
1.300000e-4,1.65040,2048
1.320000e-4,1.65524,2054
1.340000e-4,1.66007,2060
1.360000e-4,1.64879,2046
1.380000e-4,1.65201,2050
1.400000e-4,1.66652,2068
1.420000e-4,1.65604,2055
1.440000e-4,1.65201,2050
1.460000e-4,1.66571,2067
1.480000e-4,1.65524,2054
1.500000e-4,1.65201,2050
1.520000e-4,1.66088,2061
1.540000e-4,1.65846,2058
1.560000e-4,1.64799,2045
1.580000e-4,1.65685,2056
1.600000e-4,1.65846,2058
1.620000e-4,1.64396,2040
1.640000e-4,1.65604,2055
1.660000e-4,1.65846,2058
1.680000e-4,1.64879,2046
1.700000e-4,1.65363,2052
1.720000e-4,1.65927,2059
1.740000e-4,1.65040,2048
1.760000e-4,1.65363,2052
1.780000e-4,1.67458,2078
1.800000e-4,1.65846,2058
1.820000e-4,1.65927,2059
1.840000e-4,1.66894,2071
1.860000e-4,1.65524,2054
1.880000e-4,1.65040,2048
1.900000e-4,1.65524,2054
1.920000e-4,1.65604,2055
1.940000e-4,1.64637,2043
1.960000e-4,1.65685,2056
1.980000e-4,1.65846,2058
2.000000e-4,1.64476,2041
2.020000e-4,1.65363,2052
2.040000e-4,1.65846,2058
2.060000e-4,1.64960,2047
2.080000e-4,1.65201,2050
2.100000e-4,1.66571,2067
2.120000e-4,1.65524,2054
2.140000e-4,1.65201,2050
2.160000e-4,1.66491,2066
2.180000e-4,1.65685,2056
2.200000e-4,1.65282,2051
2.220000e-4,1.66007,2060
2.240000e-4,1.65846,2058
2.260000e-4,1.64315,2039
2.280000e-4,1.65685,2056
2.300000e-4,1.66007,2060
2.320000e-4,1.63832,2033
2.340000e-4,1.66007,2060
2.360000e-4,1.65846,2058
2.380000e-4,1.65040,2048
2.400000e-4,1.65201,2050
2.420000e-4,1.66813,2070
2.440000e-4,1.65524,2054
2.460000e-4,1.65282,2051
2.480000e-4,1.66330,2064
2.500000e-4,1.65685,2056
2.520000e-4,1.64718,2044
2.540000e-4,1.65685,2056
2.560000e-4,1.65846,2058
2.580000e-4,1.64637,2043
2.600000e-4,1.65363,2052
2.620000e-4,1.66007,2060
2.640000e-4,1.65201,2050
2.660000e-4,1.65121,2049
2.680000e-4,1.66491,2066
2.700000e-4,1.65685,2056
2.720000e-4,1.65201,2050
2.740000e-4,1.66007,2060
2.760000e-4,1.65846,2058
2.780000e-4,1.64557,2042
2.800000e-4,1.65524,2054
2.820000e-4,1.65846,2058
2.840000e-4,1.64557,2042
2.860000e-4,1.65363,2052
2.880000e-4,1.65846,2058
2.900000e-4,1.64557,2042
2.920000e-4,1.64557,2042
2.940000e-4,1.67055,2073
2.960000e-4,1.65282,2051
2.980000e-4,1.65121,2049
3.000000e-4,1.66813,2070
3.020000e-4,1.77934,2208
3.040000e-4,2.03319,2523
3.060000e-4,2.20081,2731
3.080000e-4,2.21853,2753
3.100000e-4,2.07106,2570
3.120000e-4,1.82447,2264
3.140000e-4,1.52630,1894
3.160000e-4,1.25231,1554
3.180000e-4,1.10161,1367
3.200000e-4,1.10645,1373
3.220000e-4,1.24505,1545
3.240000e-4,1.50374,1866
3.260000e-4,1.81722,2255
3.280000e-4,2.06300,2560
3.300000e-4,2.20564,2737
3.320000e-4,2.21048,2743
3.340000e-4,2.05897,2555
3.360000e-4,1.79304,2225
3.380000e-4,1.49729,1858
3.400000e-4,1.24667,1547
3.420000e-4,1.08872,1351
3.440000e-4,1.10081,1366
3.460000e-4,1.26762,1573
3.480000e-4,1.51824,1884
3.500000e-4,1.82850,2269
3.520000e-4,2.08154,2583
3.540000e-4,2.20967,2742
3.560000e-4,2.19839,2728
3.580000e-4,2.04527,2538
3.600000e-4,1.76645,2192
3.620000e-4,1.46344,1816
3.640000e-4,1.23538,1533
3.660000e-4,1.09114,1354
3.680000e-4,1.11289,1381
3.700000e-4,1.29421,1606
3.720000e-4,1.56176,1938
3.740000e-4,1.84462,2289
3.760000e-4,2.10088,2607
3.780000e-4,2.22418,2760
3.800000e-4,2.18227,2708
3.820000e-4,2.01143,2496
3.840000e-4,1.74388,2164
3.860000e-4,1.43443,1780
3.880000e-4,1.19670,1485
3.900000e-4,1.09114,1354
3.920000e-4,1.12256,1393
3.940000e-4,1.30952,1625
3.960000e-4,1.60608,1993
3.980000e-4,1.88330,2337
4.000000e-4,2.11458,2624
4.020000e-4,2.23546,2774
4.040000e-4,2.18388,2710
4.060000e-4,1.98161,2459
4.080000e-4,1.71084,2123
4.100000e-4,1.41912,1761
4.120000e-4,1.17253,1455
4.140000e-4,1.08469,1346
4.160000e-4,1.14513,1421
4.180000e-4,1.32725,1647
4.200000e-4,1.61253,2001
4.220000e-4,1.91473,2376
4.240000e-4,2.12828,2641
4.260000e-4,2.22176,2757
4.280000e-4,2.17744,2702
4.300000e-4,1.97275,2448
4.320000e-4,1.67619,2080
4.340000e-4,1.39172,1727
4.360000e-4,1.16366,1444
4.380000e-4,1.07260,1331
4.400000e-4,1.15319,1431
4.420000e-4,1.36352,1692
4.440000e-4,1.63670,2031
4.460000e-4,1.93245,2398
4.480000e-4,2.15245,2671
4.500000e-4,2.22821,2765
4.520000e-4,2.15245,2671
4.540000e-4,1.95502,2426
4.560000e-4,1.65201,2050
4.580000e-4,1.36190,1690
4.600000e-4,1.15802,1437
4.620000e-4,1.08469,1346
4.640000e-4,1.16044,1440
4.660000e-4,1.38689,1721
4.680000e-4,1.67941,2084
4.700000e-4,1.95421,2425
4.720000e-4,2.16051,2681
4.740000e-4,2.23223,2770
4.760000e-4,2.14278,2659
4.780000e-4,1.91553,2377
4.800000e-4,1.62703,2019
4.820000e-4,1.33692,1659
4.840000e-4,1.13707,1411
4.860000e-4,1.09114,1354
4.880000e-4,1.18542,1471
4.900000e-4,1.40864,1748
4.920000e-4,1.70601,2117
4.940000e-4,1.98322,2461
4.960000e-4,2.16938,2692
4.980000e-4,2.22982,2767
5.000000e-4,2.12505,2637
5.020000e-4,1.88088,2334
5.040000e-4,1.59641,1981
5.060000e-4,1.31678,1634
5.080000e-4,1.11773,1387
5.100000e-4,1.08791,1350
5.120000e-4,1.20960,1501
5.140000e-4,1.42557,1769
5.160000e-4,1.73018,2147
5.180000e-4,2.01143,2496
5.200000e-4,2.18227,2708
5.220000e-4,2.21853,2753
5.240000e-4,2.11780,2628
5.260000e-4,1.86718,2317
5.280000e-4,1.56498,1942
5.300000e-4,1.29744,1610
5.320000e-4,1.12095,1391
5.340000e-4,1.09355,1357
5.360000e-4,1.22168,1516
5.380000e-4,1.46908,1823
5.400000e-4,1.74791,2169
5.420000e-4,2.03158,2521
5.440000e-4,2.20322,2734
5.460000e-4,2.20886,2741
5.480000e-4,2.09040,2594
5.500000e-4,1.84945,2295
5.520000e-4,1.52952,1898
5.540000e-4,1.26359,1568
5.560000e-4,1.10967,1377
5.580000e-4,1.09194,1355
5.600000e-4,1.23136,1528
5.620000e-4,1.50857,1872
5.640000e-4,1.78821,2219
5.660000e-4,2.04366,2536
5.680000e-4,2.21209,2745
5.700000e-4,2.21289,2746
5.720000e-4,2.06864,2567
5.740000e-4,1.81077,2247
5.760000e-4,1.51179,1876
5.780000e-4,1.23941,1538
5.800000e-4,1.09919,1364
5.820000e-4,1.10484,1371
5.840000e-4,1.23780,1536
5.860000e-4,1.51744,1883
5.880000e-4,1.81802,2256
5.900000e-4,2.05978,2556
5.920000e-4,2.20564,2737
5.940000e-4,2.21289,2746
5.960000e-4,2.04608,2539
5.980000e-4,1.78015,2209
6.000000e-4,1.49487,1855
6.020000e-4,1.22813,1524
6.040000e-4,1.08952,1352
6.060000e-4,1.12498,1396
6.080000e-4,1.27729,1585
6.100000e-4,1.54161,1913
6.120000e-4,1.85267,2299
6.140000e-4,2.08960,2593
6.160000e-4,2.21612,2750
6.180000e-4,2.20645,2738
6.200000e-4,2.03158,2521
6.220000e-4,1.74952,2171
6.240000e-4,1.46344,1816
6.260000e-4,1.21363,1506
6.280000e-4,1.07099,1329
6.300000e-4,1.11934,1389
6.320000e-4,1.30308,1617
6.340000e-4,1.56176,1938
6.360000e-4,1.86234,2311
6.380000e-4,2.11136,2620
6.400000e-4,2.21289,2746
6.420000e-4,2.18147,2707
6.440000e-4,2.01385,2499
6.460000e-4,1.72535,2141
6.480000e-4,1.42234,1765
6.500000e-4,1.19832,1487
6.520000e-4,1.08791,1350
6.540000e-4,1.12740,1399
6.560000e-4,1.32886,1649
6.580000e-4,1.60689,1994
6.600000e-4,1.87766,2330
6.620000e-4,2.12505,2637
6.640000e-4,2.23062,2768
6.660000e-4,2.16374,2685
6.680000e-4,1.97919,2456
6.700000e-4,1.69795,2107
6.720000e-4,1.39656,1733
6.740000e-4,1.17495,1458
6.760000e-4,1.08872,1351
6.780000e-4,1.13868,1413
6.800000e-4,1.34579,1670
6.820000e-4,1.64154,2037
6.840000e-4,1.91875,2381
6.860000e-4,2.13070,2644
6.880000e-4,2.23949,2779
6.900000e-4,2.16293,2684
6.920000e-4,1.95824,2430
6.940000e-4,1.67619,2080
6.960000e-4,1.38044,1713
6.980000e-4,1.16366,1444
7.000000e-4,1.08872,1351
7.020000e-4,1.15399,1432
7.040000e-4,1.36110,1689
7.060000e-4,1.66491,2066
7.080000e-4,1.94293,2411
7.100000e-4,2.14440,2661
7.120000e-4,2.22982,2767
7.140000e-4,2.14842,2666
7.160000e-4,1.92037,2383
7.180000e-4,1.63509,2029
7.200000e-4,1.35465,1681
7.220000e-4,1.13868,1413
7.240000e-4,1.07985,1340
7.260000e-4,1.18059,1465
7.280000e-4,1.38930,1724
7.300000e-4,1.68505,2091
7.320000e-4,1.97597,2452
7.340000e-4,2.17341,2697
7.360000e-4,2.22256,2758
7.380000e-4,2.14117,2657
7.400000e-4,1.90425,2363
7.420000e-4,1.60689,1994
7.440000e-4,1.33370,1655
7.460000e-4,1.13707,1411
7.480000e-4,1.08388,1345
7.500000e-4,1.19751,1486
7.520000e-4,1.42234,1765
7.540000e-4,1.70923,2121
7.560000e-4,2.00337,2486
7.580000e-4,2.18147,2707
7.600000e-4,2.21612,2750
7.620000e-4,2.11458,2624
7.640000e-4,1.88249,2336
7.660000e-4,1.57546,1955
7.680000e-4,1.30549,1620
7.700000e-4,1.12901,1401
7.720000e-4,1.07341,1332
7.740000e-4,1.20476,1495
7.760000e-4,1.44894,1798
7.780000e-4,1.73663,2155
7.800000e-4,2.01465,2500
7.820000e-4,2.19597,2725
7.840000e-4,2.22015,2755
7.860000e-4,2.09604,2601
7.880000e-4,1.86637,2316
7.900000e-4,1.54967,1923
7.920000e-4,1.27568,1583
7.940000e-4,1.12498,1396
7.960000e-4,1.09275,1356
7.980000e-4,1.22168,1516
8.000000e-4,1.48278,1840
8.020000e-4,1.77612,2204
8.040000e-4,2.02674,2515
8.060000e-4,2.20322,2734
8.080000e-4,2.21289,2746
8.100000e-4,2.07026,2569
8.120000e-4,1.82125,2260
8.140000e-4,1.52469,1892
8.160000e-4,1.25231,1554
8.180000e-4,1.09758,1362
8.200000e-4,1.10806,1375
8.220000e-4,1.24344,1543
8.240000e-4,1.50132,1863
8.260000e-4,1.81158,2248
8.280000e-4,2.05978,2556
8.300000e-4,2.20886,2741
8.320000e-4,2.21531,2749
8.340000e-4,2.05978,2556
8.360000e-4,1.78821,2219
8.380000e-4,1.49810,1859
8.400000e-4,1.24586,1546
8.420000e-4,1.08952,1352
8.440000e-4,1.10725,1374
8.460000e-4,1.27810,1586
8.480000e-4,1.52549,1893
8.500000e-4,1.81963,2258
8.520000e-4,2.08073,2582
8.540000e-4,2.21209,2745
8.560000e-4,2.19114,2719
8.580000e-4,2.05253,2547
8.600000e-4,1.76967,2196
8.620000e-4,1.47150,1826
8.640000e-4,1.22733,1523
8.660000e-4,1.09114,1354
8.680000e-4,1.11531,1384
8.700000e-4,1.29502,1607
8.720000e-4,1.56095,1937
8.740000e-4,1.85106,2297
8.760000e-4,2.09927,2605
8.780000e-4,2.22337,2759
8.800000e-4,2.18549,2712
8.820000e-4,2.01868,2505
8.840000e-4,1.74147,2161
8.860000e-4,1.43201,1777
8.880000e-4,1.20073,1490
8.900000e-4,1.08952,1352
8.920000e-4,1.11612,1385
8.940000e-4,1.31194,1628
8.960000e-4,1.59399,1978
8.980000e-4,1.87766,2330
9.000000e-4,2.11136,2620
9.020000e-4,2.23707,2776
9.040000e-4,2.17744,2702
9.060000e-4,1.98886,2468
9.080000e-4,1.72777,2144
9.100000e-4,1.41429,1755
9.120000e-4,1.18300,1468
9.140000e-4,1.09678,1361
9.160000e-4,1.14190,1417
9.180000e-4,1.33209,1653
9.200000e-4,1.63026,2023
9.220000e-4,1.91150,2372
9.240000e-4,2.11700,2627
9.260000e-4,2.22659,2763
9.280000e-4,2.17260,2696
9.300000e-4,1.95179,2422
9.320000e-4,1.68183,2087
9.340000e-4,1.39333,1729
9.360000e-4,1.16850,1450
9.380000e-4,1.07905,1339
9.400000e-4,1.15480,1433
9.420000e-4,1.35385,1680
9.440000e-4,1.63912,2034
9.460000e-4,1.94293,2411
9.480000e-4,2.14520,2662
9.500000e-4,2.22256,2758
9.520000e-4,2.16454,2686
9.540000e-4,1.95179,2422
9.560000e-4,1.64234,2038
9.580000e-4,1.36996,1700
9.600000e-4,1.15560,1434
9.620000e-4,1.07663,1336
9.640000e-4,1.17011,1452
9.660000e-4,1.38527,1719
9.680000e-4,1.66410,2065
9.700000e-4,1.96066,2433
9.720000e-4,2.16454,2686
9.740000e-4,2.21853,2753
9.760000e-4,2.14037,2656
9.780000e-4,1.92117,2384
9.800000e-4,1.61978,2010
9.820000e-4,1.34015,1663
9.840000e-4,1.15158,1429
9.860000e-4,1.07502,1334
9.880000e-4,1.17817,1462
9.900000e-4,1.42073,1763
9.920000e-4,1.70198,2112
9.940000e-4,1.97758,2454
9.960000e-4,2.18630,2713
9.980000e-4,2.22740,2764
1.000000e-3,2.12264,2634
1.002000e-3,1.89458,2351
1.004000e-3,1.59480,1979
1.006000e-3,1.30147,1615
1.008000e-3,1.13143,1404
1.010000e-3,1.08872,1351
1.012000e-3,1.18623,1472
1.014000e-3,1.43846,1785
1.016000e-3,1.73260,2150
1.018000e-3,1.99853,2480
1.020000e-3,2.18066,2706
1.022000e-3,2.22740,2764
1.024000e-3,2.10249,2609
1.026000e-3,1.86234,2311
1.028000e-3,1.57465,1954
1.030000e-3,1.29018,1601
1.032000e-3,1.11531,1384
1.034000e-3,1.10242,1368
1.036000e-3,1.21846,1512
1.038000e-3,1.46022,1812
1.040000e-3,1.76645,2192
1.042000e-3,2.02916,2518
1.044000e-3,2.18791,2715
1.046000e-3,2.22095,2756
1.048000e-3,2.09685,2602
1.050000e-3,1.82850,2269
1.052000e-3,1.53919,1910
1.054000e-3,1.27729,1585
1.056000e-3,1.10161,1367
1.058000e-3,1.09516,1359
1.060000e-3,1.25070,1552
1.062000e-3,1.48440,1842
1.064000e-3,1.77934,2208
1.066000e-3,2.05897,2555
1.068000e-3,2.20322,2734
1.070000e-3,2.20725,2739
1.072000e-3,1.29744,1610
1.074000e-3,1.50615,1869
1.076000e-3,1.79788,2231
1.078000e-3,2.06381,2561
1.080000e-3,2.21048,2743
1.082000e-3,2.19919,2729
1.084000e-3,2.05736,2553
1.086000e-3,1.79626,2229
1.088000e-3,1.49084,1850
1.090000e-3,1.23458,1532
1.092000e-3,1.10161,1367
1.094000e-3,1.09919,1364
1.096000e-3,1.25553,1558
1.098000e-3,1.54403,1916
1.100000e-3,1.82689,2267
1.102000e-3,2.07267,2572
1.104000e-3,2.21934,2754
1.106000e-3,2.20161,2732
1.108000e-3,2.03641,2527
1.110000e-3,1.76967,2196
1.112000e-3,1.47150,1826
1.114000e-3,1.20718,1498
1.116000e-3,1.09114,1354
1.118000e-3,1.11853,1388
1.120000e-3,1.27890,1587
1.122000e-3,1.56337,1940
1.124000e-3,1.86154,2310
1.126000e-3,2.09524,2600
1.128000e-3,2.22015,2755
1.130000e-3,2.20161,2732
1.132000e-3,2.01788,2504
1.134000e-3,1.74227,2162
1.136000e-3,1.44571,1794
1.138000e-3,1.19993,1489
1.140000e-3,1.07582,1335
1.142000e-3,1.13062,1403
1.144000e-3,1.31275,1629
1.146000e-3,1.57304,1952
1.148000e-3,1.88491,2339
1.150000e-3,2.11136,2620
1.152000e-3,2.21531,2749
1.154000e-3,2.17744,2702
1.156000e-3,2.00256,2485
1.158000e-3,1.70762,2119
1.160000e-3,1.41106,1751
1.162000e-3,1.19670,1485
1.164000e-3,1.07985,1340
1.166000e-3,1.13385,1407
1.168000e-3,1.35062,1676
1.170000e-3,1.61817,2008
1.172000e-3,1.90425,2363
1.174000e-3,2.13553,2650
1.176000e-3,2.22579,2762
1.178000e-3,2.15890,2679
1.180000e-3,1.96711,2441
1.182000e-3,1.68505,2091
1.184000e-3,1.38366,1717
1.186000e-3,1.16850,1450
1.188000e-3,1.08872,1351
1.190000e-3,1.14996,1427
1.192000e-3,1.36110,1689
1.194000e-3,1.65685,2056
1.196000e-3,1.93648,2403
1.198000e-3,2.14117,2657
1.200000e-3,2.23868,2778
1.202000e-3,2.16212,2683
1.204000e-3,1.94374,2412
1.206000e-3,1.65927,2059
1.208000e-3,1.37319,1704
1.210000e-3,1.14513,1421
1.212000e-3,1.07744,1337
1.214000e-3,1.16769,1449
1.216000e-3,1.37319,1704
1.218000e-3,1.66410,2065
1.220000e-3,1.96066,2433
1.222000e-3,2.15407,2673
1.224000e-3,2.23062,2768
1.226000e-3,2.14440,2661
1.228000e-3,1.91714,2379
1.230000e-3,1.62220,2013
1.232000e-3,1.34659,1671
1.234000e-3,1.14029,1415
1.236000e-3,1.08147,1342
1.238000e-3,1.18542,1471
1.240000e-3,1.41267,1753
1.242000e-3,1.69553,2104
1.244000e-3,1.97919,2456
1.246000e-3,2.17663,2701
1.248000e-3,2.21773,2752
1.250000e-3,2.12103,2632
1.252000e-3,1.89377,2350
1.254000e-3,1.58996,1973
1.256000e-3,1.31275,1629
1.258000e-3,1.14110,1416
1.260000e-3,1.08630,1348
1.262000e-3,1.19267,1480
1.264000e-3,1.44894,1798
1.266000e-3,1.73018,2147
1.268000e-3,2.00256,2485
1.270000e-3,2.18711,2714
1.272000e-3,2.22498,2761
1.274000e-3,2.09685,2602
1.276000e-3,1.86879,2319
1.278000e-3,1.56901,1947
1.280000e-3,1.28535,1595
1.282000e-3,1.12176,1392
1.284000e-3,1.09597,1360
1.286000e-3,1.20154,1491
1.288000e-3,1.45700,1808
1.290000e-3,1.77128,2198
1.292000e-3,2.02271,2510
1.294000e-3,2.19597,2725
1.296000e-3,2.23143,2769
1.298000e-3,2.08879,2592
1.300000e-3,1.83414,2276
1.302000e-3,1.54564,1918
1.304000e-3,1.27407,1581
1.306000e-3,1.10242,1368
1.308000e-3,1.10161,1367
1.310000e-3,1.24022,1539
1.312000e-3,1.47714,1833
1.314000e-3,1.79304,2225
1.316000e-3,2.05656,2552
1.318000e-3,2.18872,2716
1.320000e-3,2.21048,2743
1.322000e-3,2.07187,2571
1.324000e-3,1.80513,2240
1.326000e-3,1.50535,1868
1.328000e-3,1.25311,1555
1.330000e-3,1.09678,1361
1.332000e-3,1.10161,1367
1.334000e-3,1.26762,1573
1.336000e-3,1.51260,1877
1.338000e-3,1.81238,2249
1.340000e-3,2.07670,2577
1.342000e-3,2.21048,2743
1.344000e-3,2.20806,2740
1.346000e-3,2.05414,2549
1.348000e-3,1.78579,2216
1.350000e-3,1.48359,1841
1.352000e-3,1.23538,1533
1.354000e-3,1.09839,1363
1.356000e-3,1.10564,1372
1.358000e-3,1.28051,1589
1.360000e-3,1.54161,1913
1.362000e-3,1.82769,2268
1.364000e-3,2.08879,2592
1.366000e-3,2.21853,2753
1.368000e-3,2.17905,2704
1.370000e-3,2.02513,2513
1.372000e-3,1.75919,2183
1.374000e-3,1.44894,1798
1.376000e-3,1.20637,1497
1.378000e-3,1.80271,2237
1.380000e-3,2.17824,2703
1.382000e-3,2.01143,2496
1.384000e-3,1.75114,2173
1.386000e-3,1.44007,1787
1.388000e-3,1.19912,1488
1.390000e-3,1.08549,1347
1.392000e-3,1.12095,1391
1.394000e-3,1.30791,1623
1.396000e-3,1.59480,1979
1.398000e-3,1.88410,2338
1.400000e-3,2.11458,2624
1.402000e-3,2.22659,2763
1.404000e-3,2.18469,2711
1.406000e-3,1.98242,2460
1.408000e-3,1.71326,2126
1.410000e-3,1.41509,1756
1.412000e-3,1.17575,1459
1.414000e-3,1.07985,1340
1.416000e-3,1.13949,1414
1.418000e-3,1.32322,1642
1.420000e-3,1.61333,2002
1.422000e-3,1.91714,2379
1.424000e-3,2.13231,2646
1.426000e-3,2.22579,2762
1.428000e-3,2.18147,2707
1.430000e-3,1.97597,2452
1.432000e-3,1.67941,2084
1.434000e-3,1.38689,1721
1.436000e-3,1.16608,1447
1.438000e-3,1.07985,1340
1.440000e-3,1.15480,1433
1.442000e-3,1.36190,1690
1.444000e-3,1.64476,2041
1.446000e-3,1.93890,2406
1.448000e-3,2.14440,2661
1.450000e-3,2.22659,2763
1.452000e-3,2.16051,2681
1.454000e-3,1.94615,2415
1.456000e-3,1.64637,2043
1.458000e-3,1.36674,1696
1.460000e-3,1.15560,1434
1.462000e-3,1.06938,1327
1.464000e-3,1.17495,1458
1.466000e-3,1.38366,1717
1.468000e-3,1.66088,2061
1.470000e-3,1.95582,2427
1.472000e-3,2.16132,2682
1.474000e-3,2.21934,2754
1.476000e-3,2.13795,2653
1.478000e-3,1.92440,2388
1.480000e-3,1.62220,2013
1.482000e-3,1.33612,1658
1.484000e-3,1.15077,1428
1.486000e-3,1.08147,1342
1.488000e-3,1.17333,1456
1.490000e-3,1.42154,1764
1.492000e-3,1.70359,2114
1.494000e-3,1.97919,2456
1.496000e-3,2.18469,2711
1.498000e-3,2.23143,2769
1.500000e-3,2.12425,2636
1.502000e-3,1.90183,2360
1.504000e-3,1.60286,1989
1.506000e-3,1.31275,1629
1.508000e-3,1.12821,1400
1.510000e-3,1.08711,1349
1.512000e-3,1.19670,1485
1.514000e-3,1.44249,1790
1.516000e-3,1.73502,2153
1.518000e-3,2.00418,2487
1.520000e-3,2.18872,2716
1.522000e-3,2.22418,2760
1.524000e-3,2.09685,2602
1.526000e-3,1.86718,2317
1.528000e-3,1.56740,1945
1.530000e-3,1.28051,1589
1.532000e-3,1.11853,1388
1.534000e-3,1.09275,1356
1.536000e-3,1.20637,1497
1.538000e-3,1.46505,1818
1.540000e-3,1.76081,2185
1.542000e-3,2.01868,2505
1.544000e-3,2.19194,2720
1.546000e-3,2.22418,2760
1.548000e-3,2.08557,2588
1.550000e-3,1.83495,2277
1.552000e-3,1.54886,1922
1.554000e-3,1.27004,1576
1.556000e-3,1.10645,1373
1.558000e-3,1.10564,1372
1.560000e-3,1.23700,1535
1.562000e-3,1.49407,1854
1.564000e-3,1.79626,2229
1.566000e-3,2.04608,2539
1.568000e-3,2.19919,2729
1.570000e-3,2.21773,2752
1.572000e-3,2.07590,2576
1.574000e-3,1.80513,2240
1.576000e-3,1.51341,1878
1.578000e-3,1.26117,1565
1.580000e-3,1.09033,1353
1.582000e-3,1.09678,1361
1.584000e-3,1.25875,1562
1.586000e-3,1.50777,1871
1.588000e-3,1.81319,2250
1.590000e-3,2.07187,2571
1.592000e-3,2.20484,2736
1.594000e-3,2.19597,2725
1.596000e-3,2.05253,2547
1.598000e-3,1.77773,2206
1.600000e-3,1.48117,1838
1.602000e-3,1.23861,1537
1.604000e-3,1.09114,1354
1.606000e-3,1.10886,1376
1.608000e-3,1.28696,1597
1.610000e-3,1.54484,1917
1.612000e-3,1.84220,2286
1.614000e-3,2.09363,2598
1.616000e-3,2.21853,2753
1.618000e-3,2.19355,2722
1.620000e-3,2.02755,2516
1.622000e-3,1.75839,2182
1.624000e-3,1.44330,1791
1.626000e-3,1.21282,1505
1.628000e-3,1.09355,1357
1.630000e-3,1.10967,1377
1.632000e-3,1.29905,1612
1.634000e-3,1.57707,1957
1.636000e-3,1.85912,2307
1.638000e-3,2.10410,2611
1.640000e-3,2.22418,2760
1.642000e-3,2.18066,2706
1.644000e-3,2.00337,2486
1.646000e-3,1.73824,2157
1.648000e-3,1.42799,1772
1.650000e-3,1.19348,1481
1.652000e-3,1.09919,1364
1.654000e-3,1.13143,1404
1.656000e-3,1.31114,1627
1.658000e-3,1.61011,1998
1.660000e-3,1.89700,2354
1.662000e-3,2.12022,2631
1.664000e-3,2.23707,2776
1.666000e-3,2.17824,2703
1.668000e-3,1.97275,2448
1.670000e-3,1.69634,2105
1.672000e-3,1.40542,1744
1.674000e-3,1.16608,1447
1.676000e-3,1.08227,1343
1.678000e-3,1.14916,1426
1.680000e-3,1.33773,1660
1.682000e-3,1.62784,2020
1.684000e-3,1.92681,2391
1.686000e-3,1.47956,1836
1.688000e-3,1.07582,1335
1.690000e-3,1.16125,1441
1.692000e-3,1.35465,1681
1.694000e-3,1.64154,2037
1.696000e-3,1.94535,2414
1.698000e-3,2.14440,2661
1.700000e-3,2.22740,2764
1.702000e-3,2.16293,2684
1.704000e-3,1.94615,2415
1.706000e-3,1.64799,2045
1.708000e-3,1.36916,1699
1.710000e-3,1.15319,1431
1.712000e-3,1.07663,1336
1.714000e-3,1.17172,1454
1.716000e-3,1.38527,1719
1.718000e-3,1.66330,2064
1.720000e-3,1.96469,2438
1.722000e-3,2.16535,2687
1.724000e-3,2.22176,2757
1.726000e-3,2.14037,2656
1.728000e-3,1.92440,2388
1.730000e-3,1.61414,2003
1.732000e-3,1.33209,1653
1.734000e-3,1.15319,1431
1.736000e-3,1.07824,1338
1.738000e-3,1.16769,1449
1.740000e-3,1.42234,1765
1.742000e-3,1.70037,2110
1.744000e-3,1.97758,2454
1.746000e-3,2.18227,2708
1.748000e-3,2.22740,2764
1.750000e-3,2.12103,2632
1.752000e-3,1.89458,2351
1.754000e-3,1.59883,1984
1.756000e-3,1.30308,1617
1.758000e-3,1.12901,1401
1.760000e-3,1.09275,1356
1.762000e-3,1.17978,1464
1.764000e-3,1.43524,1781
1.766000e-3,1.73502,2153
1.768000e-3,1.99612,2477
1.770000e-3,2.18227,2708
1.772000e-3,2.22498,2761
1.774000e-3,2.10410,2611
1.776000e-3,1.86476,2314
1.778000e-3,1.57304,1952
1.780000e-3,1.28857,1599
1.782000e-3,1.11531,1384
1.784000e-3,1.10081,1366
1.786000e-3,1.21443,1507
1.788000e-3,1.45861,1810
1.790000e-3,1.76967,2196
1.792000e-3,2.03077,2520
1.794000e-3,2.19678,2726
1.796000e-3,2.22418,2760
1.798000e-3,2.09443,2599
1.800000e-3,1.83656,2279
1.802000e-3,1.53919,1910
1.804000e-3,1.26601,1571
1.806000e-3,1.09516,1359
1.808000e-3,1.09758,1362
1.810000e-3,1.23780,1536
1.812000e-3,1.48520,1843
1.814000e-3,1.78659,2217
1.816000e-3,2.06139,2558
1.818000e-3,2.19919,2729
1.820000e-3,2.20806,2740
1.822000e-3,2.07912,2580
1.824000e-3,1.80916,2245
1.826000e-3,1.50535,1868
1.828000e-3,1.25795,1561
1.830000e-3,1.10000,1365
1.832000e-3,1.10000,1365
1.834000e-3,1.26923,1575
1.836000e-3,1.51260,1877
1.838000e-3,1.80352,2238
1.840000e-3,1.42799,1772
1.842000e-3,1.10322,1369
1.844000e-3,1.09436,1358
1.846000e-3,1.26923,1575
1.848000e-3,1.53758,1908
1.850000e-3,1.82366,2263
1.852000e-3,2.07912,2580
1.854000e-3,2.22418,2760
1.856000e-3,2.20081,2731
1.858000e-3,2.03158,2521
1.860000e-3,1.77531,2203
1.862000e-3,1.47150,1826
1.864000e-3,1.21685,1510
1.866000e-3,1.09839,1363
1.868000e-3,1.12418,1395
1.870000e-3,1.27971,1588
1.872000e-3,1.56418,1941
1.874000e-3,1.86637,2316
1.876000e-3,2.08799,2591
1.878000e-3,2.21209,2745
1.880000e-3,2.19194,2720
1.882000e-3,2.01223,2497
1.884000e-3,1.73260,2150
1.886000e-3,1.44974,1799
1.888000e-3,1.20315,1493
1.890000e-3,1.08147,1342
1.892000e-3,1.13626,1410
1.894000e-3,1.31033,1626
1.896000e-3,1.58674,1969
1.898000e-3,1.88894,2344
1.900000e-3,2.11538,2625
1.902000e-3,2.22095,2756
1.904000e-3,2.18066,2706
1.906000e-3,1.99531,2476
1.908000e-3,1.69070,2098
1.910000e-3,1.40623,1745
1.912000e-3,1.18703,1473
1.914000e-3,1.07260,1331
1.916000e-3,1.13707,1411
1.918000e-3,1.33612,1658
1.920000e-3,1.60930,1997
1.922000e-3,1.90747,2367
1.924000e-3,2.14037,2656
1.926000e-3,2.22579,2762
1.928000e-3,2.16374,2685
1.930000e-3,1.97919,2456
1.932000e-3,1.68103,2086
1.934000e-3,1.38205,1715
1.936000e-3,1.17897,1463
1.938000e-3,1.08147,1342
1.940000e-3,1.15077,1428
1.942000e-3,1.36916,1699
1.944000e-3,1.65040,2048
1.946000e-3,1.92681,2391
1.948000e-3,2.15165,2670
1.950000e-3,2.23385,2772
1.952000e-3,2.13634,2651
1.954000e-3,1.94132,2409
1.956000e-3,1.65685,2056
1.958000e-3,1.35304,1679
1.960000e-3,1.15077,1428
1.962000e-3,1.09275,1356
1.964000e-3,1.15480,1433
1.966000e-3,1.37802,1710
1.968000e-3,1.68505,2091
1.970000e-3,1.95905,2431
1.972000e-3,2.15729,2677
1.974000e-3,2.23546,2774
1.976000e-3,2.14359,2660
1.978000e-3,1.91473,2376
1.980000e-3,1.62703,2019
1.982000e-3,1.34901,1674
1.984000e-3,1.12015,1390
1.986000e-3,1.08308,1344
1.988000e-3,1.18542,1471
1.990000e-3,1.39575,1732
1.992000e-3,1.70359,2114
1.994000e-3,1.42476,1768
1.996000e-3,1.12579,1397
1.998000e-3,1.08066,1341
2.000000e-3,1.19348,1481
2.002000e-3,1.41832,1760
2.004000e-3,1.71326,2126
2.006000e-3,2.00256,2485
2.008000e-3,2.17502,2699
2.010000e-3,2.22176,2757
2.012000e-3,2.12344,2635
2.014000e-3,1.88007,2333
2.016000e-3,1.57707,1957
2.018000e-3,1.30872,1624
2.020000e-3,1.13062,1403
2.022000e-3,1.07582,1335
2.024000e-3,1.21121,1503
2.026000e-3,1.45055,1800
2.028000e-3,1.73502,2153
2.030000e-3,2.01546,2501
2.032000e-3,2.19194,2720
2.034000e-3,2.21451,2748
2.036000e-3,2.09201,2596
2.038000e-3,1.85912,2307
2.040000e-3,1.54725,1920
2.042000e-3,1.27487,1582
2.044000e-3,1.12256,1393
2.046000e-3,1.09194,1355
2.048000e-3,1.22168,1516
2.050000e-3,1.48520,1843
2.052000e-3,1.77209,2199
2.054000e-3,2.03802,2529
2.056000e-3,2.20645,2738
2.058000e-3,2.21853,2753
2.060000e-3,2.07429,2574
2.062000e-3,1.83011,2271
2.064000e-3,1.51744,1883
2.066000e-3,1.24747,1548
2.068000e-3,1.10645,1373
2.070000e-3,1.10161,1367
2.072000e-3,1.23780,1536
2.074000e-3,1.50938,1873
2.076000e-3,1.80755,2243
2.078000e-3,2.05414,2549
2.080000e-3,2.21128,2744
2.082000e-3,2.21451,2748
2.084000e-3,2.05333,2548
2.086000e-3,1.79143,2223
2.088000e-3,1.50535,1868
2.090000e-3,1.23297,1530
2.092000e-3,1.09758,1362
2.094000e-3,1.12095,1391
2.096000e-3,1.27326,1580
2.098000e-3,1.52711,1895
2.100000e-3,1.83897,2282
2.102000e-3,2.07993,2581
2.104000e-3,2.21128,2744
2.106000e-3,2.20645,2738
2.108000e-3,2.04205,2534
2.110000e-3,1.76403,2189
2.112000e-3,1.47311,1828
2.114000e-3,1.21524,1508
2.116000e-3,1.08952,1352
2.118000e-3,1.12095,1391
2.120000e-3,1.29260,1604
2.122000e-3,1.54484,1917
2.124000e-3,1.85993,2308
2.126000e-3,2.10088,2607
2.128000e-3,2.21209,2745
2.130000e-3,2.19194,2720
2.132000e-3,2.02513,2513
2.134000e-3,1.72938,2146
2.136000e-3,1.44088,1788
2.138000e-3,1.20396,1494
2.140000e-3,1.07421,1333
2.142000e-3,1.12982,1402
2.144000e-3,1.31436,1631
2.146000e-3,1.57949,1960
2.148000e-3,1.46908,1823
2.150000e-3,1.19751,1486
2.152000e-3,1.08066,1341
2.154000e-3,1.13868,1413
2.156000e-3,1.32967,1650
2.158000e-3,1.58996,1973
2.160000e-3,1.88974,2345
2.162000e-3,2.13553,2650
2.164000e-3,2.21612,2750
2.166000e-3,2.17421,2698
2.168000e-3,1.99128,2471
2.170000e-3,1.70198,2112
2.172000e-3,1.39575,1732
2.174000e-3,1.18381,1469
2.176000e-3,1.08469,1346
2.178000e-3,1.13868,1413
2.180000e-3,1.35223,1678
2.182000e-3,1.63187,2025
2.184000e-3,1.91553,2377
2.186000e-3,2.14520,2662
2.188000e-3,2.22256,2758
2.190000e-3,2.15729,2677
2.192000e-3,1.95744,2429
2.194000e-3,1.66974,2072
2.196000e-3,1.36352,1692
2.198000e-3,1.16205,1442
2.200000e-3,1.08469,1346
2.202000e-3,1.14835,1425
2.204000e-3,1.37319,1704
2.206000e-3,1.66571,2067
2.208000e-3,1.93568,2402
2.210000e-3,2.15326,2672
2.212000e-3,2.23062,2768
2.214000e-3,2.14117,2657
2.216000e-3,1.93084,2396
2.218000e-3,1.64315,2039
2.220000e-3,1.34901,1674
2.222000e-3,1.14835,1425
2.224000e-3,1.09597,1360
2.226000e-3,1.17575,1459
2.228000e-3,1.38769,1722
2.230000e-3,1.69634,2105
2.232000e-3,1.97839,2455
2.234000e-3,2.16212,2683
2.236000e-3,2.23304,2771
2.238000e-3,2.12586,2638
2.240000e-3,1.89538,2352
2.242000e-3,1.61253,2001
2.244000e-3,1.32484,1644
2.246000e-3,1.12095,1391
2.248000e-3,1.08388,1345
2.250000e-3,1.19509,1483
2.252000e-3,1.41106,1751
2.254000e-3,1.71487,2128
2.256000e-3,1.99934,2481
2.258000e-3,2.17018,2693
2.260000e-3,2.22176,2757
2.262000e-3,2.12586,2638
2.264000e-3,1.86960,2320
2.266000e-3,1.57546,1955
2.268000e-3,1.31355,1630
2.270000e-3,1.12015,1390
2.272000e-3,1.08469,1346
2.274000e-3,1.21604,1509
2.276000e-3,1.45136,1801
2.278000e-3,1.74388,2164
2.280000e-3,2.02996,2519
2.282000e-3,2.18952,2717
2.284000e-3,2.22095,2756
2.286000e-3,2.09846,2604
2.288000e-3,1.85267,2299
2.290000e-3,1.54564,1918
2.292000e-3,1.28615,1596
2.294000e-3,1.11612,1385
2.296000e-3,1.09436,1358
2.298000e-3,1.23538,1533
2.300000e-3,1.59883,1984
2.302000e-3,1.64637,2043
2.304000e-3,1.65685,2056
2.306000e-3,1.66007,2060
2.308000e-3,1.64557,2042
2.310000e-3,1.65443,2053
2.312000e-3,1.66007,2060
2.314000e-3,1.64154,2037
2.316000e-3,1.65524,2054
2.318000e-3,1.66491,2066
2.320000e-3,1.64718,2044
2.322000e-3,1.66733,2069
2.324000e-3,1.65927,2059
2.326000e-3,1.64879,2046
2.328000e-3,1.65443,2053
2.330000e-3,1.66571,2067
2.332000e-3,1.65443,2053
2.334000e-3,1.65201,2050
2.336000e-3,1.66733,2069
2.338000e-3,1.65201,2050
2.340000e-3,1.65121,2049
2.342000e-3,1.66410,2065
2.344000e-3,1.65524,2054
2.346000e-3,1.65201,2050
2.348000e-3,1.66088,2061
2.350000e-3,1.65604,2055
2.352000e-3,1.65846,2058
2.354000e-3,1.65524,2054
2.356000e-3,1.65927,2059
2.358000e-3,1.64637,2043
2.360000e-3,1.65443,2053
2.362000e-3,1.65846,2058
2.364000e-3,1.64718,2044
2.366000e-3,1.65443,2053
2.368000e-3,1.65927,2059
2.370000e-3,1.65201,2050
2.372000e-3,1.65040,2048
2.374000e-3,1.66974,2072
2.376000e-3,1.64960,2047
2.378000e-3,1.65363,2052
2.380000e-3,1.66652,2068
2.382000e-3,1.65604,2055
2.384000e-3,1.65685,2056
2.386000e-3,1.67136,2074
2.388000e-3,1.65766,2057
2.390000e-3,1.64234,2038
2.392000e-3,1.65846,2058
2.394000e-3,1.65846,2058
2.396000e-3,1.64234,2038
2.398000e-3,1.65282,2051
2.400000e-3,1.66410,2065
2.402000e-3,1.65524,2054
2.404000e-3,1.65201,2050
2.406000e-3,1.66007,2060
2.408000e-3,1.64315,2039
2.410000e-3,1.65040,2048
2.412000e-3,1.66007,2060
2.414000e-3,1.64637,2043
2.416000e-3,1.65282,2051
2.418000e-3,1.66894,2071
2.420000e-3,1.65363,2052
2.422000e-3,1.65604,2055
2.424000e-3,1.66652,2068
2.426000e-3,1.65443,2053
2.428000e-3,1.65363,2052
2.430000e-3,1.66088,2061
2.432000e-3,1.65846,2058
2.434000e-3,1.65363,2052
2.436000e-3,1.66491,2066
2.438000e-3,1.65685,2056
2.440000e-3,1.65604,2055
2.442000e-3,1.65927,2059
2.444000e-3,1.65685,2056
2.446000e-3,1.64879,2046
2.448000e-3,1.65846,2058
2.450000e-3,1.65846,2058
2.452000e-3,1.64718,2044
2.454000e-3,1.65685,2056
2.456000e-3,1.65766,2057
2.458000e-3,1.64799,2045
2.460000e-3,1.65443,2053
2.462000e-3,1.66330,2064
2.464000e-3,1.65524,2054
2.466000e-3,1.65201,2050
2.468000e-3,1.66652,2068
2.470000e-3,1.65604,2055
2.472000e-3,1.64799,2045
2.474000e-3,1.66491,2066
2.476000e-3,1.65766,2057
2.478000e-3,1.65927,2059
2.480000e-3,1.66088,2061
2.482000e-3,1.65846,2058
2.484000e-3,1.64799,2045
2.486000e-3,1.65524,2054
2.488000e-3,1.66007,2060
2.490000e-3,1.63912,2034
2.492000e-3,1.65201,2050
2.494000e-3,1.65846,2058
2.496000e-3,1.64718,2044
2.498000e-3,1.64960,2047
2.500000e-3,1.66491,2066
2.502000e-3,1.64879,2046
2.504000e-3,1.64879,2046
2.506000e-3,1.66974,2072
2.508000e-3,1.65766,2057
2.510000e-3,1.64879,2046
2.512000e-3,1.66410,2065
2.514000e-3,1.65443,2053
2.516000e-3,1.65766,2057
2.518000e-3,1.66894,2071
2.520000e-3,1.65927,2059
2.522000e-3,1.65604,2055
2.524000e-3,1.65604,2055
2.526000e-3,1.65846,2058
2.528000e-3,1.64718,2044
2.530000e-3,1.65443,2053
2.532000e-3,1.66007,2060
2.534000e-3,1.65040,2048
2.536000e-3,1.65604,2055
2.538000e-3,1.65685,2056
2.540000e-3,1.65201,2050
2.542000e-3,1.65363,2052
2.544000e-3,1.66410,2065
2.546000e-3,1.65121,2049
2.548000e-3,1.65121,2049
2.550000e-3,1.66410,2065
2.552000e-3,1.65685,2056
2.554000e-3,1.64960,2047
2.556000e-3,1.66088,2061
2.558000e-3,1.65443,2053
2.560000e-3,1.65282,2051
2.562000e-3,1.66168,2062
2.564000e-3,1.65685,2056
2.566000e-3,1.65443,2053
2.568000e-3,1.66491,2066
2.570000e-3,1.65927,2059
2.572000e-3,1.64396,2040
2.574000e-3,1.67055,2073
2.576000e-3,1.65927,2059
2.578000e-3,1.65201,2050
2.580000e-3,1.65604,2055
2.582000e-3,1.66894,2071
2.584000e-3,1.65685,2056
2.586000e-3,1.65524,2054
2.588000e-3,1.66088,2061
2.590000e-3,1.64234,2038
2.592000e-3,1.65443,2053
2.594000e-3,1.66652,2068
2.596000e-3,1.64073,2036
2.598000e-3,1.65040,2048
2.600000e-3,1.66330,2064
2.602000e-3,1.66249,2063
2.604000e-3,1.65201,2050
2.606000e-3,1.66491,2066
2.608000e-3,1.65524,2054
2.610000e-3,1.65040,2048
2.612000e-3,1.66652,2068
2.614000e-3,1.65927,2059
2.616000e-3,1.65363,2052
2.618000e-3,1.66894,2071
2.620000e-3,1.66088,2061
2.622000e-3,1.65685,2056
2.624000e-3,1.66249,2063
2.626000e-3,1.65685,2056
2.628000e-3,1.65363,2052
2.630000e-3,1.66007,2060
2.632000e-3,1.65685,2056
2.634000e-3,1.65121,2049
2.636000e-3,1.66007,2060
2.638000e-3,1.65685,2056
2.640000e-3,1.64799,2045
2.642000e-3,1.65846,2058
2.644000e-3,1.65604,2055
2.646000e-3,1.64396,2040
2.648000e-3,1.65685,2056
2.650000e-3,1.65766,2057
2.652000e-3,1.64879,2046
2.654000e-3,1.65201,2050
2.656000e-3,1.65766,2057
2.658000e-3,1.64960,2047
2.660000e-3,1.65363,2052
2.662000e-3,1.65685,2056
2.664000e-3,1.64718,2044
2.666000e-3,1.65443,2053
2.668000e-3,1.66652,2068
2.670000e-3,1.64799,2045
2.672000e-3,1.65121,2049
2.674000e-3,1.66974,2072
2.676000e-3,1.65282,2051
2.678000e-3,1.65443,2053
2.680000e-3,1.67216,2075
2.682000e-3,1.65282,2051
2.684000e-3,1.65604,2055
2.686000e-3,1.66571,2067
2.688000e-3,1.65443,2053
2.690000e-3,1.64637,2043
2.692000e-3,1.66652,2068
2.694000e-3,1.65363,2052
2.696000e-3,1.65040,2048
2.698000e-3,1.66330,2064
2.700000e-3,1.65685,2056
2.702000e-3,1.65040,2048
2.704000e-3,1.66571,2067
2.706000e-3,1.66007,2060
2.708000e-3,1.65363,2052
2.710000e-3,1.65846,2058
2.712000e-3,1.65685,2056
2.714000e-3,1.65121,2049
2.716000e-3,1.66330,2064
2.718000e-3,1.66168,2062
2.720000e-3,1.64879,2046
2.722000e-3,1.66088,2061
2.724000e-3,1.65846,2058
2.726000e-3,1.64154,2037
2.728000e-3,1.65363,2052
2.730000e-3,1.66088,2061
2.732000e-3,1.64799,2045
2.734000e-3,1.65604,2055
2.736000e-3,1.66007,2060
2.738000e-3,1.64234,2038
2.740000e-3,1.65604,2055
2.742000e-3,1.65766,2057
2.744000e-3,1.64476,2041
2.746000e-3,1.65201,2050
2.748000e-3,1.66007,2060
2.750000e-3,1.64879,2046
2.752000e-3,1.65363,2052
2.754000e-3,1.65846,2058
2.756000e-3,1.65121,2049
2.758000e-3,1.65685,2056
2.760000e-3,1.66813,2070
2.762000e-3,1.65363,2052
2.764000e-3,1.64960,2047
2.766000e-3,1.66813,2070
2.768000e-3,1.65282,2051
2.770000e-3,1.64718,2044
2.772000e-3,1.66330,2064
2.774000e-3,1.65685,2056
2.776000e-3,1.65363,2052
2.778000e-3,1.66652,2068
2.780000e-3,1.65363,2052
2.782000e-3,1.65201,2050
2.784000e-3,1.66571,2067
2.786000e-3,1.65846,2058
2.788000e-3,1.64799,2045
2.790000e-3,1.64718,2044
2.792000e-3,1.65846,2058
2.794000e-3,1.64396,2040
2.796000e-3,1.65282,2051
2.798000e-3,1.65604,2055
2.800000e-3,1.64718,2044
2.802000e-3,1.65524,2054
2.804000e-3,1.65766,2057
2.806000e-3,1.64799,2045
2.808000e-3,1.65201,2050
2.810000e-3,1.65685,2056
2.812000e-3,1.64315,2039
2.814000e-3,1.65040,2048
2.816000e-3,1.66652,2068
2.818000e-3,1.65685,2056
2.820000e-3,1.65121,2049
2.822000e-3,1.66974,2072
2.824000e-3,1.65282,2051
2.826000e-3,1.65040,2048
2.828000e-3,1.66571,2067
2.830000e-3,1.65685,2056
2.832000e-3,1.65282,2051
2.834000e-3,1.66330,2064
2.836000e-3,1.65766,2057
2.838000e-3,1.64557,2042
2.840000e-3,1.66088,2061
2.842000e-3,1.65766,2057
2.844000e-3,1.63912,2034
2.846000e-3,1.65685,2056
2.848000e-3,1.65766,2057
2.850000e-3,1.65040,2048
2.852000e-3,1.65927,2059
2.854000e-3,1.65604,2055
2.856000e-3,1.64799,2045
2.858000e-3,1.65443,2053
2.860000e-3,1.65927,2059
2.862000e-3,1.64557,2042
2.864000e-3,1.65604,2055
2.866000e-3,1.66007,2060
2.868000e-3,1.64637,2043
2.870000e-3,1.65604,2055
2.872000e-3,1.65685,2056
2.874000e-3,1.65201,2050
2.876000e-3,1.65363,2052
2.878000e-3,1.67619,2080
2.880000e-3,1.65282,2051
2.882000e-3,1.65121,2049
2.884000e-3,1.66974,2072
2.886000e-3,1.65443,2053
2.888000e-3,1.65282,2051
2.890000e-3,1.66974,2072
2.892000e-3,1.64879,2046
2.894000e-3,1.65201,2050
2.896000e-3,1.66007,2060
2.898000e-3,1.65524,2054
2.900000e-3,1.65443,2053
2.902000e-3,1.66571,2067
2.904000e-3,1.65363,2052
2.906000e-3,1.64476,2041
2.908000e-3,1.65927,2059
2.910000e-3,1.65524,2054
2.912000e-3,1.64718,2044
2.914000e-3,1.65121,2049
2.916000e-3,1.66330,2064
2.918000e-3,1.66410,2065
2.920000e-3,1.65282,2051
2.922000e-3,1.68022,2085
2.924000e-3,1.65121,2049
2.926000e-3,1.65121,2049
2.928000e-3,1.66571,2067
2.930000e-3,1.65685,2056
2.932000e-3,1.65443,2053
2.934000e-3,1.66249,2063
2.936000e-3,1.65846,2058
2.938000e-3,1.64396,2040
2.940000e-3,1.66007,2060
2.942000e-3,1.66007,2060
2.944000e-3,1.63509,2029
2.946000e-3,1.65443,2053
2.948000e-3,1.65927,2059
2.950000e-3,1.64073,2036
2.952000e-3,1.65524,2054
2.954000e-3,1.65685,2056
2.956000e-3,1.64637,2043
2.958000e-3,1.65040,2048
2.960000e-3,1.66652,2068
2.962000e-3,1.65443,2053
2.964000e-3,1.65201,2050
2.966000e-3,1.66571,2067
2.968000e-3,1.65685,2056
2.970000e-3,1.65443,2053
2.972000e-3,1.66249,2063
2.974000e-3,1.65363,2052
2.976000e-3,1.64799,2045
2.978000e-3,1.65927,2059
2.980000e-3,1.66974,2072
2.982000e-3,1.64718,2044
2.984000e-3,1.65201,2050
2.986000e-3,1.66330,2064
2.988000e-3,1.64799,2045
2.990000e-3,1.65604,2055
2.992000e-3,1.65524,2054
2.994000e-3,1.65040,2048
2.996000e-3,1.65040,2048
2.998000e-3,1.66410,2065
3.000000e-3,1.64718,2044
3.002000e-3,1.65040,2048
3.004000e-3,1.66088,2061
3.006000e-3,1.65604,2055
3.008000e-3,1.64960,2047
3.010000e-3,1.65927,2059
3.012000e-3,1.65766,2057
3.014000e-3,1.64315,2039
3.016000e-3,1.64960,2047
3.018000e-3,1.65927,2059
3.020000e-3,1.64396,2040
3.022000e-3,1.65443,2053
3.024000e-3,1.65846,2058
3.026000e-3,1.65121,2049
3.028000e-3,1.64557,2042
3.030000e-3,1.66491,2066
3.032000e-3,1.65604,2055
3.034000e-3,1.65201,2050
3.036000e-3,1.66491,2066
3.038000e-3,1.65685,2056
3.040000e-3,1.64879,2046
3.042000e-3,1.65927,2059
3.044000e-3,1.66249,2063
3.046000e-3,1.64315,2039
3.048000e-3,1.65604,2055
3.050000e-3,1.65766,2057
3.052000e-3,1.64637,2043
3.054000e-3,1.65443,2053
3.056000e-3,1.66330,2064
3.058000e-3,1.65282,2051
3.060000e-3,1.65040,2048
3.062000e-3,1.66733,2069
3.064000e-3,1.65443,2053
3.066000e-3,1.64960,2047
3.068000e-3,1.66088,2061
3.070000e-3,1.66007,2060
3.072000e-3,1.64557,2042
3.074000e-3,1.65846,2058
3.076000e-3,1.65201,2050
3.078000e-3,1.64073,2036
3.080000e-3,1.65201,2050
3.082000e-3,1.65927,2059
3.084000e-3,1.65121,2049
3.086000e-3,1.65282,2051
3.088000e-3,1.67055,2073
3.090000e-3,1.65524,2054
3.092000e-3,1.65201,2050
3.094000e-3,1.66330,2064
3.096000e-3,1.65282,2051
3.098000e-3,1.64637,2043
3.100000e-3,1.66088,2061
3.102000e-3,1.65846,2058
3.104000e-3,1.64718,2044
3.106000e-3,1.65846,2058
3.108000e-3,1.65846,2058
3.110000e-3,1.65121,2049
3.112000e-3,1.65121,2049
3.114000e-3,1.66410,2065
3.116000e-3,1.65201,2050
3.118000e-3,1.65201,2050
3.120000e-3,1.66410,2065
3.122000e-3,1.65524,2054
3.124000e-3,1.65201,2050
3.126000e-3,1.65604,2055
3.128000e-3,1.65685,2056
3.130000e-3,1.64315,2039
3.132000e-3,1.64637,2043
3.134000e-3,1.65927,2059
3.136000e-3,1.65121,2049
3.138000e-3,1.65201,2050
3.140000e-3,1.66410,2065
3.142000e-3,1.65524,2054
3.144000e-3,1.65040,2048
3.146000e-3,1.66088,2061
3.148000e-3,1.65846,2058
3.150000e-3,1.65040,2048
3.152000e-3,1.65846,2058
3.154000e-3,1.65524,2054
3.156000e-3,1.64234,2038
3.158000e-3,1.65040,2048
3.160000e-3,1.65766,2057
3.162000e-3,1.65363,2052
3.164000e-3,1.65282,2051
3.166000e-3,1.66733,2069
3.168000e-3,1.64718,2044
3.170000e-3,1.65201,2050
3.172000e-3,1.66168,2062
3.174000e-3,1.65121,2049
3.176000e-3,1.64960,2047
3.178000e-3,1.65766,2057
3.180000e-3,1.65766,2057
3.182000e-3,1.64315,2039
3.184000e-3,1.65363,2052
3.186000e-3,1.65685,2056
3.188000e-3,1.65201,2050
3.190000e-3,1.64718,2044
3.192000e-3,1.66813,2070
3.194000e-3,1.65282,2051
3.196000e-3,1.64718,2044
3.198000e-3,1.66974,2072
3.200000e-3,1.66088,2061
3.202000e-3,1.64234,2038
3.204000e-3,1.65282,2051
3.206000e-3,1.66330,2064
3.208000e-3,1.64799,2045
3.210000e-3,1.65121,2049
3.212000e-3,1.66652,2068
3.214000e-3,1.64799,2045
3.216000e-3,1.64960,2047
3.218000e-3,1.66249,2063
3.220000e-3,1.66007,2060
3.222000e-3,1.64718,2044
3.224000e-3,1.65685,2056
3.226000e-3,1.65766,2057
3.228000e-3,1.64557,2042
3.230000e-3,1.65363,2052
3.232000e-3,1.65685,2056
3.234000e-3,1.64960,2047
3.236000e-3,1.64396,2040
3.238000e-3,1.66733,2069
3.240000e-3,1.64799,2045
3.242000e-3,1.65363,2052
3.244000e-3,1.66168,2062
3.246000e-3,1.65685,2056
3.248000e-3,1.64960,2047
3.250000e-3,1.65766,2057
3.252000e-3,1.66007,2060
3.254000e-3,1.64718,2044
3.256000e-3,1.65363,2052
3.258000e-3,1.66249,2063
3.260000e-3,1.64476,2041
3.262000e-3,1.65282,2051
3.264000e-3,1.66410,2065
3.266000e-3,1.65443,2053
3.268000e-3,1.65040,2048
3.270000e-3,1.65846,2058
3.272000e-3,1.65604,2055
3.274000e-3,1.64234,2038
3.276000e-3,1.65040,2048
3.278000e-3,1.65766,2057
3.280000e-3,1.65685,2056
3.282000e-3,1.65121,2049
3.284000e-3,1.66894,2071
3.286000e-3,1.64476,2041
3.288000e-3,1.65121,2049
3.290000e-3,1.66330,2064
3.292000e-3,1.65282,2051
3.294000e-3,1.64637,2043
3.296000e-3,1.65685,2056
3.298000e-3,1.66249,2063
3.300000e-3,1.64718,2044
3.302000e-3,1.65282,2051
3.304000e-3,1.65685,2056
3.306000e-3,1.65201,2050
3.308000e-3,1.64637,2043
3.310000e-3,1.66652,2068
3.312000e-3,1.65363,2052
3.314000e-3,1.64718,2044
3.316000e-3,1.66652,2068
3.318000e-3,1.66007,2060
3.320000e-3,1.64718,2044
3.322000e-3,1.65201,2050
3.324000e-3,1.66330,2064
3.326000e-3,1.64476,2041
3.328000e-3,1.65282,2051
3.330000e-3,1.65846,2058
3.332000e-3,1.64476,2041
3.334000e-3,1.65282,2051
3.336000e-3,1.66652,2068
3.338000e-3,1.65443,2053
3.340000e-3,1.65363,2052
3.342000e-3,1.66571,2067
3.344000e-3,1.65685,2056
3.346000e-3,1.65363,2052
3.348000e-3,1.66249,2063
3.350000e-3,1.65443,2053
3.352000e-3,1.65121,2049
3.354000e-3,1.66007,2060
3.356000e-3,1.65524,2054
3.358000e-3,1.64396,2040
3.360000e-3,1.65604,2055
3.362000e-3,1.65685,2056
3.364000e-3,1.64315,2039
3.366000e-3,1.65040,2048
3.368000e-3,1.66330,2064
3.370000e-3,1.65363,2052
3.372000e-3,1.65282,2051
3.374000e-3,1.66652,2068
3.376000e-3,1.65443,2053
3.378000e-3,1.65121,2049
3.380000e-3,1.66249,2063
3.382000e-3,1.65685,2056
3.384000e-3,1.65201,2050
3.386000e-3,1.66249,2063
3.388000e-3,1.65927,2059
3.390000e-3,1.64476,2041
3.392000e-3,1.65524,2054
3.394000e-3,1.65524,2054
3.396000e-3,1.64315,2039
3.398000e-3,1.65766,2057
3.400000e-3,1.65766,2057
3.402000e-3,1.64960,2047
3.404000e-3,1.65121,2049
3.406000e-3,1.66491,2066
3.408000e-3,1.65443,2053
3.410000e-3,1.65201,2050
3.412000e-3,1.66571,2067
3.414000e-3,1.65363,2052
3.416000e-3,1.65443,2053
3.418000e-3,1.66330,2064
3.420000e-3,1.65604,2055
3.422000e-3,1.65121,2049
3.424000e-3,1.66088,2061
3.426000e-3,1.65927,2059
3.428000e-3,1.65363,2052
3.430000e-3,1.65201,2050
3.432000e-3,1.65040,2048
3.434000e-3,1.64718,2044
3.436000e-3,1.65363,2052
3.438000e-3,1.66491,2066
3.440000e-3,1.65282,2051
3.442000e-3,1.65524,2054
3.444000e-3,1.66571,2067
3.446000e-3,1.65685,2056
3.448000e-3,1.65201,2050
3.450000e-3,1.65685,2056
3.452000e-3,1.65846,2058
3.454000e-3,1.64799,2045
3.456000e-3,1.65846,2058
3.458000e-3,1.65927,2059
3.460000e-3,1.64799,2045
3.462000e-3,1.65685,2056
3.464000e-3,1.66007,2060
3.466000e-3,1.64476,2041
3.468000e-3,1.65121,2049
3.470000e-3,1.65766,2057
3.472000e-3,1.64799,2045
3.474000e-3,1.65121,2049
3.476000e-3,1.67377,2077
3.478000e-3,1.65443,2053
3.480000e-3,1.65040,2048
3.482000e-3,1.66491,2066
3.484000e-3,1.66007,2060
3.486000e-3,1.65121,2049
3.488000e-3,1.66491,2066
3.490000e-3,1.66007,2060
3.492000e-3,1.65121,2049
3.494000e-3,1.66007,2060
3.496000e-3,1.66007,2060
3.498000e-3,1.64396,2040
3.500000e-3,1.65201,2050
3.502000e-3,1.65846,2058
3.504000e-3,1.64718,2044
3.506000e-3,1.65524,2054
3.508000e-3,1.65927,2059
3.510000e-3,1.64637,2043
3.512000e-3,1.65040,2048
3.514000e-3,1.66088,2061
3.516000e-3,1.65443,2053
3.518000e-3,1.65282,2051
3.520000e-3,1.66733,2069
3.522000e-3,1.65443,2053
3.524000e-3,1.65201,2050
3.526000e-3,1.66410,2065
3.528000e-3,1.65927,2059
3.530000e-3,1.65040,2048
3.532000e-3,1.65766,2057
3.534000e-3,1.66168,2062
3.536000e-3,1.64396,2040
3.538000e-3,1.65363,2052
3.540000e-3,1.65766,2057
3.542000e-3,1.64879,2046
3.544000e-3,1.65443,2053
3.546000e-3,1.66652,2068
3.548000e-3,1.64396,2040
3.550000e-3,1.64799,2045
3.552000e-3,1.66330,2064
3.554000e-3,1.65282,2051
3.556000e-3,1.65282,2051
3.558000e-3,1.66571,2067
3.560000e-3,1.65927,2059
3.562000e-3,1.65363,2052
3.564000e-3,1.66007,2060
3.566000e-3,1.65685,2056
3.568000e-3,1.64476,2041
3.570000e-3,1.66168,2062
3.572000e-3,1.66168,2062
3.574000e-3,1.63751,2032
3.576000e-3,1.65604,2055
3.578000e-3,1.65766,2057
3.580000e-3,1.64234,2038
3.582000e-3,1.65201,2050
3.584000e-3,1.65685,2056
3.586000e-3,1.64637,2043
3.588000e-3,1.65846,2058
3.590000e-3,1.66571,2067
3.592000e-3,1.65201,2050
3.594000e-3,1.65121,2049
3.596000e-3,1.66652,2068
3.598000e-3,1.65524,2054
3.600000e-3,1.66088,2061
3.602000e-3,1.65363,2052
3.604000e-3,1.66330,2064
3.606000e-3,1.64960,2047
3.608000e-3,1.65363,2052
3.610000e-3,1.65766,2057
3.612000e-3,1.64396,2040
3.614000e-3,1.65604,2055
3.616000e-3,1.65927,2059
3.618000e-3,1.64476,2041
3.620000e-3,1.65524,2054
3.622000e-3,1.66007,2060
3.624000e-3,1.64799,2045
3.626000e-3,1.65363,2052
3.628000e-3,1.65685,2056
3.630000e-3,1.64154,2037
3.632000e-3,1.65121,2049
3.634000e-3,1.66894,2071
3.636000e-3,1.65524,2054
3.638000e-3,1.65927,2059
3.640000e-3,1.66330,2064
3.642000e-3,1.65846,2058
3.644000e-3,1.65282,2051
3.646000e-3,1.66007,2060
3.648000e-3,1.65927,2059
3.650000e-3,1.64154,2037
3.652000e-3,1.65927,2059
3.654000e-3,1.66007,2060
3.656000e-3,1.64799,2045
3.658000e-3,1.65282,2051
3.660000e-3,1.66410,2065
3.662000e-3,1.65363,2052
3.664000e-3,1.66168,2062
3.666000e-3,1.66410,2065
3.668000e-3,1.65201,2050
3.670000e-3,1.64960,2047
3.672000e-3,1.66330,2064
3.674000e-3,1.65604,2055
3.676000e-3,1.64960,2047
3.678000e-3,1.66330,2064
3.680000e-3,1.66007,2060
3.682000e-3,1.64234,2038
3.684000e-3,1.65524,2054
3.686000e-3,1.65201,2050
3.688000e-3,1.65282,2051
3.690000e-3,1.65604,2055
3.692000e-3,1.66571,2067
3.694000e-3,1.65363,2052
3.696000e-3,1.65685,2056
3.698000e-3,1.66652,2068
3.700000e-3,1.65685,2056
3.702000e-3,1.65282,2051
3.704000e-3,1.65846,2058
3.706000e-3,1.65685,2056
3.708000e-3,1.64637,2043
3.710000e-3,1.65524,2054
3.712000e-3,1.65927,2059
3.714000e-3,1.64557,2042
3.716000e-3,1.65201,2050
3.718000e-3,1.65927,2059
3.720000e-3,1.65040,2048
3.722000e-3,1.64637,2043
3.724000e-3,1.66733,2069
3.726000e-3,1.65363,2052
3.728000e-3,1.65121,2049
3.730000e-3,1.66088,2061
3.732000e-3,1.65685,2056
3.734000e-3,1.65685,2056
3.736000e-3,1.66007,2060
3.738000e-3,1.65685,2056
3.740000e-3,1.65040,2048
3.742000e-3,1.65927,2059
3.744000e-3,1.65927,2059
3.746000e-3,1.64154,2037
3.748000e-3,1.64557,2042
3.750000e-3,1.65766,2057
3.752000e-3,1.64799,2045
3.754000e-3,1.65363,2052
3.756000e-3,1.66571,2067
3.758000e-3,1.64718,2044
3.760000e-3,1.65846,2058
3.762000e-3,1.66410,2065
3.764000e-3,1.65443,2053
3.766000e-3,1.65282,2051
3.768000e-3,1.66733,2069
3.770000e-3,1.65685,2056
3.772000e-3,1.65685,2056
3.774000e-3,1.66249,2063
3.776000e-3,1.64718,2044
3.778000e-3,1.65604,2055
3.780000e-3,1.66249,2063
3.782000e-3,1.66007,2060
3.784000e-3,1.64960,2047
3.786000e-3,1.65040,2048
3.788000e-3,1.65685,2056
3.790000e-3,1.65201,2050
3.792000e-3,1.65927,2059
3.794000e-3,1.65927,2059
3.796000e-3,1.64718,2044
3.798000e-3,1.65604,2055
3.800000e-3,1.65766,2057
3.802000e-3,1.64718,2044
3.804000e-3,1.65040,2048
3.806000e-3,1.66652,2068
3.808000e-3,1.65121,2049
3.810000e-3,1.65363,2052
3.812000e-3,1.66007,2060
3.814000e-3,1.64557,2042
3.816000e-3,1.65121,2049
3.818000e-3,1.66652,2068
3.820000e-3,1.65201,2050
3.822000e-3,1.65040,2048
3.824000e-3,1.66571,2067
3.826000e-3,1.65685,2056
3.828000e-3,1.65040,2048
3.830000e-3,1.67297,2076
3.832000e-3,1.65685,2056
3.834000e-3,1.65121,2049
3.836000e-3,1.66088,2061
3.838000e-3,1.65685,2056
3.840000e-3,1.64637,2043
3.842000e-3,1.65927,2059
3.844000e-3,1.65927,2059
3.846000e-3,1.64315,2039
3.848000e-3,1.65524,2054
3.850000e-3,1.65846,2058
3.852000e-3,1.64154,2037
3.854000e-3,1.65363,2052
3.856000e-3,1.65846,2058
3.858000e-3,1.64799,2045
3.860000e-3,1.65604,2055
3.862000e-3,1.65282,2051
3.864000e-3,1.64799,2045
3.866000e-3,1.65040,2048
3.868000e-3,1.66410,2065
3.870000e-3,1.66491,2066
3.872000e-3,1.65121,2049
3.874000e-3,1.66652,2068
3.876000e-3,1.64718,2044
3.878000e-3,1.65282,2051
3.880000e-3,1.66571,2067
3.882000e-3,1.66813,2070
3.884000e-3,1.65121,2049
3.886000e-3,1.66088,2061
3.888000e-3,1.65524,2054
3.890000e-3,1.64960,2047
3.892000e-3,1.65766,2057
3.894000e-3,1.65846,2058
3.896000e-3,1.64396,2040
3.898000e-3,1.65363,2052
3.900000e-3,1.65846,2058
3.902000e-3,1.64557,2042
3.904000e-3,1.64799,2045
3.906000e-3,1.65604,2055
3.908000e-3,1.65121,2049
3.910000e-3,1.65282,2051
3.912000e-3,1.67377,2077
3.914000e-3,1.65846,2058
3.916000e-3,1.65201,2050
3.918000e-3,1.66652,2068
3.920000e-3,1.65524,2054
3.922000e-3,1.64637,2043
3.924000e-3,1.66813,2070
3.926000e-3,1.65121,2049
3.928000e-3,1.65363,2052
3.930000e-3,1.65524,2054
3.932000e-3,1.65604,2055
3.934000e-3,1.65201,2050
3.936000e-3,1.66168,2062
3.938000e-3,1.65846,2058
3.940000e-3,1.64073,2036
3.942000e-3,1.65121,2049
3.944000e-3,1.65846,2058
3.946000e-3,1.64234,2038
3.948000e-3,1.65282,2051
3.950000e-3,1.65927,2059
3.952000e-3,1.64960,2047
3.954000e-3,1.65201,2050
3.956000e-3,1.66410,2065
3.958000e-3,1.64476,2041
3.960000e-3,1.65282,2051
3.962000e-3,1.67458,2078
3.964000e-3,1.65443,2053
3.966000e-3,1.65363,2052
3.968000e-3,1.66007,2060
3.970000e-3,1.65524,2054
3.972000e-3,1.64557,2042
3.974000e-3,1.65846,2058
3.976000e-3,1.66007,2060
3.978000e-3,1.64476,2041
3.980000e-3,1.65524,2054
3.982000e-3,1.65282,2051
3.984000e-3,1.65201,2050
3.986000e-3,1.65846,2058
3.988000e-3,1.66007,2060
3.990000e-3,1.65363,2052
3.992000e-3,1.65121,2049
3.994000e-3,1.66733,2069
3.996000e-3,1.65766,2057
3.998000e-3,1.65201,2050
4.000000e-3,1.66088,2061
4.002000e-3,1.65604,2055
4.004000e-3,1.65040,2048
4.006000e-3,1.65927,2059
4.008000e-3,1.65685,2056
4.010000e-3,1.64315,2039
4.012000e-3,1.66330,2064
4.014000e-3,1.65766,2057
4.016000e-3,1.64637,2043
4.018000e-3,1.65282,2051
4.020000e-3,1.66249,2063
4.022000e-3,1.65201,2050
4.024000e-3,1.65282,2051
4.026000e-3,1.66410,2065
4.028000e-3,1.65524,2054
4.030000e-3,1.65282,2051
4.032000e-3,1.66571,2067
4.034000e-3,1.65604,2055
4.036000e-3,1.65201,2050
4.038000e-3,1.66652,2068
4.040000e-3,1.65604,2055
4.042000e-3,1.64879,2046
4.044000e-3,1.65604,2055
4.046000e-3,1.65685,2056
4.048000e-3,1.64396,2040
4.050000e-3,1.64718,2044
4.052000e-3,1.66491,2066
4.054000e-3,1.65766,2057
4.056000e-3,1.65685,2056
4.058000e-3,1.65927,2059
4.060000e-3,1.65201,2050
4.062000e-3,1.65524,2054
4.064000e-3,1.66974,2072
4.066000e-3,1.65363,2052
4.068000e-3,1.65121,2049
4.070000e-3,1.66652,2068
4.072000e-3,1.66007,2060
4.074000e-3,1.65363,2052
4.076000e-3,1.67055,2073
4.078000e-3,1.65604,2055
4.080000e-3,1.65201,2050
4.082000e-3,1.66410,2065
4.084000e-3,1.65766,2057
4.086000e-3,1.65201,2050
4.088000e-3,1.65927,2059
4.090000e-3,1.66007,2060
4.092000e-3,1.65121,2049
4.094000e-3,1.65685,2056
4.096000e-3,1.66088,2061
4.098000e-3,1.64476,2041
4.100000e-3,1.65282,2051
4.102000e-3,1.65846,2058
4.104000e-3,1.64154,2037
4.106000e-3,1.65363,2052
4.108000e-3,1.66249,2063
4.110000e-3,1.65121,2049
4.112000e-3,1.65121,2049
4.114000e-3,1.65927,2059
4.116000e-3,1.65040,2048
4.118000e-3,1.65121,2049
4.120000e-3,1.66249,2063
4.122000e-3,1.65766,2057
4.124000e-3,1.65121,2049
4.126000e-3,1.65766,2057
4.128000e-3,1.66088,2061
4.130000e-3,1.64960,2047
4.132000e-3,1.65927,2059
4.134000e-3,1.66007,2060
4.136000e-3,1.64315,2039
4.138000e-3,1.65927,2059
4.140000e-3,1.65685,2056
4.142000e-3,1.65121,2049
4.144000e-3,1.64637,2043
4.146000e-3,1.66571,2067
4.148000e-3,1.65282,2051
4.150000e-3,1.65040,2048
4.152000e-3,1.66330,2064
4.154000e-3,1.66007,2060
4.156000e-3,1.65443,2053
4.158000e-3,1.66974,2072
4.160000e-3,1.65927,2059
4.162000e-3,1.64637,2043
4.164000e-3,1.65363,2052
4.166000e-3,1.65766,2057
4.168000e-3,1.64315,2039
4.170000e-3,1.65282,2051
4.172000e-3,1.66088,2061
4.174000e-3,1.64960,2047
4.176000e-3,1.66410,2065
4.178000e-3,1.66491,2066
4.180000e-3,1.65282,2051
4.182000e-3,1.65443,2053
4.184000e-3,1.66652,2068
4.186000e-3,1.65766,2057
4.188000e-3,1.65363,2052
4.190000e-3,1.66249,2063
4.192000e-3,1.65443,2053
4.194000e-3,1.65604,2055
4.196000e-3,1.66168,2062
4.198000e-3,1.65524,2054
4.200000e-3,1.64476,2041
4.202000e-3,1.65766,2057
4.204000e-3,1.65766,2057
4.206000e-3,1.65201,2050
4.208000e-3,1.65443,2053
4.210000e-3,1.65766,2057
4.212000e-3,1.64234,2038
4.214000e-3,1.65363,2052
4.216000e-3,1.65846,2058
4.218000e-3,1.64799,2045
4.220000e-3,1.65443,2053
4.222000e-3,1.66088,2061
4.224000e-3,1.65121,2049
4.226000e-3,1.64396,2040
4.228000e-3,1.67377,2077
4.230000e-3,1.65766,2057
4.232000e-3,1.65282,2051
4.234000e-3,1.65846,2058
4.236000e-3,1.66571,2067
4.238000e-3,1.65685,2056
4.240000e-3,1.65685,2056
4.242000e-3,1.65604,2055
4.244000e-3,1.64234,2038
4.246000e-3,1.65363,2052
4.248000e-3,1.65846,2058
4.250000e-3,1.64637,2043
4.252000e-3,1.64960,2047
4.254000e-3,1.66088,2061
4.256000e-3,1.65524,2054
4.258000e-3,1.65121,2049
4.260000e-3,1.66088,2061
4.262000e-3,1.65846,2058
4.264000e-3,1.65040,2048
4.266000e-3,1.66168,2062
4.268000e-3,1.66330,2064
4.270000e-3,1.64960,2047
4.272000e-3,1.66168,2062
4.274000e-3,1.66007,2060
4.276000e-3,1.65040,2048
4.278000e-3,1.65282,2051
4.280000e-3,1.65766,2057
4.282000e-3,1.65040,2048
4.284000e-3,1.65443,2053
4.286000e-3,1.65846,2058
4.288000e-3,1.65282,2051
4.290000e-3,1.65282,2051
4.292000e-3,1.66330,2064
4.294000e-3,1.65604,2055
4.296000e-3,1.65363,2052
4.298000e-3,1.65927,2059
4.300000e-3,1.65685,2056
4.302000e-3,1.64234,2038
4.304000e-3,1.65766,2057
4.306000e-3,1.65927,2059
4.308000e-3,1.64234,2038
4.310000e-3,1.65443,2053
4.312000e-3,1.65282,2051
4.314000e-3,1.64879,2046
4.316000e-3,1.65040,2048
4.318000e-3,1.66410,2065
4.320000e-3,1.65363,2052
4.322000e-3,1.65927,2059
4.324000e-3,1.66733,2069
4.326000e-3,1.64396,2040
4.328000e-3,1.64637,2043
4.330000e-3,1.66571,2067
4.332000e-3,1.65927,2059
4.334000e-3,1.65846,2058
4.336000e-3,1.66007,2060
4.338000e-3,1.66249,2063
4.340000e-3,1.64396,2040
4.342000e-3,1.65766,2057
4.344000e-3,1.65524,2054
4.346000e-3,1.64154,2037
4.348000e-3,1.65363,2052
4.350000e-3,1.66330,2064
4.352000e-3,1.64073,2036
4.354000e-3,1.66491,2066
4.356000e-3,1.66894,2071
4.358000e-3,1.65363,2052
4.360000e-3,1.65201,2050
4.362000e-3,1.66571,2067
4.364000e-3,1.66168,2062
4.366000e-3,1.65201,2050
4.368000e-3,1.65040,2048
4.370000e-3,1.65846,2058
4.372000e-3,1.64718,2044
4.374000e-3,1.65685,2056
4.376000e-3,1.66088,2061
4.378000e-3,1.64637,2043
4.380000e-3,1.65121,2049
4.382000e-3,1.65685,2056
4.384000e-3,1.65363,2052
4.386000e-3,1.65443,2053
4.388000e-3,1.66733,2069
4.390000e-3,1.65524,2054
4.392000e-3,1.65040,2048
4.394000e-3,1.66410,2065
4.396000e-3,1.65766,2057
4.398000e-3,1.64799,2045
4.400000e-3,1.66007,2060
4.402000e-3,1.65846,2058
4.404000e-3,1.64073,2036
4.406000e-3,1.65846,2058
4.408000e-3,1.66249,2063
4.410000e-3,1.64557,2042
4.412000e-3,1.65121,2049
4.414000e-3,1.65846,2058
4.416000e-3,1.64879,2046
4.418000e-3,1.66088,2061
4.420000e-3,1.66410,2065
4.422000e-3,1.65363,2052
4.424000e-3,1.65443,2053
4.426000e-3,1.66410,2065
4.428000e-3,1.65685,2056
4.430000e-3,1.65282,2051
4.432000e-3,1.66733,2069
4.434000e-3,1.65766,2057
4.436000e-3,1.64799,2045
4.438000e-3,1.66088,2061
4.440000e-3,1.65846,2058
4.442000e-3,1.64637,2043
4.444000e-3,1.65201,2050
4.446000e-3,1.65524,2054
4.448000e-3,1.64718,2044
4.450000e-3,1.65282,2051
4.452000e-3,1.65927,2059
4.454000e-3,1.65604,2055
4.456000e-3,1.65121,2049
4.458000e-3,1.66410,2065
4.460000e-3,1.65685,2056
4.462000e-3,1.65443,2053
4.464000e-3,1.66007,2060
4.466000e-3,1.66007,2060
4.468000e-3,1.64799,2045
4.470000e-3,1.65604,2055
4.472000e-3,1.66249,2063
4.474000e-3,1.64476,2041
4.476000e-3,1.65685,2056
4.478000e-3,1.66007,2060
4.480000e-3,1.64557,2042
4.482000e-3,1.65524,2054
4.484000e-3,1.66249,2063
4.486000e-3,1.65363,2052
4.488000e-3,1.65121,2049
4.490000e-3,1.66571,2067
4.492000e-3,1.65363,2052
4.494000e-3,1.65443,2053
4.496000e-3,1.66088,2061
4.498000e-3,1.65604,2055
4.500000e-3,1.64476,2041
4.502000e-3,1.65766,2057
4.504000e-3,1.65685,2056
4.506000e-3,1.64718,2044
4.508000e-3,1.65121,2049
4.510000e-3,1.65766,2057
4.512000e-3,1.64637,2043
4.514000e-3,1.65363,2052
4.516000e-3,1.66007,2060
4.518000e-3,1.65363,2052
4.520000e-3,1.65282,2051
4.522000e-3,1.66410,2065
4.524000e-3,1.65766,2057
4.526000e-3,1.65443,2053
4.528000e-3,1.67136,2074
4.530000e-3,1.65927,2059
4.532000e-3,1.65040,2048
4.534000e-3,1.66410,2065
4.536000e-3,1.65927,2059
4.538000e-3,1.64879,2046
4.540000e-3,1.65443,2053
4.542000e-3,1.65766,2057
4.544000e-3,1.64557,2042
4.546000e-3,1.65040,2048
4.548000e-3,1.66491,2066
4.550000e-3,1.64718,2044
4.552000e-3,1.65846,2058
4.554000e-3,1.67619,2080
4.556000e-3,1.65766,2057
4.558000e-3,1.65201,2050
4.560000e-3,1.66330,2064
4.562000e-3,1.66007,2060
4.564000e-3,1.63993,2035
4.566000e-3,1.65766,2057
4.568000e-3,1.65604,2055
4.570000e-3,1.64396,2040
4.572000e-3,1.65927,2059
4.574000e-3,1.65846,2058
4.576000e-3,1.65363,2052
4.578000e-3,1.65282,2051
4.580000e-3,1.65846,2058
4.582000e-3,1.65363,2052
4.584000e-3,1.65121,2049
4.586000e-3,1.66894,2071
4.588000e-3,1.65524,2054
4.590000e-3,1.65363,2052
4.592000e-3,1.66813,2070
4.594000e-3,1.65846,2058
4.596000e-3,1.65604,2055
4.598000e-3,1.65846,2058
4.600000e-3,1.65604,2055
4.602000e-3,1.64637,2043
4.604000e-3,1.65443,2053
4.606000e-3,1.66007,2060
4.608000e-3,1.64154,2037
4.610000e-3,1.66088,2061
4.612000e-3,1.65685,2056
4.614000e-3,1.65040,2048
4.616000e-3,1.65121,2049
4.618000e-3,1.66007,2060
4.620000e-3,1.65282,2051
4.622000e-3,1.65282,2051
4.624000e-3,1.66733,2069
4.626000e-3,1.65121,2049
4.628000e-3,1.65363,2052
4.630000e-3,1.65927,2059
4.632000e-3,1.65927,2059
4.634000e-3,1.65121,2049
4.636000e-3,1.65846,2058
4.638000e-3,1.66330,2064
4.640000e-3,1.64396,2040
4.642000e-3,1.65604,2055
4.644000e-3,1.65363,2052
4.646000e-3,1.64476,2041
4.648000e-3,1.65201,2050
4.650000e-3,1.66007,2060
4.652000e-3,1.65121,2049
4.654000e-3,1.65685,2056
4.656000e-3,1.66733,2069
4.658000e-3,1.65363,2052
4.660000e-3,1.65363,2052
4.662000e-3,1.66330,2064
4.664000e-3,1.65524,2054
4.666000e-3,1.64315,2039
4.668000e-3,1.65363,2052
4.670000e-3,1.65201,2050
4.672000e-3,1.65846,2058
4.674000e-3,1.65282,2051
4.676000e-3,1.67941,2084
4.678000e-3,1.65524,2054
4.680000e-3,1.65121,2049
4.682000e-3,1.66410,2065
4.684000e-3,1.65685,2056
4.686000e-3,1.65363,2052
4.688000e-3,1.65927,2059
4.690000e-3,1.66168,2062
4.692000e-3,1.63429,2028
4.694000e-3,1.65846,2058
4.696000e-3,1.65846,2058
4.698000e-3,1.63993,2035
4.700000e-3,1.65201,2050
4.702000e-3,1.66330,2064
4.704000e-3,1.64396,2040
4.706000e-3,1.65201,2050
4.708000e-3,1.66410,2065
4.710000e-3,1.65282,2051
4.712000e-3,1.65282,2051
4.714000e-3,1.66007,2060
4.716000e-3,1.65685,2056
4.718000e-3,1.64396,2040
4.720000e-3,1.65685,2056
4.722000e-3,1.65604,2055
4.724000e-3,1.64960,2047
4.726000e-3,1.65040,2048
4.728000e-3,1.66894,2071
4.730000e-3,1.65443,2053
4.732000e-3,1.65040,2048
4.734000e-3,1.66652,2068
4.736000e-3,1.65766,2057
4.738000e-3,1.65443,2053
4.740000e-3,1.65685,2056
4.742000e-3,1.66007,2060
4.744000e-3,1.64557,2042
4.746000e-3,1.65201,2050
4.748000e-3,1.65846,2058
4.750000e-3,1.65040,2048
4.752000e-3,1.65040,2048
4.754000e-3,1.66168,2062
4.756000e-3,1.65766,2057
4.758000e-3,1.64960,2047
4.760000e-3,1.65927,2059
4.762000e-3,1.65363,2052
4.764000e-3,1.64154,2037
4.766000e-3,1.64799,2045
4.768000e-3,1.65524,2054
4.770000e-3,1.65040,2048
4.772000e-3,1.65604,2055
4.774000e-3,1.66733,2069
4.776000e-3,1.65685,2056
4.778000e-3,1.64960,2047
4.780000e-3,1.66491,2066
4.782000e-3,1.65766,2057
4.784000e-3,1.65201,2050
4.786000e-3,1.66168,2062
4.788000e-3,1.65766,2057
4.790000e-3,1.64476,2041
4.792000e-3,1.66571,2067
4.794000e-3,1.66007,2060
4.796000e-3,1.64557,2042
4.798000e-3,1.64637,2043
4.800000e-3,1.66168,2062
4.802000e-3,1.65121,2049
4.804000e-3,1.66007,2060
4.806000e-3,1.66813,2070
4.808000e-3,1.65201,2050
4.810000e-3,1.64476,2041
4.812000e-3,1.66249,2063
4.814000e-3,1.65846,2058
4.816000e-3,1.64960,2047
4.818000e-3,1.65927,2059
4.820000e-3,1.66007,2060
4.822000e-3,1.64476,2041
4.824000e-3,1.65443,2053
4.826000e-3,1.65363,2052
4.828000e-3,1.65524,2054
4.830000e-3,1.65282,2051
4.832000e-3,1.66571,2067
4.834000e-3,1.65363,2052
4.836000e-3,1.65201,2050
4.838000e-3,1.67055,2073
4.840000e-3,1.65524,2054
4.842000e-3,1.65363,2052
4.844000e-3,1.65604,2055
4.846000e-3,1.65604,2055
4.848000e-3,1.64557,2042
4.850000e-3,1.64718,2044
4.852000e-3,1.65443,2053
4.854000e-3,1.64960,2047
4.856000e-3,1.64637,2043
4.858000e-3,1.66652,2068
4.860000e-3,1.65443,2053
4.862000e-3,1.65524,2054
4.864000e-3,1.65846,2058
4.866000e-3,1.65766,2057
4.868000e-3,1.65443,2053
4.870000e-3,1.65927,2059
4.872000e-3,1.66249,2063
4.874000e-3,1.64557,2042
4.876000e-3,1.65927,2059
4.878000e-3,1.65927,2059
4.880000e-3,1.65040,2048
4.882000e-3,1.65363,2052
4.884000e-3,1.66733,2069
4.886000e-3,1.65524,2054
4.888000e-3,1.65201,2050
4.890000e-3,1.66330,2064
4.892000e-3,1.65524,2054
4.894000e-3,1.64960,2047
4.896000e-3,1.65766,2057
4.898000e-3,1.65766,2057
4.900000e-3,1.64557,2042
4.902000e-3,1.65363,2052
4.904000e-3,1.66007,2060
4.906000e-3,1.65524,2054
4.908000e-3,1.64879,2046
4.910000e-3,1.66410,2065
4.912000e-3,1.66249,2063
4.914000e-3,1.65121,2049
4.916000e-3,1.66007,2060
4.918000e-3,1.65846,2058
4.920000e-3,1.64557,2042
4.922000e-3,1.65685,2056
4.924000e-3,1.66007,2060
4.926000e-3,1.64154,2037
4.928000e-3,1.64799,2045
4.930000e-3,1.66168,2062
4.932000e-3,1.65524,2054
4.934000e-3,1.66088,2061
4.936000e-3,1.66813,2070
4.938000e-3,1.65846,2058
4.940000e-3,1.65040,2048
4.942000e-3,1.66410,2065
4.944000e-3,1.65443,2053
4.946000e-3,1.65121,2049
4.948000e-3,1.66168,2062
4.950000e-3,1.65201,2050
4.952000e-3,1.65524,2054
4.954000e-3,1.66007,2060
4.956000e-3,1.66249,2063
4.958000e-3,1.64396,2040
4.960000e-3,1.65766,2057
4.962000e-3,1.66088,2061
4.964000e-3,1.64154,2037
4.966000e-3,1.66088,2061
4.968000e-3,1.65766,2057
4.970000e-3,1.65201,2050
4.972000e-3,1.65524,2054
4.974000e-3,1.66571,2067
4.976000e-3,1.65524,2054
4.978000e-3,1.65604,2055
4.980000e-3,1.66007,2060
4.982000e-3,1.66088,2061
4.984000e-3,1.64476,2041
4.986000e-3,1.65443,2053
4.988000e-3,1.66007,2060
4.990000e-3,1.64557,2042
4.992000e-3,1.65604,2055
4.994000e-3,1.66410,2065
4.996000e-3,1.65040,2048
4.998000e-3,1.64315,2039
5.000000e-3,1.66652,2068
5.002000e-3,1.65443,2053
5.004000e-3,1.65040,2048
5.006000e-3,1.66894,2071
5.008000e-3,1.65524,2054
5.010000e-3,1.64799,2045
5.012000e-3,1.65846,2058
5.014000e-3,1.65443,2053
5.016000e-3,1.64396,2040
5.018000e-3,1.65685,2056
5.020000e-3,1.65846,2058
5.022000e-3,1.64799,2045
5.024000e-3,1.65282,2051
5.026000e-3,1.66007,2060
5.028000e-3,1.65201,2050
5.030000e-3,1.65040,2048
5.032000e-3,1.66491,2066
5.034000e-3,1.65604,2055
5.036000e-3,1.65121,2049
5.038000e-3,1.66571,2067
5.040000e-3,1.66894,2071
5.042000e-3,1.65201,2050
5.044000e-3,1.65846,2058
5.046000e-3,1.65685,2056
5.048000e-3,1.64476,2041
5.050000e-3,1.65201,2050
5.052000e-3,1.65766,2057
5.054000e-3,1.64879,2046
5.056000e-3,1.65201,2050
5.058000e-3,1.66652,2068
5.060000e-3,1.65282,2051
5.062000e-3,1.65443,2053
5.064000e-3,1.66571,2067
5.066000e-3,1.65766,2057
5.068000e-3,1.65040,2048
5.070000e-3,1.66249,2063
5.072000e-3,1.65846,2058
5.074000e-3,1.64234,2038
5.076000e-3,1.65846,2058
5.078000e-3,1.65604,2055
5.080000e-3,1.64799,2045
5.082000e-3,1.65363,2052
5.084000e-3,1.66813,2070
5.086000e-3,1.65524,2054
5.088000e-3,1.65443,2053
5.090000e-3,1.66330,2064
5.092000e-3,1.66088,2061
5.094000e-3,1.64073,2036
5.096000e-3,1.65685,2056
5.098000e-3,1.65927,2059
5.100000e-3,1.64718,2044
5.102000e-3,1.65363,2052
5.104000e-3,1.65846,2058
5.106000e-3,1.65121,2049
5.108000e-3,1.65363,2052
5.110000e-3,1.67941,2084
5.112000e-3,1.65604,2055
5.114000e-3,1.65040,2048
5.116000e-3,1.66249,2063
5.118000e-3,1.65040,2048
5.120000e-3,1.65282,2051
5.122000e-3,1.66007,2060
5.124000e-3,1.65604,2055
5.126000e-3,1.64396,2040
5.128000e-3,1.65282,2051
5.130000e-3,1.65685,2056
5.132000e-3,1.63751,2032
5.134000e-3,1.65363,2052
5.136000e-3,1.66813,2070
5.138000e-3,1.65443,2053
5.140000e-3,1.65363,2052
5.142000e-3,1.66249,2063
5.144000e-3,1.65685,2056
5.146000e-3,1.64154,2037
5.148000e-3,1.65524,2054
5.150000e-3,1.65685,2056
5.152000e-3,1.64960,2047
5.154000e-3,1.65201,2050
5.156000e-3,1.66491,2066
5.158000e-3,1.65685,2056
5.160000e-3,1.65363,2052
5.162000e-3,1.66491,2066
5.164000e-3,1.65363,2052
5.166000e-3,1.65121,2049
5.168000e-3,1.65363,2052
5.170000e-3,1.65846,2058
5.172000e-3,1.64557,2042
5.174000e-3,1.65363,2052
5.176000e-3,1.66007,2060
5.178000e-3,1.64234,2038
5.180000e-3,1.65846,2058
5.182000e-3,1.66733,2069
5.184000e-3,1.65604,2055
5.186000e-3,1.65040,2048
5.188000e-3,1.66330,2064
5.190000e-3,1.65846,2058
5.192000e-3,1.64073,2036
5.194000e-3,1.65201,2050
5.196000e-3,1.65604,2055
5.198000e-3,1.65282,2051
5.200000e-3,1.65363,2052
5.202000e-3,1.66733,2069
5.204000e-3,1.65443,2053
5.206000e-3,1.65524,2054
5.208000e-3,1.66330,2064
5.210000e-3,1.65685,2056
5.212000e-3,1.64154,2037
5.214000e-3,1.65685,2056
5.216000e-3,1.65766,2057
5.218000e-3,1.64799,2045
5.220000e-3,1.65363,2052
5.222000e-3,1.66007,2060
5.224000e-3,1.65121,2049
5.226000e-3,1.65040,2048
5.228000e-3,1.66894,2071
5.230000e-3,1.65685,2056
5.232000e-3,1.65040,2048
5.234000e-3,1.65604,2055
5.236000e-3,1.65524,2054
5.238000e-3,1.64476,2041
5.240000e-3,1.65443,2053
5.242000e-3,1.66571,2067
5.244000e-3,1.65201,2050
5.246000e-3,1.65201,2050
5.248000e-3,1.66330,2064
5.250000e-3,1.65363,2052
5.252000e-3,1.65040,2048
5.254000e-3,1.65363,2052
5.256000e-3,1.66088,2061
5.258000e-3,1.64476,2041
5.260000e-3,1.65282,2051
5.262000e-3,1.66007,2060
5.264000e-3,1.65040,2048
5.266000e-3,1.65121,2049
5.268000e-3,1.66330,2064
5.270000e-3,1.65282,2051
5.272000e-3,1.65121,2049
5.274000e-3,1.65927,2059
5.276000e-3,1.65927,2059
5.278000e-3,1.64476,2041
5.280000e-3,1.65524,2054
5.282000e-3,1.65685,2056
5.284000e-3,1.64718,2044
5.286000e-3,1.65040,2048
5.288000e-3,1.66007,2060
5.290000e-3,1.65201,2050
5.292000e-3,1.65363,2052
5.294000e-3,1.66410,2065
5.296000e-3,1.65604,2055
5.298000e-3,1.65282,2051
5.300000e-3,1.65766,2057
5.302000e-3,1.65927,2059
5.304000e-3,1.64234,2038
5.306000e-3,1.65766,2057
5.308000e-3,1.65766,2057
5.310000e-3,1.64718,2044
5.312000e-3,1.64799,2045
5.314000e-3,1.66733,2069
5.316000e-3,1.65846,2058
5.318000e-3,1.65363,2052
5.320000e-3,1.66410,2065
5.322000e-3,1.65443,2053
5.324000e-3,1.64960,2047
5.326000e-3,1.65766,2057
5.328000e-3,1.65927,2059
5.330000e-3,1.64396,2040
5.332000e-3,1.65363,2052
5.334000e-3,1.66088,2061
5.336000e-3,1.65443,2053
5.338000e-3,1.65201,2050
5.340000e-3,1.66330,2064
5.342000e-3,1.65604,2055
5.344000e-3,1.65040,2048
5.346000e-3,1.65766,2057
5.348000e-3,1.65927,2059
5.350000e-3,1.64234,2038
5.352000e-3,1.65443,2053
5.354000e-3,1.65282,2051
5.356000e-3,1.64879,2046
5.358000e-3,1.65363,2052
5.360000e-3,1.66249,2063
5.362000e-3,1.65040,2048
5.364000e-3,1.65121,2049
5.366000e-3,1.65927,2059
5.368000e-3,1.65201,2050
5.370000e-3,1.65363,2052
5.372000e-3,1.66168,2062
5.374000e-3,1.66007,2060
5.376000e-3,1.64476,2041
5.378000e-3,1.65363,2052
5.380000e-3,1.65685,2056
5.382000e-3,1.64637,2043
5.384000e-3,1.65201,2050
5.386000e-3,1.66330,2064
5.388000e-3,1.65604,2055
5.390000e-3,1.64960,2047
5.392000e-3,1.66491,2066
5.394000e-3,1.66330,2064
5.396000e-3,1.65121,2049
5.398000e-3,1.65766,2057
5.400000e-3,1.65685,2056
5.402000e-3,1.64557,2042
5.404000e-3,1.65121,2049
5.406000e-3,1.65846,2058
5.408000e-3,1.65685,2056
5.410000e-3,1.65201,2050
5.412000e-3,1.66733,2069
5.414000e-3,1.65282,2051
5.416000e-3,1.65524,2054
5.418000e-3,1.66007,2060
5.420000e-3,1.66168,2062
5.422000e-3,1.63832,2033
5.424000e-3,1.65282,2051
5.426000e-3,1.65846,2058
5.428000e-3,1.64315,2039
5.430000e-3,1.65685,2056
5.432000e-3,1.65443,2053
5.434000e-3,1.65040,2048
5.436000e-3,1.65363,2052
5.438000e-3,1.66733,2069
5.440000e-3,1.65604,2055
5.442000e-3,1.65524,2054
5.444000e-3,1.66330,2064
5.446000e-3,1.65524,2054
5.448000e-3,1.64315,2039
5.450000e-3,1.65685,2056
5.452000e-3,1.65846,2058
5.454000e-3,1.64718,2044
5.456000e-3,1.65443,2053
5.458000e-3,1.65685,2056
5.460000e-3,1.64960,2047
5.462000e-3,1.65040,2048
5.464000e-3,1.66894,2071
5.466000e-3,1.65604,2055
5.468000e-3,1.65040,2048
5.470000e-3,1.66007,2060
5.472000e-3,1.65685,2056
5.474000e-3,1.65121,2049
5.476000e-3,1.65927,2059
5.478000e-3,1.66330,2064
5.480000e-3,1.64396,2040
5.482000e-3,1.65201,2050
5.484000e-3,1.65766,2057
5.486000e-3,1.64396,2040
5.488000e-3,1.65363,2052
5.490000e-3,1.65604,2055
5.492000e-3,1.65040,2048
5.494000e-3,1.65363,2052
5.496000e-3,1.66571,2067
5.498000e-3,1.65282,2051
5.500000e-3,1.65363,2052
5.502000e-3,1.66571,2067
5.504000e-3,1.64718,2044
5.506000e-3,1.65363,2052
5.508000e-3,1.65604,2055
5.510000e-3,1.66007,2060
5.512000e-3,1.63832,2033
5.514000e-3,1.65443,2053
5.516000e-3,1.65846,2058
5.518000e-3,1.64476,2041
5.520000e-3,1.65363,2052
5.522000e-3,1.65846,2058
5.524000e-3,1.65363,2052
5.526000e-3,1.64718,2044
5.528000e-3,1.66410,2065
5.530000e-3,1.65685,2056
5.532000e-3,1.64960,2047
5.534000e-3,1.66330,2064
5.536000e-3,1.65766,2057
5.538000e-3,1.64637,2043
5.540000e-3,1.65524,2054
5.542000e-3,1.65604,2055
5.544000e-3,1.64557,2042
5.546000e-3,1.65040,2048
5.548000e-3,1.66249,2063
5.550000e-3,1.65846,2058
5.552000e-3,1.65121,2049
5.554000e-3,1.66813,2070
5.556000e-3,1.65443,2053
5.558000e-3,1.65201,2050
5.560000e-3,1.66652,2068
5.562000e-3,1.65685,2056
5.564000e-3,1.65121,2049
5.566000e-3,1.65927,2059
5.568000e-3,1.65685,2056
5.570000e-3,1.64396,2040
5.572000e-3,1.65766,2057
5.574000e-3,1.65846,2058
5.576000e-3,1.64557,2042
5.578000e-3,1.65443,2053
5.580000e-3,1.65766,2057
5.582000e-3,1.65121,2049
5.584000e-3,1.65282,2051
5.586000e-3,1.66007,2060
5.588000e-3,1.65121,2049
5.590000e-3,1.65201,2050
5.592000e-3,1.66571,2067
5.594000e-3,1.65685,2056
5.596000e-3,1.65846,2058
5.598000e-3,1.66007,2060
5.600000e-3,1.65524,2054
5.602000e-3,1.64718,2044
5.604000e-3,1.65363,2052
5.606000e-3,1.66007,2060
5.608000e-3,1.64637,2043
5.610000e-3,1.65604,2055
5.612000e-3,1.65927,2059
5.614000e-3,1.64073,2036
5.616000e-3,1.65282,2051
5.618000e-3,1.65121,2049
5.620000e-3,1.65121,2049
5.622000e-3,1.65040,2048
5.624000e-3,1.66894,2071
5.626000e-3,1.65927,2059
5.628000e-3,1.64799,2045
5.630000e-3,1.66652,2068
5.632000e-3,1.65766,2057
5.634000e-3,1.65363,2052
5.636000e-3,1.65685,2056
5.638000e-3,1.65927,2059
5.640000e-3,1.64315,2039
5.642000e-3,1.66652,2068
5.644000e-3,1.65685,2056
5.646000e-3,1.64234,2038
5.648000e-3,1.65604,2055
5.650000e-3,1.65685,2056
5.652000e-3,1.64799,2045
5.654000e-3,1.65363,2052
5.656000e-3,1.65846,2058
5.658000e-3,1.64234,2038
5.660000e-3,1.65443,2053
5.662000e-3,1.66652,2068
5.664000e-3,1.64637,2043
5.666000e-3,1.65363,2052
5.668000e-3,1.66410,2065
5.670000e-3,1.64718,2044
5.672000e-3,1.65363,2052
5.674000e-3,1.65846,2058
5.676000e-3,1.65685,2056
5.678000e-3,1.65121,2049
5.680000e-3,1.65927,2059
5.682000e-3,1.65685,2056
5.684000e-3,1.64396,2040
5.686000e-3,1.65363,2052
5.688000e-3,1.65846,2058
5.690000e-3,1.64718,2044
5.692000e-3,1.65443,2053
5.694000e-3,1.66088,2061
5.696000e-3,1.65282,2051
5.698000e-3,1.65040,2048
5.700000e-3,1.66733,2069
5.702000e-3,1.65927,2059
5.704000e-3,1.65121,2049
5.706000e-3,1.65685,2056
5.708000e-3,1.65846,2058
5.710000e-3,1.64637,2043
5.712000e-3,1.65604,2055
5.714000e-3,1.66249,2063
5.716000e-3,1.64557,2042
5.718000e-3,1.65040,2048
5.720000e-3,1.65282,2051
5.722000e-3,1.64718,2044
5.724000e-3,1.65363,2052
5.726000e-3,1.66168,2062
5.728000e-3,1.65363,2052
5.730000e-3,1.65363,2052
5.732000e-3,1.66410,2065
5.734000e-3,1.65524,2054
5.736000e-3,1.64396,2040
5.738000e-3,1.66088,2061
5.740000e-3,1.65685,2056
5.742000e-3,1.64476,2041
5.744000e-3,1.65685,2056
5.746000e-3,1.65282,2051
5.748000e-3,1.64799,2045
5.750000e-3,1.65443,2053
5.752000e-3,1.65766,2057
5.754000e-3,1.64879,2046
5.756000e-3,1.65201,2050
5.758000e-3,1.66491,2066
5.760000e-3,1.65121,2049
5.762000e-3,1.65040,2048
5.764000e-3,1.66491,2066
5.766000e-3,1.65685,2056
5.768000e-3,1.65040,2048
5.770000e-3,1.66410,2065
5.772000e-3,1.65766,2057
5.774000e-3,1.64396,2040
5.776000e-3,1.65443,2053
5.778000e-3,1.66088,2061
5.780000e-3,1.64637,2043
5.782000e-3,1.65040,2048
5.784000e-3,1.66491,2066
5.786000e-3,1.65040,2048
5.788000e-3,1.65201,2050
5.790000e-3,1.66894,2071
5.792000e-3,1.65524,2054
5.794000e-3,1.65201,2050
5.796000e-3,1.66410,2065
5.798000e-3,1.65927,2059
5.800000e-3,1.64718,2044
5.802000e-3,1.65685,2056
5.804000e-3,1.65846,2058
5.806000e-3,1.64315,2039
5.808000e-3,1.64960,2047
5.810000e-3,1.65766,2057
5.812000e-3,1.64718,2044
5.814000e-3,1.65524,2054
5.816000e-3,1.65927,2059
5.818000e-3,1.65363,2052
5.820000e-3,1.65282,2051
5.822000e-3,1.66410,2065
5.824000e-3,1.65040,2048
5.826000e-3,1.65201,2050
5.828000e-3,1.66733,2069
5.830000e-3,1.65685,2056
5.832000e-3,1.65766,2057
5.834000e-3,1.66330,2064
5.836000e-3,1.65524,2054
5.838000e-3,1.64718,2044
5.840000e-3,1.65685,2056
5.842000e-3,1.66007,2060
5.844000e-3,1.64799,2045
5.846000e-3,1.65443,2053
5.848000e-3,1.66007,2060
5.850000e-3,1.65121,2049
5.852000e-3,1.65363,2052
5.854000e-3,1.66410,2065
5.856000e-3,1.65121,2049
5.858000e-3,1.65040,2048
5.860000e-3,1.66974,2072
5.862000e-3,1.65604,2055
5.864000e-3,1.65282,2051
5.866000e-3,1.65766,2057
5.868000e-3,1.65766,2057
5.870000e-3,1.65040,2048
5.872000e-3,1.65685,2056
5.874000e-3,1.66007,2060
5.876000e-3,1.63993,2035
5.878000e-3,1.65604,2055
5.880000e-3,1.65201,2050
5.882000e-3,1.64557,2042
5.884000e-3,1.65524,2054
5.886000e-3,1.65604,2055
5.888000e-3,1.65201,2050
5.890000e-3,1.65363,2052
5.892000e-3,1.66733,2069
5.894000e-3,1.64960,2047
5.896000e-3,1.64637,2043
5.898000e-3,1.66410,2065
5.900000e-3,1.65524,2054
5.902000e-3,1.65363,2052
5.904000e-3,1.65927,2059
5.906000e-3,1.65766,2057
5.908000e-3,1.64557,2042
5.910000e-3,1.65766,2057
5.912000e-3,1.65927,2059
5.914000e-3,1.64799,2045
5.916000e-3,1.65443,2053
5.918000e-3,1.66088,2061
5.920000e-3,1.65201,2050
5.922000e-3,1.65121,2049
5.924000e-3,1.66652,2068
5.926000e-3,1.65604,2055
5.928000e-3,1.65282,2051
5.930000e-3,1.66330,2064
5.932000e-3,1.65604,2055
5.934000e-3,1.65040,2048
5.936000e-3,1.66088,2061
5.938000e-3,1.65927,2059
5.940000e-3,1.63912,2034
5.942000e-3,1.65443,2053
5.944000e-3,1.65927,2059
5.946000e-3,1.64557,2042
5.948000e-3,1.65443,2053
5.950000e-3,1.66330,2064
5.952000e-3,1.65201,2050
5.954000e-3,1.65040,2048
5.956000e-3,1.67216,2075
5.958000e-3,1.65040,2048
5.960000e-3,1.65201,2050
5.962000e-3,1.66249,2063
5.964000e-3,1.65524,2054
5.966000e-3,1.65282,2051
5.968000e-3,1.65927,2059
5.970000e-3,1.65604,2055
5.972000e-3,1.65040,2048
5.974000e-3,1.66168,2062
5.976000e-3,1.65040,2048
5.978000e-3,1.64799,2045
5.980000e-3,1.64799,2045
5.982000e-3,1.65927,2059
5.984000e-3,1.64879,2046
5.986000e-3,1.65201,2050
5.988000e-3,1.66410,2065
5.990000e-3,1.65604,2055
5.992000e-3,1.65201,2050
5.994000e-3,1.66894,2071
5.996000e-3,1.66168,2062
5.998000e-3,1.65201,2050
6.000000e-3,1.65927,2059
6.002000e-3,1.65685,2056
6.004000e-3,1.65040,2048
6.006000e-3,1.66088,2061
6.008000e-3,1.66813,2070
6.010000e-3,1.65121,2049
6.012000e-3,1.66088,2061
6.014000e-3,1.65927,2059
6.016000e-3,1.64315,2039
6.018000e-3,1.65363,2052
6.020000e-3,1.65927,2059
6.022000e-3,1.64718,2044
6.024000e-3,1.65363,2052
6.026000e-3,1.66007,2060
6.028000e-3,1.64637,2043
6.030000e-3,1.65282,2051
6.032000e-3,1.66652,2068
6.034000e-3,1.65363,2052
6.036000e-3,1.65040,2048
6.038000e-3,1.67055,2073
6.040000e-3,1.65121,2049
6.042000e-3,1.65685,2056
6.044000e-3,1.66330,2064
6.046000e-3,1.65443,2053
6.048000e-3,1.65282,2051
6.050000e-3,1.65846,2058
6.052000e-3,1.66088,2061
6.054000e-3,1.64396,2040
6.056000e-3,1.65685,2056
6.058000e-3,1.65604,2055
6.060000e-3,1.64960,2047
6.062000e-3,1.65121,2049
6.064000e-3,1.66410,2065
6.066000e-3,1.65685,2056
6.068000e-3,1.65040,2048
6.070000e-3,1.66249,2063
6.072000e-3,1.65524,2054
6.074000e-3,1.64799,2045
6.076000e-3,1.66330,2064
6.078000e-3,1.65443,2053
6.080000e-3,1.65282,2051
6.082000e-3,1.65846,2058
6.084000e-3,1.65846,2058
6.086000e-3,1.64234,2038
6.088000e-3,1.65524,2054
6.090000e-3,1.65846,2058
6.092000e-3,1.64879,2046
6.094000e-3,1.65201,2050
6.096000e-3,1.66410,2065
6.098000e-3,1.65121,2049
6.100000e-3,1.65363,2052
6.102000e-3,1.66733,2069
6.104000e-3,1.65201,2050
6.106000e-3,1.64960,2047
6.108000e-3,1.66249,2063
6.110000e-3,1.65846,2058
6.112000e-3,1.65201,2050
6.114000e-3,1.66491,2066
6.116000e-3,1.65846,2058
6.118000e-3,1.63993,2035
6.120000e-3,1.65524,2054
6.122000e-3,1.65685,2056
6.124000e-3,1.64799,2045
6.126000e-3,1.65121,2049
6.128000e-3,1.66007,2060
6.130000e-3,1.65201,2050
6.132000e-3,1.65121,2049
6.134000e-3,1.66571,2067
6.136000e-3,1.65443,2053
6.138000e-3,1.65363,2052
6.140000e-3,1.66249,2063
6.142000e-3,1.66007,2060
6.144000e-3,1.65121,2049
6.146000e-3,1.66168,2062
6.148000e-3,1.65846,2058
6.150000e-3,1.64476,2041
6.152000e-3,1.65524,2054
6.154000e-3,1.65685,2056
6.156000e-3,1.64637,2043
6.158000e-3,1.64799,2045
6.160000e-3,1.65846,2058
6.162000e-3,1.65201,2050
6.164000e-3,1.64718,2044
6.166000e-3,1.66733,2069
6.168000e-3,1.65282,2051
6.170000e-3,1.65282,2051
6.172000e-3,1.66410,2065
6.174000e-3,1.65766,2057
6.176000e-3,1.65040,2048
6.178000e-3,1.66330,2064
6.180000e-3,1.65846,2058
6.182000e-3,1.64315,2039
6.184000e-3,1.65363,2052
6.186000e-3,1.65685,2056
6.188000e-3,1.64799,2045
6.190000e-3,1.65524,2054
6.192000e-3,1.65927,2059
6.194000e-3,1.65040,2048
6.196000e-3,1.65524,2054
6.198000e-3,1.66733,2069
6.200000e-3,1.65443,2053
6.202000e-3,1.65282,2051
6.204000e-3,1.66168,2062
6.206000e-3,1.65766,2057
6.208000e-3,1.64799,2045
6.210000e-3,1.65846,2058
6.212000e-3,1.66330,2064
6.214000e-3,1.63993,2035
6.216000e-3,1.65363,2052
6.218000e-3,1.66330,2064
6.220000e-3,1.65121,2049
6.222000e-3,1.65121,2049
6.224000e-3,1.66571,2067
6.226000e-3,1.66330,2064
6.228000e-3,1.65282,2051
6.230000e-3,1.66330,2064
6.232000e-3,1.65766,2057
6.234000e-3,1.64637,2043
6.236000e-3,1.66088,2061
6.238000e-3,1.65040,2048
6.240000e-3,1.64154,2037
6.242000e-3,1.65443,2053
6.244000e-3,1.66168,2062
6.246000e-3,1.65201,2050
6.248000e-3,1.65443,2053
6.250000e-3,1.66491,2066
6.252000e-3,1.64799,2045
6.254000e-3,1.65040,2048
6.256000e-3,1.66007,2060
6.258000e-3,1.65685,2056
6.260000e-3,1.64718,2044
6.262000e-3,1.65524,2054
6.264000e-3,1.65846,2058
6.266000e-3,1.64476,2041
6.268000e-3,1.65282,2051
6.270000e-3,1.66652,2068
6.272000e-3,1.65040,2048
6.274000e-3,1.65282,2051
6.276000e-3,1.66007,2060
6.278000e-3,1.65766,2057
6.280000e-3,1.64879,2046
6.282000e-3,1.65846,2058
6.284000e-3,1.66168,2062
6.286000e-3,1.64315,2039
6.288000e-3,1.65685,2056
6.290000e-3,1.65766,2057
6.292000e-3,1.65201,2050
6.294000e-3,1.64396,2040
6.296000e-3,1.66168,2062
6.298000e-3,1.65604,2055
6.300000e-3,1.64879,2046
6.302000e-3,1.66249,2063
6.304000e-3,1.65443,2053
6.306000e-3,1.64234,2038
6.308000e-3,1.65443,2053
6.310000e-3,1.65927,2059
6.312000e-3,1.64879,2046
6.314000e-3,1.65443,2053
6.316000e-3,1.66410,2065
6.318000e-3,1.65363,2052
6.320000e-3,1.65201,2050
6.322000e-3,1.65927,2059
6.324000e-3,1.65685,2056
6.326000e-3,1.64476,2041
6.328000e-3,1.65604,2055
6.330000e-3,1.65604,2055
6.332000e-3,1.64799,2045
6.334000e-3,1.65201,2050
6.336000e-3,1.66894,2071
6.338000e-3,1.65604,2055
6.340000e-3,1.65040,2048
6.342000e-3,1.66088,2061
6.344000e-3,1.65766,2057
6.346000e-3,1.64557,2042
6.348000e-3,1.65846,2058
6.350000e-3,1.66410,2065
6.352000e-3,1.64557,2042
6.354000e-3,1.65040,2048
6.356000e-3,1.66168,2062
6.358000e-3,1.65040,2048
6.360000e-3,1.65282,2051
6.362000e-3,1.66652,2068
6.364000e-3,1.65685,2056
6.366000e-3,1.65121,2049
6.368000e-3,1.65766,2057
6.370000e-3,1.65766,2057
6.372000e-3,1.64154,2037
6.374000e-3,1.65524,2054
6.376000e-3,1.65685,2056
6.378000e-3,1.65040,2048
6.380000e-3,1.65121,2049
6.382000e-3,1.66813,2070
6.384000e-3,1.65685,2056
6.386000e-3,1.65443,2053
6.388000e-3,1.65524,2054
6.390000e-3,1.65524,2054
6.392000e-3,1.64476,2041
6.394000e-3,1.65766,2057
6.396000e-3,1.65846,2058
6.398000e-3,1.64637,2043
6.400000e-3,1.65282,2051
6.402000e-3,1.66652,2068
6.404000e-3,1.65282,2051
6.406000e-3,1.65524,2054
6.408000e-3,1.66330,2064
6.410000e-3,1.65846,2058
6.412000e-3,1.64154,2037
6.414000e-3,1.65685,2056
6.416000e-3,1.65604,2055
6.418000e-3,1.64718,2044
6.420000e-3,1.64879,2046
6.422000e-3,1.66974,2072
6.424000e-3,1.65363,2052
6.426000e-3,1.65282,2051
6.428000e-3,1.66249,2063
6.430000e-3,1.65685,2056
6.432000e-3,1.64557,2042
6.434000e-3,1.65524,2054
6.436000e-3,1.65685,2056
6.438000e-3,1.65040,2048
6.440000e-3,1.65201,2050
6.442000e-3,1.66491,2066
6.444000e-3,1.65443,2053
6.446000e-3,1.65201,2050
6.448000e-3,1.66330,2064
6.450000e-3,1.65766,2057
6.452000e-3,1.64557,2042
6.454000e-3,1.65766,2057
6.456000e-3,1.66330,2064
6.458000e-3,1.64234,2038
6.460000e-3,1.65040,2048
6.462000e-3,1.66168,2062
6.464000e-3,1.65201,2050
6.466000e-3,1.65524,2054
6.468000e-3,1.66894,2071
6.470000e-3,1.65604,2055
6.472000e-3,1.64637,2043
6.474000e-3,1.65201,2050
6.476000e-3,1.65524,2054
6.478000e-3,1.64799,2045
6.480000e-3,1.65524,2054
6.482000e-3,1.65846,2058
6.484000e-3,1.65121,2049
6.486000e-3,1.64557,2042
6.488000e-3,1.66652,2068
6.490000e-3,1.64476,2041
6.492000e-3,1.65201,2050
6.494000e-3,1.66330,2064
6.496000e-3,1.66007,2060
6.498000e-3,1.64637,2043
6.500000e-3,1.66088,2061
6.502000e-3,1.65927,2059
6.504000e-3,1.64476,2041
6.506000e-3,1.65363,2052
6.508000e-3,1.65685,2056
6.510000e-3,1.65121,2049
6.512000e-3,1.65040,2048
6.514000e-3,1.66410,2065
6.516000e-3,1.65685,2056
6.518000e-3,1.65363,2052
6.520000e-3,1.66168,2062
6.522000e-3,1.65604,2055
6.524000e-3,1.64799,2045
6.526000e-3,1.65685,2056
6.528000e-3,1.66007,2060
6.530000e-3,1.64557,2042
6.532000e-3,1.65443,2053
6.534000e-3,1.66571,2067
6.536000e-3,1.65040,2048
6.538000e-3,1.65685,2056
6.540000e-3,1.66088,2061
6.542000e-3,1.65363,2052
6.544000e-3,1.64396,2040
6.546000e-3,1.65443,2053
6.548000e-3,1.65846,2058
6.550000e-3,1.64718,2044
6.552000e-3,1.65363,2052
6.554000e-3,1.66330,2064
6.556000e-3,1.65282,2051
6.558000e-3,1.65040,2048
6.560000e-3,1.66491,2066
6.562000e-3,1.65604,2055
6.564000e-3,1.65121,2049
6.566000e-3,1.65846,2058
6.568000e-3,1.65927,2059
6.570000e-3,1.64476,2041
6.572000e-3,1.65846,2058
6.574000e-3,1.65927,2059
6.576000e-3,1.64718,2044
6.578000e-3,1.65040,2048
6.580000e-3,1.66249,2063
6.582000e-3,1.65282,2051
6.584000e-3,1.65121,2049
6.586000e-3,1.67055,2073
6.588000e-3,1.65604,2055
6.590000e-3,1.64637,2043
6.592000e-3,1.65363,2052
6.594000e-3,1.65443,2053
6.596000e-3,1.64799,2045
6.598000e-3,1.65524,2054
6.600000e-3,1.65927,2059
6.602000e-3,1.65927,2059
6.604000e-3,1.64476,2041
6.606000e-3,1.66330,2064
6.608000e-3,1.66007,2060
6.610000e-3,1.65201,2050
6.612000e-3,1.65685,2056
6.614000e-3,1.66088,2061
6.616000e-3,1.64396,2040
6.618000e-3,1.65443,2053
6.620000e-3,1.65927,2059
6.622000e-3,1.65282,2051
6.624000e-3,1.65201,2050
6.626000e-3,1.66168,2062
6.628000e-3,1.65766,2057
6.630000e-3,1.64396,2040
6.632000e-3,1.65524,2054
6.634000e-3,1.65846,2058
6.636000e-3,1.64799,2045
6.638000e-3,1.64637,2043
6.640000e-3,1.66571,2067
6.642000e-3,1.65685,2056
6.644000e-3,1.65121,2049
6.646000e-3,1.66249,2063
6.648000e-3,1.65685,2056
6.650000e-3,1.63993,2035
6.652000e-3,1.65443,2053
6.654000e-3,1.65685,2056
6.656000e-3,1.65201,2050
6.658000e-3,1.65766,2057
6.660000e-3,1.66491,2066
6.662000e-3,1.65363,2052
6.664000e-3,1.65201,2050
6.666000e-3,1.66330,2064
6.668000e-3,1.66007,2060
6.670000e-3,1.64799,2045
6.672000e-3,1.65524,2054
6.674000e-3,1.65766,2057
6.676000e-3,1.64637,2043
6.678000e-3,1.65363,2052
6.680000e-3,1.66894,2071
6.682000e-3,1.65282,2051
6.684000e-3,1.65040,2048
6.686000e-3,1.66330,2064
6.688000e-3,1.65766,2057
6.690000e-3,1.64718,2044
6.692000e-3,1.65685,2056
6.694000e-3,1.65685,2056
6.696000e-3,1.64557,2042
6.698000e-3,1.65201,2050
6.700000e-3,1.66733,2069
6.702000e-3,1.65524,2054
6.704000e-3,1.65766,2057
6.706000e-3,1.66330,2064
6.708000e-3,1.65363,2052
6.710000e-3,1.63751,2032
6.712000e-3,1.65363,2052
6.714000e-3,1.65927,2059
6.716000e-3,1.64234,2038
6.718000e-3,1.65363,2052
6.720000e-3,1.66249,2063
6.722000e-3,1.65201,2050
6.724000e-3,1.65040,2048
6.726000e-3,1.66410,2065
6.728000e-3,1.65685,2056
6.730000e-3,1.65363,2052
6.732000e-3,1.66007,2060
6.734000e-3,1.66571,2067
6.736000e-3,1.64396,2040
6.738000e-3,1.65443,2053
6.740000e-3,1.65927,2059
6.742000e-3,1.65040,2048
6.744000e-3,1.65040,2048
6.746000e-3,1.66652,2068
6.748000e-3,1.65282,2051
6.750000e-3,1.65524,2054
6.752000e-3,1.65846,2058
6.754000e-3,1.65846,2058
6.756000e-3,1.64396,2040
6.758000e-3,1.65443,2053
6.760000e-3,1.66330,2064
6.762000e-3,1.64637,2043
6.764000e-3,1.65282,2051
6.766000e-3,1.65846,2058
6.768000e-3,1.65443,2053
6.770000e-3,1.65282,2051
6.772000e-3,1.67136,2074
6.774000e-3,1.65685,2056
6.776000e-3,1.65040,2048
6.778000e-3,1.65201,2050
6.780000e-3,1.65846,2058
6.782000e-3,1.65363,2052
6.784000e-3,1.65524,2054
6.786000e-3,1.66007,2060
6.788000e-3,1.64799,2045
6.790000e-3,1.65040,2048
6.792000e-3,1.66571,2067
6.794000e-3,1.65282,2051
6.796000e-3,1.65121,2049
6.798000e-3,1.66330,2064
6.800000e-3,1.65846,2058
6.802000e-3,1.64557,2042
6.804000e-3,1.64960,2047
6.806000e-3,1.65846,2058
6.808000e-3,1.65040,2048
6.810000e-3,1.65282,2051
6.812000e-3,1.65685,2056
6.814000e-3,1.64960,2047
6.816000e-3,1.66168,2062
6.818000e-3,1.66652,2068
6.820000e-3,1.65282,2051
6.822000e-3,1.65766,2057
6.824000e-3,1.66330,2064
6.826000e-3,1.64637,2043
6.828000e-3,1.63832,2033
6.830000e-3,1.65282,2051
6.832000e-3,1.66007,2060
6.834000e-3,1.64718,2044
6.836000e-3,1.65282,2051
6.838000e-3,1.66007,2060
6.840000e-3,1.64960,2047
6.842000e-3,1.65040,2048
6.844000e-3,1.66410,2065
6.846000e-3,1.65363,2052
6.848000e-3,1.65040,2048
6.850000e-3,1.66974,2072
6.852000e-3,1.65443,2053
6.854000e-3,1.65040,2048
6.856000e-3,1.66330,2064
6.858000e-3,1.65685,2056
6.860000e-3,1.64718,2044
6.862000e-3,1.65604,2055
6.864000e-3,1.66330,2064
6.866000e-3,1.64154,2037
6.868000e-3,1.66330,2064
6.870000e-3,1.65846,2058
6.872000e-3,1.64879,2046
6.874000e-3,1.65282,2051
6.876000e-3,1.66491,2066
6.878000e-3,1.65604,2055
6.880000e-3,1.65121,2049
6.882000e-3,1.66491,2066
6.884000e-3,1.65524,2054
6.886000e-3,1.65282,2051
6.888000e-3,1.65282,2051
6.890000e-3,1.66652,2068
6.892000e-3,1.64557,2042
6.894000e-3,1.65040,2048
6.896000e-3,1.65040,2048
6.898000e-3,1.65040,2048
6.900000e-3,1.64637,2043
6.902000e-3,1.66813,2070
6.904000e-3,1.65846,2058
6.906000e-3,1.65201,2050
6.908000e-3,1.66168,2062
6.910000e-3,1.65604,2055
6.912000e-3,1.65040,2048
6.914000e-3,1.65443,2053
6.916000e-3,1.66088,2061
6.918000e-3,1.64396,2040
6.920000e-3,1.65443,2053
6.922000e-3,1.65766,2057
6.924000e-3,1.64718,2044
6.926000e-3,1.65363,2052
6.928000e-3,1.66330,2064
6.930000e-3,1.65040,2048
6.932000e-3,1.64799,2045
6.934000e-3,1.67297,2076
6.936000e-3,1.65524,2054
6.938000e-3,1.64718,2044
6.940000e-3,1.67055,2073
6.942000e-3,1.65685,2056
6.944000e-3,1.63993,2035
6.946000e-3,1.65040,2048
6.948000e-3,1.65524,2054
6.950000e-3,1.64557,2042
6.952000e-3,1.65685,2056
6.954000e-3,1.65604,2055
6.956000e-3,1.65121,2049
6.958000e-3,1.65121,2049
6.960000e-3,1.66491,2066
6.962000e-3,1.65363,2052
6.964000e-3,1.65040,2048
6.966000e-3,1.66007,2060
6.968000e-3,1.65282,2051
6.970000e-3,1.64315,2039
6.972000e-3,1.65846,2058
6.974000e-3,1.65846,2058
6.976000e-3,1.64396,2040
6.978000e-3,1.65363,2052
6.980000e-3,1.65685,2056
6.982000e-3,1.65040,2048
6.984000e-3,1.65685,2056
6.986000e-3,1.66410,2065
6.988000e-3,1.65282,2051
6.990000e-3,1.65121,2049
6.992000e-3,1.65846,2058
6.994000e-3,1.65363,2052
6.996000e-3,1.64799,2045
6.998000e-3,1.65846,2058
7.000000e-3,1.66007,2060
7.002000e-3,1.64396,2040
7.004000e-3,1.65282,2051
7.006000e-3,1.65766,2057
7.008000e-3,1.64879,2046
7.010000e-3,1.65201,2050
7.012000e-3,1.66491,2066
7.014000e-3,1.65927,2059
7.016000e-3,1.65201,2050
7.018000e-3,1.66652,2068
7.020000e-3,1.65201,2050
7.022000e-3,1.64879,2046
7.024000e-3,1.65443,2053
7.026000e-3,1.65685,2056
7.028000e-3,1.64396,2040
7.030000e-3,1.65443,2053
7.032000e-3,1.65121,2049
7.034000e-3,1.64960,2047
7.036000e-3,1.65685,2056
7.038000e-3,1.66410,2065
7.040000e-3,1.65201,2050
7.042000e-3,1.65363,2052
7.044000e-3,1.66491,2066
7.046000e-3,1.65685,2056
7.048000e-3,1.64718,2044
7.050000e-3,1.66168,2062
7.052000e-3,1.65766,2057
7.054000e-3,1.64557,2042
7.056000e-3,1.65766,2057
7.058000e-3,1.65443,2053
7.060000e-3,1.64718,2044
7.062000e-3,1.65201,2050
7.064000e-3,1.66007,2060
7.066000e-3,1.64476,2041
7.068000e-3,1.65040,2048
7.070000e-3,1.66974,2072
7.072000e-3,1.65040,2048
7.074000e-3,1.65040,2048
7.076000e-3,1.66491,2066
7.078000e-3,1.65443,2053
7.080000e-3,1.65201,2050
7.082000e-3,1.65766,2057
7.084000e-3,1.66007,2060
7.086000e-3,1.63993,2035
7.088000e-3,1.65363,2052
7.090000e-3,1.65846,2058
7.092000e-3,1.64718,2044
7.094000e-3,1.65040,2048
7.096000e-3,1.66330,2064
7.098000e-3,1.65040,2048
7.100000e-3,1.65201,2050
7.102000e-3,1.66410,2065
7.104000e-3,1.65604,2055
7.106000e-3,1.65604,2055
7.108000e-3,1.66088,2061
7.110000e-3,1.65201,2050
7.112000e-3,1.65040,2048
7.114000e-3,1.65766,2057
7.116000e-3,1.65604,2055
7.118000e-3,1.64718,2044
7.120000e-3,1.65685,2056
7.122000e-3,1.65846,2058
7.124000e-3,1.63348,2027
7.126000e-3,1.65443,2053
7.128000e-3,1.65846,2058
7.130000e-3,1.63993,2035
7.132000e-3,1.65524,2054
7.134000e-3,1.65766,2057
7.136000e-3,1.64718,2044
7.138000e-3,1.64960,2047
7.140000e-3,1.64879,2046
7.142000e-3,1.65201,2050
7.144000e-3,1.65040,2048
7.146000e-3,1.66491,2066
7.148000e-3,1.65766,2057
7.150000e-3,1.65363,2052
7.152000e-3,1.65685,2056
7.154000e-3,1.66249,2063
7.156000e-3,1.64557,2042
7.158000e-3,1.65685,2056
7.160000e-3,1.65201,2050
7.162000e-3,1.64476,2041
7.164000e-3,1.65443,2053
7.166000e-3,1.65846,2058
7.168000e-3,1.64718,2044
7.170000e-3,1.65282,2051
7.172000e-3,1.66007,2060
7.174000e-3,1.64557,2042
7.176000e-3,1.65201,2050
7.178000e-3,1.66813,2070
7.180000e-3,1.65282,2051
7.182000e-3,1.65201,2050
7.184000e-3,1.66330,2064
7.186000e-3,1.65604,2055
7.188000e-3,1.65685,2056
7.190000e-3,1.65927,2059
7.192000e-3,1.65524,2054
7.194000e-3,1.64476,2041
7.196000e-3,1.65685,2056
7.198000e-3,1.65846,2058
7.200000e-3,1.64557,2042
7.202000e-3,1.64718,2044
7.204000e-3,1.66168,2062
7.206000e-3,1.64073,2036
7.208000e-3,1.65121,2049
7.210000e-3,1.66168,2062
7.212000e-3,1.65040,2048
7.214000e-3,1.64879,2046
7.216000e-3,1.66330,2064
7.218000e-3,1.65604,2055
7.220000e-3,1.64637,2043
7.222000e-3,1.66410,2065
7.224000e-3,1.65846,2058
7.226000e-3,1.65363,2052
7.228000e-3,1.65524,2054
7.230000e-3,1.65363,2052
7.232000e-3,1.64799,2045
7.234000e-3,1.65766,2057
7.236000e-3,1.65766,2057
7.238000e-3,1.64396,2040
7.240000e-3,1.65685,2056
7.242000e-3,1.65685,2056
7.244000e-3,1.64315,2039
7.246000e-3,1.65363,2052
7.248000e-3,1.65524,2054
7.250000e-3,1.65443,2053
7.252000e-3,1.65282,2051
7.254000e-3,1.66974,2072
7.256000e-3,1.64960,2047
7.258000e-3,1.65040,2048
7.260000e-3,1.66330,2064
7.262000e-3,1.65443,2053
7.264000e-3,1.65282,2051
7.266000e-3,1.65443,2053
7.268000e-3,1.65443,2053
7.270000e-3,1.64557,2042
7.272000e-3,1.66491,2066
7.274000e-3,1.66007,2060
7.276000e-3,1.64315,2039
7.278000e-3,1.65443,2053
7.280000e-3,1.65766,2057
7.282000e-3,1.64960,2047
7.284000e-3,1.65524,2054
7.286000e-3,1.66410,2065
7.288000e-3,1.65282,2051
7.290000e-3,1.65443,2053
7.292000e-3,1.66330,2064
7.294000e-3,1.65443,2053
7.296000e-3,1.65121,2049
7.298000e-3,1.65443,2053
7.300000e-3,1.66007,2060
7.302000e-3,1.64154,2037
7.304000e-3,1.65282,2051
7.306000e-3,1.66088,2061
7.308000e-3,1.65040,2048
7.310000e-3,1.64960,2047
7.312000e-3,1.66330,2064
7.314000e-3,1.65363,2052
7.316000e-3,1.65282,2051
7.318000e-3,1.66168,2062
7.320000e-3,1.65685,2056
7.322000e-3,1.64960,2047
7.324000e-3,1.65604,2055
7.326000e-3,1.65927,2059
7.328000e-3,1.64154,2037
7.330000e-3,1.65363,2052
7.332000e-3,1.65766,2057
7.334000e-3,1.65443,2053
7.336000e-3,1.65363,2052
7.338000e-3,1.66571,2067
7.340000e-3,1.65121,2049
7.342000e-3,1.65282,2051
7.344000e-3,1.65766,2057
7.346000e-3,1.65524,2054
7.348000e-3,1.65201,2050
7.350000e-3,1.65927,2059
7.352000e-3,1.65766,2057
7.354000e-3,1.64315,2039
7.356000e-3,1.65524,2054
7.358000e-3,1.65927,2059
7.360000e-3,1.65040,2048
7.362000e-3,1.65282,2051
7.364000e-3,1.66330,2064
7.366000e-3,1.65040,2048
7.368000e-3,1.64879,2046
7.370000e-3,1.66652,2068
7.372000e-3,1.65524,2054
7.374000e-3,1.64960,2047
7.376000e-3,1.65363,2052
7.378000e-3,1.65524,2054
7.380000e-3,1.64476,2041
7.382000e-3,1.65685,2056
7.384000e-3,1.66088,2061
7.386000e-3,1.64557,2042
7.388000e-3,1.65363,2052
7.390000e-3,1.66088,2061
7.392000e-3,1.64879,2046
7.394000e-3,1.64557,2042
7.396000e-3,1.65766,2057
7.398000e-3,1.65363,2052
7.400000e-3,1.65201,2050
7.402000e-3,1.66652,2068
7.404000e-3,1.65363,2052
7.406000e-3,1.64799,2045
7.408000e-3,1.66007,2060
7.410000e-3,1.65766,2057
7.412000e-3,1.64396,2040
7.414000e-3,1.65524,2054
7.416000e-3,1.65604,2055
7.418000e-3,1.64799,2045
7.420000e-3,1.65363,2052
7.422000e-3,1.65766,2057
7.424000e-3,1.65524,2054
7.426000e-3,1.65121,2049
7.428000e-3,1.66410,2065
7.430000e-3,1.65604,2055
7.432000e-3,1.65121,2049
7.434000e-3,1.66330,2064
7.436000e-3,1.65685,2056
7.438000e-3,1.64396,2040
7.440000e-3,1.65927,2059
7.442000e-3,1.65604,2055
7.444000e-3,1.64396,2040
7.446000e-3,1.65201,2050
7.448000e-3,1.65524,2054
7.450000e-3,1.64718,2044
7.452000e-3,1.65443,2053
7.454000e-3,1.66168,2062
7.456000e-3,1.65363,2052
7.458000e-3,1.65201,2050
7.460000e-3,1.66894,2071
7.462000e-3,1.65363,2052
7.464000e-3,1.65282,2051
7.466000e-3,1.66330,2064
7.468000e-3,1.65363,2052
7.470000e-3,1.65604,2055
7.472000e-3,1.66410,2065
7.474000e-3,1.65685,2056
7.476000e-3,1.64799,2045
7.478000e-3,1.65766,2057
7.480000e-3,1.65766,2057
7.482000e-3,1.64234,2038
7.484000e-3,1.65201,2050
7.486000e-3,1.66330,2064
7.488000e-3,1.64718,2044
7.490000e-3,1.66088,2061
7.492000e-3,1.65766,2057
7.494000e-3,1.64718,2044
7.496000e-3,1.65443,2053
7.498000e-3,1.66330,2064
7.500000e-3,1.65363,2052
7.502000e-3,1.65282,2051
7.504000e-3,1.67216,2075
7.506000e-3,1.65604,2055
7.508000e-3,1.66330,2064
7.510000e-3,1.66168,2062
7.512000e-3,1.65766,2057
7.514000e-3,1.64476,2041
7.516000e-3,1.65604,2055
7.518000e-3,1.65927,2059
7.520000e-3,1.64073,2036
7.522000e-3,1.65282,2051
7.524000e-3,1.65685,2056
7.526000e-3,1.64799,2045
7.528000e-3,1.65201,2050
7.530000e-3,1.66733,2069
7.532000e-3,1.65927,2059
7.534000e-3,1.64960,2047
7.536000e-3,1.66733,2069
7.538000e-3,1.65685,2056
7.540000e-3,1.65121,2049
7.542000e-3,1.66410,2065
7.544000e-3,1.65282,2051
7.546000e-3,1.64315,2039
7.548000e-3,1.65524,2054
7.550000e-3,1.65766,2057
7.552000e-3,1.64960,2047
7.554000e-3,1.65282,2051
7.556000e-3,1.66652,2068
7.558000e-3,1.64960,2047
7.560000e-3,1.64234,2038
7.562000e-3,1.67136,2074
7.564000e-3,1.65443,2053
7.566000e-3,1.65040,2048
7.568000e-3,1.66007,2060
7.570000e-3,1.66088,2061
7.572000e-3,1.64234,2038
7.574000e-3,1.65685,2056
7.576000e-3,1.65524,2054
7.578000e-3,1.64637,2043
7.580000e-3,1.65282,2051
7.582000e-3,1.65927,2059
7.584000e-3,1.65685,2056
7.586000e-3,1.66007,2060
7.588000e-3,1.66491,2066
7.590000e-3,1.65363,2052
7.592000e-3,1.65201,2050
7.594000e-3,1.66249,2063
7.596000e-3,1.65604,2055
7.598000e-3,1.64718,2044
7.600000e-3,1.65685,2056
7.602000e-3,1.65685,2056
7.604000e-3,1.64799,2045
7.606000e-3,1.65443,2053
7.608000e-3,1.65766,2057
7.610000e-3,1.63993,2035
7.612000e-3,1.64879,2046
7.614000e-3,1.66088,2061
7.616000e-3,1.65040,2048
7.618000e-3,1.65201,2050
7.620000e-3,1.66652,2068
7.622000e-3,1.65766,2057
7.624000e-3,1.65443,2053
7.626000e-3,1.66330,2064
7.628000e-3,1.65604,2055
7.630000e-3,1.64234,2038
7.632000e-3,1.65685,2056
7.634000e-3,1.65846,2058
7.636000e-3,1.64637,2043
7.638000e-3,1.65685,2056
7.640000e-3,1.64960,2047
7.642000e-3,1.64799,2045
7.644000e-3,1.65201,2050
7.646000e-3,1.66088,2061
7.648000e-3,1.64879,2046
7.650000e-3,1.65524,2054
7.652000e-3,1.66249,2063
7.654000e-3,1.65604,2055
7.656000e-3,1.65121,2049
7.658000e-3,1.66410,2065
7.660000e-3,1.65927,2059
7.662000e-3,1.65201,2050
7.664000e-3,1.65927,2059
7.666000e-3,1.65766,2057
7.668000e-3,1.64476,2041
7.670000e-3,1.65846,2058
7.672000e-3,1.65846,2058
7.674000e-3,1.64476,2041
7.676000e-3,1.65685,2056
7.678000e-3,1.65846,2058
7.680000e-3,1.64799,2045
7.682000e-3,1.65040,2048
7.684000e-3,1.66491,2066
7.686000e-3,1.64879,2046
7.688000e-3,1.65363,2052
7.690000e-3,1.66733,2069
7.692000e-3,1.65685,2056
7.694000e-3,1.65282,2051
7.696000e-3,1.66088,2061
7.698000e-3,1.65766,2057
7.700000e-3,1.63912,2034
7.702000e-3,1.65363,2052
7.704000e-3,1.65766,2057
7.706000e-3,1.64234,2038
7.708000e-3,1.66168,2062
7.710000e-3,1.65846,2058
7.712000e-3,1.64234,2038
7.714000e-3,1.65040,2048
7.716000e-3,1.66571,2067
7.718000e-3,1.65363,2052
7.720000e-3,1.64718,2044
7.722000e-3,1.66894,2071
7.724000e-3,1.65201,2050
7.726000e-3,1.65040,2048
7.728000e-3,1.66410,2065
7.730000e-3,1.65685,2056
7.732000e-3,1.64315,2039
7.734000e-3,1.65201,2050
7.736000e-3,1.65685,2056
7.738000e-3,1.65201,2050
7.740000e-3,1.65363,2052
7.742000e-3,1.66571,2067
7.744000e-3,1.65846,2058
7.746000e-3,1.65282,2051
7.748000e-3,1.66168,2062
7.750000e-3,1.65766,2057
7.752000e-3,1.64718,2044
7.754000e-3,1.65766,2057
7.756000e-3,1.65846,2058
7.758000e-3,1.63751,2032
7.760000e-3,1.65040,2048
7.762000e-3,1.65927,2059
7.764000e-3,1.65201,2050
7.766000e-3,1.65201,2050
7.768000e-3,1.66813,2070
7.770000e-3,1.66007,2060
7.772000e-3,1.66249,2063
7.774000e-3,1.66330,2064
7.776000e-3,1.66571,2067
7.778000e-3,1.65282,2051
7.780000e-3,1.65685,2056
7.782000e-3,1.65766,2057
7.784000e-3,1.64234,2038
7.786000e-3,1.65282,2051
7.788000e-3,1.65927,2059
7.790000e-3,1.64960,2047
7.792000e-3,1.65121,2049
7.794000e-3,1.66733,2069
7.796000e-3,1.65201,2050
7.798000e-3,1.65040,2048
7.800000e-3,1.66088,2061
7.802000e-3,1.65040,2048
7.804000e-3,1.65040,2048
7.806000e-3,1.66088,2061
7.808000e-3,1.66007,2060
7.810000e-3,1.64476,2041
7.812000e-3,1.65604,2055
7.814000e-3,1.66168,2062
7.816000e-3,1.64396,2040
7.818000e-3,1.65524,2054
7.820000e-3,1.65604,2055
7.822000e-3,1.65040,2048
7.824000e-3,1.64315,2039
7.826000e-3,1.66733,2069
7.828000e-3,1.65524,2054
7.830000e-3,1.64960,2047
7.832000e-3,1.66007,2060
7.834000e-3,1.65685,2056
7.836000e-3,1.64557,2042
7.838000e-3,1.65363,2052
7.840000e-3,1.66330,2064
7.842000e-3,1.64476,2041
7.844000e-3,1.65524,2054
7.846000e-3,1.65685,2056
7.848000e-3,1.64637,2043
7.850000e-3,1.64637,2043
7.852000e-3,1.65846,2058
7.854000e-3,1.65121,2049
7.856000e-3,1.65040,2048
7.858000e-3,1.66088,2061
7.860000e-3,1.65524,2054
7.862000e-3,1.65604,2055
7.864000e-3,1.66168,2062
7.866000e-3,1.66249,2063
7.868000e-3,1.64879,2046
7.870000e-3,1.65685,2056
7.872000e-3,1.65927,2059
7.874000e-3,1.64557,2042
7.876000e-3,1.65201,2050
7.878000e-3,1.65927,2059
7.880000e-3,1.65040,2048
7.882000e-3,1.65201,2050
7.884000e-3,1.66652,2068
7.886000e-3,1.64799,2045
7.888000e-3,1.64799,2045
7.890000e-3,1.66571,2067
7.892000e-3,1.65685,2056
7.894000e-3,1.64960,2047
7.896000e-3,1.66168,2062
7.898000e-3,1.65846,2058
7.900000e-3,1.64154,2037
7.902000e-3,1.65524,2054
7.904000e-3,1.65685,2056
7.906000e-3,1.64315,2039
7.908000e-3,1.65201,2050
7.910000e-3,1.66088,2061
7.912000e-3,1.65443,2053
7.914000e-3,1.65927,2059
7.916000e-3,1.66733,2069
7.918000e-3,1.66007,2060
7.920000e-3,1.64234,2038
7.922000e-3,1.65524,2054
7.924000e-3,1.66088,2061
7.926000e-3,1.64637,2043
7.928000e-3,1.65443,2053
7.930000e-3,1.65766,2057
7.932000e-3,1.65201,2050
7.934000e-3,1.65201,2050
7.936000e-3,1.66007,2060
7.938000e-3,1.65040,2048
7.940000e-3,1.65685,2056
7.942000e-3,1.66571,2067
7.944000e-3,1.65443,2053
7.946000e-3,1.65685,2056
7.948000e-3,1.66249,2063
7.950000e-3,1.65604,2055
7.952000e-3,1.65040,2048
7.954000e-3,1.66007,2060
7.956000e-3,1.65363,2052
7.958000e-3,1.64960,2047
7.960000e-3,1.65927,2059
7.962000e-3,1.66007,2060
7.964000e-3,1.65121,2049
7.966000e-3,1.64879,2046
7.968000e-3,1.65846,2058
7.970000e-3,1.64718,2044
7.972000e-3,1.65201,2050
7.974000e-3,1.66491,2066
7.976000e-3,1.65363,2052
7.978000e-3,1.65121,2049
7.980000e-3,1.66813,2070
7.982000e-3,1.65685,2056
7.984000e-3,1.65201,2050
7.986000e-3,1.65685,2056
7.988000e-3,1.65282,2051
7.990000e-3,1.64315,2039
7.992000e-3,1.66733,2069
7.994000e-3,1.65927,2059
7.996000e-3,1.64315,2039
7.998000e-3,1.65524,2054
8.000000e-3,1.65766,2057
8.002000e-3,1.64637,2043
8.004000e-3,1.65040,2048
8.006000e-3,1.66249,2063
8.008000e-3,1.65121,2049
8.010000e-3,1.65040,2048
8.012000e-3,1.66491,2066
8.014000e-3,1.65685,2056
8.016000e-3,1.65201,2050
8.018000e-3,1.66168,2062
8.020000e-3,1.65040,2048
8.022000e-3,1.64315,2039
8.024000e-3,1.64799,2045
8.026000e-3,1.66007,2060
8.028000e-3,1.64718,2044
8.030000e-3,1.65282,2051
8.032000e-3,1.66652,2068
8.034000e-3,1.64879,2046
8.036000e-3,1.65685,2056
8.038000e-3,1.66491,2066
8.040000e-3,1.65524,2054
8.042000e-3,1.64799,2045
8.044000e-3,1.66330,2064
8.046000e-3,1.65766,2057
8.048000e-3,1.64557,2042
8.050000e-3,1.65927,2059
8.052000e-3,1.66974,2072
8.054000e-3,1.64557,2042
8.056000e-3,1.65524,2054
8.058000e-3,1.65927,2059
8.060000e-3,1.64799,2045
8.062000e-3,1.64799,2045
8.064000e-3,1.65846,2058
8.066000e-3,1.65121,2049
8.068000e-3,1.65443,2053
8.070000e-3,1.67055,2073
8.072000e-3,1.65524,2054
8.074000e-3,1.65766,2057
8.076000e-3,1.66330,2064
8.078000e-3,1.65604,2055
8.080000e-3,1.65363,2052
8.082000e-3,1.65766,2057
8.084000e-3,1.66007,2060
8.086000e-3,1.64476,2041
8.088000e-3,1.65524,2054
8.090000e-3,1.65524,2054
8.092000e-3,1.65201,2050
8.094000e-3,1.65282,2051
8.096000e-3,1.66491,2066
8.098000e-3,1.65282,2051
8.100000e-3,1.65121,2049
8.102000e-3,1.66410,2065
8.104000e-3,1.65927,2059
8.106000e-3,1.64960,2047
8.108000e-3,1.66007,2060
8.110000e-3,1.66571,2067
8.112000e-3,1.64476,2041
8.114000e-3,1.65363,2052
8.116000e-3,1.65685,2056
8.118000e-3,1.64960,2047
8.120000e-3,1.65121,2049
8.122000e-3,1.66249,2063
8.124000e-3,1.65927,2059
8.126000e-3,1.65846,2058
8.128000e-3,1.66813,2070
8.130000e-3,1.65927,2059
8.132000e-3,1.64718,2044
8.134000e-3,1.65927,2059
8.136000e-3,1.65846,2058
8.138000e-3,1.64234,2038
8.140000e-3,1.65604,2055
8.142000e-3,1.65604,2055
8.144000e-3,1.64960,2047
8.146000e-3,1.65201,2050
8.148000e-3,1.66491,2066
8.150000e-3,1.65201,2050
8.152000e-3,1.65604,2055
8.154000e-3,1.65927,2059
8.156000e-3,1.65685,2056
8.158000e-3,1.65121,2049
8.160000e-3,1.66007,2060
8.162000e-3,1.65685,2056
8.164000e-3,1.64315,2039
8.166000e-3,1.66088,2061
8.168000e-3,1.65685,2056
8.170000e-3,1.65121,2049
8.172000e-3,1.65282,2051
8.174000e-3,1.66733,2069
8.176000e-3,1.65282,2051
8.178000e-3,1.65040,2048
8.180000e-3,1.66733,2069
8.182000e-3,1.65604,2055
8.184000e-3,1.65524,2054
8.186000e-3,1.66571,2067
8.188000e-3,1.65846,2058
8.190000e-3,1.65040,2048
8.192000e-3,1.66088,2061
8.194000e-3,1.65766,2057
8.196000e-3,1.64234,2038
8.198000e-3,1.65443,2053
8.200000e-3,1.65846,2058
8.202000e-3,1.64557,2042
8.204000e-3,1.65685,2056
8.206000e-3,1.65685,2056
8.208000e-3,1.64960,2047
8.210000e-3,1.65282,2051
8.212000e-3,1.66491,2066
8.214000e-3,1.65201,2050
8.216000e-3,1.65040,2048
8.218000e-3,1.66652,2068
8.220000e-3,1.65685,2056
8.222000e-3,1.65443,2053
8.224000e-3,1.66974,2072
8.226000e-3,1.66168,2062
8.228000e-3,1.64799,2045
8.230000e-3,1.65927,2059
8.232000e-3,1.66491,2066
8.234000e-3,1.64557,2042
8.236000e-3,1.65927,2059
8.238000e-3,1.65685,2056
8.240000e-3,1.64960,2047
8.242000e-3,1.64879,2046
8.244000e-3,1.66168,2062
8.246000e-3,1.65201,2050
8.248000e-3,1.65040,2048
8.250000e-3,1.66330,2064
8.252000e-3,1.65524,2054
8.254000e-3,1.64718,2044
8.256000e-3,1.66330,2064
8.258000e-3,1.65846,2058
8.260000e-3,1.65363,2052
8.262000e-3,1.65685,2056
8.264000e-3,1.65766,2057
8.266000e-3,1.65282,2051
8.268000e-3,1.65846,2058
8.270000e-3,1.66330,2064
8.272000e-3,1.64476,2041
8.274000e-3,1.65363,2052
8.276000e-3,1.65766,2057
8.278000e-3,1.64637,2043
8.280000e-3,1.65443,2053
8.282000e-3,1.66571,2067
8.284000e-3,1.65846,2058
8.286000e-3,1.65201,2050
8.288000e-3,1.66652,2068
8.290000e-3,1.65524,2054
8.292000e-3,1.65604,2055
8.294000e-3,1.66168,2062
8.296000e-3,1.65604,2055
8.298000e-3,1.64557,2042
8.300000e-3,1.65685,2056
8.302000e-3,1.65766,2057
8.304000e-3,1.64073,2036
8.306000e-3,1.65282,2051
8.308000e-3,1.65685,2056
8.310000e-3,1.65121,2049
8.312000e-3,1.65201,2050
8.314000e-3,1.66652,2068
8.316000e-3,1.65282,2051
8.318000e-3,1.65363,2052
8.320000e-3,1.65685,2056
8.322000e-3,1.65766,2057
8.324000e-3,1.64315,2039
8.326000e-3,1.65766,2057
8.328000e-3,1.66007,2060
8.330000e-3,1.64557,2042
8.332000e-3,1.66168,2062
8.334000e-3,1.65846,2058
8.336000e-3,1.64960,2047
8.338000e-3,1.65121,2049
8.340000e-3,1.66249,2063
8.342000e-3,1.64879,2046
8.344000e-3,1.65040,2048
8.346000e-3,1.66491,2066
8.348000e-3,1.65685,2056
8.350000e-3,1.65040,2048
8.352000e-3,1.67377,2077
8.354000e-3,1.65927,2059
8.356000e-3,1.64637,2043
8.358000e-3,1.65846,2058
8.360000e-3,1.66168,2062
8.362000e-3,1.63509,2029
8.364000e-3,1.65363,2052
8.366000e-3,1.65685,2056
8.368000e-3,1.65282,2051
8.370000e-3,1.65604,2055
8.372000e-3,1.66571,2067
8.374000e-3,1.66088,2061
8.376000e-3,1.65201,2050
8.378000e-3,1.65846,2058
8.380000e-3,1.66007,2060
8.382000e-3,1.64396,2040
8.384000e-3,1.65766,2057
8.386000e-3,1.65846,2058
8.388000e-3,1.64960,2047
8.390000e-3,1.65604,2055
8.392000e-3,1.66813,2070
8.394000e-3,1.65524,2054
8.396000e-3,1.65040,2048
8.398000e-3,1.66168,2062
8.400000e-3,1.65766,2057
8.402000e-3,1.64154,2037
8.404000e-3,1.65685,2056
8.406000e-3,1.65685,2056
8.408000e-3,1.64799,2045
8.410000e-3,1.65282,2051
8.412000e-3,1.66733,2069
8.414000e-3,1.65363,2052
8.416000e-3,1.65685,2056
8.418000e-3,1.66249,2063
8.420000e-3,1.65685,2056
8.422000e-3,1.63993,2035
8.424000e-3,1.65524,2054
8.426000e-3,1.66168,2062
8.428000e-3,1.64879,2046
8.430000e-3,1.66249,2063
8.432000e-3,1.66088,2061
8.434000e-3,1.65121,2049
8.436000e-3,1.65604,2055
8.438000e-3,1.66491,2066
8.440000e-3,1.65766,2057
8.442000e-3,1.65766,2057
8.444000e-3,1.65201,2050
8.446000e-3,1.65685,2056
8.448000e-3,1.64234,2038
8.450000e-3,1.65524,2054
8.452000e-3,1.66330,2064
8.454000e-3,1.64799,2045
8.456000e-3,1.65282,2051
8.458000e-3,1.66168,2062
8.460000e-3,1.65685,2056
8.462000e-3,1.65040,2048
8.464000e-3,1.66491,2066
8.466000e-3,1.65443,2053
8.468000e-3,1.65363,2052
8.470000e-3,1.65846,2058
8.472000e-3,1.66007,2060
8.474000e-3,1.66007,2060
8.476000e-3,1.65524,2054
8.478000e-3,1.65685,2056
8.480000e-3,1.65282,2051
8.482000e-3,1.65121,2049
8.484000e-3,1.67216,2075
8.486000e-3,1.65443,2053
8.488000e-3,1.64637,2043
8.490000e-3,1.65846,2058
8.492000e-3,1.66571,2067
8.494000e-3,1.64557,2042
8.496000e-3,1.65282,2051
8.498000e-3,1.65685,2056
8.500000e-3,1.64879,2046
8.502000e-3,1.65040,2048
8.504000e-3,1.66974,2072
8.506000e-3,1.65121,2049
8.508000e-3,1.65121,2049
8.510000e-3,1.66088,2061
8.512000e-3,1.65846,2058
8.514000e-3,1.64718,2044
8.516000e-3,1.65685,2056
8.518000e-3,1.66088,2061
8.520000e-3,1.64557,2042
8.522000e-3,1.65282,2051
8.524000e-3,1.64879,2046
8.526000e-3,1.65766,2057
8.528000e-3,1.65282,2051
8.530000e-3,1.67055,2073
8.532000e-3,1.66652,2068
8.534000e-3,1.65201,2050
8.536000e-3,1.66491,2066
8.538000e-3,1.65685,2056
8.540000e-3,1.64557,2042
8.542000e-3,1.65201,2050
8.544000e-3,1.65685,2056
8.546000e-3,1.64637,2043
8.548000e-3,1.65201,2050
8.550000e-3,1.66813,2070
8.552000e-3,1.65524,2054
8.554000e-3,1.65363,2052
8.556000e-3,1.66330,2064
8.558000e-3,1.65927,2059
8.560000e-3,1.64799,2045
8.562000e-3,1.65363,2052
8.564000e-3,1.65121,2049
8.566000e-3,1.64073,2036
8.568000e-3,1.65363,2052
8.570000e-3,1.66410,2065
8.572000e-3,1.65282,2051
8.574000e-3,1.65604,2055
8.576000e-3,1.66894,2071
8.578000e-3,1.65604,2055
8.580000e-3,1.65443,2053
8.582000e-3,1.66088,2061
8.584000e-3,1.66007,2060
8.586000e-3,1.64476,2041
8.588000e-3,1.65685,2056
8.590000e-3,1.64879,2046
8.592000e-3,1.64879,2046
8.594000e-3,1.65282,2051
8.596000e-3,1.65846,2058
8.598000e-3,1.65040,2048
8.600000e-3,1.65201,2050
8.602000e-3,1.67055,2073
8.604000e-3,1.65685,2056
8.606000e-3,1.64879,2046
8.608000e-3,1.65685,2056
8.610000e-3,1.65846,2058
8.612000e-3,1.64234,2038
8.614000e-3,1.65846,2058
8.616000e-3,1.66330,2064
8.618000e-3,1.65524,2054
8.620000e-3,1.65040,2048
8.622000e-3,1.66491,2066
8.624000e-3,1.65443,2053
8.626000e-3,1.65443,2053
8.628000e-3,1.65927,2059
8.630000e-3,1.65604,2055
8.632000e-3,1.64476,2041
8.634000e-3,1.65524,2054
8.636000e-3,1.66330,2064
8.638000e-3,1.65040,2048
8.640000e-3,1.65363,2052
8.642000e-3,1.65524,2054
8.644000e-3,1.65363,2052
8.646000e-3,1.65201,2050
8.648000e-3,1.66330,2064
8.650000e-3,1.65443,2053
8.652000e-3,1.65685,2056
8.654000e-3,1.66571,2067
8.656000e-3,1.65685,2056
8.658000e-3,1.64557,2042
8.660000e-3,1.65040,2048
8.662000e-3,1.65524,2054
8.664000e-3,1.64960,2047
8.666000e-3,1.64799,2045
8.668000e-3,1.66652,2068
8.670000e-3,1.65846,2058
8.672000e-3,1.65282,2051
8.674000e-3,1.67377,2077
8.676000e-3,1.65604,2055
8.678000e-3,1.64396,2040
8.680000e-3,1.65766,2057
8.682000e-3,1.65766,2057
8.684000e-3,1.65040,2048
8.686000e-3,1.65363,2052
8.688000e-3,1.66007,2060
8.690000e-3,1.64718,2044
8.692000e-3,1.65363,2052
8.694000e-3,1.66894,2071
8.696000e-3,1.64637,2043
8.698000e-3,1.65040,2048
8.700000e-3,1.66330,2064
8.702000e-3,1.66491,2066
8.704000e-3,1.64799,2045
8.706000e-3,1.65443,2053
8.708000e-3,1.65282,2051
8.710000e-3,1.64396,2040
8.712000e-3,1.65524,2054
8.714000e-3,1.65604,2055
8.716000e-3,1.64718,2044
8.718000e-3,1.65524,2054
8.720000e-3,1.66168,2062
8.722000e-3,1.65363,2052
8.724000e-3,1.65040,2048
8.726000e-3,1.66813,2070
8.728000e-3,1.65846,2058
8.730000e-3,1.65604,2055
8.732000e-3,1.66168,2062
8.734000e-3,1.65846,2058
8.736000e-3,1.64637,2043
8.738000e-3,1.65524,2054
8.740000e-3,1.65846,2058
8.742000e-3,1.65282,2051
8.744000e-3,1.64879,2046
8.746000e-3,1.66088,2061
8.748000e-3,1.65040,2048
8.750000e-3,1.64879,2046
8.752000e-3,1.67055,2073
8.754000e-3,1.66652,2068
8.756000e-3,1.65685,2056
8.758000e-3,1.66330,2064
8.760000e-3,1.66088,2061
8.762000e-3,1.64154,2037
8.764000e-3,1.65685,2056
8.766000e-3,1.65604,2055
8.768000e-3,1.63912,2034
8.770000e-3,1.65443,2053
8.772000e-3,1.65685,2056
8.774000e-3,1.65766,2057
8.776000e-3,1.65443,2053
8.778000e-3,1.66410,2065
8.780000e-3,1.65524,2054
8.782000e-3,1.65121,2049
8.784000e-3,1.67297,2076
8.786000e-3,1.65685,2056
8.788000e-3,1.65443,2053
8.790000e-3,1.65766,2057
8.792000e-3,1.66813,2070
8.794000e-3,1.64476,2041
8.796000e-3,1.65363,2052
8.798000e-3,1.65685,2056
8.800000e-3,1.64637,2043
8.802000e-3,1.65121,2049
8.804000e-3,1.67458,2078
8.806000e-3,1.64960,2047
8.808000e-3,1.65121,2049
8.810000e-3,1.66330,2064
8.812000e-3,1.65766,2057
8.814000e-3,1.65040,2048
8.816000e-3,1.66007,2060
8.818000e-3,1.66007,2060
8.820000e-3,1.64396,2040
8.822000e-3,1.65443,2053
8.824000e-3,1.65121,2049
8.826000e-3,1.65363,2052
8.828000e-3,1.65282,2051
8.830000e-3,1.66813,2070
8.832000e-3,1.65685,2056
8.834000e-3,1.64476,2041
8.836000e-3,1.66330,2064
8.838000e-3,1.65685,2056
8.840000e-3,1.65363,2052
8.842000e-3,1.65524,2054
8.844000e-3,1.65766,2057
8.846000e-3,1.64557,2042
8.848000e-3,1.65282,2051
8.850000e-3,1.65524,2054
8.852000e-3,1.65363,2052
8.854000e-3,1.65524,2054
8.856000e-3,1.66652,2068
8.858000e-3,1.65443,2053
8.860000e-3,1.65363,2052
8.862000e-3,1.66330,2064
8.864000e-3,1.65604,2055
8.866000e-3,1.65927,2059
8.868000e-3,1.66330,2064
8.870000e-3,1.66088,2061
8.872000e-3,1.64557,2042
8.874000e-3,1.66249,2063
8.876000e-3,1.65766,2057
8.878000e-3,1.64557,2042
8.880000e-3,1.65604,2055
8.882000e-3,1.66088,2061
8.884000e-3,1.64557,2042
8.886000e-3,1.65282,2051
8.888000e-3,1.66652,2068
8.890000e-3,1.65040,2048
8.892000e-3,1.65363,2052
8.894000e-3,1.66571,2067
8.896000e-3,1.65524,2054
8.898000e-3,1.65040,2048
8.900000e-3,1.65927,2059
8.902000e-3,1.65846,2058
8.904000e-3,1.64073,2036
8.906000e-3,1.65282,2051
8.908000e-3,1.65766,2057
8.910000e-3,1.64154,2037
8.912000e-3,1.65201,2050
8.914000e-3,1.66652,2068
8.916000e-3,1.65282,2051
8.918000e-3,1.65282,2051
8.920000e-3,1.66974,2072
8.922000e-3,1.65685,2056
8.924000e-3,1.64154,2037
8.926000e-3,1.65604,2055
8.928000e-3,1.66007,2060
8.930000e-3,1.64557,2042
8.932000e-3,1.66007,2060
8.934000e-3,1.66007,2060
8.936000e-3,1.65201,2050
8.938000e-3,1.65201,2050
8.940000e-3,1.66410,2065
8.942000e-3,1.64879,2046
8.944000e-3,1.65040,2048
8.946000e-3,1.66491,2066
8.948000e-3,1.65524,2054
8.950000e-3,1.65363,2052
8.952000e-3,1.65766,2057
8.954000e-3,1.66007,2060
8.956000e-3,1.64396,2040
8.958000e-3,1.65685,2056
8.960000e-3,1.65927,2059
8.962000e-3,1.63751,2032
8.964000e-3,1.65282,2051
8.966000e-3,1.66168,2062
8.968000e-3,1.65363,2052
8.970000e-3,1.65604,2055
8.972000e-3,1.66491,2066
8.974000e-3,1.66088,2061
8.976000e-3,1.65282,2051
8.978000e-3,1.65927,2059
8.980000e-3,1.66007,2060
8.982000e-3,1.64315,2039
8.984000e-3,1.65766,2057
8.986000e-3,1.65443,2053
8.988000e-3,1.64557,2042
8.990000e-3,1.65040,2048
8.992000e-3,1.66330,2064
8.994000e-3,1.65201,2050
8.996000e-3,1.65121,2049
8.998000e-3,1.66652,2068
9.000000e-3,1.65685,2056
9.002000e-3,1.65443,2053
9.004000e-3,1.67297,2076
9.006000e-3,1.65927,2059
9.008000e-3,1.64234,2038
9.010000e-3,1.65846,2058
9.012000e-3,1.65685,2056
9.014000e-3,1.64557,2042
9.016000e-3,1.65443,2053
9.018000e-3,1.65766,2057
9.020000e-3,1.64879,2046
9.022000e-3,1.65201,2050
9.024000e-3,1.66007,2060
9.026000e-3,1.65363,2052
9.028000e-3,1.65363,2052
9.030000e-3,1.65846,2058
9.032000e-3,1.66088,2061
9.034000e-3,1.65040,2048
9.036000e-3,1.66007,2060
9.038000e-3,1.65846,2058
9.040000e-3,1.64234,2038
9.042000e-3,1.65685,2056
9.044000e-3,1.65927,2059
9.046000e-3,1.64960,2047
9.048000e-3,1.65201,2050
9.050000e-3,1.66571,2067
9.052000e-3,1.65282,2051
9.054000e-3,1.64718,2044
9.056000e-3,1.66088,2061
9.058000e-3,1.65201,2050
9.060000e-3,1.65121,2049
9.062000e-3,1.66330,2064
9.064000e-3,1.66007,2060
9.066000e-3,1.64960,2047
9.068000e-3,1.65846,2058
9.070000e-3,1.66007,2060
9.072000e-3,1.65040,2048
9.074000e-3,1.64637,2043
9.076000e-3,1.65685,2056
9.078000e-3,1.64879,2046
9.080000e-3,1.65201,2050
9.082000e-3,1.67780,2082
9.084000e-3,1.65363,2052
9.086000e-3,1.65282,2051
9.088000e-3,1.66007,2060
9.090000e-3,1.65927,2059
9.092000e-3,1.64799,2045
9.094000e-3,1.65201,2050
9.096000e-3,1.65121,2049
9.098000e-3,1.64234,2038
9.100000e-3,1.65685,2056
9.102000e-3,1.65927,2059
9.104000e-3,1.66168,2062
9.106000e-3,1.66007,2060
9.108000e-3,1.66007,2060
9.110000e-3,1.65282,2051
9.112000e-3,1.64073,2036
9.114000e-3,1.66813,2070
9.116000e-3,1.65766,2057
9.118000e-3,1.65282,2051
9.120000e-3,1.65927,2059
9.122000e-3,1.65927,2059
9.124000e-3,1.64396,2040
9.126000e-3,1.65443,2053
9.128000e-3,1.66007,2060
9.130000e-3,1.65040,2048
9.132000e-3,1.65443,2053
9.134000e-3,1.66813,2070
9.136000e-3,1.65766,2057
9.138000e-3,1.65282,2051
9.140000e-3,1.66088,2061
9.142000e-3,1.65685,2056
9.144000e-3,1.64557,2042
9.146000e-3,1.65846,2058
9.148000e-3,1.65685,2056
9.150000e-3,1.64154,2037
9.152000e-3,1.65282,2051
9.154000e-3,1.66168,2062
9.156000e-3,1.65282,2051
9.158000e-3,1.65040,2048
9.160000e-3,1.66733,2069
9.162000e-3,1.65604,2055
9.164000e-3,1.65282,2051
9.166000e-3,1.65685,2056
9.168000e-3,1.66088,2061
9.170000e-3,1.64476,2041
9.172000e-3,1.65040,2048
9.174000e-3,1.65524,2054
9.176000e-3,1.65040,2048
9.178000e-3,1.65121,2049
9.180000e-3,1.66733,2069
9.182000e-3,1.65524,2054
9.184000e-3,1.65201,2050
9.186000e-3,1.66652,2068
9.188000e-3,1.65846,2058
9.190000e-3,1.64234,2038
9.192000e-3,1.65685,2056
9.194000e-3,1.65685,2056
9.196000e-3,1.64637,2043
9.198000e-3,1.65443,2053
9.200000e-3,1.66088,2061
9.202000e-3,1.65121,2049
9.204000e-3,1.66168,2062
9.206000e-3,1.66491,2066
9.208000e-3,1.65040,2048
9.210000e-3,1.65443,2053
9.212000e-3,1.65766,2057
9.214000e-3,1.65604,2055
9.216000e-3,1.64154,2037
9.218000e-3,1.65604,2055
9.220000e-3,1.65927,2059
9.222000e-3,1.64557,2042
9.224000e-3,1.65201,2050
9.226000e-3,1.66088,2061
9.228000e-3,1.64396,2040
9.230000e-3,1.65040,2048
9.232000e-3,1.66330,2064
9.234000e-3,1.65363,2052
9.236000e-3,1.65201,2050
9.238000e-3,1.66652,2068
9.240000e-3,1.65443,2053
9.242000e-3,1.65040,2048
9.244000e-3,1.66088,2061
9.246000e-3,1.65846,2058
9.248000e-3,1.65040,2048
9.250000e-3,1.65524,2054
9.252000e-3,1.65766,2057
9.254000e-3,1.64637,2043
9.256000e-3,1.65524,2054
9.258000e-3,1.65766,2057
9.260000e-3,1.65282,2051
9.262000e-3,1.65040,2048
9.264000e-3,1.66813,2070
9.266000e-3,1.65363,2052
9.268000e-3,1.64960,2047
9.270000e-3,1.66168,2062
9.272000e-3,1.66007,2060
9.274000e-3,1.64557,2042
9.276000e-3,1.65604,2055
9.278000e-3,1.66007,2060
9.280000e-3,1.64637,2043
9.282000e-3,1.65443,2053
9.284000e-3,1.66330,2064
9.286000e-3,1.65524,2054
9.288000e-3,1.64557,2042
9.290000e-3,1.66410,2065
9.292000e-3,1.65846,2058
9.294000e-3,1.64879,2046
9.296000e-3,1.65685,2056
9.298000e-3,1.66007,2060
9.300000e-3,1.63993,2035
9.302000e-3,1.65524,2054
9.304000e-3,1.66088,2061
9.306000e-3,1.65121,2049
9.308000e-3,1.65040,2048
9.310000e-3,1.66571,2067
9.312000e-3,1.65363,2052
9.314000e-3,1.65363,2052
9.316000e-3,1.66007,2060
9.318000e-3,1.66007,2060
9.320000e-3,1.64396,2040
9.322000e-3,1.65604,2055
9.324000e-3,1.65766,2057
9.326000e-3,1.65040,2048
9.328000e-3,1.65282,2051
9.330000e-3,1.66330,2064
9.332000e-3,1.64960,2047
9.334000e-3,1.65201,2050
9.336000e-3,1.66491,2066
9.338000e-3,1.65846,2058
9.340000e-3,1.65524,2054
9.342000e-3,1.66007,2060
9.344000e-3,1.65363,2052
9.346000e-3,1.63751,2032
9.348000e-3,1.65121,2049
9.350000e-3,1.66007,2060
9.352000e-3,1.65524,2054
9.354000e-3,1.65443,2053
9.356000e-3,1.66007,2060
9.358000e-3,1.65040,2048
9.360000e-3,1.65040,2048
9.362000e-3,1.66571,2067
9.364000e-3,1.65443,2053
9.366000e-3,1.65040,2048
9.368000e-3,1.67458,2078
9.370000e-3,1.65443,2053
9.372000e-3,1.65282,2051
9.374000e-3,1.66249,2063
9.376000e-3,1.65201,2050
9.378000e-3,1.64396,2040
9.380000e-3,1.65443,2053
9.382000e-3,1.66007,2060
9.384000e-3,1.64396,2040
9.386000e-3,1.65524,2054
9.388000e-3,1.65927,2059
9.390000e-3,1.65201,2050
9.392000e-3,1.65201,2050
9.394000e-3,1.66571,2067
9.396000e-3,1.65524,2054
9.398000e-3,1.65282,2051
9.400000e-3,1.66249,2063
9.402000e-3,1.65604,2055
9.404000e-3,1.64960,2047
9.406000e-3,1.65685,2056
9.408000e-3,1.65685,2056
9.410000e-3,1.65363,2052
9.412000e-3,1.64960,2047
9.414000e-3,1.66007,2060
9.416000e-3,1.65040,2048
9.418000e-3,1.65363,2052
9.420000e-3,1.66652,2068
9.422000e-3,1.65363,2052
9.424000e-3,1.65121,2049
9.426000e-3,1.66007,2060
9.428000e-3,1.66330,2064
9.430000e-3,1.65201,2050
9.432000e-3,1.66088,2061
9.434000e-3,1.65927,2059
9.436000e-3,1.64476,2041
9.438000e-3,1.65604,2055
9.440000e-3,1.65766,2057
9.442000e-3,1.64476,2041
9.444000e-3,1.66330,2064
9.446000e-3,1.66168,2062
9.448000e-3,1.65121,2049
9.450000e-3,1.65040,2048
9.452000e-3,1.66088,2061
9.454000e-3,1.65927,2059
9.456000e-3,1.65201,2050
9.458000e-3,1.66491,2066
9.460000e-3,1.65363,2052
9.462000e-3,1.63751,2032
9.464000e-3,1.65685,2056
9.466000e-3,1.64879,2046
9.468000e-3,1.64637,2043
9.470000e-3,1.65604,2055
9.472000e-3,1.65685,2056
9.474000e-3,1.64799,2045
9.476000e-3,1.65201,2050
9.478000e-3,1.66088,2061
9.480000e-3,1.65040,2048
9.482000e-3,1.65201,2050
9.484000e-3,1.66410,2065
9.486000e-3,1.65766,2057
9.488000e-3,1.65201,2050
9.490000e-3,1.66330,2064
9.492000e-3,1.65604,2055
9.494000e-3,1.64396,2040
9.496000e-3,1.65443,2053
9.498000e-3,1.65524,2054
9.500000e-3,1.64718,2044
9.502000e-3,1.65040,2048
9.504000e-3,1.66088,2061
9.506000e-3,1.64557,2042
9.508000e-3,1.65201,2050
9.510000e-3,1.66652,2068
9.512000e-3,1.65443,2053
9.514000e-3,1.65524,2054
9.516000e-3,1.65604,2055
9.518000e-3,1.65846,2058
9.520000e-3,1.64476,2041
9.522000e-3,1.66007,2060
9.524000e-3,1.65846,2058
9.526000e-3,1.64315,2039
9.528000e-3,1.66410,2065
9.530000e-3,1.65363,2052
9.532000e-3,1.65040,2048
9.534000e-3,1.65524,2054
9.536000e-3,1.66894,2071
9.538000e-3,1.65363,2052
9.540000e-3,1.65363,2052
9.542000e-3,1.66491,2066
9.544000e-3,1.65443,2053
9.546000e-3,1.65121,2049
9.548000e-3,1.65846,2058
9.550000e-3,1.65766,2057
9.552000e-3,1.64476,2041
9.554000e-3,1.65524,2054
9.556000e-3,1.65766,2057
9.558000e-3,1.64799,2045
9.560000e-3,1.65201,2050
9.562000e-3,1.66330,2064
9.564000e-3,1.65282,2051
9.566000e-3,1.65040,2048
9.568000e-3,1.66410,2065
9.570000e-3,1.65524,2054
9.572000e-3,1.65201,2050
9.574000e-3,1.66410,2065
9.576000e-3,1.66249,2063
9.578000e-3,1.64879,2046
9.580000e-3,1.65443,2053
9.582000e-3,1.64879,2046
9.584000e-3,1.64073,2036
9.586000e-3,1.65604,2055
9.588000e-3,1.65766,2057
9.590000e-3,1.65040,2048
9.592000e-3,1.65363,2052
9.594000e-3,1.66571,2067
9.596000e-3,1.65282,2051
9.598000e-3,1.65121,2049
9.600000e-3,1.66491,2066
9.602000e-3,1.65443,2053
9.604000e-3,1.65201,2050
9.606000e-3,1.65363,2052
9.608000e-3,1.66733,2069
9.610000e-3,1.64476,2041
9.612000e-3,1.65604,2055
9.614000e-3,1.65766,2057
9.616000e-3,1.64476,2041
9.618000e-3,1.65363,2052
9.620000e-3,1.66007,2060
9.622000e-3,1.64557,2042
9.624000e-3,1.65040,2048
9.626000e-3,1.66491,2066
9.628000e-3,1.65524,2054
9.630000e-3,1.65201,2050
9.632000e-3,1.66571,2067
9.634000e-3,1.65604,2055
9.636000e-3,1.65201,2050
9.638000e-3,1.65685,2056
9.640000e-3,1.66088,2061
9.642000e-3,1.63993,2035
9.644000e-3,1.65363,2052
9.646000e-3,1.65363,2052
9.648000e-3,1.64315,2039
9.650000e-3,1.65685,2056
9.652000e-3,1.66168,2062
9.654000e-3,1.65121,2049
9.656000e-3,1.64557,2042
9.658000e-3,1.66894,2071
9.660000e-3,1.65685,2056
9.662000e-3,1.66088,2061
9.664000e-3,1.65282,2051
9.666000e-3,1.65766,2057
9.668000e-3,1.64234,2038
9.670000e-3,1.65685,2056
9.672000e-3,1.65766,2057
9.674000e-3,1.64396,2040
9.676000e-3,1.65363,2052
9.678000e-3,1.65524,2054
9.680000e-3,1.65443,2053
9.682000e-3,1.65282,2051
9.684000e-3,1.66088,2061
9.686000e-3,1.64879,2046
9.688000e-3,1.64879,2046
9.690000e-3,1.64879,2046
9.692000e-3,1.65927,2059
9.694000e-3,1.64799,2045
9.696000e-3,1.65363,2052
9.698000e-3,1.65524,2054
9.700000e-3,1.65121,2049
9.702000e-3,1.64637,2043
9.704000e-3,1.66894,2071
9.706000e-3,1.65685,2056
9.708000e-3,1.65201,2050
9.710000e-3,1.66088,2061
9.712000e-3,1.65846,2058
9.714000e-3,1.64234,2038
9.716000e-3,1.65524,2054
9.718000e-3,1.65766,2057
9.720000e-3,1.64557,2042
9.722000e-3,1.65443,2053
9.724000e-3,1.66330,2064
9.726000e-3,1.65363,2052
9.728000e-3,1.64637,2043
9.730000e-3,1.66652,2068
9.732000e-3,1.65443,2053
9.734000e-3,1.65040,2048
9.736000e-3,1.66330,2064
9.738000e-3,1.65363,2052
9.740000e-3,1.64476,2041
9.742000e-3,1.65685,2056
9.744000e-3,1.65846,2058
9.746000e-3,1.64557,2042
9.748000e-3,1.65282,2051
9.750000e-3,1.66491,2066
9.752000e-3,1.65201,2050
9.754000e-3,1.65121,2049
9.756000e-3,1.66410,2065
9.758000e-3,1.66007,2060
9.760000e-3,1.65363,2052
9.762000e-3,1.66571,2067
9.764000e-3,1.66168,2062
9.766000e-3,1.64396,2040
9.768000e-3,1.64799,2045
9.770000e-3,1.65846,2058
9.772000e-3,1.64960,2047
9.774000e-3,1.65201,2050
9.776000e-3,1.67055,2073
9.778000e-3,1.65443,2053
9.780000e-3,1.65040,2048
9.782000e-3,1.66249,2063
9.784000e-3,1.65685,2056
9.786000e-3,1.64799,2045
9.788000e-3,1.65846,2058
9.790000e-3,1.65846,2058
9.792000e-3,1.64396,2040
9.794000e-3,1.65363,2052
9.796000e-3,1.66007,2060
9.798000e-3,1.65443,2053
9.800000e-3,1.65282,2051
9.802000e-3,1.66330,2064
9.804000e-3,1.65524,2054
9.806000e-3,1.64637,2043
9.808000e-3,1.65927,2059
9.810000e-3,1.66813,2070
9.812000e-3,1.64960,2047
9.814000e-3,1.65524,2054
9.816000e-3,1.64879,2046
9.818000e-3,1.64879,2046
9.820000e-3,1.65040,2048
9.822000e-3,1.66813,2070
9.824000e-3,1.65363,2052
9.826000e-3,1.65443,2053
9.828000e-3,1.66410,2065
9.830000e-3,1.65685,2056
9.832000e-3,1.64476,2041
9.834000e-3,1.65363,2052
9.836000e-3,1.65927,2059
9.838000e-3,1.64234,2038
9.840000e-3,1.64960,2047
9.842000e-3,1.65766,2057
9.844000e-3,1.65282,2051
9.846000e-3,1.65201,2050
9.848000e-3,1.66894,2071
9.850000e-3,1.65443,2053
9.852000e-3,1.65040,2048
9.854000e-3,1.66330,2064
9.856000e-3,1.65524,2054
9.858000e-3,1.64557,2042
9.860000e-3,1.65685,2056
9.862000e-3,1.65201,2050
9.864000e-3,1.64557,2042
9.866000e-3,1.65282,2051
9.868000e-3,1.65282,2051
9.870000e-3,1.64799,2045
9.872000e-3,1.65363,2052
9.874000e-3,1.66330,2064
9.876000e-3,1.65604,2055
9.878000e-3,1.65121,2049
9.880000e-3,1.66330,2064
9.882000e-3,1.66813,2070
9.884000e-3,1.64396,2040
9.886000e-3,1.65927,2059
9.888000e-3,1.65846,2058
9.890000e-3,1.64476,2041
9.892000e-3,1.65604,2055
9.894000e-3,1.66168,2062
9.896000e-3,1.64718,2044
9.898000e-3,1.65121,2049
9.900000e-3,1.67216,2075
9.902000e-3,1.65201,2050
9.904000e-3,1.65040,2048
9.906000e-3,1.66410,2065
9.908000e-3,1.65363,2052
9.910000e-3,1.64799,2045
9.912000e-3,1.66088,2061
9.914000e-3,1.65443,2053
9.916000e-3,1.64637,2043
9.918000e-3,1.65604,2055
9.920000e-3,1.65846,2058
9.922000e-3,1.64557,2042
9.924000e-3,1.65201,2050
9.926000e-3,1.66652,2068
9.928000e-3,1.65363,2052
9.930000e-3,1.65604,2055
9.932000e-3,1.66168,2062
9.934000e-3,1.65282,2051
9.936000e-3,1.64879,2046
9.938000e-3,1.65282,2051
9.940000e-3,1.66007,2060
9.942000e-3,1.64799,2045
9.944000e-3,1.65282,2051
9.946000e-3,1.66088,2061
9.948000e-3,1.65121,2049
9.950000e-3,1.65040,2048
9.952000e-3,1.66491,2066
9.954000e-3,1.65604,2055
9.956000e-3,1.65040,2048
9.958000e-3,1.66249,2063
9.960000e-3,1.65766,2057
9.962000e-3,1.64476,2041
9.964000e-3,1.66088,2061
9.966000e-3,1.65927,2059
9.968000e-3,1.64799,2045
9.970000e-3,1.65201,2050
9.972000e-3,1.66652,2068
9.974000e-3,1.65040,2048
9.976000e-3,1.64960,2047
9.978000e-3,1.67297,2076
9.980000e-3,1.65685,2056
9.982000e-3,1.65363,2052
9.984000e-3,1.65927,2059
9.986000e-3,1.65524,2054
9.988000e-3,1.64315,2039
9.990000e-3,1.66571,2067
9.992000e-3,1.65846,2058
9.994000e-3,1.64718,2044
9.996000e-3,1.64718,2044
9.998000e-3,1.66007,2060
1.000000e-2,1.65121,2049
1.000200e-2,1.65040,2048
1.000400e-2,1.65766,2057
1.000600e-2,1.65685,2056
1.000800e-2,1.64396,2040
1.001000e-2,1.66249,2063
1.001200e-2,1.66007,2060
1.001400e-2,1.64718,2044
1.001600e-2,1.65604,2055
1.001800e-2,1.65846,2058
1.002000e-2,1.63590,2030
1.002200e-2,1.65604,2055
1.002400e-2,1.65282,2051
1.002600e-2,1.64799,2045
1.002800e-2,1.65282,2051
1.003000e-2,1.66571,2067
1.003200e-2,1.65524,2054
1.003400e-2,1.65040,2048
1.003600e-2,1.66168,2062
1.003800e-2,1.66088,2061
1.004000e-2,1.64799,2045
1.004200e-2,1.65685,2056
1.004400e-2,1.65685,2056
1.004600e-2,1.64396,2040
1.004800e-2,1.65201,2050
1.005000e-2,1.66410,2065
1.005200e-2,1.65121,2049
1.005400e-2,1.65363,2052
1.005600e-2,1.66410,2065
1.005800e-2,1.65604,2055
1.006000e-2,1.65282,2051
1.006200e-2,1.66330,2064
1.006400e-2,1.65927,2059
1.006600e-2,1.64557,2042
1.006800e-2,1.65846,2058
1.007000e-2,1.66007,2060
1.007200e-2,1.64799,2045
1.007400e-2,1.65121,2049
1.007600e-2,1.66733,2069
1.007800e-2,1.65363,2052
1.008000e-2,1.65201,2050
1.008200e-2,1.67055,2073
1.008400e-2,1.65201,2050
1.008600e-2,1.65040,2048
1.008800e-2,1.65927,2059
1.009000e-2,1.66088,2061
1.009200e-2,1.64637,2043
1.009400e-2,1.65524,2054
1.009600e-2,1.66007,2060
1.009800e-2,1.65040,2048
1.010000e-2,1.65201,2050
1.010200e-2,1.66007,2060
1.010400e-2,1.65524,2054
1.010600e-2,1.65846,2058
1.010800e-2,1.65363,2052
1.011000e-2,1.65685,2056
1.011200e-2,1.64637,2043
1.011400e-2,1.65040,2048
1.011600e-2,1.65766,2057
1.011800e-2,1.64718,2044
1.012000e-2,1.65040,2048
1.012200e-2,1.67055,2073
1.012400e-2,1.65443,2053
1.012600e-2,1.65121,2049
1.012800e-2,1.66491,2066
1.013000e-2,1.65927,2059
1.013200e-2,1.65040,2048
1.013400e-2,1.65766,2057
1.013600e-2,1.65846,2058
1.013800e-2,1.64073,2036
1.014000e-2,1.65604,2055
1.014200e-2,1.65604,2055
1.014400e-2,1.65040,2048
1.014600e-2,1.65363,2052
1.014800e-2,1.66491,2066
1.015000e-2,1.65443,2053
1.015200e-2,1.65121,2049
1.015400e-2,1.66168,2062
1.015600e-2,1.66007,2060
1.015800e-2,1.64396,2040
1.016000e-2,1.65443,2053
1.016200e-2,1.65685,2056
1.016400e-2,1.64476,2041
1.016600e-2,1.65121,2049
1.016800e-2,1.66330,2064
1.017000e-2,1.65121,2049
1.017200e-2,1.65524,2054
1.017400e-2,1.66410,2065
1.017600e-2,1.64960,2047
1.017800e-2,1.65282,2051
1.018000e-2,1.66571,2067
1.018200e-2,1.65766,2057
1.018400e-2,1.64637,2043
1.018600e-2,1.66168,2062
1.018800e-2,1.66733,2069
1.019000e-2,1.64315,2039
1.019200e-2,1.64799,2045
1.019400e-2,1.64960,2047
1.019600e-2,1.65121,2049
1.019800e-2,1.65363,2052
1.020000e-2,1.66330,2064
1.020200e-2,1.64879,2046
1.020400e-2,1.65363,2052
1.020600e-2,1.66410,2065
1.020800e-2,1.65766,2057
1.021000e-2,1.64879,2046
1.021200e-2,1.66168,2062
1.021400e-2,1.65927,2059
1.021600e-2,1.64476,2041
1.021800e-2,1.65363,2052
1.022000e-2,1.65282,2051
1.022200e-2,1.64396,2040
1.022400e-2,1.65604,2055
1.022600e-2,1.66571,2067
1.022800e-2,1.65443,2053
1.023000e-2,1.65040,2048
1.023200e-2,1.66330,2064
1.023400e-2,1.65363,2052
1.023600e-2,1.64637,2043
1.023800e-2,1.65443,2053
1.024000e-2,1.65766,2057
1.024200e-2,1.64879,2046
1.024400e-2,1.65121,2049
1.024600e-2,1.66330,2064
1.024800e-2,1.65363,2052
1.025000e-2,1.65040,2048
1.025200e-2,1.66410,2065
1.025400e-2,1.65685,2056
1.025600e-2,1.64637,2043
1.025800e-2,1.66249,2063
1.026000e-2,1.66088,2061
1.026200e-2,1.64315,2039
1.026400e-2,1.65363,2052
1.026600e-2,1.65766,2057
1.026800e-2,1.64315,2039
1.027000e-2,1.65201,2050
1.027200e-2,1.66410,2065
1.027400e-2,1.65685,2056
1.027600e-2,1.65201,2050
1.027800e-2,1.66410,2065
1.028000e-2,1.65524,2054
1.028200e-2,1.64557,2042
1.028400e-2,1.65604,2055
1.028600e-2,1.65363,2052
1.028800e-2,1.64718,2044
1.029000e-2,1.65282,2051
1.029200e-2,1.65121,2049
1.029400e-2,1.65121,2049
1.029600e-2,1.65121,2049
1.029800e-2,1.67377,2077
1.030000e-2,1.65685,2056
1.030200e-2,1.65282,2051
1.030400e-2,1.65846,2058
1.030600e-2,1.65927,2059
1.030800e-2,1.64154,2037
1.031000e-2,1.65604,2055
1.031200e-2,1.66088,2061
1.031400e-2,1.64315,2039
1.031600e-2,1.65443,2053
1.031800e-2,1.66007,2060
1.032000e-2,1.64799,2045
1.032200e-2,1.65040,2048
1.032400e-2,1.66652,2068
1.032600e-2,1.65685,2056
1.032800e-2,1.65282,2051
1.033000e-2,1.66894,2071
1.033200e-2,1.65846,2058
1.033400e-2,1.64315,2039
1.033600e-2,1.65524,2054
1.033800e-2,1.65282,2051
1.034000e-2,1.64879,2046
1.034200e-2,1.65685,2056
1.034400e-2,1.66007,2060
1.034600e-2,1.65363,2052
1.034800e-2,1.64637,2043
1.035000e-2,1.66571,2067
1.035200e-2,1.66330,2064
1.035400e-2,1.65201,2050
1.035600e-2,1.65685,2056
1.035800e-2,1.65766,2057
1.036000e-2,1.64396,2040
1.036200e-2,1.65443,2053
1.036400e-2,1.65766,2057
1.036600e-2,1.65846,2058
1.036800e-2,1.64476,2041
1.037000e-2,1.67216,2075
1.037200e-2,1.66330,2064
1.037400e-2,1.65846,2058
1.037600e-2,1.66491,2066
1.037800e-2,1.65363,2052
1.038000e-2,1.65040,2048
1.038200e-2,1.66007,2060
1.038400e-2,1.65685,2056
1.038600e-2,1.64557,2042
1.038800e-2,1.65443,2053
1.039000e-2,1.65685,2056
1.039200e-2,1.65201,2050
1.039400e-2,1.65443,2053
1.039600e-2,1.66249,2063
1.039800e-2,1.65363,2052
1.040000e-2,1.64799,2045
1.040200e-2,1.66571,2067
1.040400e-2,1.65766,2057
1.040600e-2,1.65201,2050
1.040800e-2,1.65927,2059
1.041000e-2,1.65685,2056
1.041200e-2,1.64476,2041
1.041400e-2,1.65766,2057
1.041600e-2,1.66088,2061
1.041800e-2,1.64557,2042
1.042000e-2,1.65282,2051
1.042200e-2,1.66168,2062
1.042400e-2,1.64799,2045
1.042600e-2,1.64960,2047
1.042800e-2,1.66249,2063
1.043000e-2,1.65363,2052
1.043200e-2,1.65040,2048
1.043400e-2,1.66813,2070
1.043600e-2,1.65927,2059
1.043800e-2,1.64718,2044
1.044000e-2,1.66007,2060
1.044200e-2,1.65927,2059
1.044400e-2,1.64637,2043
1.044600e-2,1.65524,2054
1.044800e-2,1.65927,2059
1.045000e-2,1.65040,2048
1.045200e-2,1.65363,2052
1.045400e-2,1.66410,2065
1.045600e-2,1.64799,2045
1.045800e-2,1.65040,2048
1.046000e-2,1.66813,2070
1.046200e-2,1.66571,2067
1.046400e-2,1.65040,2048
1.046600e-2,1.65363,2052
1.046800e-2,1.66088,2061
1.047000e-2,1.63912,2034
1.047200e-2,1.65363,2052
1.047400e-2,1.65524,2054
1.047600e-2,1.65524,2054
1.047800e-2,1.65201,2050
1.048000e-2,1.66410,2065
1.048200e-2,1.65685,2056
1.048400e-2,1.64557,2042
1.048600e-2,1.66007,2060
1.048800e-2,1.65201,2050
1.049000e-2,1.65201,2050
1.049200e-2,1.66330,2064
1.049400e-2,1.65927,2059
1.049600e-2,1.64234,2038
1.049800e-2,1.65201,2050
1.050000e-2,1.66330,2064
1.050200e-2,1.65201,2050
1.050400e-2,1.64799,2045
1.050600e-2,1.66491,2066
1.050800e-2,1.65685,2056
1.051000e-2,1.65363,2052
1.051200e-2,1.65846,2058
1.051400e-2,1.65927,2059
1.051600e-2,1.64476,2041
1.051800e-2,1.64718,2044
1.052000e-2,1.66168,2062
1.052200e-2,1.65604,2055
1.052400e-2,1.65121,2049
1.052600e-2,1.67216,2075
1.052800e-2,1.65604,2055
1.053000e-2,1.64315,2039
1.053200e-2,1.65927,2059
1.053400e-2,1.66168,2062
1.053600e-2,1.64396,2040
1.053800e-2,1.65443,2053
1.054000e-2,1.66249,2063
1.054200e-2,1.65685,2056
1.054400e-2,1.64879,2046
1.054600e-2,1.65766,2057
1.054800e-2,1.65363,2052
1.055000e-2,1.65040,2048
1.055200e-2,1.66813,2070
1.055400e-2,1.65040,2048
1.055600e-2,1.64718,2044
1.055800e-2,1.65766,2057
1.056000e-2,1.66007,2060
1.056200e-2,1.64799,2045
1.056400e-2,1.65846,2058
1.056600e-2,1.66249,2063
1.056800e-2,1.65121,2049
1.057000e-2,1.65685,2056
1.057200e-2,1.65846,2058
1.057400e-2,1.64396,2040
1.057600e-2,1.64557,2042
1.057800e-2,1.67136,2074
1.058000e-2,1.65363,2052
1.058200e-2,1.64960,2047
1.058400e-2,1.67136,2074
1.058600e-2,1.65846,2058
1.058800e-2,1.65201,2050
1.059000e-2,1.66088,2061
1.059200e-2,1.65685,2056
1.059400e-2,1.64637,2043
1.059600e-2,1.66007,2060
1.059800e-2,1.65766,2057
1.060000e-2,1.64557,2042
1.060200e-2,1.65363,2052
1.060400e-2,1.65524,2054
1.060600e-2,1.64799,2045
1.060800e-2,1.65201,2050
1.061000e-2,1.66330,2064
1.061200e-2,1.65282,2051
1.061400e-2,1.65201,2050
1.061600e-2,1.66410,2065
1.061800e-2,1.65201,2050
1.062000e-2,1.65282,2051
1.062200e-2,1.65524,2054
1.062400e-2,1.65846,2058
1.062600e-2,1.64234,2038
1.062800e-2,1.65685,2056
1.063000e-2,1.66007,2060
1.063200e-2,1.65121,2049
1.063400e-2,1.65040,2048
1.063600e-2,1.67055,2073
1.063800e-2,1.65282,2051
1.064000e-2,1.65443,2053
1.064200e-2,1.65443,2053
1.064400e-2,1.66249,2063
1.064600e-2,1.64396,2040
1.064800e-2,1.64960,2047
1.065000e-2,1.65766,2057
1.065200e-2,1.64637,2043
1.065400e-2,1.65363,2052
1.065600e-2,1.65927,2059
1.065800e-2,1.65443,2053
1.066000e-2,1.65040,2048
1.066200e-2,1.66652,2068
1.066400e-2,1.65685,2056
1.066600e-2,1.65363,2052
1.066800e-2,1.66007,2060
1.067000e-2,1.66007,2060
1.067200e-2,1.64234,2038
1.067400e-2,1.65282,2051
1.067600e-2,1.65685,2056
1.067800e-2,1.65040,2048
1.068000e-2,1.65524,2054
1.068200e-2,1.66491,2066
1.068400e-2,1.65524,2054
1.068600e-2,1.65685,2056
1.068800e-2,1.66652,2068
1.069000e-2,1.65685,2056
1.069200e-2,1.65040,2048
1.069400e-2,1.66007,2060
1.069600e-2,1.66330,2064
1.069800e-2,1.64476,2041
1.070000e-2,1.65604,2055
1.070200e-2,1.65282,2051
1.070400e-2,1.64557,2042
1.070600e-2,1.64637,2043
1.070800e-2,1.65846,2058
1.071000e-2,1.65040,2048
1.071200e-2,1.65766,2057
1.071400e-2,1.66652,2068
1.071600e-2,1.65363,2052
1.071800e-2,1.65363,2052
1.072000e-2,1.65524,2054
1.072200e-2,1.65604,2055
1.072400e-2,1.64476,2041
1.072600e-2,1.65685,2056
1.072800e-2,1.64960,2047
1.073000e-2,1.64718,2044
1.073200e-2,1.64799,2045
1.073400e-2,1.65846,2058
1.073600e-2,1.65201,2050
1.073800e-2,1.65282,2051
1.074000e-2,1.66249,2063
1.074200e-2,1.65363,2052
1.074400e-2,1.65201,2050
1.074600e-2,1.66491,2066
1.074800e-2,1.65846,2058
1.075000e-2,1.64799,2045
1.075200e-2,1.65685,2056
1.075400e-2,1.65040,2048
1.075600e-2,1.64557,2042
1.075800e-2,1.65524,2054
1.076000e-2,1.66168,2062
1.076200e-2,1.64960,2047
1.076400e-2,1.65121,2049
1.076600e-2,1.66813,2070
1.076800e-2,1.65604,2055
1.077000e-2,1.65524,2054
1.077200e-2,1.66249,2063
1.077400e-2,1.65604,2055
1.077600e-2,1.65282,2051
1.077800e-2,1.65927,2059
1.078000e-2,1.65927,2059
1.078200e-2,1.64396,2040
1.078400e-2,1.65685,2056
1.078600e-2,1.65766,2057
1.078800e-2,1.65040,2048
1.079000e-2,1.66088,2061
1.079200e-2,1.65363,2052
1.079400e-2,1.65040,2048
1.079600e-2,1.65282,2051
1.079800e-2,1.66733,2069
1.080000e-2,1.65443,2053
1.080200e-2,1.65040,2048
1.080400e-2,1.66652,2068
1.080600e-2,1.65524,2054
1.080800e-2,1.65363,2052
1.081000e-2,1.65443,2053
1.081200e-2,1.65846,2058
1.081400e-2,1.64879,2046
1.081600e-2,1.65766,2057
1.081800e-2,1.65927,2059
1.082000e-2,1.64476,2041
1.082200e-2,1.65363,2052
1.082400e-2,1.65927,2059
1.082600e-2,1.64960,2047
1.082800e-2,1.65201,2050
1.083000e-2,1.66330,2064
1.083200e-2,1.65363,2052
1.083400e-2,1.65363,2052
1.083600e-2,1.66652,2068
1.083800e-2,1.65604,2055
1.084000e-2,1.65040,2048
1.084200e-2,1.66088,2061
1.084400e-2,1.65846,2058
1.084600e-2,1.64154,2037
1.084800e-2,1.65604,2055
1.085000e-2,1.65927,2059
1.085200e-2,1.64637,2043
1.085400e-2,1.65363,2052
1.085600e-2,1.65846,2058
1.085800e-2,1.65040,2048
1.086000e-2,1.65201,2050
1.086200e-2,1.66652,2068
1.086400e-2,1.66571,2067
1.086600e-2,1.65121,2049
1.086800e-2,1.66491,2066
1.087000e-2,1.65685,2056
1.087200e-2,1.64879,2046
1.087400e-2,1.66007,2060
1.087600e-2,1.66168,2062
1.087800e-2,1.64315,2039
1.088000e-2,1.65685,2056
1.088200e-2,1.65604,2055
1.088400e-2,1.64879,2046
1.088600e-2,1.65282,2051
1.088800e-2,1.66813,2070
1.089000e-2,1.65363,2052
1.089200e-2,1.65121,2049
1.089400e-2,1.66491,2066
1.089600e-2,1.65766,2057
1.089800e-2,1.64960,2047
1.090000e-2,1.65766,2057
1.090200e-2,1.66007,2060
1.090400e-2,1.64396,2040
1.090600e-2,1.65363,2052
1.090800e-2,1.66330,2064
1.091000e-2,1.64315,2039
1.091200e-2,1.65121,2049
1.091400e-2,1.65927,2059
1.091600e-2,1.65443,2053
1.091800e-2,1.65282,2051
1.092000e-2,1.66571,2067
1.092200e-2,1.65685,2056
1.092400e-2,1.65121,2049
1.092600e-2,1.66168,2062
1.092800e-2,1.65201,2050
1.093000e-2,1.65201,2050
1.093200e-2,1.66088,2061
1.093400e-2,1.66733,2069
1.093600e-2,1.64315,2039
1.093800e-2,1.65604,2055
1.094000e-2,1.65766,2057
1.094200e-2,1.64396,2040
1.094400e-2,1.65363,2052
1.094600e-2,1.66168,2062
1.094800e-2,1.66088,2061
1.095000e-2,1.65201,2050
1.095200e-2,1.66491,2066
1.095400e-2,1.65443,2053
1.095600e-2,1.64879,2046
1.095800e-2,1.66007,2060
1.096000e-2,1.65766,2057
1.096200e-2,1.64396,2040
1.096400e-2,1.65201,2050
1.096600e-2,1.66007,2060
1.096800e-2,1.64315,2039
1.097000e-2,1.65282,2051
1.097200e-2,1.66088,2061
1.097400e-2,1.65121,2049
1.097600e-2,1.65121,2049
1.097800e-2,1.66652,2068
1.098000e-2,1.65524,2054
1.098200e-2,1.65685,2056
1.098400e-2,1.66410,2065
1.098600e-2,1.65685,2056
1.098800e-2,1.64718,2044
1.099000e-2,1.65927,2059
1.099200e-2,1.65846,2058
1.099400e-2,1.64315,2039
1.099600e-2,1.65524,2054
1.099800e-2,1.65604,2055
1.100000e-2,1.64799,2045
1.100200e-2,1.65201,2050
1.100400e-2,1.66491,2066
1.100600e-2,1.65363,2052
1.100800e-2,1.65282,2051
1.101000e-2,1.66330,2064
1.101200e-2,1.65846,2058
1.101400e-2,1.65040,2048
1.101600e-2,1.66330,2064
1.101800e-2,1.65927,2059
1.102000e-2,1.64234,2038
1.102200e-2,1.65282,2051
1.102400e-2,1.66007,2060
1.102600e-2,1.64960,2047
1.102800e-2,1.65363,2052
1.103000e-2,1.66894,2071
1.103200e-2,1.65201,2050
1.103400e-2,1.64718,2044
1.103600e-2,1.66168,2062
1.103800e-2,1.65201,2050
1.104000e-2,1.65443,2053
1.104200e-2,1.66088,2061
1.104400e-2,1.65927,2059
1.104600e-2,1.63993,2035
1.104800e-2,1.64799,2045
1.105000e-2,1.65685,2056
1.105200e-2,1.63832,2033
1.105400e-2,1.65524,2054
1.105600e-2,1.65846,2058
1.105800e-2,1.65282,2051
1.106000e-2,1.64637,2043
1.106200e-2,1.66733,2069
1.106400e-2,1.65443,2053
1.106600e-2,1.65121,2049
1.106800e-2,1.66088,2061
1.107000e-2,1.65524,2054
1.107200e-2,1.64315,2039
1.107400e-2,1.65201,2050
1.107600e-2,1.65604,2055
1.107800e-2,1.64637,2043
1.108000e-2,1.65363,2052
1.108200e-2,1.65927,2059
1.108400e-2,1.65040,2048
1.108600e-2,1.65282,2051
1.108800e-2,1.66652,2068
1.109000e-2,1.65604,2055
1.109200e-2,1.64476,2041
1.109400e-2,1.66571,2067
1.109600e-2,1.65685,2056
1.109800e-2,1.64799,2045
1.110000e-2,1.66249,2063
1.110200e-2,1.65766,2057
1.110400e-2,1.64315,2039
1.110600e-2,1.65685,2056
1.110800e-2,1.66571,2067
1.111000e-2,1.64637,2043
1.111200e-2,1.65604,2055
1.111400e-2,1.66088,2061
1.111600e-2,1.65040,2048
1.111800e-2,1.65282,2051
1.112000e-2,1.66652,2068
1.112200e-2,1.65443,2053
1.112400e-2,1.65282,2051
1.112600e-2,1.66330,2064
1.112800e-2,1.65524,2054
1.113000e-2,1.65121,2049
1.113200e-2,1.65685,2056
1.113400e-2,1.66088,2061
1.113600e-2,1.64557,2042
1.113800e-2,1.65363,2052
1.114000e-2,1.65604,2055
1.114200e-2,1.64557,2042
1.114400e-2,1.65282,2051
1.114600e-2,1.66007,2060
1.114800e-2,1.65766,2057
1.115000e-2,1.65282,2051
1.115200e-2,1.65766,2057
1.115400e-2,1.64557,2042
1.115600e-2,1.64799,2045
1.115800e-2,1.66491,2066
1.116000e-2,1.65927,2059
1.116200e-2,1.65201,2050
1.116400e-2,1.66007,2060
1.116600e-2,1.66007,2060
1.116800e-2,1.64557,2042
1.117000e-2,1.65282,2051
1.117200e-2,1.65927,2059
1.117400e-2,1.65040,2048
1.117600e-2,1.65604,2055
1.117800e-2,1.66571,2067
1.118000e-2,1.65604,2055
1.118200e-2,1.65363,2052
1.118400e-2,1.65766,2057
1.118600e-2,1.65685,2056
1.118800e-2,1.64234,2038
1.119000e-2,1.65604,2055
1.119200e-2,1.65363,2052
1.119400e-2,1.64557,2042
1.119600e-2,1.65443,2053
1.119800e-2,1.66088,2061
1.120000e-2,1.65363,2052
1.120200e-2,1.65121,2049
1.120400e-2,1.66974,2072
1.120600e-2,1.64799,2045
1.120800e-2,1.65121,2049
1.121000e-2,1.66088,2061
1.121200e-2,1.65927,2059
1.121400e-2,1.65201,2050
1.121600e-2,1.65604,2055
1.121800e-2,1.66652,2068
1.122000e-2,1.64154,2037
1.122200e-2,1.65524,2054
1.122400e-2,1.65927,2059
1.122600e-2,1.64960,2047
1.122800e-2,1.65201,2050
1.123000e-2,1.66652,2068
1.123200e-2,1.65363,2052
1.123400e-2,1.65040,2048
1.123600e-2,1.65685,2056
1.123800e-2,1.65685,2056
1.124000e-2,1.64396,2040
1.124200e-2,1.65604,2055
1.124400e-2,1.65685,2056
1.124600e-2,1.65363,2052
1.124800e-2,1.65282,2051
1.125000e-2,1.65201,2050
1.125200e-2,1.65282,2051
1.125400e-2,1.65443,2053
1.125600e-2,1.66491,2066
1.125800e-2,1.64476,2041
1.126000e-2,1.65201,2050
1.126200e-2,1.66330,2064
1.126400e-2,1.65685,2056
1.126600e-2,1.65121,2049
1.126800e-2,1.65685,2056
1.127000e-2,1.65443,2053
1.127200e-2,1.64396,2040
1.127400e-2,1.65040,2048
1.127600e-2,1.66088,2061
1.127800e-2,1.64315,2039
1.128000e-2,1.65363,2052
1.128200e-2,1.66410,2065
1.128400e-2,1.65201,2050
1.128600e-2,1.65040,2048
1.128800e-2,1.66410,2065
1.129000e-2,1.65766,2057
1.129200e-2,1.65040,2048
1.129400e-2,1.65604,2055
1.129600e-2,1.65604,2055
1.129800e-2,1.64476,2041
1.130000e-2,1.65524,2054
1.130200e-2,1.65363,2052
1.130400e-2,1.64718,2044
1.130600e-2,1.65040,2048
1.130800e-2,1.66733,2069
1.131000e-2,1.65040,2048
1.131200e-2,1.65201,2050
1.131400e-2,1.66410,2065
1.131600e-2,1.65685,2056
1.131800e-2,1.65363,2052
1.132000e-2,1.65766,2057
1.132200e-2,1.66007,2060
1.132400e-2,1.64234,2038
1.132600e-2,1.65604,2055
1.132800e-2,1.65766,2057
1.133000e-2,1.64960,2047
1.133200e-2,1.65282,2051
1.133400e-2,1.66410,2065
1.133600e-2,1.65685,2056
1.133800e-2,1.64396,2040
1.134000e-2,1.66168,2062
1.134200e-2,1.65846,2058
1.134400e-2,1.64960,2047
1.134600e-2,1.65685,2056
1.134800e-2,1.66168,2062
1.135000e-2,1.64396,2040
1.135200e-2,1.65282,2051
1.135400e-2,1.65766,2057
1.135600e-2,1.64718,2044
1.135800e-2,1.65201,2050
1.136000e-2,1.65443,2053
1.136200e-2,1.65363,2052
1.136400e-2,1.65040,2048
1.136600e-2,1.66571,2067
1.136800e-2,1.65524,2054
1.137000e-2,1.65363,2052
1.137200e-2,1.65443,2053
1.137400e-2,1.66007,2060
1.137600e-2,1.64154,2037
1.137800e-2,1.65363,2052
1.138000e-2,1.65846,2058
1.138200e-2,1.65363,2052
1.138400e-2,1.65766,2057
1.138600e-2,1.66652,2068
1.138800e-2,1.65201,2050
1.139000e-2,1.65040,2048
1.139200e-2,1.65685,2056
1.139400e-2,1.66007,2060
1.139600e-2,1.64718,2044
1.139800e-2,1.65766,2057
1.140000e-2,1.66088,2061
1.140200e-2,1.64073,2036
1.140400e-2,1.65282,2051
1.140600e-2,1.66652,2068
1.140800e-2,1.65524,2054
1.141000e-2,1.64154,2037
1.141200e-2,1.66652,2068
1.141400e-2,1.66007,2060
1.141600e-2,1.63912,2034
1.141800e-2,1.65846,2058
1.142000e-2,1.65846,2058
1.142200e-2,1.64799,2045
1.142400e-2,1.65121,2049
1.142600e-2,1.66571,2067
1.142800e-2,1.65040,2048
1.143000e-2,1.64879,2046
1.143200e-2,1.66330,2064
1.143400e-2,1.65846,2058
1.143600e-2,1.65121,2049
1.143800e-2,1.65846,2058
1.144000e-2,1.66168,2062
1.144200e-2,1.64396,2040
1.144400e-2,1.65524,2054
1.144600e-2,1.65604,2055
1.144800e-2,1.65282,2051
1.145000e-2,1.65201,2050
1.145200e-2,1.66491,2066
1.145400e-2,1.65846,2058
1.145600e-2,1.65040,2048
1.145800e-2,1.66168,2062
1.146000e-2,1.65846,2058
1.146200e-2,1.64476,2041
1.146400e-2,1.65604,2055
1.146600e-2,1.66088,2061
1.146800e-2,1.65040,2048
1.147000e-2,1.64637,2043
1.147200e-2,1.66491,2066
1.147400e-2,1.65040,2048
1.147600e-2,1.65121,2049
1.147800e-2,1.66410,2065
1.148000e-2,1.65766,2057
1.148200e-2,1.65040,2048
1.148400e-2,1.65927,2059
1.148600e-2,1.66491,2066
1.148800e-2,1.65363,2052
1.149000e-2,1.65524,2054
1.149200e-2,1.65685,2056
1.149400e-2,1.64557,2042
1.149600e-2,1.65201,2050
1.149800e-2,1.66813,2070
1.150000e-2,1.65443,2053
1.150200e-2,1.65846,2058
1.150400e-2,1.65604,2055
1.150600e-2,1.66330,2064
1.150800e-2,1.64234,2038
1.151000e-2,1.65927,2059
1.151200e-2,1.66168,2062
1.151400e-2,1.64879,2046
1.151600e-2,1.65443,2053
1.151800e-2,1.65927,2059
1.152000e-2,1.64879,2046
1.152200e-2,1.65121,2049
1.152400e-2,1.66088,2061
1.152600e-2,1.65201,2050
1.152800e-2,1.65040,2048
1.153000e-2,1.66813,2070
1.153200e-2,1.65685,2056
1.153400e-2,1.65363,2052
1.153600e-2,1.66168,2062
1.153800e-2,1.65766,2057
1.154000e-2,1.64476,2041
1.154200e-2,1.65282,2051
1.154400e-2,1.65927,2059
1.154600e-2,1.64557,2042
1.154800e-2,1.65201,2050
1.155000e-2,1.66330,2064
1.155200e-2,1.65443,2053
1.155400e-2,1.65201,2050
1.155600e-2,1.66571,2067
1.155800e-2,1.65766,2057
1.156000e-2,1.65363,2052
1.156200e-2,1.66088,2061
1.156400e-2,1.65685,2056
1.156600e-2,1.64637,2043
1.156800e-2,1.65685,2056
1.157000e-2,1.65685,2056
1.157200e-2,1.65685,2056
1.157400e-2,1.64476,2041
1.157600e-2,1.65846,2058
1.157800e-2,1.65282,2051
1.158000e-2,1.65282,2051
1.158200e-2,1.66652,2068
1.158400e-2,1.65685,2056
1.158600e-2,1.65121,2049
1.158800e-2,1.65524,2054
1.159000e-2,1.65282,2051
1.159200e-2,1.64718,2044
1.159400e-2,1.65604,2055
1.159600e-2,1.65846,2058
1.159800e-2,1.64960,2047
1.160000e-2,1.64718,2044
1.160200e-2,1.65927,2059
1.160400e-2,1.64557,2042
1.160600e-2,1.65443,2053
1.160800e-2,1.66733,2069
1.161000e-2,1.64637,2043
1.161200e-2,1.66007,2060
1.161400e-2,1.66168,2062
1.161600e-2,1.65927,2059
1.161800e-2,1.64637,2043
1.162000e-2,1.66088,2061
1.162200e-2,1.65685,2056
1.162400e-2,1.64234,2038
1.162600e-2,1.65201,2050
1.162800e-2,1.65524,2054
1.163000e-2,1.65201,2050
1.163200e-2,1.65604,2055
1.163400e-2,1.66571,2067
1.163600e-2,1.65121,2049
1.163800e-2,1.66007,2060
1.164000e-2,1.66330,2064
1.164200e-2,1.65685,2056
1.164400e-2,1.65201,2050
1.164600e-2,1.65685,2056
1.164800e-2,1.66088,2061
1.165000e-2,1.64396,2040
1.165200e-2,1.65766,2057
1.165400e-2,1.65685,2056
1.165600e-2,1.64637,2043
1.165800e-2,1.65201,2050
1.166000e-2,1.65846,2058
1.166200e-2,1.65201,2050
1.166400e-2,1.64718,2044
1.166600e-2,1.66733,2069
1.166800e-2,1.65443,2053
1.167000e-2,1.65201,2050
1.167200e-2,1.66571,2067
1.167400e-2,1.65524,2054
1.167600e-2,1.65282,2051
1.167800e-2,1.66007,2060
1.168000e-2,1.66007,2060
1.168200e-2,1.65040,2048
1.168400e-2,1.66007,2060
1.168600e-2,1.65846,2058
1.168800e-2,1.64396,2040
1.169000e-2,1.65524,2054
1.169200e-2,1.65766,2057
1.169400e-2,1.65121,2049
1.169600e-2,1.65363,2052
1.169800e-2,1.66894,2071
1.170000e-2,1.65363,2052
1.170200e-2,1.65524,2054
1.170400e-2,1.66168,2062
1.170600e-2,1.65524,2054
1.170800e-2,1.64557,2042
1.171000e-2,1.65685,2056
1.171200e-2,1.65927,2059
1.171400e-2,1.64476,2041
1.171600e-2,1.65524,2054
1.171800e-2,1.65846,2058
1.172000e-2,1.65121,2049
1.172200e-2,1.65121,2049
1.172400e-2,1.66733,2069
1.172600e-2,1.65766,2057
1.172800e-2,1.65121,2049
1.173000e-2,1.65846,2058
1.173200e-2,1.65685,2056
1.173400e-2,1.64476,2041
1.173600e-2,1.65846,2058
1.173800e-2,1.66330,2064
1.174000e-2,1.64557,2042
1.174200e-2,1.65040,2048
1.174400e-2,1.65685,2056
1.174600e-2,1.64799,2045
1.174800e-2,1.65121,2049
1.175000e-2,1.66249,2063
1.175200e-2,1.65524,2054
1.175400e-2,1.65363,2052
1.175600e-2,1.65363,2052
1.175800e-2,1.65685,2056
1.176000e-2,1.64396,2040
1.176200e-2,1.65766,2057
1.176400e-2,1.65040,2048
1.176600e-2,1.64879,2046
1.176800e-2,1.66330,2064
1.177000e-2,1.65604,2055
1.177200e-2,1.65201,2050
1.177400e-2,1.65282,2051
1.177600e-2,1.66571,2067
1.177800e-2,1.65363,2052
1.178000e-2,1.65363,2052
1.178200e-2,1.66330,2064
1.178400e-2,1.66491,2066
1.178600e-2,1.65201,2050
1.178800e-2,1.66168,2062
1.179000e-2,1.65846,2058
1.179200e-2,1.64234,2038
1.179400e-2,1.65766,2057
1.179600e-2,1.65766,2057
1.179800e-2,1.64960,2047
1.180000e-2,1.65040,2048
1.180200e-2,1.66894,2071
1.180400e-2,1.64960,2047
1.180600e-2,1.65685,2056
1.180800e-2,1.66652,2068
1.181000e-2,1.65363,2052
1.181200e-2,1.64315,2039
1.181400e-2,1.66330,2064
1.181600e-2,1.65121,2049
1.181800e-2,1.64879,2046
1.182000e-2,1.66088,2061
1.182200e-2,1.65927,2059
1.182400e-2,1.64234,2038
1.182600e-2,1.65443,2053
1.182800e-2,1.65766,2057
1.183000e-2,1.64718,2044
1.183200e-2,1.65443,2053
1.183400e-2,1.66168,2062
1.183600e-2,1.65040,2048
1.183800e-2,1.65443,2053
1.184000e-2,1.66733,2069
1.184200e-2,1.65766,2057
1.184400e-2,1.65282,2051
1.184600e-2,1.66330,2064
1.184800e-2,1.65524,2054
1.185000e-2,1.66088,2061
1.185200e-2,1.66007,2060
1.185400e-2,1.65282,2051
1.185600e-2,1.65282,2051
1.185800e-2,1.65766,2057
1.186000e-2,1.64879,2046
1.186200e-2,1.63993,2035
1.186400e-2,1.65201,2050
1.186600e-2,1.65927,2059
1.186800e-2,1.64879,2046
1.187000e-2,1.65282,2051
1.187200e-2,1.66168,2062
1.187400e-2,1.65201,2050
1.187600e-2,1.65040,2048
1.187800e-2,1.66410,2065
1.188000e-2,1.65443,2053
1.188200e-2,1.65040,2048
1.188400e-2,1.67458,2078
1.188600e-2,1.65443,2053
1.188800e-2,1.65524,2054
1.189000e-2,1.66168,2062
1.189200e-2,1.65927,2059
1.189400e-2,1.64396,2040
1.189600e-2,1.65363,2052
1.189800e-2,1.66007,2060
1.190000e-2,1.65121,2049
1.190200e-2,1.65282,2051
1.190400e-2,1.66168,2062
1.190600e-2,1.65201,2050
1.190800e-2,1.65201,2050
1.191000e-2,1.66571,2067
1.191200e-2,1.65685,2056
1.191400e-2,1.65121,2049
1.191600e-2,1.66330,2064
1.191800e-2,1.65685,2056
1.192000e-2,1.65201,2050
1.192200e-2,1.65201,2050
1.192400e-2,1.65685,2056
1.192600e-2,1.64073,2036
1.192800e-2,1.65121,2049
1.193000e-2,1.66571,2067
1.193200e-2,1.64960,2047
1.193400e-2,1.65282,2051
1.193600e-2,1.66571,2067
1.193800e-2,1.65524,2054
1.194000e-2,1.65282,2051
1.194200e-2,1.66491,2066
1.194400e-2,1.65604,2055
1.194600e-2,1.65363,2052
1.194800e-2,1.66330,2064
1.195000e-2,1.65766,2057
1.195200e-2,1.65282,2051
1.195400e-2,1.65846,2058
1.195600e-2,1.65604,2055
1.195800e-2,1.64154,2037
1.196000e-2,1.65443,2053
1.196200e-2,1.65927,2059
1.196400e-2,1.64476,2041
1.196600e-2,1.65121,2049
1.196800e-2,1.65604,2055
1.197000e-2,1.65282,2051
1.197200e-2,1.65363,2052
1.197400e-2,1.66491,2066
1.197600e-2,1.65363,2052
1.197800e-2,1.65040,2048
1.198000e-2,1.66330,2064
1.198200e-2,1.64557,2042
1.198400e-2,1.64960,2047
1.198600e-2,1.65363,2052
1.198800e-2,1.65604,2055
1.199000e-2,1.64557,2042
1.199200e-2,1.65121,2049
1.199400e-2,1.66168,2062
1.199600e-2,1.64799,2045
1.199800e-2,1.65443,2053
