# MCU_ADC_CAPTURE: ADC3 sampling PA4 through the A2-A5 jumper, TIM8-triggered, DMA2
# capture 11 mode pulse rate 500000 Hz, vref 3.3 V ASSUMED, window HANN, tap RAW_DAC
# NOT an oscilloscope measurement
time_s,volts,adc_counts
0.000000e+0,1.66491,2066
2.000000e-6,1.65363,2052
4.000000e-6,1.65201,2050
6.000000e-6,1.66491,2066
8.000000e-6,1.65524,2054
1.000000e-5,1.65201,2050
1.200000e-5,1.66007,2060
1.400000e-5,1.65524,2054
1.600000e-5,1.64879,2046
1.800000e-5,1.65927,2059
2.000000e-5,1.65040,2048
2.200000e-5,1.64396,2040
2.400000e-5,1.65685,2056
2.600000e-5,1.66007,2060
2.800000e-5,1.64396,2040
3.000000e-5,1.65524,2054
3.200000e-5,1.65927,2059
3.400000e-5,1.64799,2045
3.600000e-5,1.65201,2050
3.800000e-5,1.66652,2068
4.000000e-5,1.65524,2054
4.200000e-5,1.65282,2051
4.400000e-5,1.66330,2064
4.600000e-5,1.65040,2048
4.800000e-5,1.64637,2043
5.000000e-5,1.65363,2052
5.200000e-5,1.65846,2058
5.400000e-5,1.64396,2040
5.600000e-5,1.65443,2053
5.800000e-5,1.65846,2058
6.000000e-5,1.64718,2044
6.200000e-5,1.65524,2054
6.400000e-5,1.66330,2064
6.600000e-5,1.65282,2051
6.800000e-5,1.65201,2050
7.000000e-5,1.66491,2066
7.200000e-5,1.65040,2048
7.400000e-5,1.65363,2052
7.600000e-5,1.66007,2060
7.800000e-5,1.65846,2058
8.000000e-5,1.64396,2040
8.200000e-5,1.65685,2056
8.400000e-5,1.65846,2058
8.600000e-5,1.64396,2040
8.800000e-5,1.65524,2054
9.000000e-5,1.65685,2056
9.200000e-5,1.64879,2046
9.400000e-5,1.65201,2050
9.600000e-5,1.66652,2068
9.800000e-5,1.65524,2054
1.000000e-4,1.65201,2050
1.020000e-4,1.66330,2064
1.040000e-4,1.65524,2054
1.060000e-4,1.65201,2050
1.080000e-4,1.65685,2056
1.100000e-4,1.65766,2057
1.120000e-4,1.64879,2046
1.140000e-4,1.65040,2048
1.160000e-4,1.65363,2052
1.180000e-4,1.64557,2042
1.200000e-4,1.64879,2046
1.220000e-4,1.65685,2056
1.240000e-4,1.64637,2043
1.260000e-4,1.65121,2049
1.280000e-4,1.66088,2061
1.300000e-4,1.65201,2050
1.320000e-4,1.65201,2050
1.340000e-4,1.66652,2068
1.360000e-4,1.65363,2052
1.380000e-4,1.65201,2050
1.400000e-4,1.66571,2067
1.420000e-4,1.65524,2054
1.440000e-4,1.65201,2050
1.460000e-4,1.66168,2062
1.480000e-4,1.65685,2056
1.500000e-4,1.64315,2039
1.520000e-4,1.65685,2056
1.540000e-4,1.65846,2058
1.560000e-4,1.64476,2041
1.580000e-4,1.65443,2053
1.600000e-4,1.65604,2055
1.620000e-4,1.64960,2047
1.640000e-4,1.65201,2050
1.660000e-4,1.66733,2069
1.680000e-4,1.65363,2052
1.700000e-4,1.65363,2052
1.720000e-4,1.66168,2062
1.740000e-4,1.65766,2057
1.760000e-4,1.65363,2052
1.780000e-4,1.66007,2060
1.800000e-4,1.66007,2060
1.820000e-4,1.64396,2040
1.840000e-4,1.64879,2046
1.860000e-4,1.65040,2048
1.880000e-4,1.65040,2048
1.900000e-4,1.66007,2060
1.920000e-4,1.66007,2060
1.940000e-4,1.65040,2048
1.960000e-4,1.65121,2049
1.980000e-4,1.66491,2066
2.000000e-4,1.65040,2048
2.020000e-4,1.65201,2050
2.040000e-4,1.66491,2066
2.060000e-4,1.65524,2054
2.080000e-4,1.65201,2050
2.100000e-4,1.66330,2064
2.120000e-4,1.65524,2054
2.140000e-4,1.65040,2048
2.160000e-4,1.65363,2052
2.180000e-4,1.66491,2066
2.200000e-4,1.64315,2039
2.220000e-4,1.65604,2055
2.240000e-4,1.65927,2059
2.260000e-4,1.64557,2042
2.280000e-4,1.65363,2052
2.300000e-4,1.66007,2060
2.320000e-4,1.65201,2050
2.340000e-4,1.65201,2050
2.360000e-4,1.66652,2068
2.380000e-4,1.65363,2052
2.400000e-4,1.65121,2049
2.420000e-4,1.66491,2066
2.440000e-4,1.65604,2055
2.460000e-4,1.65201,2050
2.480000e-4,1.66168,2062
2.500000e-4,1.65766,2057
2.520000e-4,1.64557,2042
2.540000e-4,1.65846,2058
2.560000e-4,1.65846,2058
2.580000e-4,1.64396,2040
2.600000e-4,1.65363,2052
2.620000e-4,1.65846,2058
2.640000e-4,1.64879,2046
2.660000e-4,1.65282,2051
2.680000e-4,1.66168,2062
2.700000e-4,1.65282,2051
2.720000e-4,1.65201,2050
2.740000e-4,1.66491,2066
2.760000e-4,1.65443,2053
2.780000e-4,1.65363,2052
2.800000e-4,1.66007,2060
2.820000e-4,1.65846,2058
2.840000e-4,1.65040,2048
2.860000e-4,1.65040,2048
2.880000e-4,1.66652,2068
2.900000e-4,1.63751,2032
2.920000e-4,1.65443,2053
2.940000e-4,1.65685,2056
2.960000e-4,1.64718,2044
2.980000e-4,1.65201,2050
3.000000e-4,1.66974,2072
3.020000e-4,1.65363,2052
3.040000e-4,1.65121,2049
3.060000e-4,1.66894,2071
3.080000e-4,1.65363,2052
3.100000e-4,1.66330,2064
3.120000e-4,1.66894,2071
3.140000e-4,1.65604,2055
3.160000e-4,1.65040,2048
3.180000e-4,1.66249,2063
3.200000e-4,1.64960,2047
3.220000e-4,1.65040,2048
3.240000e-4,1.65766,2057
3.260000e-4,1.65927,2059
3.280000e-4,1.64718,2044
3.300000e-4,1.65685,2056
3.320000e-4,1.65927,2059
3.340000e-4,1.64960,2047
3.360000e-4,1.65121,2049
3.380000e-4,1.65685,2056
3.400000e-4,1.65201,2050
3.420000e-4,1.65363,2052
3.440000e-4,1.66168,2062
3.460000e-4,1.65121,2049
3.480000e-4,1.64960,2047
3.500000e-4,1.66007,2060
3.520000e-4,1.65927,2059
3.540000e-4,1.65282,2051
3.560000e-4,1.66410,2065
3.580000e-4,1.66330,2064
3.600000e-4,1.65201,2050
3.620000e-4,1.66007,2060
3.640000e-4,1.65443,2053
3.660000e-4,1.64073,2036
3.680000e-4,1.64718,2044
3.700000e-4,1.64879,2046
3.720000e-4,1.63751,2032
3.740000e-4,1.65121,2049
3.760000e-4,1.65927,2059
3.780000e-4,1.65121,2049
3.800000e-4,1.66007,2060
3.820000e-4,1.67780,2082
3.840000e-4,1.66249,2063
3.860000e-4,1.65524,2054
3.880000e-4,1.66733,2069
3.900000e-4,1.65040,2048
3.920000e-4,1.64154,2037
3.940000e-4,1.64799,2045
3.960000e-4,1.64073,2036
3.980000e-4,1.63751,2032
4.000000e-4,1.65443,2053
4.020000e-4,1.66330,2064
4.040000e-4,1.65604,2055
4.060000e-4,1.66813,2070
4.080000e-4,1.68022,2085
4.100000e-4,1.65282,2051
4.120000e-4,1.66007,2060
4.140000e-4,1.65040,2048
4.160000e-4,1.63993,2035
4.180000e-4,1.63912,2034
4.200000e-4,1.64637,2043
4.220000e-4,1.62784,2020
4.240000e-4,1.64315,2039
4.260000e-4,1.66571,2067
4.280000e-4,1.66733,2069
4.300000e-4,1.67055,2073
4.320000e-4,1.68828,2095
4.340000e-4,1.68103,2086
4.360000e-4,1.66652,2068
4.380000e-4,1.65524,2054
4.400000e-4,1.64315,2039
4.420000e-4,1.62139,2012
4.440000e-4,1.62864,2021
4.460000e-4,1.63348,2027
4.480000e-4,1.62784,2020
4.500000e-4,1.65201,2050
4.520000e-4,1.66894,2071
4.540000e-4,1.67297,2076
4.560000e-4,1.68264,2088
4.580000e-4,1.70359,2114
4.600000e-4,1.67619,2080
4.620000e-4,1.66491,2066
4.640000e-4,1.66249,2063
4.660000e-4,1.62945,2022
4.680000e-4,1.61414,2003
4.700000e-4,1.61978,2010
4.720000e-4,1.62381,2015
4.740000e-4,1.63348,2027
4.760000e-4,1.66007,2060
4.780000e-4,1.68667,2093
4.800000e-4,1.68344,2089
4.820000e-4,1.69875,2108
4.840000e-4,1.69714,2106
4.860000e-4,1.67136,2074
4.880000e-4,1.65040,2048
4.900000e-4,1.63348,2027
4.920000e-4,1.60608,1993
4.940000e-4,1.59963,1985
4.960000e-4,1.61817,2008
4.980000e-4,1.62784,2020
5.000000e-4,1.64799,2045
5.020000e-4,1.68989,2097
5.040000e-4,1.70278,2113
5.060000e-4,1.70601,2117
5.080000e-4,1.71165,2124
5.100000e-4,1.69392,2102
5.120000e-4,1.65040,2048
5.140000e-4,1.63187,2025
5.160000e-4,1.60689,1994
5.180000e-4,1.58110,1962
5.200000e-4,1.59238,1976
5.220000e-4,1.62059,2011
5.240000e-4,1.63670,2031
5.260000e-4,1.66491,2066
5.280000e-4,1.71165,2124
5.300000e-4,1.72615,2142
5.320000e-4,1.72212,2137
5.340000e-4,1.71971,2134
5.360000e-4,1.68103,2086
5.380000e-4,1.63832,2033
5.400000e-4,1.60930,1997
5.420000e-4,1.58513,1967
5.440000e-4,1.56659,1944
5.460000e-4,1.59641,1981
5.480000e-4,1.62462,2016
5.500000e-4,1.65121,2049
5.520000e-4,1.70681,2118
5.540000e-4,1.73582,2154
5.560000e-4,1.72696,2143
5.580000e-4,1.72857,2145
5.600000e-4,1.70117,2111
5.620000e-4,1.64234,2038
5.640000e-4,1.61011,1998
5.660000e-4,1.56901,1947
5.680000e-4,1.55773,1933
5.700000e-4,1.57062,1949
5.720000e-4,1.61253,2001
5.740000e-4,1.64234,2038
5.760000e-4,1.69070,2098
5.780000e-4,1.74549,2166
5.800000e-4,1.75919,2183
5.820000e-4,1.75033,2172
5.840000e-4,1.72938,2146
5.860000e-4,1.68183,2087
5.880000e-4,1.61575,2005
5.900000e-4,1.57546,1955
5.920000e-4,1.54967,1923
5.940000e-4,1.53516,1905
5.960000e-4,1.57949,1960
5.980000e-4,1.62784,2020
6.000000e-4,1.67377,2077
6.020000e-4,1.73663,2155
6.040000e-4,1.77289,2200
6.060000e-4,1.76645,2192
6.080000e-4,1.74872,2170
6.100000e-4,1.70842,2120
6.120000e-4,1.62462,2016
6.140000e-4,1.56901,1947
6.160000e-4,1.54484,1917
6.180000e-4,1.51905,1885
6.200000e-4,1.54725,1920
6.220000e-4,1.61172,2000
6.240000e-4,1.66974,2072
6.260000e-4,1.73099,2148
6.280000e-4,1.78982,2221
6.300000e-4,1.78901,2220
6.320000e-4,1.77048,2197
6.340000e-4,1.71648,2130
6.360000e-4,1.65846,2058
6.380000e-4,1.56901,1947
6.400000e-4,1.53194,1901
6.420000e-4,1.50535,1868
6.440000e-4,1.51663,1882
6.460000e-4,1.57626,1956
6.480000e-4,1.65282,2051
6.500000e-4,1.70842,2120
6.520000e-4,1.78821,2219
6.540000e-4,1.80835,2244
6.560000e-4,1.78982,2221
6.580000e-4,1.74711,2168
6.600000e-4,1.67941,2084
6.620000e-4,1.58352,1965
6.640000e-4,1.52227,1889
6.660000e-4,1.49245,1852
6.680000e-4,1.48681,1845
6.700000e-4,1.54000,1911
6.720000e-4,1.62784,2020
6.740000e-4,1.71084,2123
6.760000e-4,1.79385,2226
6.780000e-4,1.84059,2284
6.800000e-4,1.82608,2266
6.820000e-4,1.77612,2204
6.840000e-4,1.70762,2119
6.860000e-4,1.61253,2001
6.880000e-4,1.52469,1892
6.900000e-4,1.48117,1838
6.920000e-4,1.46908,1823
6.940000e-4,1.50857,1872
6.960000e-4,1.59722,1982
6.980000e-4,1.69634,2105
7.000000e-4,1.77370,2201
7.020000e-4,1.84300,2287
7.040000e-4,1.85670,2304
7.060000e-4,1.80190,2236
7.080000e-4,1.73260,2150
7.100000e-4,1.64315,2039
7.120000e-4,1.52147,1888
7.140000e-4,1.46667,1820
7.160000e-4,1.44733,1796
7.180000e-4,1.47553,1831
7.200000e-4,1.55692,1932
7.220000e-4,1.67619,2080
7.240000e-4,1.76645,2192
7.260000e-4,1.84784,2293
7.280000e-4,1.88652,2341
7.300000e-4,1.84784,2293
7.320000e-4,1.76645,2192
7.340000e-4,1.66733,2069
7.360000e-4,1.54484,1917
7.380000e-4,1.45619,1807
7.400000e-4,1.43282,1778
7.420000e-4,1.45297,1803
7.440000e-4,1.52388,1891
7.460000e-4,1.64557,2042
7.480000e-4,1.76000,2184
7.500000e-4,1.84462,2289
7.520000e-4,1.90264,2361
7.540000e-4,1.88330,2337
7.560000e-4,1.78821,2219
7.580000e-4,1.68586,2092
7.600000e-4,1.56176,1938
7.620000e-4,1.46103,1813
7.640000e-4,1.40381,1742
7.660000e-4,1.42718,1771
7.680000e-4,1.48762,1846
7.700000e-4,1.60447,1991
7.720000e-4,1.75355,2176
7.740000e-4,1.84703,2292
7.760000e-4,1.90989,2370
7.780000e-4,1.91634,2378
7.800000e-4,1.83897,2282
7.820000e-4,1.71890,2133
7.840000e-4,1.58190,1963
7.860000e-4,1.46103,1813
7.880000e-4,1.38044,1713
7.900000e-4,1.38286,1716
7.920000e-4,1.45297,1803
7.940000e-4,1.56821,1946
7.960000e-4,1.72374,2139
7.980000e-4,1.85106,2297
8.000000e-4,1.91553,2377
8.020000e-4,1.93568,2402
8.040000e-4,1.87443,2326
8.060000e-4,1.74388,2164
8.080000e-4,1.59238,1976
8.100000e-4,1.46828,1822
8.120000e-4,1.37319,1704
8.140000e-4,1.35546,1682
8.160000e-4,1.43201,1777
8.180000e-4,1.53758,1908
8.200000e-4,1.69634,2105
8.220000e-4,1.84864,2294
8.240000e-4,1.93487,2401
8.260000e-4,1.95905,2431
8.280000e-4,1.91473,2376
8.300000e-4,1.78579,2216
8.320000e-4,1.62381,2015
8.340000e-4,1.47714,1833
8.360000e-4,1.37238,1703
8.380000e-4,1.32484,1644
8.400000e-4,1.38689,1721
8.420000e-4,1.50777,1871
8.440000e-4,1.65524,2054
8.460000e-4,1.81963,2258
8.480000e-4,1.94938,2419
8.500000e-4,1.98000,2457
8.520000e-4,1.93971,2407
8.540000e-4,1.83092,2272
8.560000e-4,1.65363,2052
8.580000e-4,1.48198,1839
8.600000e-4,1.37560,1707
8.620000e-4,1.31033,1626
8.640000e-4,1.34418,1668
8.660000e-4,1.47875,1835
8.680000e-4,1.64073,2036
8.700000e-4,1.79868,2232
8.720000e-4,1.94777,2417
8.740000e-4,2.00901,2493
8.760000e-4,1.96388,2437
8.780000e-4,1.85670,2304
8.800000e-4,1.68586,2092
8.820000e-4,1.49890,1860
8.840000e-4,1.35546,1682
8.860000e-4,1.30952,1625
8.880000e-4,1.32645,1646
8.900000e-4,1.43282,1778
8.920000e-4,1.61978,2010
8.940000e-4,1.79707,2230
8.960000e-4,1.94132,2409
8.980000e-4,2.02916,2518
9.000000e-4,2.01626,2502
9.020000e-4,1.88168,2335
9.040000e-4,1.71487,2128
9.060000e-4,1.52388,1891
9.080000e-4,1.34659,1671
9.100000e-4,1.27971,1588
9.120000e-4,1.29341,1605
9.140000e-4,1.39656,1733
9.160000e-4,1.57626,1956
9.180000e-4,1.78901,2220
9.200000e-4,1.94212,2410
9.220000e-4,2.03560,2526
9.240000e-4,2.04044,2532
9.260000e-4,1.92762,2392
9.280000e-4,1.73824,2157
9.300000e-4,1.54645,1919
9.320000e-4,1.36513,1694
9.340000e-4,1.25311,1555
9.360000e-4,1.26520,1570
9.380000e-4,1.37722,1709
9.400000e-4,1.53919,1910
9.420000e-4,1.76242,2187
9.440000e-4,1.94857,2418
9.460000e-4,2.04689,2540
9.480000e-4,2.05414,2549
9.500000e-4,1.96872,2443
9.520000e-4,1.76242,2187
9.540000e-4,1.55531,1930
9.560000e-4,1.37641,1708
9.580000e-4,1.25070,1552
9.600000e-4,1.24183,1541
9.620000e-4,1.34982,1675
9.640000e-4,1.52388,1891
9.660000e-4,1.74147,2161
9.680000e-4,1.94212,2410
9.700000e-4,2.06864,2567
9.720000e-4,2.06945,2568
9.740000e-4,1.98564,2464
9.760000e-4,1.80352,2238
9.780000e-4,1.56498,1942
9.800000e-4,1.36996,1700
9.820000e-4,1.24264,1542
9.840000e-4,1.20799,1499
9.860000e-4,1.31114,1627
9.880000e-4,1.49810,1859
9.900000e-4,1.71326,2126
9.920000e-4,1.93487,2401
9.940000e-4,2.08557,2588
9.960000e-4,2.09927,2605
9.980000e-4,2.01465,2500
1.000000e-3,1.83092,2272
1.002000e-3,1.58352,1965
1.004000e-3,1.37158,1702
1.006000e-3,1.23458,1532
1.008000e-3,1.20154,1491
1.010000e-3,1.27810,1586
1.012000e-3,1.47956,1836
1.014000e-3,1.71810,2132
1.016000e-3,1.92359,2387
1.018000e-3,2.07912,2580
1.020000e-3,2.12505,2637
1.022000e-3,2.02835,2517
1.024000e-3,1.84220,2286
1.026000e-3,1.60689,1994
1.028000e-3,1.37077,1701
1.030000e-3,1.21766,1511
1.032000e-3,1.19106,1478
1.034000e-3,1.26117,1565
1.036000e-3,1.45941,1811
1.038000e-3,1.71326,2126
1.040000e-3,1.93245,2398
1.042000e-3,2.08879,2592
1.044000e-3,2.14681,2664
1.046000e-3,2.05736,2553
1.048000e-3,1.85026,2296
1.050000e-3,1.62059,2011
1.052000e-3,1.38366,1717
1.054000e-3,1.19751,1486
1.056000e-3,1.16366,1444
1.058000e-3,1.25231,1554
1.060000e-3,1.42879,1773
1.062000e-3,1.68747,2094
1.064000e-3,1.93165,2397
1.066000e-3,2.09846,2604
1.068000e-3,2.15165,2670
1.070000e-3,2.07751,2578
1.072000e-3,1.87685,2329
1.074000e-3,1.62300,2014
1.076000e-3,1.38850,1723
1.078000e-3,1.19670,1485
1.080000e-3,1.14352,1419
1.082000e-3,1.23861,1537
1.084000e-3,1.41832,1760
1.086000e-3,1.67458,2078
1.088000e-3,1.93648,2403
1.090000e-3,2.11216,2621
1.092000e-3,2.16293,2684
1.094000e-3,2.09443,2599
1.096000e-3,1.89700,2354
1.098000e-3,1.62381,2015
1.100000e-3,1.37560,1707
1.102000e-3,1.19509,1483
1.104000e-3,1.12498,1396
1.106000e-3,1.21524,1508
1.108000e-3,1.41429,1755
1.110000e-3,1.66733,2069
1.112000e-3,1.92923,2394
1.114000e-3,2.12908,2642
1.116000e-3,2.17582,2700
1.118000e-3,2.10410,2611
1.120000e-3,1.90989,2370
1.122000e-3,1.64799,2045
1.124000e-3,1.36674,1696
1.126000e-3,1.19187,1479
1.128000e-3,1.12821,1400
1.130000e-3,1.19509,1483
1.132000e-3,1.40220,1740
1.134000e-3,1.67619,2080
1.136000e-3,1.92278,2386
1.138000e-3,2.12586,2638
1.140000e-3,2.19516,2724
1.142000e-3,2.10733,2615
1.144000e-3,1.90989,2370
1.146000e-3,1.64073,2036
1.148000e-3,1.36029,1688
1.150000e-3,1.17092,1453
1.152000e-3,1.12095,1391
1.154000e-3,1.19187,1479
1.156000e-3,1.39897,1736
1.158000e-3,1.68828,2095
1.160000e-3,1.95099,2421
1.162000e-3,2.13150,2645
1.164000e-3,2.21128,2744
1.166000e-3,2.12022,2631
1.168000e-3,1.91231,2373
1.170000e-3,1.63670,2031
1.172000e-3,1.36674,1696
1.174000e-3,1.15722,1436
1.176000e-3,1.10725,1374
1.178000e-3,1.18703,1473
1.180000e-3,1.38447,1718
1.182000e-3,1.67780,2082
1.184000e-3,1.95985,2432
1.186000e-3,2.13956,2655
1.188000e-3,2.20403,2735
1.190000e-3,2.12747,2640
1.192000e-3,1.90425,2363
1.194000e-3,1.62059,2011
1.196000e-3,1.36110,1689
1.198000e-3,1.15158,1429
1.200000e-3,1.09275,1356
1.202000e-3,1.19670,1485
1.204000e-3,1.40623,1745
1.206000e-3,1.68586,2092
1.208000e-3,1.97033,2445
1.210000e-3,2.15487,2674
1.212000e-3,2.20403,2735
1.214000e-3,2.12586,2638
1.216000e-3,1.90103,2359
1.218000e-3,1.60366,1990
1.220000e-3,1.33289,1654
1.222000e-3,1.14755,1424
1.224000e-3,1.09033,1353
1.226000e-3,1.18623,1472
1.228000e-3,1.42879,1773
1.230000e-3,1.70601,2117
1.232000e-3,1.97758,2454
1.234000e-3,2.17905,2704
1.236000e-3,2.22337,2759
1.238000e-3,2.10088,2607
1.240000e-3,1.89216,2348
1.242000e-3,1.60125,1987
1.244000e-3,1.30952,1625
1.246000e-3,1.13143,1404
1.248000e-3,1.09275,1356
1.250000e-3,1.19026,1477
1.252000e-3,1.43040,1775
1.254000e-3,1.73744,2156
1.256000e-3,1.99612,2477
1.258000e-3,2.17582,2700
1.260000e-3,2.23143,2769
1.262000e-3,2.11216,2621
1.264000e-3,1.88007,2333
1.266000e-3,1.57949,1960
1.268000e-3,1.30308,1617
1.270000e-3,1.11531,1384
1.272000e-3,1.08872,1351
1.274000e-3,1.21282,1505
1.276000e-3,1.43927,1786
1.278000e-3,1.74791,2169
1.280000e-3,2.02352,2511
1.282000e-3,2.18872,2716
1.284000e-3,2.21531,2749
1.286000e-3,2.10410,2611
1.288000e-3,1.84703,2292
1.290000e-3,1.54967,1923
1.292000e-3,1.28857,1599
1.294000e-3,1.11370,1382
1.296000e-3,1.08227,1343
1.298000e-3,1.22894,1525
1.300000e-3,1.48359,1841
1.302000e-3,1.76403,2189
1.304000e-3,2.03722,2528
1.306000e-3,2.20242,2733
1.308000e-3,2.20484,2736
1.310000e-3,2.07509,2575
1.312000e-3,1.81963,2258
1.314000e-3,1.51824,1884
1.316000e-3,1.25311,1555
1.318000e-3,1.11853,1388
1.320000e-3,1.09678,1361
1.322000e-3,1.24667,1547
1.324000e-3,1.51502,1880
1.326000e-3,1.80674,2242
1.328000e-3,2.05333,2548
1.330000e-3,2.21370,2747
1.332000e-3,2.20806,2740
1.334000e-3,2.04608,2539
1.336000e-3,1.79143,2223
1.338000e-3,1.48762,1846
1.340000e-3,1.22410,1519
1.342000e-3,1.10564,1372
1.344000e-3,1.10886,1376
1.346000e-3,1.26923,1575
1.348000e-3,1.53758,1908
1.350000e-3,1.84462,2289
1.352000e-3,2.07590,2576
1.354000e-3,2.20967,2742
1.356000e-3,2.19919,2729
1.358000e-3,2.03077,2520
1.360000e-3,1.74711,2168
1.362000e-3,1.45297,1803
1.364000e-3,1.21766,1511
1.366000e-3,1.08711,1349
1.368000e-3,1.13546,1409
1.370000e-3,1.30791,1623
1.372000e-3,1.57304,1952
1.374000e-3,1.87282,2324
1.376000e-3,2.10652,2614
1.378000e-3,2.20403,2735
1.380000e-3,2.17260,2696
1.382000e-3,1.98322,2461
1.384000e-3,1.71084,2123
1.386000e-3,1.42073,1763
1.388000e-3,1.20396,1494
1.390000e-3,1.08872,1351
1.392000e-3,1.14996,1427
1.394000e-3,1.34982,1675
1.396000e-3,1.62462,2016
1.398000e-3,1.90586,2365
1.400000e-3,2.12828,2641
1.402000e-3,2.21370,2747
1.404000e-3,2.14037,2656
1.406000e-3,1.94938,2419
1.408000e-3,1.67297,2076
1.410000e-3,1.37077,1701
1.412000e-3,1.17172,1454
1.414000e-3,1.10081,1366
1.416000e-3,1.16527,1446
1.418000e-3,1.38286,1716
1.420000e-3,1.67216,2075
1.422000e-3,1.93487,2401
1.424000e-3,2.13311,2647
1.426000e-3,2.20806,2740
1.428000e-3,2.11780,2628
1.430000e-3,1.90022,2358
1.432000e-3,1.62864,2021
1.434000e-3,1.34418,1668
1.436000e-3,1.15802,1437
1.438000e-3,1.11370,1382
1.440000e-3,1.21282,1505
1.442000e-3,1.42234,1765
1.444000e-3,1.71729,2131
1.446000e-3,1.98967,2469
1.448000e-3,2.14681,2664
1.450000e-3,2.17905,2704
1.452000e-3,2.09121,2595
1.454000e-3,1.84784,2293
1.456000e-3,1.56498,1942
1.458000e-3,1.32000,1638
1.460000e-3,1.14835,1425
1.462000e-3,1.11934,1389
1.464000e-3,1.26037,1564
1.466000e-3,1.48601,1844
1.468000e-3,1.75597,2179
1.470000e-3,2.01143,2496
1.472000e-3,2.16696,2689
1.474000e-3,2.16857,2691
1.476000e-3,2.04286,2535
1.478000e-3,1.80190,2236
1.480000e-3,1.51421,1879
1.482000e-3,1.27648,1584
1.484000e-3,1.14835,1425
1.486000e-3,1.14593,1422
1.488000e-3,1.29179,1603
1.490000e-3,1.55048,1924
1.492000e-3,1.81722,2255
1.494000e-3,2.03883,2530
1.496000e-3,2.17099,2694
1.498000e-3,2.14681,2664
1.500000e-3,1.98403,2462
1.502000e-3,1.74549,2166
1.504000e-3,1.46828,1822
1.506000e-3,1.23216,1529
1.508000e-3,1.14029,1415
1.510000e-3,1.18300,1468
1.512000e-3,1.34176,1665
1.514000e-3,1.59883,1984
1.516000e-3,1.87282,2324
1.518000e-3,2.06542,2563
1.520000e-3,2.15326,2672
1.522000e-3,2.12183,2633
1.524000e-3,1.93245,2398
1.526000e-3,1.67941,2084
1.528000e-3,1.42557,1769
1.530000e-3,1.23377,1531
1.532000e-3,1.14916,1426
1.534000e-3,1.22894,1525
1.536000e-3,1.40864,1748
1.538000e-3,1.64637,2043
1.540000e-3,1.90828,2368
1.542000e-3,2.09282,2597
1.544000e-3,2.14117,2657
1.546000e-3,2.06623,2564
1.548000e-3,1.88249,2336
1.550000e-3,1.61656,2006
1.552000e-3,1.37319,1704
1.554000e-3,1.21766,1511
1.556000e-3,1.16608,1447
1.558000e-3,1.26520,1570
1.560000e-3,1.47714,1833
1.562000e-3,1.72132,2136
1.564000e-3,1.94454,2413
1.566000e-3,2.10491,2612
1.568000e-3,2.12747,2640
1.570000e-3,2.01304,2498
1.572000e-3,1.80835,2244
1.574000e-3,1.56418,1941
1.576000e-3,1.33289,1654
1.578000e-3,1.20315,1493
1.580000e-3,1.20476,1495
1.582000e-3,1.31436,1631
1.584000e-3,1.52952,1898
1.586000e-3,1.78982,2221
1.588000e-3,1.98564,2464
1.590000e-3,2.09927,2605
1.592000e-3,2.10571,2613
1.594000e-3,1.96308,2436
1.596000e-3,1.74711,2168
1.598000e-3,1.51260,1877
1.600000e-3,1.30791,1623
1.602000e-3,1.20154,1491
1.604000e-3,1.23458,1532
1.606000e-3,1.37802,1710
1.608000e-3,1.59077,1974
1.610000e-3,1.83333,2275
1.612000e-3,2.01868,2505
1.614000e-3,2.08960,2593
1.616000e-3,2.05897,2555
1.618000e-3,1.90828,2368
1.620000e-3,1.68264,2088
1.622000e-3,1.44733,1796
1.624000e-3,1.28696,1597
1.626000e-3,1.21524,1508
1.628000e-3,1.27326,1580
1.630000e-3,1.45055,1800
1.632000e-3,1.66330,2064
1.634000e-3,1.87524,2327
1.636000e-3,2.04286,2535
1.638000e-3,2.08234,2584
1.640000e-3,2.00418,2487
1.642000e-3,1.83897,2282
1.644000e-3,1.62059,2011
1.646000e-3,1.38930,1724
1.648000e-3,1.27084,1577
1.650000e-3,1.24425,1544
1.652000e-3,1.32000,1638
1.654000e-3,1.50857,1872
1.656000e-3,1.72454,2140
1.658000e-3,1.90989,2370
1.660000e-3,2.03399,2524
1.662000e-3,2.06300,2560
1.664000e-3,1.95663,2428
1.666000e-3,1.76645,2192
1.668000e-3,1.56418,1941
1.670000e-3,1.36996,1700
1.672000e-3,1.26520,1570
1.674000e-3,1.27729,1585
1.676000e-3,1.39092,1726
1.678000e-3,1.56176,1938
1.680000e-3,1.78176,2211
1.682000e-3,1.95663,2428
1.684000e-3,2.02755,2516
1.686000e-3,2.01626,2502
1.688000e-3,1.90022,2358
1.690000e-3,1.69392,2102
1.692000e-3,1.49729,1858
1.694000e-3,1.35223,1678
1.696000e-3,1.27165,1578
1.698000e-3,1.31114,1627
1.700000e-3,1.46183,1814
1.702000e-3,1.64476,2041
1.704000e-3,1.83011,2271
1.706000e-3,1.97839,2455
1.708000e-3,2.02432,2512
1.710000e-3,1.96308,2436
1.712000e-3,1.82689,2267
1.714000e-3,1.64396,2040
1.716000e-3,1.44491,1793
1.718000e-3,1.32645,1646
1.720000e-3,1.29985,1613
1.722000e-3,1.35788,1685
1.724000e-3,1.51260,1877
1.726000e-3,1.71245,2125
1.728000e-3,1.86879,2319
1.730000e-3,1.97839,2455
1.732000e-3,2.00740,2491
1.734000e-3,1.90908,2369
1.736000e-3,1.75597,2179
1.738000e-3,1.58674,1969
1.740000e-3,1.41993,1762
1.742000e-3,1.32806,1648
1.744000e-3,1.33209,1653
1.746000e-3,1.43121,1776
1.748000e-3,1.56982,1948
1.750000e-3,1.76161,2186
1.752000e-3,1.90505,2364
1.754000e-3,1.97033,2445
1.756000e-3,1.95582,2427
1.758000e-3,1.85993,2308
1.760000e-3,1.68747,2094
1.762000e-3,1.52469,1892
1.764000e-3,1.40542,1744
1.766000e-3,1.33451,1656
1.768000e-3,1.36835,1698
1.770000e-3,1.50212,1864
1.772000e-3,1.64315,2039
1.774000e-3,1.80190,2236
1.776000e-3,1.93890,2406
1.778000e-3,1.96388,2437
1.780000e-3,1.90908,2369
1.782000e-3,1.80110,2235
1.784000e-3,1.63429,2028
1.786000e-3,1.47231,1827
1.788000e-3,1.38447,1718
1.790000e-3,1.36352,1692
1.792000e-3,1.41267,1753
1.794000e-3,1.54806,1921
1.796000e-3,1.69956,2109
1.798000e-3,1.83495,2277
1.800000e-3,1.92520,2389
1.802000e-3,1.94615,2415
1.804000e-3,1.86073,2309
1.806000e-3,1.72615,2142
1.808000e-3,1.59722,1982
1.810000e-3,1.45619,1807
1.812000e-3,1.38286,1716
1.814000e-3,1.41026,1750
1.816000e-3,1.47070,1825
1.818000e-3,1.60044,1986
1.820000e-3,1.76242,2187
1.822000e-3,1.86960,2320
1.824000e-3,1.91634,2378
1.826000e-3,1.90103,2359
1.828000e-3,1.80755,2243
1.830000e-3,1.66491,2066
1.832000e-3,1.54564,1918
1.834000e-3,1.43846,1785
1.836000e-3,1.38044,1713
1.838000e-3,1.43443,1780
1.840000e-3,1.53758,1908
1.842000e-3,1.65524,2054
1.844000e-3,1.78821,2219
1.846000e-3,1.88088,2334
1.848000e-3,1.89780,2355
1.850000e-3,1.84703,2292
1.852000e-3,1.76403,2189
1.854000e-3,1.61817,2008
1.856000e-3,1.50212,1864
1.858000e-3,1.44007,1787
1.860000e-3,1.42879,1773
1.862000e-3,1.47956,1836
1.864000e-3,1.59641,1981
1.866000e-3,1.71568,2129
1.868000e-3,1.80432,2239
1.870000e-3,1.86879,2319
1.872000e-3,1.87846,2331
1.874000e-3,1.78740,2218
1.876000e-3,1.69875,2108
1.878000e-3,1.58190,1963
1.880000e-3,1.47553,1831
1.882000e-3,1.43927,1786
1.884000e-3,1.46667,1820
1.886000e-3,1.52711,1895
1.888000e-3,1.63993,2035
1.890000e-3,1.75839,2182
1.892000e-3,1.82850,2269
1.894000e-3,1.85590,2303
1.896000e-3,1.83817,2281
1.898000e-3,1.75033,2172
1.900000e-3,1.65363,2052
1.902000e-3,1.54967,1923
1.904000e-3,1.48278,1840
1.906000e-3,1.45055,1800
1.908000e-3,1.50212,1864
1.910000e-3,1.58835,1971
1.912000e-3,1.67619,2080
1.914000e-3,1.76967,2196
1.916000e-3,1.83817,2281
1.918000e-3,1.83253,2274
1.920000e-3,1.77934,2208
1.922000e-3,1.71004,2122
1.924000e-3,1.60286,1989
1.926000e-3,1.52388,1891
1.928000e-3,1.49326,1853
1.930000e-3,1.49487,1855
1.932000e-3,1.54161,1913
1.934000e-3,1.63509,2029
1.936000e-3,1.72293,2138
1.938000e-3,1.78095,2210
1.940000e-3,1.82125,2260
1.942000e-3,1.80513,2240
1.944000e-3,1.72857,2145
1.946000e-3,1.65604,2055
1.948000e-3,1.57788,1958
1.950000e-3,1.51099,1875
1.952000e-3,1.49568,1856
1.954000e-3,1.53516,1905
1.956000e-3,1.59480,1979
1.958000e-3,1.67297,2076
1.960000e-3,1.75355,2176
1.962000e-3,1.79465,2227
1.964000e-3,1.79304,2225
1.966000e-3,1.77048,2197
1.968000e-3,1.70037,2110
1.970000e-3,1.61414,2003
1.972000e-3,1.56095,1937
1.974000e-3,1.52549,1893
1.976000e-3,1.52308,1890
1.978000e-3,1.56579,1943
1.980000e-3,1.62300,2014
1.982000e-3,1.69150,2099
1.984000e-3,1.75355,2176
1.986000e-3,1.79062,2222
1.988000e-3,1.77048,2197
1.990000e-3,1.72132,2136
1.992000e-3,1.67538,2079
1.994000e-3,1.59077,1974
1.996000e-3,1.54564,1918
1.998000e-3,1.53839,1909
2.000000e-3,1.55692,1932
2.002000e-3,1.59077,1974
2.004000e-3,1.66410,2065
2.006000e-3,1.72374,2139
2.008000e-3,1.74952,2171
2.010000e-3,1.76161,2186
2.012000e-3,1.74952,2171
2.014000e-3,1.68828,2095
2.016000e-3,1.62945,2022
2.018000e-3,1.59238,1976
2.020000e-3,1.55451,1929
2.022000e-3,1.55209,1926
2.024000e-3,1.59319,1977
2.026000e-3,1.63590,2030
2.028000e-3,1.68908,2096
2.030000e-3,1.72374,2139
2.032000e-3,1.75355,2176
2.034000e-3,1.73099,2148
2.036000e-3,1.71084,2123
2.038000e-3,1.66088,2061
2.040000e-3,1.60527,1992
2.042000e-3,1.57626,1956
2.044000e-3,1.56901,1947
2.046000e-3,1.57626,1956
2.048000e-3,1.61414,2003
2.050000e-3,1.66571,2067
2.052000e-3,1.69875,2108
2.054000e-3,1.71729,2131
2.056000e-3,1.74469,2165
2.058000e-3,1.71004,2122
2.060000e-3,1.67861,2083
2.062000e-3,1.64396,2040
2.064000e-3,1.60527,1992
2.066000e-3,1.56821,1946
2.068000e-3,1.58755,1970
2.070000e-3,1.60527,1992
2.072000e-3,1.63026,2023
2.074000e-3,1.67941,2084
2.076000e-3,1.71890,2133
2.078000e-3,1.71245,2125
2.080000e-3,1.71648,2130
2.082000e-3,1.69473,2103
2.084000e-3,1.65040,2048
2.086000e-3,1.62462,2016
2.088000e-3,1.60447,1991
2.090000e-3,1.58835,1971
2.092000e-3,1.59883,1984
2.094000e-3,1.64718,2044
2.096000e-3,1.66088,2061
2.098000e-3,1.68505,2091
2.100000e-3,1.71568,2129
2.102000e-3,1.70681,2118
2.104000e-3,1.69231,2100
2.106000e-3,1.67216,2075
2.108000e-3,1.65040,2048
2.110000e-3,1.61092,1999
2.112000e-3,1.60689,1994
2.114000e-3,1.61172,2000
2.116000e-3,1.61253,2001
2.118000e-3,1.64799,2045
2.120000e-3,1.67297,2076
2.122000e-3,1.67700,2081
2.124000e-3,1.69392,2102
2.126000e-3,1.69473,2103
2.128000e-3,1.67136,2074
2.130000e-3,1.65282,2051
2.132000e-3,1.63832,2033
2.134000e-3,1.62139,2012
2.136000e-3,1.61333,2002
2.138000e-3,1.65040,2048
2.140000e-3,1.63751,2032
2.142000e-3,1.65685,2056
2.144000e-3,1.68344,2089
2.146000e-3,1.68667,2093
2.148000e-3,1.68264,2088
2.150000e-3,1.68989,2097
2.152000e-3,1.66571,2067
2.154000e-3,1.64476,2041
2.156000e-3,1.64315,2039
2.158000e-3,1.63267,2026
2.160000e-3,1.61172,2000
2.162000e-3,1.64960,2047
2.164000e-3,1.65040,2048
2.166000e-3,1.65443,2053
2.168000e-3,1.67297,2076
2.170000e-3,1.68667,2093
2.172000e-3,1.66491,2066
2.174000e-3,1.66571,2067
2.176000e-3,1.64718,2044
2.178000e-3,1.63670,2031
2.180000e-3,1.63106,2024
2.182000e-3,1.64476,2041
2.184000e-3,1.63751,2032
2.186000e-3,1.64718,2044
2.188000e-3,1.67055,2073
2.190000e-3,1.66571,2067
2.192000e-3,1.66410,2065
2.194000e-3,1.67941,2084
2.196000e-3,1.66571,2067
2.198000e-3,1.65363,2052
2.200000e-3,1.65282,2051
2.202000e-3,1.65040,2048
2.204000e-3,1.63832,2033
2.206000e-3,1.64476,2041
2.208000e-3,1.65040,2048
2.210000e-3,1.63912,2034
2.212000e-3,1.66330,2064
2.214000e-3,1.66410,2065
2.216000e-3,1.65363,2052
2.218000e-3,1.66007,2060
2.220000e-3,1.66249,2063
2.222000e-3,1.65040,2048
2.224000e-3,1.65040,2048
2.226000e-3,1.65040,2048
2.228000e-3,1.64154,2037
2.230000e-3,1.64637,2043
2.232000e-3,1.65927,2059
2.234000e-3,1.66168,2062
2.236000e-3,1.65604,2055
2.238000e-3,1.67136,2074
2.240000e-3,1.66330,2064
2.242000e-3,1.65363,2052
2.244000e-3,1.66652,2068
2.246000e-3,1.65443,2053
2.248000e-3,1.64960,2047
2.250000e-3,1.65121,2049
2.252000e-3,1.65846,2058
2.254000e-3,1.64073,2036
2.256000e-3,1.65685,2056
2.258000e-3,1.65766,2057
2.260000e-3,1.65121,2049
2.262000e-3,1.65524,2054
2.264000e-3,1.66249,2063
2.266000e-3,1.64396,2040
2.268000e-3,1.65363,2052
2.270000e-3,1.66410,2065
2.272000e-3,1.65282,2051
2.274000e-3,1.65201,2050
2.276000e-3,1.66491,2066
2.278000e-3,1.65766,2057
2.280000e-3,1.65443,2053
2.282000e-3,1.66007,2060
2.284000e-3,1.65846,2058
2.286000e-3,1.64879,2046
2.288000e-3,1.65443,2053
2.290000e-3,1.66088,2061
2.292000e-3,1.64476,2041
2.294000e-3,1.65604,2055
2.296000e-3,1.65846,2058
2.298000e-3,1.64718,2044
2.300000e-3,1.65363,2052
2.302000e-3,1.66813,2070
2.304000e-3,1.64557,2042
2.306000e-3,1.65282,2051
2.308000e-3,1.66571,2067
2.310000e-3,1.65121,2049
2.312000e-3,1.65363,2052
2.314000e-3,1.66007,2060
2.316000e-3,1.65604,2055
2.318000e-3,1.64718,2044
2.320000e-3,1.66330,2064
2.322000e-3,1.65524,2054
2.324000e-3,1.64718,2044
2.326000e-3,1.65363,2052
2.328000e-3,1.65685,2056
2.330000e-3,1.64718,2044
2.332000e-3,1.65443,2053
2.334000e-3,1.65927,2059
2.336000e-3,1.64315,2039
2.338000e-3,1.65282,2051
2.340000e-3,1.66249,2063
2.342000e-3,1.65201,2050
2.344000e-3,1.65363,2052
2.346000e-3,1.66330,2064
2.348000e-3,1.65121,2049
2.350000e-3,1.65040,2048
2.352000e-3,1.66652,2068
2.354000e-3,1.65121,2049
2.356000e-3,1.65121,2049
2.358000e-3,1.65927,2059
2.360000e-3,1.65604,2055
2.362000e-3,1.65201,2050
2.364000e-3,1.65846,2058
2.366000e-3,1.65846,2058
2.368000e-3,1.64073,2036
2.370000e-3,1.65685,2056
2.372000e-3,1.65604,2055
2.374000e-3,1.64879,2046
2.376000e-3,1.65604,2055
2.378000e-3,1.65766,2057
2.380000e-3,1.66088,2061
2.382000e-3,1.65040,2048
2.384000e-3,1.66491,2066
2.386000e-3,1.65121,2049
2.388000e-3,1.65282,2051
2.390000e-3,1.65846,2058
2.392000e-3,1.65685,2056
2.394000e-3,1.64637,2043
2.396000e-3,1.65766,2057
2.398000e-3,1.66330,2064
2.400000e-3,1.64315,2039
2.402000e-3,1.65524,2054
2.404000e-3,1.65040,2048
2.406000e-3,1.64799,2045
2.408000e-3,1.65040,2048
2.410000e-3,1.65766,2057
2.412000e-3,1.64960,2047
2.414000e-3,1.65121,2049
2.416000e-3,1.66733,2069
2.418000e-3,1.65363,2052
2.420000e-3,1.65282,2051
2.422000e-3,1.66974,2072
2.424000e-3,1.65846,2058
2.426000e-3,1.65040,2048
2.428000e-3,1.66249,2063
2.430000e-3,1.65604,2055
2.432000e-3,1.65040,2048
2.434000e-3,1.65363,2052
2.436000e-3,1.65604,2055
2.438000e-3,1.64315,2039
2.440000e-3,1.65282,2051
2.442000e-3,1.65766,2057
2.444000e-3,1.64476,2041
2.446000e-3,1.65201,2050
2.448000e-3,1.67458,2078
2.450000e-3,1.65201,2050
2.452000e-3,1.65363,2052
2.454000e-3,1.66491,2066
2.456000e-3,1.65604,2055
2.458000e-3,1.65040,2048
2.460000e-3,1.66249,2063
2.462000e-3,1.65363,2052
2.464000e-3,1.64960,2047
2.466000e-3,1.65846,2058
2.468000e-3,1.65927,2059
2.470000e-3,1.63993,2035
2.472000e-3,1.65363,2052
2.474000e-3,1.65846,2058
2.476000e-3,1.64476,2041
2.478000e-3,1.65363,2052
2.480000e-3,1.65766,2057
2.482000e-3,1.65121,2049
2.484000e-3,1.64637,2043
2.486000e-3,1.66571,2067
2.488000e-3,1.65846,2058
2.490000e-3,1.65201,2050
2.492000e-3,1.66168,2062
2.494000e-3,1.64718,2044
2.496000e-3,1.65201,2050
2.498000e-3,1.65524,2054
2.500000e-3,1.65846,2058
2.502000e-3,1.64718,2044
2.504000e-3,1.65524,2054
2.506000e-3,1.65766,2057
2.508000e-3,1.64557,2042
2.510000e-3,1.65363,2052
2.512000e-3,1.66007,2060
2.514000e-3,1.65201,2050
2.516000e-3,1.64637,2043
2.518000e-3,1.66813,2070
2.520000e-3,1.66813,2070
2.522000e-3,1.65040,2048
2.524000e-3,1.66571,2067
2.526000e-3,1.65524,2054
2.528000e-3,1.64799,2045
2.530000e-3,1.65443,2053
2.532000e-3,1.66007,2060
2.534000e-3,1.63993,2035
2.536000e-3,1.65443,2053
2.538000e-3,1.66974,2072
2.540000e-3,1.65040,2048
2.542000e-3,1.65443,2053
2.544000e-3,1.66491,2066
2.546000e-3,1.65282,2051
2.548000e-3,1.65040,2048
2.550000e-3,1.66249,2063
2.552000e-3,1.65282,2051
2.554000e-3,1.65363,2052
2.556000e-3,1.66571,2067
2.558000e-3,1.65766,2057
2.560000e-3,1.65121,2049
2.562000e-3,1.65685,2056
2.564000e-3,1.65766,2057
2.566000e-3,1.64154,2037
2.568000e-3,1.65443,2053
2.570000e-3,1.65524,2054
2.572000e-3,1.64637,2043
2.574000e-3,1.65927,2059
2.576000e-3,1.65766,2057
2.578000e-3,1.65121,2049
2.580000e-3,1.65201,2050
2.582000e-3,1.66571,2067
2.584000e-3,1.65121,2049
2.586000e-3,1.64476,2041
2.588000e-3,1.66088,2061
2.590000e-3,1.65766,2057
2.592000e-3,1.65846,2058
2.594000e-3,1.65846,2058
2.596000e-3,1.66007,2060
2.598000e-3,1.64315,2039
2.600000e-3,1.65524,2054
2.602000e-3,1.65685,2056
2.604000e-3,1.64718,2044
2.606000e-3,1.65040,2048
2.608000e-3,1.65927,2059
2.610000e-3,1.66249,2063
2.612000e-3,1.65121,2049
2.614000e-3,1.66894,2071
2.616000e-3,1.65524,2054
2.618000e-3,1.65363,2052
2.620000e-3,1.66088,2061
2.622000e-3,1.65766,2057
2.624000e-3,1.64637,2043
2.626000e-3,1.66007,2060
2.628000e-3,1.67136,2074
2.630000e-3,1.64476,2041
2.632000e-3,1.65604,2055
2.634000e-3,1.65685,2056
2.636000e-3,1.64718,2044
2.638000e-3,1.65040,2048
2.640000e-3,1.66088,2061
2.642000e-3,1.64718,2044
2.644000e-3,1.65121,2049
2.646000e-3,1.67216,2075
2.648000e-3,1.65524,2054
2.650000e-3,1.64799,2045
2.652000e-3,1.66088,2061
2.654000e-3,1.65685,2056
2.656000e-3,1.64557,2042
2.658000e-3,1.66088,2061
2.660000e-3,1.65604,2055
2.662000e-3,1.64476,2041
2.664000e-3,1.66652,2068
2.666000e-3,1.65685,2056
2.668000e-3,1.65121,2049
2.670000e-3,1.65363,2052
2.672000e-3,1.65846,2058
2.674000e-3,1.65040,2048
2.676000e-3,1.65282,2051
2.678000e-3,1.65846,2058
2.680000e-3,1.65121,2049
2.682000e-3,1.65121,2049
2.684000e-3,1.66733,2069
2.686000e-3,1.65524,2054
2.688000e-3,1.65121,2049
2.690000e-3,1.66491,2066
2.692000e-3,1.65363,2052
2.694000e-3,1.65201,2050
2.696000e-3,1.65766,2057
2.698000e-3,1.65846,2058
2.700000e-3,1.64879,2046
2.702000e-3,1.65685,2056
2.704000e-3,1.66088,2061
2.706000e-3,1.64315,2039
2.708000e-3,1.65524,2054
2.710000e-3,1.65685,2056
2.712000e-3,1.64637,2043
2.714000e-3,1.65040,2048
2.716000e-3,1.65927,2059
2.718000e-3,1.66168,2062
2.720000e-3,1.65201,2050
2.722000e-3,1.66249,2063
2.724000e-3,1.64960,2047
2.726000e-3,1.65040,2048
2.728000e-3,1.66088,2061
2.730000e-3,1.64718,2044
2.732000e-3,1.64879,2046
2.734000e-3,1.66733,2069
2.736000e-3,1.66410,2065
2.738000e-3,1.65201,2050
2.740000e-3,1.66571,2067
2.742000e-3,1.65524,2054
2.744000e-3,1.65201,2050
2.746000e-3,1.66007,2060
2.748000e-3,1.65766,2057
2.750000e-3,1.64799,2045
2.752000e-3,1.66088,2061
2.754000e-3,1.66571,2067
2.756000e-3,1.64476,2041
2.758000e-3,1.65282,2051
2.760000e-3,1.65846,2058
2.762000e-3,1.64396,2040
2.764000e-3,1.64476,2041
2.766000e-3,1.65766,2057
2.768000e-3,1.64154,2037
2.770000e-3,1.65363,2052
2.772000e-3,1.65282,2051
2.774000e-3,1.64637,2043
2.776000e-3,1.66330,2064
2.778000e-3,1.65846,2058
2.780000e-3,1.64879,2046
2.782000e-3,1.65040,2048
2.784000e-3,1.66652,2068
2.786000e-3,1.65121,2049
2.788000e-3,1.65121,2049
2.790000e-3,1.65927,2059
2.792000e-3,1.65604,2055
2.794000e-3,1.65282,2051
2.796000e-3,1.66007,2060
2.798000e-3,1.65766,2057
2.800000e-3,1.64557,2042
2.802000e-3,1.65766,2057
2.804000e-3,1.65443,2053
2.806000e-3,1.64396,2040
2.808000e-3,1.66652,2068
2.810000e-3,1.65685,2056
2.812000e-3,1.64960,2047
2.814000e-3,1.65201,2050
2.816000e-3,1.65766,2057
2.818000e-3,1.64718,2044
2.820000e-3,1.65201,2050
2.822000e-3,1.66007,2060
2.824000e-3,1.65201,2050
2.826000e-3,1.66571,2067
2.828000e-3,1.66652,2068
2.830000e-3,1.65524,2054
2.832000e-3,1.65040,2048
2.834000e-3,1.66491,2066
2.836000e-3,1.65201,2050
2.838000e-3,1.65201,2050
2.840000e-3,1.66007,2060
2.842000e-3,1.65846,2058
2.844000e-3,1.65685,2056
2.846000e-3,1.66088,2061
2.848000e-3,1.66088,2061
2.850000e-3,1.64557,2042
2.852000e-3,1.65604,2055
2.854000e-3,1.65685,2056
2.856000e-3,1.64476,2041
2.858000e-3,1.65121,2049
2.860000e-3,1.66088,2061
2.862000e-3,1.64557,2042
2.864000e-3,1.65443,2053
2.866000e-3,1.66088,2061
2.868000e-3,1.65201,2050
2.870000e-3,1.65040,2048
2.872000e-3,1.65766,2057
2.874000e-3,1.65524,2054
2.876000e-3,1.64799,2045
2.878000e-3,1.65766,2057
2.880000e-3,1.65282,2051
2.882000e-3,1.65040,2048
2.884000e-3,1.65443,2053
2.886000e-3,1.65685,2056
2.888000e-3,1.64315,2039
2.890000e-3,1.65363,2052
2.892000e-3,1.66007,2060
2.894000e-3,1.64315,2039
2.896000e-3,1.65443,2053
2.898000e-3,1.65846,2058
2.900000e-3,1.64637,2043
2.902000e-3,1.64879,2046
2.904000e-3,1.66330,2064
2.906000e-3,1.65201,2050
2.908000e-3,1.64396,2040
2.910000e-3,1.66733,2069
2.912000e-3,1.65121,2049
2.914000e-3,1.65121,2049
2.916000e-3,1.66410,2065
2.918000e-3,1.65766,2057
2.920000e-3,1.64799,2045
2.922000e-3,1.65685,2056
2.924000e-3,1.65846,2058
2.926000e-3,1.64073,2036
2.928000e-3,1.65685,2056
2.930000e-3,1.65443,2053
2.932000e-3,1.64718,2044
2.934000e-3,1.65040,2048
2.936000e-3,1.65927,2059
2.938000e-3,1.64718,2044
2.940000e-3,1.65040,2048
2.942000e-3,1.66491,2066
2.944000e-3,1.65282,2051
2.946000e-3,1.65282,2051
2.948000e-3,1.65927,2059
2.950000e-3,1.65685,2056
2.952000e-3,1.66410,2065
2.954000e-3,1.65927,2059
2.956000e-3,1.65846,2058
2.958000e-3,1.64396,2040
2.960000e-3,1.65685,2056
2.962000e-3,1.65685,2056
2.964000e-3,1.64476,2041
2.966000e-3,1.65121,2049
2.968000e-3,1.65766,2057
2.970000e-3,1.64960,2047
2.972000e-3,1.65282,2051
2.974000e-3,1.66652,2068
2.976000e-3,1.65201,2050
2.978000e-3,1.65121,2049
2.980000e-3,1.66330,2064
2.982000e-3,1.65443,2053
2.984000e-3,1.65040,2048
2.986000e-3,1.66491,2066
2.988000e-3,1.66168,2062
2.990000e-3,1.65040,2048
2.992000e-3,1.65927,2059
2.994000e-3,1.65524,2054
2.996000e-3,1.64073,2036
2.998000e-3,1.65604,2055
3.000000e-3,1.65846,2058
3.002000e-3,1.64476,2041
3.004000e-3,1.65846,2058
3.006000e-3,1.65685,2056
3.008000e-3,1.64557,2042
3.010000e-3,1.65363,2052
3.012000e-3,1.66330,2064
3.014000e-3,1.65766,2057
3.016000e-3,1.64476,2041
3.018000e-3,1.66652,2068
3.020000e-3,1.65766,2057
3.022000e-3,1.65282,2051
3.024000e-3,1.66007,2060
3.026000e-3,1.65685,2056
3.028000e-3,1.65040,2048
3.030000e-3,1.65846,2058
3.032000e-3,1.65524,2054
3.034000e-3,1.63751,2032
3.036000e-3,1.65443,2053
3.038000e-3,1.66330,2064
3.040000e-3,1.64315,2039
3.042000e-3,1.65121,2049
3.044000e-3,1.65766,2057
3.046000e-3,1.64960,2047
3.048000e-3,1.65040,2048
3.050000e-3,1.66088,2061
3.052000e-3,1.65282,2051
3.054000e-3,1.65040,2048
3.056000e-3,1.66733,2069
3.058000e-3,1.65524,2054
3.060000e-3,1.65282,2051
3.062000e-3,1.66330,2064
3.064000e-3,1.65766,2057
3.066000e-3,1.64557,2042
3.068000e-3,1.65443,2053
3.070000e-3,1.65363,2052
3.072000e-3,1.63912,2034
3.074000e-3,1.65121,2049
3.076000e-3,1.65766,2057
3.078000e-3,1.64718,2044
3.080000e-3,1.65443,2053
3.082000e-3,1.66249,2063
3.084000e-3,1.65363,2052
3.086000e-3,1.64557,2042
3.088000e-3,1.66652,2068
3.090000e-3,1.65040,2048
3.092000e-3,1.65363,2052
3.094000e-3,1.66088,2061
3.096000e-3,1.65685,2056
3.098000e-3,1.65040,2048
3.100000e-3,1.65927,2059
3.102000e-3,1.65927,2059
3.104000e-3,1.64799,2045
3.106000e-3,1.65040,2048
3.108000e-3,1.65685,2056
3.110000e-3,1.64799,2045
3.112000e-3,1.65040,2048
3.114000e-3,1.66088,2061
3.116000e-3,1.65363,2052
3.118000e-3,1.65282,2051
3.120000e-3,1.67055,2073
3.122000e-3,1.65121,2049
3.124000e-3,1.65040,2048
3.126000e-3,1.66168,2062
3.128000e-3,1.65685,2056
3.130000e-3,1.64879,2046
3.132000e-3,1.65121,2049
3.134000e-3,1.65927,2059
3.136000e-3,1.64154,2037
3.138000e-3,1.65363,2052
3.140000e-3,1.65766,2057
3.142000e-3,1.63993,2035
3.144000e-3,1.65201,2050
3.146000e-3,1.65766,2057
3.148000e-3,1.64718,2044
3.150000e-3,1.64718,2044
3.152000e-3,1.66249,2063
3.154000e-3,1.65040,2048
3.156000e-3,1.65040,2048
3.158000e-3,1.66330,2064
3.160000e-3,1.65604,2055
3.162000e-3,1.65363,2052
3.164000e-3,1.66088,2061
3.166000e-3,1.65685,2056
3.168000e-3,1.63912,2034
3.170000e-3,1.66168,2062
3.172000e-3,1.65766,2057
3.174000e-3,1.64879,2046
3.176000e-3,1.65040,2048
3.178000e-3,1.65927,2059
3.180000e-3,1.65443,2053
3.182000e-3,1.65040,2048
3.184000e-3,1.66571,2067
3.186000e-3,1.64879,2046
3.188000e-3,1.64396,2040
3.190000e-3,1.66168,2062
3.192000e-3,1.65685,2056
3.194000e-3,1.64637,2043
3.196000e-3,1.65927,2059
3.198000e-3,1.65927,2059
3.200000e-3,1.64315,2039
3.202000e-3,1.65201,2050
3.204000e-3,1.65846,2058
3.206000e-3,1.64718,2044
3.208000e-3,1.65121,2049
3.210000e-3,1.66249,2063
3.212000e-3,1.65121,2049
3.214000e-3,1.64960,2047
3.216000e-3,1.66571,2067
3.218000e-3,1.65443,2053
3.220000e-3,1.65524,2054
3.222000e-3,1.66330,2064
3.224000e-3,1.65846,2058
3.226000e-3,1.65443,2053
3.228000e-3,1.66088,2061
3.230000e-3,1.65685,2056
3.232000e-3,1.64396,2040
3.234000e-3,1.65685,2056
3.236000e-3,1.66007,2060
3.238000e-3,1.64476,2041
3.240000e-3,1.64879,2046
3.242000e-3,1.65201,2050
3.244000e-3,1.64879,2046
3.246000e-3,1.65121,2049
3.248000e-3,1.66168,2062
3.250000e-3,1.65282,2051
3.252000e-3,1.64879,2046
3.254000e-3,1.66410,2065
3.256000e-3,1.65524,2054
3.258000e-3,1.64557,2042
3.260000e-3,1.66571,2067
3.262000e-3,1.65363,2052
3.264000e-3,1.65121,2049
3.266000e-3,1.66168,2062
3.268000e-3,1.65685,2056
3.270000e-3,1.64476,2041
3.272000e-3,1.66007,2060
3.274000e-3,1.65685,2056
3.276000e-3,1.64396,2040
3.278000e-3,1.64557,2042
3.280000e-3,1.65685,2056
3.282000e-3,1.64799,2045
3.284000e-3,1.65443,2053
3.286000e-3,1.66249,2063
3.288000e-3,1.65201,2050
3.290000e-3,1.65040,2048
3.292000e-3,1.66652,2068
3.294000e-3,1.65282,2051
3.296000e-3,1.65282,2051
3.298000e-3,1.66491,2066
3.300000e-3,1.65604,2055
3.302000e-3,1.64960,2047
3.304000e-3,1.65927,2059
3.306000e-3,1.65685,2056
3.308000e-3,1.64073,2036
3.310000e-3,1.65685,2056
3.312000e-3,1.65685,2056
3.314000e-3,1.64799,2045
3.316000e-3,1.65121,2049
3.318000e-3,1.66571,2067
3.320000e-3,1.65524,2054
3.322000e-3,1.65040,2048
3.324000e-3,1.66733,2069
3.326000e-3,1.65685,2056
3.328000e-3,1.65363,2052
3.330000e-3,1.66007,2060
3.332000e-3,1.66168,2062
3.334000e-3,1.64557,2042
3.336000e-3,1.65685,2056
3.338000e-3,1.65846,2058
3.340000e-3,1.64234,2038
3.342000e-3,1.65363,2052
3.344000e-3,1.65524,2054
3.346000e-3,1.64799,2045
3.348000e-3,1.65282,2051
3.350000e-3,1.65927,2059
3.352000e-3,1.64879,2046
3.354000e-3,1.65040,2048
3.356000e-3,1.66733,2069
3.358000e-3,1.65685,2056
3.360000e-3,1.66007,2060
3.362000e-3,1.66007,2060
3.364000e-3,1.65766,2057
3.366000e-3,1.65363,2052
3.368000e-3,1.66088,2061
3.370000e-3,1.65766,2057
3.372000e-3,1.64234,2038
3.374000e-3,1.65604,2055
3.376000e-3,1.65524,2054
3.378000e-3,1.64396,2040
3.380000e-3,1.65201,2050
3.382000e-3,1.66088,2061
3.384000e-3,1.64718,2044
3.386000e-3,1.65363,2052
3.388000e-3,1.66571,2067
3.390000e-3,1.65121,2049
3.392000e-3,1.65363,2052
3.394000e-3,1.66168,2062
3.396000e-3,1.65766,2057
3.398000e-3,1.64234,2038
3.400000e-3,1.65604,2055
3.402000e-3,1.65524,2054
3.404000e-3,1.64557,2042
3.406000e-3,1.65363,2052
3.408000e-3,1.65685,2056
3.410000e-3,1.64960,2047
3.412000e-3,1.66007,2060
3.414000e-3,1.66007,2060
3.416000e-3,1.65121,2049
3.418000e-3,1.65766,2057
3.420000e-3,1.66330,2064
3.422000e-3,1.65524,2054
3.424000e-3,1.65443,2053
3.426000e-3,1.66571,2067
3.428000e-3,1.65846,2058
3.430000e-3,1.64799,2045
3.432000e-3,1.66168,2062
3.434000e-3,1.65846,2058
3.436000e-3,1.64154,2037
3.438000e-3,1.65040,2048
3.440000e-3,1.65766,2057
3.442000e-3,1.64557,2042
3.444000e-3,1.65363,2052
3.446000e-3,1.66007,2060
3.448000e-3,1.65040,2048
3.450000e-3,1.64718,2044
3.452000e-3,1.65846,2058
3.454000e-3,1.65282,2051
3.456000e-3,1.65201,2050
3.458000e-3,1.66491,2066
3.460000e-3,1.65766,2057
3.462000e-3,1.65121,2049
3.464000e-3,1.66571,2067
3.466000e-3,1.65201,2050
3.468000e-3,1.64396,2040
3.470000e-3,1.65443,2053
3.472000e-3,1.66007,2060
3.474000e-3,1.64960,2047
3.476000e-3,1.64396,2040
3.478000e-3,1.66330,2064
3.480000e-3,1.65363,2052
3.482000e-3,1.65121,2049
3.484000e-3,1.66249,2063
3.486000e-3,1.66571,2067
3.488000e-3,1.64557,2042
3.490000e-3,1.65282,2051
3.492000e-3,1.66007,2060
3.494000e-3,1.64396,2040
3.496000e-3,1.65443,2053
3.498000e-3,1.65524,2054
3.500000e-3,1.65040,2048
3.502000e-3,1.65524,2054
3.504000e-3,1.66491,2066
3.506000e-3,1.65201,2050
3.508000e-3,1.65766,2057
3.510000e-3,1.66410,2065
3.512000e-3,1.65685,2056
3.514000e-3,1.64637,2043
3.516000e-3,1.65685,2056
3.518000e-3,1.65846,2058
3.520000e-3,1.64637,2043
3.522000e-3,1.65363,2052
3.524000e-3,1.65927,2059
3.526000e-3,1.64396,2040
3.528000e-3,1.65282,2051
3.530000e-3,1.66330,2064
3.532000e-3,1.65685,2056
3.534000e-3,1.66007,2060
3.536000e-3,1.66168,2062
3.538000e-3,1.65766,2057
3.540000e-3,1.64879,2046
3.542000e-3,1.66491,2066
3.544000e-3,1.66007,2060
3.546000e-3,1.64557,2042
3.548000e-3,1.65363,2052
3.550000e-3,1.65927,2059
3.552000e-3,1.64799,2045
3.554000e-3,1.65040,2048
3.556000e-3,1.66733,2069
3.558000e-3,1.65201,2050
3.560000e-3,1.65040,2048
3.562000e-3,1.66491,2066
3.564000e-3,1.65604,2055
3.566000e-3,1.65363,2052
3.568000e-3,1.67055,2073
3.570000e-3,1.65363,2052
3.572000e-3,1.65201,2050
3.574000e-3,1.65766,2057
3.576000e-3,1.65685,2056
3.578000e-3,1.64073,2036
3.580000e-3,1.65282,2051
3.582000e-3,1.65685,2056
3.584000e-3,1.64234,2038
3.586000e-3,1.65524,2054
3.588000e-3,1.66168,2062
3.590000e-3,1.65040,2048
3.592000e-3,1.65201,2050
3.594000e-3,1.66733,2069
3.596000e-3,1.65443,2053
3.598000e-3,1.65524,2054
3.600000e-3,1.66088,2061
3.602000e-3,1.65604,2055
3.604000e-3,1.64799,2045
3.606000e-3,1.65524,2054
3.608000e-3,1.65685,2056
3.610000e-3,1.64476,2041
3.612000e-3,1.65363,2052
3.614000e-3,1.65927,2059
3.616000e-3,1.64718,2044
3.618000e-3,1.65201,2050
3.620000e-3,1.66491,2066
3.622000e-3,1.65201,2050
3.624000e-3,1.65121,2049
3.626000e-3,1.67055,2073
3.628000e-3,1.65201,2050
3.630000e-3,1.64879,2046
3.632000e-3,1.66491,2066
3.634000e-3,1.65685,2056
3.636000e-3,1.64637,2043
3.638000e-3,1.65524,2054
3.640000e-3,1.66007,2060
3.642000e-3,1.64315,2039
3.644000e-3,1.65443,2053
3.646000e-3,1.65766,2057
3.648000e-3,1.64879,2046
3.650000e-3,1.65282,2051
3.652000e-3,1.66410,2065
3.654000e-3,1.65201,2050
3.656000e-3,1.65282,2051
3.658000e-3,1.66491,2066
3.660000e-3,1.65685,2056
3.662000e-3,1.64960,2047
3.664000e-3,1.66088,2061
3.666000e-3,1.65846,2058
3.668000e-3,1.64476,2041
3.670000e-3,1.65524,2054
3.672000e-3,1.66249,2063
3.674000e-3,1.65443,2053
3.676000e-3,1.65040,2048
3.678000e-3,1.65201,2050
3.680000e-3,1.64960,2047
3.682000e-3,1.65121,2049
3.684000e-3,1.66733,2069
3.686000e-3,1.65604,2055
3.688000e-3,1.65121,2049
3.690000e-3,1.65685,2056
3.692000e-3,1.65766,2057
3.694000e-3,1.65040,2048
3.696000e-3,1.65604,2055
3.698000e-3,1.66330,2064
3.700000e-3,1.64637,2043
3.702000e-3,1.64960,2047
3.704000e-3,1.66168,2062
3.706000e-3,1.65040,2048
3.708000e-3,1.65040,2048
3.710000e-3,1.66733,2069
3.712000e-3,1.65524,2054
3.714000e-3,1.65201,2050
3.716000e-3,1.65282,2051
3.718000e-3,1.65766,2057
3.720000e-3,1.64637,2043
3.722000e-3,1.66007,2060
3.724000e-3,1.66007,2060
3.726000e-3,1.64799,2045
3.728000e-3,1.65443,2053
3.730000e-3,1.65685,2056
3.732000e-3,1.65201,2050
3.734000e-3,1.65363,2052
3.736000e-3,1.66168,2062
3.738000e-3,1.65282,2051
3.740000e-3,1.65040,2048
3.742000e-3,1.67216,2075
3.744000e-3,1.65846,2058
3.746000e-3,1.65040,2048
3.748000e-3,1.65846,2058
3.750000e-3,1.65927,2059
3.752000e-3,1.64154,2037
3.754000e-3,1.65363,2052
3.756000e-3,1.66007,2060
3.758000e-3,1.64637,2043
3.760000e-3,1.65040,2048
3.762000e-3,1.65846,2058
3.764000e-3,1.65040,2048
3.766000e-3,1.65201,2050
3.768000e-3,1.66894,2071
3.770000e-3,1.65363,2052
3.772000e-3,1.65201,2050
3.774000e-3,1.66571,2067
3.776000e-3,1.65363,2052
3.778000e-3,1.65040,2048
3.780000e-3,1.66168,2062
3.782000e-3,1.65766,2057
3.784000e-3,1.64960,2047
3.786000e-3,1.65766,2057
3.788000e-3,1.65846,2058
3.790000e-3,1.64154,2037
3.792000e-3,1.65685,2056
3.794000e-3,1.65685,2056
3.796000e-3,1.64476,2041
3.798000e-3,1.64960,2047
3.800000e-3,1.65685,2056
3.802000e-3,1.64799,2045
3.804000e-3,1.65201,2050
3.806000e-3,1.66168,2062
3.808000e-3,1.65121,2049
3.810000e-3,1.65363,2052
3.812000e-3,1.66410,2065
3.814000e-3,1.65443,2053
3.816000e-3,1.65201,2050
3.818000e-3,1.66168,2062
3.820000e-3,1.65927,2059
3.822000e-3,1.65040,2048
3.824000e-3,1.66088,2061
3.826000e-3,1.66088,2061
3.828000e-3,1.64396,2040
3.830000e-3,1.65363,2052
3.832000e-3,1.65443,2053
3.834000e-3,1.64557,2042
3.836000e-3,1.65121,2049
3.838000e-3,1.65524,2054
3.840000e-3,1.64799,2045
3.842000e-3,1.65121,2049
3.844000e-3,1.66733,2069
3.846000e-3,1.65443,2053
3.848000e-3,1.65201,2050
3.850000e-3,1.66410,2065
3.852000e-3,1.65443,2053
3.854000e-3,1.65040,2048
3.856000e-3,1.66088,2061
3.858000e-3,1.65846,2058
3.860000e-3,1.65040,2048
3.862000e-3,1.65524,2054
3.864000e-3,1.65846,2058
3.866000e-3,1.64315,2039
3.868000e-3,1.65604,2055
3.870000e-3,1.65766,2057
3.872000e-3,1.64557,2042
3.874000e-3,1.65685,2056
3.876000e-3,1.65040,2048
3.878000e-3,1.64234,2038
3.880000e-3,1.65363,2052
3.882000e-3,1.65766,2057
3.884000e-3,1.64718,2044
3.886000e-3,1.65927,2059
3.888000e-3,1.65766,2057
3.890000e-3,1.64557,2042
3.892000e-3,1.65363,2052
3.894000e-3,1.65846,2058
3.896000e-3,1.65121,2049
3.898000e-3,1.65040,2048
3.900000e-3,1.66571,2067
3.902000e-3,1.65927,2059
3.904000e-3,1.65201,2050
3.906000e-3,1.67136,2074
3.908000e-3,1.65685,2056
3.910000e-3,1.65443,2053
3.912000e-3,1.65846,2058
3.914000e-3,1.65766,2057
3.916000e-3,1.64476,2041
3.918000e-3,1.65685,2056
3.920000e-3,1.66007,2060
3.922000e-3,1.64234,2038
3.924000e-3,1.65846,2058
3.926000e-3,1.65604,2055
3.928000e-3,1.64637,2043
3.930000e-3,1.65201,2050
3.932000e-3,1.66330,2064
3.934000e-3,1.64718,2044
3.936000e-3,1.65040,2048
3.938000e-3,1.65846,2058
3.940000e-3,1.64637,2043
3.942000e-3,1.64637,2043
3.944000e-3,1.65927,2059
3.946000e-3,1.65201,2050
3.948000e-3,1.65201,2050
3.950000e-3,1.66894,2071
3.952000e-3,1.65121,2049
3.954000e-3,1.65121,2049
3.956000e-3,1.66652,2068
3.958000e-3,1.65766,2057
3.960000e-3,1.65846,2058
3.962000e-3,1.65443,2053
3.964000e-3,1.66088,2061
3.966000e-3,1.64799,2045
3.968000e-3,1.65927,2059
3.970000e-3,1.66007,2060
3.972000e-3,1.64315,2039
3.974000e-3,1.65524,2054
3.976000e-3,1.65040,2048
3.978000e-3,1.64396,2040
3.980000e-3,1.65201,2050
3.982000e-3,1.66007,2060
3.984000e-3,1.64557,2042
3.986000e-3,1.64879,2046
3.988000e-3,1.67055,2073
3.990000e-3,1.65121,2049
3.992000e-3,1.65282,2051
3.994000e-3,1.66249,2063
3.996000e-3,1.64960,2047
3.998000e-3,1.65846,2058
4.000000e-3,1.65766,2057
4.002000e-3,1.65927,2059
4.004000e-3,1.64154,2037
4.006000e-3,1.65685,2056
4.008000e-3,1.66088,2061
4.010000e-3,1.64315,2039
4.012000e-3,1.65524,2054
4.014000e-3,1.66168,2062
4.016000e-3,1.64637,2043
4.018000e-3,1.66007,2060
4.020000e-3,1.66007,2060
4.022000e-3,1.64718,2044
4.024000e-3,1.65443,2053
4.026000e-3,1.66733,2069
4.028000e-3,1.65363,2052
4.030000e-3,1.64960,2047
4.032000e-3,1.66733,2069
4.034000e-3,1.65363,2052
4.036000e-3,1.64799,2045
4.038000e-3,1.66410,2065
4.040000e-3,1.65524,2054
4.042000e-3,1.65121,2049
4.044000e-3,1.65846,2058
4.046000e-3,1.65685,2056
4.048000e-3,1.64234,2038
4.050000e-3,1.65685,2056
4.052000e-3,1.66088,2061
4.054000e-3,1.64718,2044
4.056000e-3,1.65524,2054
4.058000e-3,1.65524,2054
4.060000e-3,1.64073,2036
4.062000e-3,1.65363,2052
4.064000e-3,1.65685,2056
4.066000e-3,1.64879,2046
4.068000e-3,1.64879,2046
4.070000e-3,1.66894,2071
4.072000e-3,1.65604,2055
4.074000e-3,1.65282,2051
4.076000e-3,1.66168,2062
4.078000e-3,1.65685,2056
4.080000e-3,1.65040,2048
4.082000e-3,1.65685,2056
4.084000e-3,1.66007,2060
4.086000e-3,1.64073,2036
4.088000e-3,1.65524,2054
4.090000e-3,1.65604,2055
4.092000e-3,1.64637,2043
4.094000e-3,1.65524,2054
4.096000e-3,1.65685,2056
4.098000e-3,1.65040,2048
4.100000e-3,1.65363,2052
4.102000e-3,1.66168,2062
4.104000e-3,1.65040,2048
4.106000e-3,1.65040,2048
4.108000e-3,1.66088,2061
4.110000e-3,1.65040,2048
4.112000e-3,1.65846,2058
4.114000e-3,1.66491,2066
4.116000e-3,1.65282,2051
4.118000e-3,1.64718,2044
4.120000e-3,1.66652,2068
4.122000e-3,1.65121,2049
4.124000e-3,1.65201,2050
4.126000e-3,1.66410,2065
4.128000e-3,1.65282,2051
4.130000e-3,1.65201,2050
4.132000e-3,1.66410,2065
4.134000e-3,1.65282,2051
4.136000e-3,1.65121,2049
4.138000e-3,1.66249,2063
4.140000e-3,1.65685,2056
4.142000e-3,1.64879,2046
4.144000e-3,1.65524,2054
4.146000e-3,1.65685,2056
4.148000e-3,1.65443,2053
4.150000e-3,1.66168,2062
4.152000e-3,1.65846,2058
4.154000e-3,1.65282,2051
4.156000e-3,1.65927,2059
4.158000e-3,1.65685,2056
4.160000e-3,1.64557,2042
4.162000e-3,1.65766,2057
4.164000e-3,1.65846,2058
4.166000e-3,1.64315,2039
4.168000e-3,1.65846,2058
4.170000e-3,1.65040,2048
4.172000e-3,1.64637,2043
4.174000e-3,1.65443,2053
4.176000e-3,1.65685,2056
4.178000e-3,1.64799,2045
4.180000e-3,1.65121,2049
4.182000e-3,1.65766,2057
4.184000e-3,1.65282,2051
4.186000e-3,1.66007,2060
4.188000e-3,1.66249,2063
4.190000e-3,1.64879,2046
4.192000e-3,1.65201,2050
4.194000e-3,1.66491,2066
4.196000e-3,1.64637,2043
4.198000e-3,1.65040,2048
4.200000e-3,1.66652,2068
4.202000e-3,1.65282,2051
4.204000e-3,1.65040,2048
4.206000e-3,1.66410,2065
4.208000e-3,1.65363,2052
4.210000e-3,1.65201,2050
4.212000e-3,1.67458,2078
4.214000e-3,1.65685,2056
4.216000e-3,1.65201,2050
4.218000e-3,1.66007,2060
4.220000e-3,1.65685,2056
4.222000e-3,1.64799,2045
4.224000e-3,1.66088,2061
4.226000e-3,1.64879,2046
4.228000e-3,1.65201,2050
4.230000e-3,1.65846,2058
4.232000e-3,1.65766,2057
4.234000e-3,1.64557,2042
4.236000e-3,1.65685,2056
4.238000e-3,1.65927,2059
4.240000e-3,1.64396,2040
4.242000e-3,1.65121,2049
4.244000e-3,1.66249,2063
4.246000e-3,1.64557,2042
4.248000e-3,1.65443,2053
4.250000e-3,1.65846,2058
4.252000e-3,1.65040,2048
4.254000e-3,1.65524,2054
4.256000e-3,1.66007,2060
4.258000e-3,1.63912,2034
4.260000e-3,1.65524,2054
4.262000e-3,1.66007,2060
4.264000e-3,1.64718,2044
4.266000e-3,1.64960,2047
4.268000e-3,1.67377,2077
4.270000e-3,1.64476,2041
4.272000e-3,1.65201,2050
4.274000e-3,1.66733,2069
4.276000e-3,1.65524,2054
4.278000e-3,1.65201,2050
4.280000e-3,1.66330,2064
4.282000e-3,1.65443,2053
4.284000e-3,1.65201,2050
4.286000e-3,1.66330,2064
4.288000e-3,1.65685,2056
4.290000e-3,1.65121,2049
4.292000e-3,1.66007,2060
4.294000e-3,1.65766,2057
4.296000e-3,1.64234,2038
4.298000e-3,1.65766,2057
4.300000e-3,1.65846,2058
4.302000e-3,1.64476,2041
4.304000e-3,1.65363,2052
4.306000e-3,1.65604,2055
4.308000e-3,1.64396,2040
4.310000e-3,1.65443,2053
4.312000e-3,1.65363,2052
4.314000e-3,1.64960,2047
4.316000e-3,1.65121,2049
4.318000e-3,1.65685,2056
4.320000e-3,1.65201,2050
4.322000e-3,1.65685,2056
4.324000e-3,1.66571,2067
4.326000e-3,1.64315,2039
4.328000e-3,1.65121,2049
4.330000e-3,1.66410,2065
4.332000e-3,1.65524,2054
4.334000e-3,1.64960,2047
4.336000e-3,1.66007,2060
4.338000e-3,1.65766,2057
4.340000e-3,1.64718,2044
4.342000e-3,1.65846,2058
4.344000e-3,1.65766,2057
4.346000e-3,1.65121,2049
4.348000e-3,1.65524,2054
4.350000e-3,1.66007,2060
4.352000e-3,1.64799,2045
4.354000e-3,1.65443,2053
4.356000e-3,1.65927,2059
4.358000e-3,1.64799,2045
4.360000e-3,1.65524,2054
4.362000e-3,1.66330,2064
4.364000e-3,1.65121,2049
4.366000e-3,1.65524,2054
4.368000e-3,1.66491,2066
4.370000e-3,1.65201,2050
4.372000e-3,1.65363,2052
4.374000e-3,1.66571,2067
4.376000e-3,1.65685,2056
4.378000e-3,1.64799,2045
4.380000e-3,1.65201,2050
4.382000e-3,1.65685,2056
4.384000e-3,1.64718,2044
4.386000e-3,1.65846,2058
4.388000e-3,1.65927,2059
4.390000e-3,1.65040,2048
4.392000e-3,1.64799,2045
4.394000e-3,1.66733,2069
4.396000e-3,1.64637,2043
4.398000e-3,1.65363,2052
4.400000e-3,1.66088,2061
4.402000e-3,1.64799,2045
4.404000e-3,1.65040,2048
4.406000e-3,1.65040,2048
4.408000e-3,1.64879,2046
4.410000e-3,1.65282,2051
4.412000e-3,1.66330,2064
4.414000e-3,1.65040,2048
4.416000e-3,1.65121,2049
4.418000e-3,1.66168,2062
4.420000e-3,1.65121,2049
4.422000e-3,1.64396,2040
4.424000e-3,1.66733,2069
4.426000e-3,1.64315,2039
4.428000e-3,1.65121,2049
4.430000e-3,1.66410,2065
4.432000e-3,1.65766,2057
4.434000e-3,1.65040,2048
4.436000e-3,1.66088,2061
4.438000e-3,1.65766,2057
4.440000e-3,1.65121,2049
4.442000e-3,1.66007,2060
4.444000e-3,1.65363,2052
4.446000e-3,1.64396,2040
4.448000e-3,1.65766,2057
4.450000e-3,1.65846,2058
4.452000e-3,1.64637,2043
4.454000e-3,1.65766,2057
4.456000e-3,1.66168,2062
4.458000e-3,1.64396,2040
4.460000e-3,1.65685,2056
4.462000e-3,1.66007,2060
4.464000e-3,1.64476,2041
4.466000e-3,1.65201,2050
4.468000e-3,1.65604,2055
4.470000e-3,1.65040,2048
4.472000e-3,1.65363,2052
4.474000e-3,1.66168,2062
4.476000e-3,1.65363,2052
4.478000e-3,1.65282,2051
4.480000e-3,1.66410,2065
4.482000e-3,1.64718,2044
4.484000e-3,1.65282,2051
4.486000e-3,1.66813,2070
4.488000e-3,1.65524,2054
4.490000e-3,1.64960,2047
4.492000e-3,1.66007,2060
4.494000e-3,1.65846,2058
4.496000e-3,1.64960,2047
4.498000e-3,1.65685,2056
4.500000e-3,1.65443,2053
4.502000e-3,1.64315,2039
4.504000e-3,1.65443,2053
4.506000e-3,1.65604,2055
4.508000e-3,1.64396,2040
4.510000e-3,1.65282,2051
4.512000e-3,1.66088,2061
4.514000e-3,1.64960,2047
4.516000e-3,1.65201,2050
4.518000e-3,1.66330,2064
4.520000e-3,1.65282,2051
4.522000e-3,1.65282,2051
4.524000e-3,1.66733,2069
4.526000e-3,1.64315,2039
4.528000e-3,1.65040,2048
4.530000e-3,1.66249,2063
4.532000e-3,1.65282,2051
4.534000e-3,1.65040,2048
4.536000e-3,1.66410,2065
4.538000e-3,1.65524,2054
4.540000e-3,1.65040,2048
4.542000e-3,1.66652,2068
4.544000e-3,1.65604,2055
4.546000e-3,1.65121,2049
4.548000e-3,1.66652,2068
4.550000e-3,1.65604,2055
4.552000e-3,1.65685,2056
4.554000e-3,1.66571,2067
4.556000e-3,1.65201,2050
4.558000e-3,1.65685,2056
4.560000e-3,1.66249,2063
4.562000e-3,1.65927,2059
4.564000e-3,1.64154,2037
4.566000e-3,1.65604,2055
4.568000e-3,1.66571,2067
4.570000e-3,1.63590,2030
4.572000e-3,1.65524,2054
4.574000e-3,1.65927,2059
4.576000e-3,1.64396,2040
4.578000e-3,1.65524,2054
4.580000e-3,1.65846,2058
4.582000e-3,1.64557,2042
4.584000e-3,1.65443,2053
4.586000e-3,1.65443,2053
4.588000e-3,1.64879,2046
4.590000e-3,1.64799,2045
4.592000e-3,1.66088,2061
4.594000e-3,1.65121,2049
4.596000e-3,1.65282,2051
4.598000e-3,1.66491,2066
4.600000e-3,1.65443,2053
4.602000e-3,1.64960,2047
4.604000e-3,1.66330,2064
4.606000e-3,1.64718,2044
4.608000e-3,1.65201,2050
4.610000e-3,1.66571,2067
4.612000e-3,1.65766,2057
4.614000e-3,1.65201,2050
4.616000e-3,1.66249,2063
4.618000e-3,1.65363,2052
4.620000e-3,1.64637,2043
4.622000e-3,1.65363,2052
4.624000e-3,1.66007,2060
4.626000e-3,1.64073,2036
4.628000e-3,1.65524,2054
4.630000e-3,1.65685,2056
4.632000e-3,1.64637,2043
4.634000e-3,1.65040,2048
4.636000e-3,1.65443,2053
4.638000e-3,1.65121,2049
4.640000e-3,1.65040,2048
4.642000e-3,1.66571,2067
4.644000e-3,1.65282,2051
4.646000e-3,1.64396,2040
4.648000e-3,1.67619,2080
4.650000e-3,1.65524,2054
4.652000e-3,1.65363,2052
4.654000e-3,1.66652,2068
4.656000e-3,1.65846,2058
4.658000e-3,1.64960,2047
4.660000e-3,1.66491,2066
4.662000e-3,1.65685,2056
4.664000e-3,1.64557,2042
4.666000e-3,1.65040,2048
4.668000e-3,1.65846,2058
4.670000e-3,1.64315,2039
4.672000e-3,1.65524,2054
4.674000e-3,1.65846,2058
4.676000e-3,1.64557,2042
4.678000e-3,1.65282,2051
4.680000e-3,1.65766,2057
4.682000e-3,1.65040,2048
4.684000e-3,1.65363,2052
4.686000e-3,1.66652,2068
4.688000e-3,1.65282,2051
4.690000e-3,1.65927,2059
4.692000e-3,1.66007,2060
4.694000e-3,1.66168,2062
4.696000e-3,1.65363,2052
4.698000e-3,1.66410,2065
4.700000e-3,1.65685,2056
4.702000e-3,1.65282,2051
4.704000e-3,1.66007,2060
4.706000e-3,1.65524,2054
4.708000e-3,1.65604,2055
4.710000e-3,1.65685,2056
4.712000e-3,1.66007,2060
4.714000e-3,1.64476,2041
4.716000e-3,1.64637,2043
4.718000e-3,1.65443,2053
4.720000e-3,1.64637,2043
4.722000e-3,1.65282,2051
4.724000e-3,1.65927,2059
4.726000e-3,1.64960,2047
4.728000e-3,1.65121,2049
4.730000e-3,1.66491,2066
4.732000e-3,1.65443,2053
4.734000e-3,1.65040,2048
4.736000e-3,1.66330,2064
4.738000e-3,1.65766,2057
4.740000e-3,1.65040,2048
4.742000e-3,1.65685,2056
4.744000e-3,1.65846,2058
4.746000e-3,1.64476,2041
4.748000e-3,1.65685,2056
4.750000e-3,1.66007,2060
4.752000e-3,1.65040,2048
4.754000e-3,1.65685,2056
4.756000e-3,1.66571,2067
4.758000e-3,1.65040,2048
4.760000e-3,1.65524,2054
4.762000e-3,1.66652,2068
4.764000e-3,1.65363,2052
4.766000e-3,1.65121,2049
4.768000e-3,1.66330,2064
4.770000e-3,1.65524,2054
4.772000e-3,1.64476,2041
4.774000e-3,1.66007,2060
4.776000e-3,1.65927,2059
4.778000e-3,1.64557,2042
4.780000e-3,1.65443,2053
4.782000e-3,1.65766,2057
4.784000e-3,1.64718,2044
4.786000e-3,1.65443,2053
4.788000e-3,1.65846,2058
4.790000e-3,1.64315,2039
4.792000e-3,1.65282,2051
4.794000e-3,1.66249,2063
4.796000e-3,1.65443,2053
4.798000e-3,1.65040,2048
4.800000e-3,1.66813,2070
4.802000e-3,1.65443,2053
4.804000e-3,1.65040,2048
4.806000e-3,1.66249,2063
4.808000e-3,1.65443,2053
4.810000e-3,1.65282,2051
4.812000e-3,1.65846,2058
4.814000e-3,1.65846,2058
4.816000e-3,1.65121,2049
4.818000e-3,1.65927,2059
4.820000e-3,1.65846,2058
4.822000e-3,1.64637,2043
4.824000e-3,1.65927,2059
4.826000e-3,1.65766,2057
4.828000e-3,1.64396,2040
4.830000e-3,1.65201,2050
4.832000e-3,1.65927,2059
4.834000e-3,1.64476,2041
4.836000e-3,1.65040,2048
4.838000e-3,1.66007,2060
4.840000e-3,1.65040,2048
4.842000e-3,1.64637,2043
4.844000e-3,1.66249,2063
4.846000e-3,1.65201,2050
4.848000e-3,1.65282,2051
4.850000e-3,1.67297,2076
4.852000e-3,1.65766,2057
4.854000e-3,1.65282,2051
4.856000e-3,1.66088,2061
4.858000e-3,1.65685,2056
4.860000e-3,1.64799,2045
4.862000e-3,1.65040,2048
4.864000e-3,1.65121,2049
4.866000e-3,1.64315,2039
4.868000e-3,1.65524,2054
4.870000e-3,1.65040,2048
4.872000e-3,1.64879,2046
4.874000e-3,1.65363,2052
4.876000e-3,1.66168,2062
4.878000e-3,1.65201,2050
4.880000e-3,1.64960,2047
4.882000e-3,1.66491,2066
4.884000e-3,1.65524,2054
4.886000e-3,1.66088,2061
4.888000e-3,1.66491,2066
4.890000e-3,1.65443,2053
4.892000e-3,1.65282,2051
4.894000e-3,1.66330,2064
4.896000e-3,1.65766,2057
4.898000e-3,1.64718,2044
4.900000e-3,1.65766,2057
4.902000e-3,1.65846,2058
4.904000e-3,1.64073,2036
4.906000e-3,1.65201,2050
4.908000e-3,1.65604,2055
4.910000e-3,1.64637,2043
4.912000e-3,1.64557,2042
4.914000e-3,1.66007,2060
4.916000e-3,1.64799,2045
4.918000e-3,1.65040,2048
4.920000e-3,1.66652,2068
4.922000e-3,1.65040,2048
4.924000e-3,1.65282,2051
4.926000e-3,1.67216,2075
4.928000e-3,1.65443,2053
4.930000e-3,1.64960,2047
4.932000e-3,1.66571,2067
4.934000e-3,1.65524,2054
4.936000e-3,1.65040,2048
4.938000e-3,1.66168,2062
4.940000e-3,1.65121,2049
4.942000e-3,1.64799,2045
4.944000e-3,1.65846,2058
4.946000e-3,1.65363,2052
4.948000e-3,1.64557,2042
4.950000e-3,1.65685,2056
4.952000e-3,1.66007,2060
4.954000e-3,1.64557,2042
4.956000e-3,1.65927,2059
4.958000e-3,1.65201,2050
4.960000e-3,1.64557,2042
4.962000e-3,1.65363,2052
4.964000e-3,1.65685,2056
4.966000e-3,1.64396,2040
4.968000e-3,1.64315,2039
4.970000e-3,1.65363,2052
4.972000e-3,1.64879,2046
4.974000e-3,1.65363,2052
4.976000e-3,1.65846,2058
4.978000e-3,1.64960,2047
4.980000e-3,1.64879,2046
4.982000e-3,1.66330,2064
4.984000e-3,1.65040,2048
4.986000e-3,1.65121,2049
4.988000e-3,1.66733,2069
4.990000e-3,1.65685,2056
4.992000e-3,1.64799,2045
4.994000e-3,1.66733,2069
4.996000e-3,1.65282,2051
4.998000e-3,1.65201,2050
5.000000e-3,1.66652,2068
5.002000e-3,1.66007,2060
5.004000e-3,1.65685,2056
5.006000e-3,1.66733,2069
5.008000e-3,1.65201,2050
5.010000e-3,1.64718,2044
5.012000e-3,1.66088,2061
5.014000e-3,1.65766,2057
5.016000e-3,1.65282,2051
5.018000e-3,1.66249,2063
5.020000e-3,1.65766,2057
5.022000e-3,1.64396,2040
5.024000e-3,1.66410,2065
5.026000e-3,1.65846,2058
5.028000e-3,1.64073,2036
5.030000e-3,1.65604,2055
5.032000e-3,1.66007,2060
5.034000e-3,1.64476,2041
5.036000e-3,1.65282,2051
5.038000e-3,1.65846,2058
5.040000e-3,1.64960,2047
5.042000e-3,1.66491,2066
5.044000e-3,1.65846,2058
5.046000e-3,1.64799,2045
5.048000e-3,1.65363,2052
5.050000e-3,1.66330,2064
5.052000e-3,1.65282,2051
5.054000e-3,1.65201,2050
5.056000e-3,1.66491,2066
5.058000e-3,1.66007,2060
5.060000e-3,1.64799,2045
5.062000e-3,1.67136,2074
5.064000e-3,1.65524,2054
5.066000e-3,1.65443,2053
5.068000e-3,1.66007,2060
5.070000e-3,1.65766,2057
5.072000e-3,1.64960,2047
5.074000e-3,1.65766,2057
5.076000e-3,1.65363,2052
5.078000e-3,1.63832,2033
5.080000e-3,1.65604,2055
5.082000e-3,1.65766,2057
5.084000e-3,1.64879,2046
5.086000e-3,1.65524,2054
5.088000e-3,1.66410,2065
5.090000e-3,1.65040,2048
5.092000e-3,1.64879,2046
5.094000e-3,1.66491,2066
5.096000e-3,1.65282,2051
5.098000e-3,1.65040,2048
5.100000e-3,1.66330,2064
5.102000e-3,1.66249,2063
5.104000e-3,1.65201,2050
5.106000e-3,1.65201,2050
5.108000e-3,1.65927,2059
5.110000e-3,1.64557,2042
5.112000e-3,1.65604,2055
5.114000e-3,1.65121,2049
5.116000e-3,1.64799,2045
5.118000e-3,1.65685,2056
5.120000e-3,1.66410,2065
5.122000e-3,1.65282,2051
5.124000e-3,1.65604,2055
5.126000e-3,1.66491,2066
5.128000e-3,1.65363,2052
5.130000e-3,1.65282,2051
5.132000e-3,1.66007,2060
5.134000e-3,1.65766,2057
5.136000e-3,1.64960,2047
5.138000e-3,1.65604,2055
5.140000e-3,1.65766,2057
5.142000e-3,1.63993,2035
5.144000e-3,1.65201,2050
5.146000e-3,1.65524,2054
5.148000e-3,1.64960,2047
5.150000e-3,1.65363,2052
5.152000e-3,1.66249,2063
5.154000e-3,1.65201,2050
5.156000e-3,1.65524,2054
5.158000e-3,1.66733,2069
5.160000e-3,1.65524,2054
5.162000e-3,1.66410,2065
5.164000e-3,1.66410,2065
5.166000e-3,1.65927,2059
5.168000e-3,1.64154,2037
5.170000e-3,1.65846,2058
5.172000e-3,1.65846,2058
5.174000e-3,1.64396,2040
5.176000e-3,1.65040,2048
5.178000e-3,1.65927,2059
5.180000e-3,1.65040,2048
5.182000e-3,1.65201,2050
5.184000e-3,1.66571,2067
5.186000e-3,1.65524,2054
5.188000e-3,1.65282,2051
5.190000e-3,1.65766,2057
5.192000e-3,1.65766,2057
5.194000e-3,1.64476,2041
5.196000e-3,1.65604,2055
5.198000e-3,1.65846,2058
5.200000e-3,1.64718,2044
5.202000e-3,1.65121,2049
5.204000e-3,1.66894,2071
5.206000e-3,1.65604,2055
5.208000e-3,1.65121,2049
5.210000e-3,1.67297,2076
5.212000e-3,1.65927,2059
5.214000e-3,1.64234,2038
5.216000e-3,1.66168,2062
5.218000e-3,1.65685,2056
5.220000e-3,1.64476,2041
5.222000e-3,1.65443,2053
5.224000e-3,1.66249,2063
5.226000e-3,1.65121,2049
5.228000e-3,1.64718,2044
5.230000e-3,1.66652,2068
5.232000e-3,1.65443,2053
5.234000e-3,1.64960,2047
5.236000e-3,1.65604,2055
5.238000e-3,1.65846,2058
5.240000e-3,1.64476,2041
5.242000e-3,1.65443,2053
5.244000e-3,1.65766,2057
5.246000e-3,1.65040,2048
5.248000e-3,1.65363,2052
5.250000e-3,1.66571,2067
5.252000e-3,1.65443,2053
5.254000e-3,1.65201,2050
5.256000e-3,1.66330,2064
5.258000e-3,1.65524,2054
5.260000e-3,1.65040,2048
5.262000e-3,1.66007,2060
5.264000e-3,1.66168,2062
5.266000e-3,1.64476,2041
5.268000e-3,1.65201,2050
5.270000e-3,1.66652,2068
5.272000e-3,1.64718,2044
5.274000e-3,1.65121,2049
5.276000e-3,1.66007,2060
5.278000e-3,1.65201,2050
5.280000e-3,1.65040,2048
5.282000e-3,1.66491,2066
5.284000e-3,1.65846,2058
5.286000e-3,1.65040,2048
5.288000e-3,1.65927,2059
5.290000e-3,1.65201,2050
5.292000e-3,1.64234,2038
5.294000e-3,1.65524,2054
5.296000e-3,1.65846,2058
5.298000e-3,1.65040,2048
5.300000e-3,1.65846,2058
5.302000e-3,1.66571,2067
5.304000e-3,1.66410,2065
5.306000e-3,1.65282,2051
5.308000e-3,1.66410,2065
5.310000e-3,1.65685,2056
5.312000e-3,1.65282,2051
5.314000e-3,1.65524,2054
5.316000e-3,1.65443,2053
5.318000e-3,1.64154,2037
5.320000e-3,1.65604,2055
5.322000e-3,1.66007,2060
5.324000e-3,1.64557,2042
5.326000e-3,1.64718,2044
5.328000e-3,1.65443,2053
5.330000e-3,1.64879,2046
5.332000e-3,1.65040,2048
5.334000e-3,1.66330,2064
5.336000e-3,1.64960,2047
5.338000e-3,1.65121,2049
5.340000e-3,1.66491,2066
5.342000e-3,1.65524,2054
5.344000e-3,1.65040,2048
5.346000e-3,1.66007,2060
5.348000e-3,1.66007,2060
5.350000e-3,1.64557,2042
5.352000e-3,1.65685,2056
5.354000e-3,1.65766,2057
5.356000e-3,1.64476,2041
5.358000e-3,1.65201,2050
5.360000e-3,1.66007,2060
5.362000e-3,1.65201,2050
5.364000e-3,1.65524,2054
5.366000e-3,1.66813,2070
5.368000e-3,1.65121,2049
5.370000e-3,1.64476,2041
5.372000e-3,1.66168,2062
5.374000e-3,1.65604,2055
5.376000e-3,1.64073,2036
5.378000e-3,1.65443,2053
5.380000e-3,1.65685,2056
5.382000e-3,1.64879,2046
5.384000e-3,1.65363,2052
5.386000e-3,1.66330,2064
5.388000e-3,1.65363,2052
5.390000e-3,1.64315,2039
5.392000e-3,1.66410,2065
5.394000e-3,1.65685,2056
5.396000e-3,1.65201,2050
5.398000e-3,1.65766,2057
5.400000e-3,1.65927,2059
5.402000e-3,1.65282,2051
5.404000e-3,1.64879,2046
5.406000e-3,1.65927,2059
5.408000e-3,1.64315,2039
5.410000e-3,1.65443,2053
5.412000e-3,1.66571,2067
5.414000e-3,1.66007,2060
5.416000e-3,1.64879,2046
5.418000e-3,1.66249,2063
5.420000e-3,1.65685,2056
5.422000e-3,1.65201,2050
5.424000e-3,1.66813,2070
5.426000e-3,1.65766,2057
5.428000e-3,1.64154,2037
5.430000e-3,1.65604,2055
5.432000e-3,1.65685,2056
5.434000e-3,1.64718,2044
5.436000e-3,1.65201,2050
5.438000e-3,1.65927,2059
5.440000e-3,1.64960,2047
5.442000e-3,1.65282,2051
5.444000e-3,1.66491,2066
5.446000e-3,1.65363,2052
5.448000e-3,1.65363,2052
5.450000e-3,1.65766,2057
5.452000e-3,1.64879,2046
5.454000e-3,1.63670,2031
5.456000e-3,1.65604,2055
5.458000e-3,1.66007,2060
5.460000e-3,1.64396,2040
5.462000e-3,1.65524,2054
5.464000e-3,1.66007,2060
5.466000e-3,1.65201,2050
5.468000e-3,1.64879,2046
5.470000e-3,1.66974,2072
5.472000e-3,1.65524,2054
5.474000e-3,1.64315,2039
5.476000e-3,1.66249,2063
5.478000e-3,1.65766,2057
5.480000e-3,1.64637,2043
5.482000e-3,1.66088,2061
5.484000e-3,1.65927,2059
5.486000e-3,1.64154,2037
5.488000e-3,1.65766,2057
5.490000e-3,1.65443,2053
5.492000e-3,1.64234,2038
5.494000e-3,1.65443,2053
5.496000e-3,1.66168,2062
5.498000e-3,1.64879,2046
5.500000e-3,1.64718,2044
5.502000e-3,1.66571,2067
5.504000e-3,1.65201,2050
5.506000e-3,1.64879,2046
5.508000e-3,1.66571,2067
5.510000e-3,1.65685,2056
5.512000e-3,1.64960,2047
5.514000e-3,1.66168,2062
5.516000e-3,1.65363,2052
5.518000e-3,1.64960,2047
5.520000e-3,1.65766,2057
5.522000e-3,1.65524,2054
5.524000e-3,1.64396,2040
5.526000e-3,1.65524,2054
5.528000e-3,1.65363,2052
5.530000e-3,1.64718,2044
5.532000e-3,1.65766,2057
5.534000e-3,1.65927,2059
5.536000e-3,1.65524,2054
5.538000e-3,1.65201,2050
5.540000e-3,1.66571,2067
5.542000e-3,1.65604,2055
5.544000e-3,1.65040,2048
5.546000e-3,1.65766,2057
5.548000e-3,1.65685,2056
5.550000e-3,1.64799,2045
5.552000e-3,1.65846,2058
5.554000e-3,1.65524,2054
5.556000e-3,1.64315,2039
5.558000e-3,1.65604,2055
5.560000e-3,1.65766,2057
5.562000e-3,1.64154,2037
5.564000e-3,1.65685,2056
5.566000e-3,1.66168,2062
5.568000e-3,1.64879,2046
5.570000e-3,1.65363,2052
5.572000e-3,1.66571,2067
5.574000e-3,1.65201,2050
5.576000e-3,1.64960,2047
5.578000e-3,1.66491,2066
5.580000e-3,1.65524,2054
5.582000e-3,1.65282,2051
5.584000e-3,1.66410,2065
5.586000e-3,1.65524,2054
5.588000e-3,1.65524,2054
5.590000e-3,1.65927,2059
5.592000e-3,1.65685,2056
5.594000e-3,1.64960,2047
5.596000e-3,1.66168,2062
5.598000e-3,1.65927,2059
5.600000e-3,1.64073,2036
5.602000e-3,1.65524,2054
5.604000e-3,1.65846,2058
5.606000e-3,1.64799,2045
5.608000e-3,1.65363,2052
5.610000e-3,1.66974,2072
5.612000e-3,1.65685,2056
5.614000e-3,1.65040,2048
5.616000e-3,1.66813,2070
5.618000e-3,1.65524,2054
5.620000e-3,1.65121,2049
5.622000e-3,1.66007,2060
5.624000e-3,1.65846,2058
5.626000e-3,1.64154,2037
5.628000e-3,1.65201,2050
5.630000e-3,1.65846,2058
5.632000e-3,1.64718,2044
5.634000e-3,1.65363,2052
5.636000e-3,1.66330,2064
5.638000e-3,1.65040,2048
5.640000e-3,1.64960,2047
5.642000e-3,1.66733,2069
5.644000e-3,1.65524,2054
5.646000e-3,1.65040,2048
5.648000e-3,1.66007,2060
5.650000e-3,1.65685,2056
5.652000e-3,1.64315,2039
5.654000e-3,1.65363,2052
5.656000e-3,1.65766,2057
5.658000e-3,1.65846,2058
5.660000e-3,1.65282,2051
5.662000e-3,1.66168,2062
5.664000e-3,1.65524,2054
5.666000e-3,1.65443,2053
5.668000e-3,1.66410,2065
5.670000e-3,1.65766,2057
5.672000e-3,1.65121,2049
5.674000e-3,1.66007,2060
5.676000e-3,1.65201,2050
5.678000e-3,1.64557,2042
5.680000e-3,1.65524,2054
5.682000e-3,1.65846,2058
5.684000e-3,1.64637,2043
5.686000e-3,1.65363,2052
5.688000e-3,1.65363,2052
5.690000e-3,1.65040,2048
5.692000e-3,1.65040,2048
5.694000e-3,1.66894,2071
5.696000e-3,1.65282,2051
5.698000e-3,1.65040,2048
5.700000e-3,1.67216,2075
5.702000e-3,1.65363,2052
5.704000e-3,1.65927,2059
5.706000e-3,1.66168,2062
5.708000e-3,1.65604,2055
5.710000e-3,1.64557,2042
5.712000e-3,1.65766,2057
5.714000e-3,1.65685,2056
5.716000e-3,1.64396,2040
5.718000e-3,1.66007,2060
5.720000e-3,1.65766,2057
5.722000e-3,1.65040,2048
5.724000e-3,1.65282,2051
5.726000e-3,1.66571,2067
5.728000e-3,1.65201,2050
5.730000e-3,1.65201,2050
5.732000e-3,1.66088,2061
5.734000e-3,1.65766,2057
5.736000e-3,1.64637,2043
5.738000e-3,1.65685,2056
5.740000e-3,1.65766,2057
5.742000e-3,1.64476,2041
5.744000e-3,1.64557,2042
5.746000e-3,1.65604,2055
5.748000e-3,1.64879,2046
5.750000e-3,1.65201,2050
5.752000e-3,1.65927,2059
5.754000e-3,1.65282,2051
5.756000e-3,1.65121,2049
5.758000e-3,1.66813,2070
5.760000e-3,1.65443,2053
5.762000e-3,1.65363,2052
5.764000e-3,1.66894,2071
5.766000e-3,1.65685,2056
5.768000e-3,1.65040,2048
5.770000e-3,1.66249,2063
5.772000e-3,1.66007,2060
5.774000e-3,1.63912,2034
5.776000e-3,1.65524,2054
5.778000e-3,1.65040,2048
5.780000e-3,1.63751,2032
5.782000e-3,1.65363,2052
5.784000e-3,1.65927,2059
5.786000e-3,1.65040,2048
5.788000e-3,1.65201,2050
5.790000e-3,1.66491,2066
5.792000e-3,1.65201,2050
5.794000e-3,1.65201,2050
5.796000e-3,1.66974,2072
5.798000e-3,1.65685,2056
5.800000e-3,1.64879,2046
5.802000e-3,1.65604,2055
5.804000e-3,1.65927,2059
5.806000e-3,1.64315,2039
5.808000e-3,1.65443,2053
5.810000e-3,1.65927,2059
5.812000e-3,1.64960,2047
5.814000e-3,1.65040,2048
5.816000e-3,1.66330,2064
5.818000e-3,1.65363,2052
5.820000e-3,1.65040,2048
5.822000e-3,1.66007,2060
5.824000e-3,1.65604,2055
5.826000e-3,1.65201,2050
5.828000e-3,1.65604,2055
5.830000e-3,1.66007,2060
5.832000e-3,1.65121,2049
5.834000e-3,1.65766,2057
5.836000e-3,1.66168,2062
5.838000e-3,1.64476,2041
5.840000e-3,1.65201,2050
5.842000e-3,1.65927,2059
5.844000e-3,1.64718,2044
5.846000e-3,1.65040,2048
5.848000e-3,1.66652,2068
5.850000e-3,1.64557,2042
5.852000e-3,1.65121,2049
5.854000e-3,1.66571,2067
5.856000e-3,1.65040,2048
5.858000e-3,1.65363,2052
5.860000e-3,1.66088,2061
5.862000e-3,1.66007,2060
5.864000e-3,1.65040,2048
5.866000e-3,1.66007,2060
5.868000e-3,1.65766,2057
5.870000e-3,1.64557,2042
5.872000e-3,1.65363,2052
5.874000e-3,1.65685,2056
5.876000e-3,1.64718,2044
5.878000e-3,1.65121,2049
5.880000e-3,1.66330,2064
5.882000e-3,1.65363,2052
5.884000e-3,1.65121,2049
5.886000e-3,1.66491,2066
5.888000e-3,1.65685,2056
5.890000e-3,1.65040,2048
5.892000e-3,1.65846,2058
5.894000e-3,1.65927,2059
5.896000e-3,1.64396,2040
5.898000e-3,1.65685,2056
5.900000e-3,1.65766,2057
5.902000e-3,1.64315,2039
5.904000e-3,1.65524,2054
5.906000e-3,1.65927,2059
5.908000e-3,1.64799,2045
5.910000e-3,1.64718,2044
5.912000e-3,1.66571,2067
5.914000e-3,1.65040,2048
5.916000e-3,1.65524,2054
5.918000e-3,1.66571,2067
5.920000e-3,1.65443,2053
5.922000e-3,1.65201,2050
5.924000e-3,1.66491,2066
5.926000e-3,1.65443,2053
5.928000e-3,1.65040,2048
5.930000e-3,1.66168,2062
5.932000e-3,1.65685,2056
5.934000e-3,1.65040,2048
5.936000e-3,1.65846,2058
5.938000e-3,1.66330,2064
5.940000e-3,1.64154,2037
5.942000e-3,1.66249,2063
5.944000e-3,1.65685,2056
5.946000e-3,1.64557,2042
5.948000e-3,1.65282,2051
5.950000e-3,1.65846,2058
5.952000e-3,1.65201,2050
5.954000e-3,1.65040,2048
5.956000e-3,1.67458,2078
5.958000e-3,1.65766,2057
5.960000e-3,1.65201,2050
5.962000e-3,1.66813,2070
5.964000e-3,1.65846,2058
5.966000e-3,1.65282,2051
5.968000e-3,1.65604,2055
5.970000e-3,1.66007,2060
5.972000e-3,1.64879,2046
5.974000e-3,1.65524,2054
5.976000e-3,1.65846,2058
5.978000e-3,1.64476,2041
5.980000e-3,1.65363,2052
5.982000e-3,1.65846,2058
5.984000e-3,1.64799,2045
5.986000e-3,1.65604,2055
5.988000e-3,1.66088,2061
5.990000e-3,1.65040,2048
5.992000e-3,1.65121,2049
5.994000e-3,1.66813,2070
5.996000e-3,1.64879,2046
5.998000e-3,1.65201,2050
6.000000e-3,1.66491,2066
6.002000e-3,1.65282,2051
6.004000e-3,1.65363,2052
6.006000e-3,1.66007,2060
6.008000e-3,1.65524,2054
6.010000e-3,1.64879,2046
6.012000e-3,1.65927,2059
6.014000e-3,1.65846,2058
6.016000e-3,1.64315,2039
6.018000e-3,1.65201,2050
6.020000e-3,1.66007,2060
6.022000e-3,1.65121,2049
6.024000e-3,1.65040,2048
6.026000e-3,1.66571,2067
6.028000e-3,1.64960,2047
6.030000e-3,1.65201,2050
6.032000e-3,1.66249,2063
6.034000e-3,1.66007,2060
6.036000e-3,1.65040,2048
6.038000e-3,1.65524,2054
6.040000e-3,1.65766,2057
6.042000e-3,1.64073,2036
6.044000e-3,1.65524,2054
6.046000e-3,1.65685,2056
6.048000e-3,1.64879,2046
6.050000e-3,1.65201,2050
6.052000e-3,1.66249,2063
6.054000e-3,1.65040,2048
6.056000e-3,1.65040,2048
6.058000e-3,1.66491,2066
6.060000e-3,1.65443,2053
6.062000e-3,1.65685,2056
6.064000e-3,1.65604,2055
6.066000e-3,1.65766,2057
6.068000e-3,1.64799,2045
6.070000e-3,1.65201,2050
6.072000e-3,1.66330,2064
6.074000e-3,1.65685,2056
6.076000e-3,1.65201,2050
6.078000e-3,1.66330,2064
6.080000e-3,1.65846,2058
6.082000e-3,1.66007,2060
6.084000e-3,1.65927,2059
6.086000e-3,1.65685,2056
6.088000e-3,1.64396,2040
6.090000e-3,1.66249,2063
6.092000e-3,1.65927,2059
6.094000e-3,1.64718,2044
6.096000e-3,1.65201,2050
6.098000e-3,1.66249,2063
6.100000e-3,1.65040,2048
6.102000e-3,1.65040,2048
6.104000e-3,1.66733,2069
6.106000e-3,1.65685,2056
6.108000e-3,1.65282,2051
6.110000e-3,1.66007,2060
6.112000e-3,1.65766,2057
6.114000e-3,1.64396,2040
6.116000e-3,1.64960,2047
6.118000e-3,1.65604,2055
6.120000e-3,1.64557,2042
6.122000e-3,1.65282,2051
6.124000e-3,1.66168,2062
6.126000e-3,1.64879,2046
6.128000e-3,1.64879,2046
6.130000e-3,1.66491,2066
6.132000e-3,1.65524,2054
6.134000e-3,1.65040,2048
6.136000e-3,1.65685,2056
6.138000e-3,1.65524,2054
6.140000e-3,1.64637,2043
6.142000e-3,1.65282,2051
6.144000e-3,1.66410,2065
6.146000e-3,1.65201,2050
6.148000e-3,1.65040,2048
6.150000e-3,1.66168,2062
6.152000e-3,1.65927,2059
6.154000e-3,1.64879,2046
6.156000e-3,1.65363,2052
6.158000e-3,1.66007,2060
6.160000e-3,1.64396,2040
6.162000e-3,1.65363,2052
6.164000e-3,1.65766,2057
6.166000e-3,1.65040,2048
6.168000e-3,1.64557,2042
6.170000e-3,1.66813,2070
6.172000e-3,1.65524,2054
6.174000e-3,1.65443,2053
6.176000e-3,1.66330,2064
6.178000e-3,1.65363,2052
6.180000e-3,1.66249,2063
6.182000e-3,1.66007,2060
6.184000e-3,1.65604,2055
6.186000e-3,1.64315,2039
6.188000e-3,1.65524,2054
6.190000e-3,1.65766,2057
6.192000e-3,1.64960,2047
6.194000e-3,1.65363,2052
6.196000e-3,1.65604,2055
6.198000e-3,1.64960,2047
6.200000e-3,1.64960,2047
6.202000e-3,1.66652,2068
6.204000e-3,1.65604,2055
6.206000e-3,1.65363,2052
6.208000e-3,1.67055,2073
6.210000e-3,1.65604,2055
6.212000e-3,1.64960,2047
6.214000e-3,1.65846,2058
6.216000e-3,1.66007,2060
6.218000e-3,1.64315,2039
6.220000e-3,1.65524,2054
6.222000e-3,1.65766,2057
6.224000e-3,1.64718,2044
6.226000e-3,1.65040,2048
6.228000e-3,1.66410,2065
6.230000e-3,1.65282,2051
6.232000e-3,1.65282,2051
6.234000e-3,1.66168,2062
6.236000e-3,1.65685,2056
6.238000e-3,1.64234,2038
6.240000e-3,1.65685,2056
6.242000e-3,1.65685,2056
6.244000e-3,1.64315,2039
6.246000e-3,1.65040,2048
6.248000e-3,1.66168,2062
6.250000e-3,1.64960,2047
6.252000e-3,1.65363,2052
6.254000e-3,1.66491,2066
6.256000e-3,1.65121,2049
6.258000e-3,1.65282,2051
6.260000e-3,1.66330,2064
6.262000e-3,1.65201,2050
6.264000e-3,1.65282,2051
6.266000e-3,1.66007,2060
6.268000e-3,1.65927,2059
6.270000e-3,1.64476,2041
6.272000e-3,1.65685,2056
6.274000e-3,1.66330,2064
6.276000e-3,1.64637,2043
6.278000e-3,1.65121,2049
6.280000e-3,1.66168,2062
6.282000e-3,1.64718,2044
6.284000e-3,1.64396,2040
6.286000e-3,1.66733,2069
6.288000e-3,1.65927,2059
6.290000e-3,1.64557,2042
6.292000e-3,1.66491,2066
6.294000e-3,1.65685,2056
6.296000e-3,1.65282,2051
6.298000e-3,1.66330,2064
6.300000e-3,1.65524,2054
6.302000e-3,1.64799,2045
6.304000e-3,1.65846,2058
6.306000e-3,1.66652,2068
6.308000e-3,1.64557,2042
6.310000e-3,1.65443,2053
6.312000e-3,1.65927,2059
6.314000e-3,1.64476,2041
6.316000e-3,1.65121,2049
6.318000e-3,1.65766,2057
6.320000e-3,1.65040,2048
6.322000e-3,1.65282,2051
6.324000e-3,1.66330,2064
6.326000e-3,1.65040,2048
6.328000e-3,1.64960,2047
6.330000e-3,1.66571,2067
6.332000e-3,1.66330,2064
6.334000e-3,1.65282,2051
6.336000e-3,1.66168,2062
6.338000e-3,1.65443,2053
6.340000e-3,1.64637,2043
6.342000e-3,1.65443,2053
6.344000e-3,1.66410,2065
6.346000e-3,1.64234,2038
6.348000e-3,1.65604,2055
6.350000e-3,1.65282,2051
6.352000e-3,1.64718,2044
6.354000e-3,1.65201,2050
6.356000e-3,1.66652,2068
6.358000e-3,1.65121,2049
6.360000e-3,1.65040,2048
6.362000e-3,1.66007,2060
6.364000e-3,1.65282,2051
6.366000e-3,1.65040,2048
6.368000e-3,1.66652,2068
6.370000e-3,1.65524,2054
6.372000e-3,1.65363,2052
6.374000e-3,1.67377,2077
6.376000e-3,1.65846,2058
6.378000e-3,1.65040,2048
6.380000e-3,1.66491,2066
6.382000e-3,1.65524,2054
6.384000e-3,1.64396,2040
6.386000e-3,1.65685,2056
6.388000e-3,1.65685,2056
6.390000e-3,1.63993,2035
6.392000e-3,1.65846,2058
6.394000e-3,1.65846,2058
6.396000e-3,1.64396,2040
6.398000e-3,1.65524,2054
6.400000e-3,1.65685,2056
6.402000e-3,1.64718,2044
6.404000e-3,1.65363,2052
6.406000e-3,1.66330,2064
6.408000e-3,1.65201,2050
6.410000e-3,1.64960,2047
6.412000e-3,1.66652,2068
6.414000e-3,1.65685,2056
6.416000e-3,1.64718,2044
6.418000e-3,1.66249,2063
6.420000e-3,1.65846,2058
6.422000e-3,1.65201,2050
6.424000e-3,1.65766,2057
6.426000e-3,1.65443,2053
6.428000e-3,1.64557,2042
6.430000e-3,1.65766,2057
6.432000e-3,1.66330,2064
6.434000e-3,1.64557,2042
6.436000e-3,1.65524,2054
6.438000e-3,1.65443,2053
6.440000e-3,1.64718,2044
6.442000e-3,1.65604,2055
6.444000e-3,1.66007,2060
6.446000e-3,1.65040,2048
6.448000e-3,1.65040,2048
6.450000e-3,1.66571,2067
6.452000e-3,1.65443,2053
6.454000e-3,1.65040,2048
6.456000e-3,1.66330,2064
6.458000e-3,1.65685,2056
6.460000e-3,1.65363,2052
6.462000e-3,1.66088,2061
6.464000e-3,1.65766,2057
6.466000e-3,1.65363,2052
6.468000e-3,1.65846,2058
6.470000e-3,1.65846,2058
6.472000e-3,1.63832,2033
6.474000e-3,1.65766,2057
6.476000e-3,1.65766,2057
6.478000e-3,1.63832,2033
6.480000e-3,1.65604,2055
6.482000e-3,1.66007,2060
6.484000e-3,1.64879,2046
6.486000e-3,1.64476,2041
6.488000e-3,1.66733,2069
6.490000e-3,1.65282,2051
6.492000e-3,1.65201,2050
6.494000e-3,1.66652,2068
6.496000e-3,1.65363,2052
6.498000e-3,1.65201,2050
6.500000e-3,1.65604,2055
6.502000e-3,1.65363,2052
6.504000e-3,1.65363,2052
6.506000e-3,1.66330,2064
6.508000e-3,1.65604,2055
6.510000e-3,1.65927,2059
6.512000e-3,1.65443,2053
6.514000e-3,1.66733,2069
6.516000e-3,1.64637,2043
6.518000e-3,1.65604,2055
6.520000e-3,1.65927,2059
6.522000e-3,1.64476,2041
6.524000e-3,1.65040,2048
6.526000e-3,1.65443,2053
6.528000e-3,1.64073,2036
6.530000e-3,1.65282,2051
6.532000e-3,1.66330,2064
6.534000e-3,1.65282,2051
6.536000e-3,1.65040,2048
6.538000e-3,1.66410,2065
6.540000e-3,1.65524,2054
6.542000e-3,1.65040,2048
6.544000e-3,1.66571,2067
6.546000e-3,1.65685,2056
6.548000e-3,1.65201,2050
6.550000e-3,1.66168,2062
6.552000e-3,1.65766,2057
6.554000e-3,1.65363,2052
6.556000e-3,1.65766,2057
6.558000e-3,1.65846,2058
6.560000e-3,1.64396,2040
6.562000e-3,1.66249,2063
6.564000e-3,1.65846,2058
6.566000e-3,1.64396,2040
6.568000e-3,1.65604,2055
6.570000e-3,1.66330,2064
6.572000e-3,1.64879,2046
6.574000e-3,1.65604,2055
6.576000e-3,1.65927,2059
6.578000e-3,1.65040,2048
6.580000e-3,1.65766,2057
6.582000e-3,1.66813,2070
6.584000e-3,1.65040,2048
6.586000e-3,1.65363,2052
6.588000e-3,1.66491,2066
6.590000e-3,1.65282,2051
6.592000e-3,1.65282,2051
6.594000e-3,1.67055,2073
6.596000e-3,1.65363,2052
6.598000e-3,1.65201,2050
6.600000e-3,1.66491,2066
6.602000e-3,1.65363,2052
6.604000e-3,1.65121,2049
6.606000e-3,1.66491,2066
6.608000e-3,1.65524,2054
6.610000e-3,1.65121,2049
6.612000e-3,1.66330,2064
6.614000e-3,1.65685,2056
6.616000e-3,1.65443,2053
6.618000e-3,1.66330,2064
6.620000e-3,1.65524,2054
6.622000e-3,1.65282,2051
6.624000e-3,1.66007,2060
6.626000e-3,1.65524,2054
6.628000e-3,1.64879,2046
6.630000e-3,1.65927,2059
6.632000e-3,1.66088,2061
6.634000e-3,1.64073,2036
6.636000e-3,1.65524,2054
6.638000e-3,1.65685,2056
6.640000e-3,1.64557,2042
6.642000e-3,1.65040,2048
6.644000e-3,1.65766,2057
6.646000e-3,1.64718,2044
6.648000e-3,1.65201,2050
6.650000e-3,1.65121,2049
6.652000e-3,1.64879,2046
6.654000e-3,1.64557,2042
6.656000e-3,1.66088,2061
6.658000e-3,1.65363,2052
6.660000e-3,1.65040,2048
6.662000e-3,1.66652,2068
6.664000e-3,1.65201,2050
6.666000e-3,1.65282,2051
6.668000e-3,1.67619,2080
6.670000e-3,1.65443,2053
6.672000e-3,1.65363,2052
6.674000e-3,1.66652,2068
6.676000e-3,1.65685,2056
6.678000e-3,1.65040,2048
6.680000e-3,1.66571,2067
6.682000e-3,1.65604,2055
6.684000e-3,1.65040,2048
6.686000e-3,1.66813,2070
6.688000e-3,1.65363,2052
6.690000e-3,1.65040,2048
6.692000e-3,1.66088,2061
6.694000e-3,1.65846,2058
6.696000e-3,1.64718,2044
6.698000e-3,1.65927,2059
6.700000e-3,1.65927,2059
6.702000e-3,1.64154,2037
6.704000e-3,1.65766,2057
6.706000e-3,1.65846,2058
6.708000e-3,1.64396,2040
6.710000e-3,1.66330,2064
6.712000e-3,1.65363,2052
6.714000e-3,1.65363,2052
6.716000e-3,1.65604,2055
6.718000e-3,1.65766,2057
6.720000e-3,1.65040,2048
6.722000e-3,1.65282,2051
6.724000e-3,1.65846,2058
6.726000e-3,1.64718,2044
6.728000e-3,1.64960,2047
6.730000e-3,1.66652,2068
6.732000e-3,1.65524,2054
6.734000e-3,1.64879,2046
6.736000e-3,1.66491,2066
6.738000e-3,1.65282,2051
6.740000e-3,1.65201,2050
6.742000e-3,1.66088,2061
6.744000e-3,1.65766,2057
6.746000e-3,1.65121,2049
6.748000e-3,1.66249,2063
6.750000e-3,1.65524,2054
6.752000e-3,1.65121,2049
6.754000e-3,1.65685,2056
6.756000e-3,1.65685,2056
6.758000e-3,1.64476,2041
6.760000e-3,1.65443,2053
6.762000e-3,1.65766,2057
6.764000e-3,1.64396,2040
6.766000e-3,1.65524,2054
6.768000e-3,1.65846,2058
6.770000e-3,1.64718,2044
6.772000e-3,1.65524,2054
6.774000e-3,1.66007,2060
6.776000e-3,1.64879,2046
6.778000e-3,1.65040,2048
6.780000e-3,1.66007,2060
6.782000e-3,1.65040,2048
6.784000e-3,1.65040,2048
6.786000e-3,1.66652,2068
6.788000e-3,1.65040,2048
6.790000e-3,1.65040,2048
6.792000e-3,1.66330,2064
6.794000e-3,1.65604,2055
6.796000e-3,1.65040,2048
6.798000e-3,1.66733,2069
6.800000e-3,1.65282,2051
6.802000e-3,1.65040,2048
6.804000e-3,1.66249,2063
6.806000e-3,1.65766,2057
6.808000e-3,1.65685,2056
6.810000e-3,1.65040,2048
6.812000e-3,1.66088,2061
6.814000e-3,1.64476,2041
6.816000e-3,1.65766,2057
6.818000e-3,1.65766,2057
6.820000e-3,1.64557,2042
6.822000e-3,1.65524,2054
6.824000e-3,1.65201,2050
6.826000e-3,1.64234,2038
6.828000e-3,1.65121,2049
6.830000e-3,1.65766,2057
6.832000e-3,1.64960,2047
6.834000e-3,1.66491,2066
6.836000e-3,1.65927,2059
6.838000e-3,1.64799,2045
6.840000e-3,1.65201,2050
6.842000e-3,1.66410,2065
6.844000e-3,1.65282,2051
6.846000e-3,1.64879,2046
6.848000e-3,1.66491,2066
6.850000e-3,1.65927,2059
6.852000e-3,1.65201,2050
6.854000e-3,1.66974,2072
6.856000e-3,1.65524,2054
6.858000e-3,1.65201,2050
6.860000e-3,1.65766,2057
6.862000e-3,1.65121,2049
6.864000e-3,1.64154,2037
6.866000e-3,1.65766,2057
6.868000e-3,1.66088,2061
6.870000e-3,1.64476,2041
6.872000e-3,1.65524,2054
6.874000e-3,1.66813,2070
6.876000e-3,1.65121,2049
6.878000e-3,1.65040,2048
6.880000e-3,1.66974,2072
6.882000e-3,1.66088,2061
6.884000e-3,1.64557,2042
6.886000e-3,1.66410,2065
6.888000e-3,1.65363,2052
6.890000e-3,1.65766,2057
6.892000e-3,1.66571,2067
6.894000e-3,1.65685,2056
6.896000e-3,1.65201,2050
6.898000e-3,1.66168,2062
6.900000e-3,1.65685,2056
6.902000e-3,1.64315,2039
6.904000e-3,1.65766,2057
6.906000e-3,1.65685,2056
6.908000e-3,1.64396,2040
6.910000e-3,1.65443,2053
6.912000e-3,1.65846,2058
6.914000e-3,1.64879,2046
6.916000e-3,1.65443,2053
6.918000e-3,1.66088,2061
6.920000e-3,1.65363,2052
6.922000e-3,1.65121,2049
6.924000e-3,1.66168,2062
6.926000e-3,1.65282,2051
6.928000e-3,1.65121,2049
6.930000e-3,1.65846,2058
6.932000e-3,1.66974,2072
6.934000e-3,1.64557,2042
6.936000e-3,1.65443,2053
6.938000e-3,1.65524,2054
6.940000e-3,1.64799,2045
6.942000e-3,1.65040,2048
6.944000e-3,1.66249,2063
6.946000e-3,1.65766,2057
6.948000e-3,1.65121,2049
6.950000e-3,1.66410,2065
6.952000e-3,1.65604,2055
6.954000e-3,1.65040,2048
6.956000e-3,1.65927,2059
6.958000e-3,1.65846,2058
6.960000e-3,1.64234,2038
6.962000e-3,1.65685,2056
6.964000e-3,1.65766,2057
6.966000e-3,1.64396,2040
6.968000e-3,1.65524,2054
6.970000e-3,1.66007,2060
6.972000e-3,1.64718,2044
6.974000e-3,1.65685,2056
6.976000e-3,1.65846,2058
6.978000e-3,1.64154,2037
6.980000e-3,1.65524,2054
6.982000e-3,1.65846,2058
6.984000e-3,1.65040,2048
6.986000e-3,1.65363,2052
6.988000e-3,1.67297,2076
6.990000e-3,1.65282,2051
6.992000e-3,1.64960,2047
6.994000e-3,1.66410,2065
6.996000e-3,1.65766,2057
6.998000e-3,1.65121,2049
7.000000e-3,1.65927,2059
7.002000e-3,1.66249,2063
7.004000e-3,1.64637,2043
7.006000e-3,1.65846,2058
7.008000e-3,1.66168,2062
7.010000e-3,1.64315,2039
7.012000e-3,1.65201,2050
7.014000e-3,1.65846,2058
7.016000e-3,1.64396,2040
7.018000e-3,1.65363,2052
7.020000e-3,1.66088,2061
7.022000e-3,1.65121,2049
7.024000e-3,1.64960,2047
7.026000e-3,1.66733,2069
7.028000e-3,1.65040,2048
7.030000e-3,1.65040,2048
7.032000e-3,1.67136,2074
7.034000e-3,1.65685,2056
7.036000e-3,1.64637,2043
7.038000e-3,1.66894,2071
7.040000e-3,1.65766,2057
7.042000e-3,1.65363,2052
7.044000e-3,1.66007,2060
7.046000e-3,1.65927,2059
7.048000e-3,1.65121,2049
7.050000e-3,1.66007,2060
7.052000e-3,1.65040,2048
7.054000e-3,1.64637,2043
7.056000e-3,1.65363,2052
7.058000e-3,1.65443,2053
7.060000e-3,1.64315,2039
7.062000e-3,1.65685,2056
7.064000e-3,1.64960,2047
7.066000e-3,1.64879,2046
7.068000e-3,1.65201,2050
7.070000e-3,1.65846,2058
7.072000e-3,1.65201,2050
7.074000e-3,1.64879,2046
7.076000e-3,1.66491,2066
7.078000e-3,1.65604,2055
7.080000e-3,1.64557,2042
7.082000e-3,1.66330,2064
7.084000e-3,1.65443,2053
7.086000e-3,1.65201,2050
7.088000e-3,1.66410,2065
7.090000e-3,1.65443,2053
7.092000e-3,1.65282,2051
7.094000e-3,1.66330,2064
7.096000e-3,1.65846,2058
7.098000e-3,1.64557,2042
7.100000e-3,1.65524,2054
7.102000e-3,1.65846,2058
7.104000e-3,1.64476,2041
7.106000e-3,1.65524,2054
7.108000e-3,1.66571,2067
7.110000e-3,1.64637,2043
7.112000e-3,1.65363,2052
7.114000e-3,1.65846,2058
7.116000e-3,1.65040,2048
7.118000e-3,1.65363,2052
7.120000e-3,1.65766,2057
7.122000e-3,1.65040,2048
7.124000e-3,1.64960,2047
7.126000e-3,1.66410,2065
7.128000e-3,1.65524,2054
7.130000e-3,1.65040,2048
7.132000e-3,1.66733,2069
7.134000e-3,1.65201,2050
7.136000e-3,1.64476,2041
7.138000e-3,1.66571,2067
7.140000e-3,1.65524,2054
7.142000e-3,1.65282,2051
7.144000e-3,1.66652,2068
7.146000e-3,1.65766,2057
7.148000e-3,1.65282,2051
7.150000e-3,1.66491,2066
7.152000e-3,1.65443,2053
7.154000e-3,1.65201,2050
7.156000e-3,1.66007,2060
7.158000e-3,1.65524,2054
7.160000e-3,1.64637,2043
7.162000e-3,1.65766,2057
7.164000e-3,1.65685,2056
7.166000e-3,1.65201,2050
7.168000e-3,1.65846,2058
7.170000e-3,1.65846,2058
7.172000e-3,1.64396,2040
7.174000e-3,1.65443,2053
7.176000e-3,1.65846,2058
7.178000e-3,1.64476,2041
7.180000e-3,1.65604,2055
7.182000e-3,1.65846,2058
7.184000e-3,1.64718,2044
7.186000e-3,1.65363,2052
7.188000e-3,1.65927,2059
7.190000e-3,1.65685,2056
7.192000e-3,1.65363,2052
7.194000e-3,1.66330,2064
7.196000e-3,1.64960,2047
7.198000e-3,1.65040,2048
7.200000e-3,1.65927,2059
7.202000e-3,1.65121,2049
7.204000e-3,1.65121,2049
7.206000e-3,1.66894,2071
7.208000e-3,1.64718,2044
7.210000e-3,1.65121,2049
7.212000e-3,1.66410,2065
7.214000e-3,1.65524,2054
7.216000e-3,1.65040,2048
7.218000e-3,1.66571,2067
7.220000e-3,1.65282,2051
7.222000e-3,1.65201,2050
7.224000e-3,1.67377,2077
7.226000e-3,1.65604,2055
7.228000e-3,1.65040,2048
7.230000e-3,1.65363,2052
7.232000e-3,1.65927,2059
7.234000e-3,1.64557,2042
7.236000e-3,1.65282,2051
7.238000e-3,1.65766,2057
7.240000e-3,1.64315,2039
7.242000e-3,1.65685,2056
7.244000e-3,1.65685,2056
7.246000e-3,1.64637,2043
7.248000e-3,1.65443,2053
7.250000e-3,1.65846,2058
7.252000e-3,1.64476,2041
7.254000e-3,1.65121,2049
7.256000e-3,1.66007,2060
7.258000e-3,1.65040,2048
7.260000e-3,1.64960,2047
7.262000e-3,1.66491,2066
7.264000e-3,1.64960,2047
7.266000e-3,1.65846,2058
7.268000e-3,1.66652,2068
7.270000e-3,1.65524,2054
7.272000e-3,1.65282,2051
7.274000e-3,1.65927,2059
7.276000e-3,1.65604,2055
7.278000e-3,1.64476,2041
7.280000e-3,1.65685,2056
7.282000e-3,1.65685,2056
7.284000e-3,1.64234,2038
7.286000e-3,1.65443,2053
7.288000e-3,1.65846,2058
7.290000e-3,1.64960,2047
7.292000e-3,1.64879,2046
7.294000e-3,1.66652,2068
7.296000e-3,1.65443,2053
7.298000e-3,1.65040,2048
7.300000e-3,1.66168,2062
7.302000e-3,1.65443,2053
7.304000e-3,1.65121,2049
7.306000e-3,1.66410,2065
7.308000e-3,1.65604,2055
7.310000e-3,1.65201,2050
7.312000e-3,1.65846,2058
7.314000e-3,1.65927,2059
7.316000e-3,1.64476,2041
7.318000e-3,1.65604,2055
7.320000e-3,1.65685,2056
7.322000e-3,1.64315,2039
7.324000e-3,1.65524,2054
7.326000e-3,1.65766,2057
7.328000e-3,1.64396,2040
7.330000e-3,1.65363,2052
7.332000e-3,1.66007,2060
7.334000e-3,1.64637,2043
7.336000e-3,1.64799,2045
7.338000e-3,1.67216,2075
7.340000e-3,1.65363,2052
7.342000e-3,1.65363,2052
7.344000e-3,1.66571,2067
7.346000e-3,1.65766,2057
7.348000e-3,1.65443,2053
7.350000e-3,1.66088,2061
7.352000e-3,1.66410,2065
7.354000e-3,1.64637,2043
7.356000e-3,1.65685,2056
7.358000e-3,1.65604,2055
7.360000e-3,1.64476,2041
7.362000e-3,1.65443,2053
7.364000e-3,1.65685,2056
7.366000e-3,1.64799,2045
7.368000e-3,1.65282,2051
7.370000e-3,1.66330,2064
7.372000e-3,1.65363,2052
7.374000e-3,1.64879,2046
7.376000e-3,1.66652,2068
7.378000e-3,1.65685,2056
7.380000e-3,1.65524,2054
7.382000e-3,1.66330,2064
7.384000e-3,1.65443,2053
7.386000e-3,1.65282,2051
7.388000e-3,1.66007,2060
7.390000e-3,1.65927,2059
7.392000e-3,1.64799,2045
7.394000e-3,1.66652,2068
7.396000e-3,1.66088,2061
7.398000e-3,1.64234,2038
7.400000e-3,1.65363,2052
7.402000e-3,1.65846,2058
7.404000e-3,1.64476,2041
7.406000e-3,1.65685,2056
7.408000e-3,1.65846,2058
7.410000e-3,1.64637,2043
7.412000e-3,1.65040,2048
7.414000e-3,1.66168,2062
7.416000e-3,1.65040,2048
7.418000e-3,1.65201,2050
7.420000e-3,1.66491,2066
7.422000e-3,1.65846,2058
7.424000e-3,1.64960,2047
7.426000e-3,1.65846,2058
7.428000e-3,1.65363,2052
7.430000e-3,1.65040,2048
7.432000e-3,1.66249,2063
7.434000e-3,1.65685,2056
7.436000e-3,1.64960,2047
7.438000e-3,1.65685,2056
7.440000e-3,1.66330,2064
7.442000e-3,1.63993,2035
7.444000e-3,1.65443,2053
7.446000e-3,1.66007,2060
7.448000e-3,1.64879,2046
7.450000e-3,1.65524,2054
7.452000e-3,1.66088,2061
7.454000e-3,1.65524,2054
7.456000e-3,1.65121,2049
7.458000e-3,1.66410,2065
7.460000e-3,1.64799,2045
7.462000e-3,1.65121,2049
7.464000e-3,1.65766,2057
7.466000e-3,1.65846,2058
7.468000e-3,1.64476,2041
7.470000e-3,1.65685,2056
7.472000e-3,1.66007,2060
7.474000e-3,1.65040,2048
7.476000e-3,1.65282,2051
7.478000e-3,1.65846,2058
7.480000e-3,1.64879,2046
7.482000e-3,1.65282,2051
7.484000e-3,1.66733,2069
7.486000e-3,1.65201,2050
7.488000e-3,1.66168,2062
7.490000e-3,1.66733,2069
7.492000e-3,1.65363,2052
7.494000e-3,1.65282,2051
7.496000e-3,1.66410,2065
7.498000e-3,1.65524,2054
7.500000e-3,1.64879,2046
7.502000e-3,1.65282,2051
7.504000e-3,1.65927,2059
7.506000e-3,1.64476,2041
7.508000e-3,1.65766,2057
7.510000e-3,1.65846,2058
7.512000e-3,1.64154,2037
7.514000e-3,1.65282,2051
7.516000e-3,1.65685,2056
7.518000e-3,1.64879,2046
7.520000e-3,1.65201,2050
7.522000e-3,1.66330,2064
7.524000e-3,1.65201,2050
7.526000e-3,1.65201,2050
7.528000e-3,1.66491,2066
7.530000e-3,1.65363,2052
7.532000e-3,1.65443,2053
7.534000e-3,1.66088,2061
7.536000e-3,1.65604,2055
7.538000e-3,1.64799,2045
7.540000e-3,1.65685,2056
7.542000e-3,1.65363,2052
7.544000e-3,1.64396,2040
7.546000e-3,1.65846,2058
7.548000e-3,1.66088,2061
7.550000e-3,1.64637,2043
7.552000e-3,1.65040,2048
7.554000e-3,1.66249,2063
7.556000e-3,1.64879,2046
7.558000e-3,1.65040,2048
7.560000e-3,1.66249,2063
7.562000e-3,1.64637,2043
7.564000e-3,1.65685,2056
7.566000e-3,1.66813,2070
7.568000e-3,1.65685,2056
7.570000e-3,1.65040,2048
7.572000e-3,1.66249,2063
7.574000e-3,1.65443,2053
7.576000e-3,1.64637,2043
7.578000e-3,1.66088,2061
7.580000e-3,1.65927,2059
7.582000e-3,1.64234,2038
7.584000e-3,1.65685,2056
7.586000e-3,1.65846,2058
7.588000e-3,1.64315,2039
7.590000e-3,1.65524,2054
7.592000e-3,1.65685,2056
7.594000e-3,1.65121,2049
7.596000e-3,1.65121,2049
7.598000e-3,1.66007,2060
7.600000e-3,1.65040,2048
7.602000e-3,1.64879,2046
7.604000e-3,1.66410,2065
7.606000e-3,1.65685,2056
7.608000e-3,1.65766,2057
7.610000e-3,1.66249,2063
7.612000e-3,1.65363,2052
7.614000e-3,1.65363,2052
7.616000e-3,1.65685,2056
7.618000e-3,1.65846,2058
7.620000e-3,1.64234,2038
7.622000e-3,1.65685,2056
7.624000e-3,1.65121,2049
7.626000e-3,1.64637,2043
7.628000e-3,1.64637,2043
7.630000e-3,1.65685,2056
7.632000e-3,1.65363,2052
7.634000e-3,1.65040,2048
7.636000e-3,1.65927,2059
7.638000e-3,1.65443,2053
7.640000e-3,1.65282,2051
7.642000e-3,1.66491,2066
7.644000e-3,1.65524,2054
7.646000e-3,1.65443,2053
7.648000e-3,1.67055,2073
7.650000e-3,1.65927,2059
7.652000e-3,1.64073,2036
7.654000e-3,1.65846,2058
7.656000e-3,1.66168,2062
7.658000e-3,1.64557,2042
7.660000e-3,1.65121,2049
7.662000e-3,1.65443,2053
7.664000e-3,1.63993,2035
7.666000e-3,1.65282,2051
7.668000e-3,1.66410,2065
7.670000e-3,1.65040,2048
7.672000e-3,1.65282,2051
7.674000e-3,1.66410,2065
7.676000e-3,1.65201,2050
7.678000e-3,1.65282,2051
7.680000e-3,1.66652,2068
7.682000e-3,1.65685,2056
7.684000e-3,1.64960,2047
7.686000e-3,1.66330,2064
7.688000e-3,1.65766,2057
7.690000e-3,1.65766,2057
7.692000e-3,1.66088,2061
7.694000e-3,1.65766,2057
7.696000e-3,1.65121,2049
7.698000e-3,1.65846,2058
7.700000e-3,1.65524,2054
7.702000e-3,1.64396,2040
7.704000e-3,1.65685,2056
7.706000e-3,1.66088,2061
7.708000e-3,1.64073,2036
7.710000e-3,1.65201,2050
7.712000e-3,1.65524,2054
7.714000e-3,1.64960,2047
7.716000e-3,1.65040,2048
7.718000e-3,1.65766,2057
7.720000e-3,1.64799,2045
7.722000e-3,1.65040,2048
7.724000e-3,1.66974,2072
7.726000e-3,1.65121,2049
7.728000e-3,1.64396,2040
7.730000e-3,1.66410,2065
7.732000e-3,1.65201,2050
7.734000e-3,1.65040,2048
7.736000e-3,1.66894,2071
7.738000e-3,1.65363,2052
7.740000e-3,1.65201,2050
7.742000e-3,1.66571,2067
7.744000e-3,1.65685,2056
7.746000e-3,1.65363,2052
7.748000e-3,1.66974,2072
7.750000e-3,1.65846,2058
7.752000e-3,1.64557,2042
7.754000e-3,1.65846,2058
7.756000e-3,1.65524,2054
7.758000e-3,1.63832,2033
7.760000e-3,1.65524,2054
7.762000e-3,1.65685,2056
7.764000e-3,1.65040,2048
7.766000e-3,1.65524,2054
7.768000e-3,1.65846,2058
7.770000e-3,1.64718,2044
7.772000e-3,1.65363,2052
7.774000e-3,1.65846,2058
7.776000e-3,1.65040,2048
7.778000e-3,1.65201,2050
7.780000e-3,1.66974,2072
7.782000e-3,1.65363,2052
7.784000e-3,1.64960,2047
7.786000e-3,1.66571,2067
7.788000e-3,1.65282,2051
7.790000e-3,1.65121,2049
7.792000e-3,1.66410,2065
7.794000e-3,1.65121,2049
7.796000e-3,1.65282,2051
7.798000e-3,1.66007,2060
7.800000e-3,1.65524,2054
7.802000e-3,1.64637,2043
7.804000e-3,1.65846,2058
7.806000e-3,1.66007,2060
7.808000e-3,1.64396,2040
7.810000e-3,1.65524,2054
7.812000e-3,1.65766,2057
7.814000e-3,1.64476,2041
7.816000e-3,1.65201,2050
7.818000e-3,1.65766,2057
7.820000e-3,1.63912,2034
7.822000e-3,1.66088,2061
7.824000e-3,1.65766,2057
7.826000e-3,1.65685,2056
7.828000e-3,1.65040,2048
7.830000e-3,1.66410,2065
7.832000e-3,1.65363,2052
7.834000e-3,1.65363,2052
7.836000e-3,1.66410,2065
7.838000e-3,1.65604,2055
7.840000e-3,1.64718,2044
7.842000e-3,1.66491,2066
7.844000e-3,1.65685,2056
7.846000e-3,1.65524,2054
7.848000e-3,1.66249,2063
7.850000e-3,1.65604,2055
7.852000e-3,1.64396,2040
7.854000e-3,1.66007,2060
7.856000e-3,1.65846,2058
7.858000e-3,1.64154,2037
7.860000e-3,1.65443,2053
7.862000e-3,1.65846,2058
7.864000e-3,1.64396,2040
7.866000e-3,1.65604,2055
7.868000e-3,1.65846,2058
7.870000e-3,1.64396,2040
7.872000e-3,1.65443,2053
7.874000e-3,1.65685,2056
7.876000e-3,1.64799,2045
7.878000e-3,1.65443,2053
7.880000e-3,1.66088,2061
7.882000e-3,1.65201,2050
7.884000e-3,1.64637,2043
7.886000e-3,1.66652,2068
7.888000e-3,1.65282,2051
7.890000e-3,1.65282,2051
7.892000e-3,1.66410,2065
7.894000e-3,1.65927,2059
7.896000e-3,1.65201,2050
7.898000e-3,1.66168,2062
7.900000e-3,1.65443,2053
7.902000e-3,1.64960,2047
7.904000e-3,1.66007,2060
7.906000e-3,1.65846,2058
7.908000e-3,1.65040,2048
7.910000e-3,1.65846,2058
7.912000e-3,1.65524,2054
7.914000e-3,1.64557,2042
7.916000e-3,1.65524,2054
7.918000e-3,1.65766,2057
7.920000e-3,1.64234,2038
7.922000e-3,1.65524,2054
7.924000e-3,1.65685,2056
7.926000e-3,1.64396,2040
7.928000e-3,1.65524,2054
7.930000e-3,1.65685,2056
7.932000e-3,1.64476,2041
7.934000e-3,1.65524,2054
7.936000e-3,1.65766,2057
7.938000e-3,1.64476,2041
7.940000e-3,1.64476,2041
7.942000e-3,1.66894,2071
7.944000e-3,1.65040,2048
7.946000e-3,1.65524,2054
7.948000e-3,1.66249,2063
7.950000e-3,1.65201,2050
7.952000e-3,1.65040,2048
7.954000e-3,1.67136,2074
7.956000e-3,1.65040,2048
7.958000e-3,1.65040,2048
7.960000e-3,1.65846,2058
7.962000e-3,1.65201,2050
7.964000e-3,1.64879,2046
7.966000e-3,1.66652,2068
7.968000e-3,1.65604,2055
7.970000e-3,1.65040,2048
7.972000e-3,1.67538,2079
7.974000e-3,1.65443,2053
7.976000e-3,1.65040,2048
7.978000e-3,1.66410,2065
7.980000e-3,1.65685,2056
7.982000e-3,1.65121,2049
7.984000e-3,1.66007,2060
7.986000e-3,1.65846,2058
7.988000e-3,1.65121,2049
7.990000e-3,1.65524,2054
7.992000e-3,1.65040,2048
7.994000e-3,1.64557,2042
7.996000e-3,1.65685,2056
7.998000e-3,1.66410,2065
8.000000e-3,1.64799,2045
8.002000e-3,1.64799,2045
8.004000e-3,1.65443,2053
8.006000e-3,1.64718,2044
8.008000e-3,1.65040,2048
8.010000e-3,1.65685,2056
8.012000e-3,1.64799,2045
8.014000e-3,1.65201,2050
8.016000e-3,1.65927,2059
8.018000e-3,1.65443,2053
8.020000e-3,1.65121,2049
8.022000e-3,1.66168,2062
8.024000e-3,1.65685,2056
8.026000e-3,1.65927,2059
8.028000e-3,1.66330,2064
8.030000e-3,1.66168,2062
8.032000e-3,1.65040,2048
8.034000e-3,1.65685,2056
8.036000e-3,1.66007,2060
8.038000e-3,1.64234,2038
8.040000e-3,1.65443,2053
8.042000e-3,1.65846,2058
8.044000e-3,1.64154,2037
8.046000e-3,1.65604,2055
8.048000e-3,1.65846,2058
8.050000e-3,1.64073,2036
8.052000e-3,1.65524,2054
8.054000e-3,1.65846,2058
8.056000e-3,1.65363,2052
8.058000e-3,1.65443,2053
8.060000e-3,1.66894,2071
8.062000e-3,1.64315,2039
8.064000e-3,1.65363,2052
8.066000e-3,1.66491,2066
8.068000e-3,1.65443,2053
8.070000e-3,1.66007,2060
8.072000e-3,1.65927,2059
8.074000e-3,1.65685,2056
8.076000e-3,1.65282,2051
8.078000e-3,1.65846,2058
8.080000e-3,1.65846,2058
8.082000e-3,1.64476,2041
8.084000e-3,1.65524,2054
8.086000e-3,1.65524,2054
8.088000e-3,1.64637,2043
8.090000e-3,1.65685,2056
8.092000e-3,1.65846,2058
8.094000e-3,1.64154,2037
8.096000e-3,1.65282,2051
8.098000e-3,1.66330,2064
8.100000e-3,1.65282,2051
8.102000e-3,1.65121,2049
8.104000e-3,1.66974,2072
8.106000e-3,1.65443,2053
8.108000e-3,1.65040,2048
8.110000e-3,1.66007,2060
8.112000e-3,1.65604,2055
8.114000e-3,1.65121,2049
8.116000e-3,1.66330,2064
8.118000e-3,1.65685,2056
8.120000e-3,1.65040,2048
8.122000e-3,1.65766,2057
8.124000e-3,1.65685,2056
8.126000e-3,1.64718,2044
8.128000e-3,1.65766,2057
8.130000e-3,1.65927,2059
8.132000e-3,1.64315,2039
8.134000e-3,1.65121,2049
8.136000e-3,1.65201,2050
8.138000e-3,1.64234,2038
8.140000e-3,1.65282,2051
8.142000e-3,1.66007,2060
8.144000e-3,1.64718,2044
8.146000e-3,1.65282,2051
8.148000e-3,1.65766,2057
8.150000e-3,1.64396,2040
8.152000e-3,1.65201,2050
8.154000e-3,1.66652,2068
8.156000e-3,1.65685,2056
8.158000e-3,1.65443,2053
8.160000e-3,1.66491,2066
8.162000e-3,1.65363,2052
8.164000e-3,1.65363,2052
8.166000e-3,1.66168,2062
8.168000e-3,1.65766,2057
8.170000e-3,1.65201,2050
8.172000e-3,1.65685,2056
8.174000e-3,1.65766,2057
8.176000e-3,1.64476,2041
8.178000e-3,1.65524,2054
8.180000e-3,1.65766,2057
8.182000e-3,1.64879,2046
8.184000e-3,1.64637,2043
8.186000e-3,1.66088,2061
8.188000e-3,1.65363,2052
8.190000e-3,1.65201,2050
8.192000e-3,1.66652,2068
8.194000e-3,1.65524,2054
8.196000e-3,1.65121,2049
8.198000e-3,1.66330,2064
8.200000e-3,1.65685,2056
8.202000e-3,1.65121,2049
8.204000e-3,1.66088,2061
8.206000e-3,1.65766,2057
8.208000e-3,1.64315,2039
8.210000e-3,1.65685,2056
8.212000e-3,1.65685,2056
8.214000e-3,1.64315,2039
8.216000e-3,1.65685,2056
8.218000e-3,1.66007,2060
8.220000e-3,1.64396,2040
8.222000e-3,1.65040,2048
8.224000e-3,1.66007,2060
8.226000e-3,1.64557,2042
8.228000e-3,1.65443,2053
8.230000e-3,1.65685,2056
8.232000e-3,1.64879,2046
8.234000e-3,1.64960,2047
8.236000e-3,1.66249,2063
8.238000e-3,1.65040,2048
8.240000e-3,1.65040,2048
8.242000e-3,1.66813,2070
8.244000e-3,1.65443,2053
8.246000e-3,1.65201,2050
8.248000e-3,1.66571,2067
8.250000e-3,1.65927,2059
8.252000e-3,1.66168,2062
8.254000e-3,1.66249,2063
8.256000e-3,1.65846,2058
8.258000e-3,1.65443,2053
8.260000e-3,1.66007,2060
8.262000e-3,1.65604,2055
8.264000e-3,1.64073,2036
8.266000e-3,1.65524,2054
8.268000e-3,1.65685,2056
8.270000e-3,1.64315,2039
8.272000e-3,1.65363,2052
8.274000e-3,1.65685,2056
8.276000e-3,1.64799,2045
8.278000e-3,1.65201,2050
8.280000e-3,1.66168,2062
8.282000e-3,1.66249,2063
8.284000e-3,1.65121,2049
8.286000e-3,1.66410,2065
8.288000e-3,1.65443,2053
8.290000e-3,1.65201,2050
8.292000e-3,1.66571,2067
8.294000e-3,1.66007,2060
8.296000e-3,1.65201,2050
8.298000e-3,1.67458,2078
8.300000e-3,1.65766,2057
8.302000e-3,1.65121,2049
8.304000e-3,1.66330,2064
8.306000e-3,1.65685,2056
8.308000e-3,1.64718,2044
8.310000e-3,1.65201,2050
8.312000e-3,1.65685,2056
8.314000e-3,1.64315,2039
8.316000e-3,1.65846,2058
8.318000e-3,1.66007,2060
8.320000e-3,1.64396,2040
8.322000e-3,1.65282,2051
8.324000e-3,1.65846,2058
8.326000e-3,1.64396,2040
8.328000e-3,1.65443,2053
8.330000e-3,1.65524,2054
8.332000e-3,1.64637,2043
8.334000e-3,1.65282,2051
8.336000e-3,1.65846,2058
8.338000e-3,1.65201,2050
8.340000e-3,1.65201,2050
8.342000e-3,1.66249,2063
8.344000e-3,1.65040,2048
8.346000e-3,1.65443,2053
8.348000e-3,1.66733,2069
8.350000e-3,1.65443,2053
8.352000e-3,1.65363,2052
8.354000e-3,1.66974,2072
8.356000e-3,1.65846,2058
8.358000e-3,1.65443,2053
8.360000e-3,1.66410,2065
8.362000e-3,1.65363,2052
8.364000e-3,1.65524,2054
8.366000e-3,1.65201,2050
8.368000e-3,1.65685,2056
8.370000e-3,1.64557,2042
8.372000e-3,1.65766,2057
8.374000e-3,1.64879,2046
8.376000e-3,1.64396,2040
8.378000e-3,1.65524,2054
8.380000e-3,1.65846,2058
8.382000e-3,1.64799,2045
8.384000e-3,1.65121,2049
8.386000e-3,1.65685,2056
8.388000e-3,1.65282,2051
8.390000e-3,1.65927,2059
8.392000e-3,1.66652,2068
8.394000e-3,1.65121,2049
8.396000e-3,1.65121,2049
8.398000e-3,1.66330,2064
8.400000e-3,1.64960,2047
8.402000e-3,1.65363,2052
8.404000e-3,1.66007,2060
8.406000e-3,1.65766,2057
8.408000e-3,1.64718,2044
8.410000e-3,1.65363,2052
8.412000e-3,1.65685,2056
8.414000e-3,1.64234,2038
8.416000e-3,1.66410,2065
8.418000e-3,1.65927,2059
8.420000e-3,1.64396,2040
8.422000e-3,1.65040,2048
8.424000e-3,1.65846,2058
8.426000e-3,1.64154,2037
8.428000e-3,1.65282,2051
8.430000e-3,1.66733,2069
8.432000e-3,1.64960,2047
8.434000e-3,1.64960,2047
8.436000e-3,1.66652,2068
8.438000e-3,1.65282,2051
8.440000e-3,1.64799,2045
8.442000e-3,1.66571,2067
8.444000e-3,1.65282,2051
8.446000e-3,1.65282,2051
8.448000e-3,1.66249,2063
8.450000e-3,1.65201,2050
8.452000e-3,1.65040,2048
8.454000e-3,1.66007,2060
8.456000e-3,1.66168,2062
8.458000e-3,1.64637,2043
8.460000e-3,1.66571,2067
8.462000e-3,1.66491,2066
8.464000e-3,1.64718,2044
8.466000e-3,1.65524,2054
8.468000e-3,1.65685,2056
8.470000e-3,1.64879,2046
8.472000e-3,1.64234,2038
8.474000e-3,1.66652,2068
8.476000e-3,1.65363,2052
8.478000e-3,1.65201,2050
8.480000e-3,1.66491,2066
8.482000e-3,1.65604,2055
8.484000e-3,1.65201,2050
8.486000e-3,1.66007,2060
8.488000e-3,1.65766,2057
8.490000e-3,1.65524,2054
8.492000e-3,1.65846,2058
8.494000e-3,1.65604,2055
8.496000e-3,1.64476,2041
8.498000e-3,1.65604,2055
8.500000e-3,1.65927,2059
8.502000e-3,1.64637,2043
8.504000e-3,1.65040,2048
8.506000e-3,1.65927,2059
8.508000e-3,1.64718,2044
8.510000e-3,1.64879,2046
8.512000e-3,1.66491,2066
8.514000e-3,1.65282,2051
8.516000e-3,1.65363,2052
8.518000e-3,1.66652,2068
8.520000e-3,1.65604,2055
8.522000e-3,1.65040,2048
8.524000e-3,1.65927,2059
8.526000e-3,1.65604,2055
8.528000e-3,1.64315,2039
8.530000e-3,1.65524,2054
8.532000e-3,1.65846,2058
8.534000e-3,1.64315,2039
8.536000e-3,1.65443,2053
8.538000e-3,1.65524,2054
8.540000e-3,1.64557,2042
8.542000e-3,1.65363,2052
8.544000e-3,1.66168,2062
8.546000e-3,1.65201,2050
8.548000e-3,1.65121,2049
8.550000e-3,1.66410,2065
8.552000e-3,1.66168,2062
8.554000e-3,1.65040,2048
8.556000e-3,1.66813,2070
8.558000e-3,1.65685,2056
8.560000e-3,1.65201,2050
8.562000e-3,1.66168,2062
8.564000e-3,1.65201,2050
8.566000e-3,1.65040,2048
8.568000e-3,1.65685,2056
8.570000e-3,1.65927,2059
8.572000e-3,1.64315,2039
8.574000e-3,1.65604,2055
8.576000e-3,1.65766,2057
8.578000e-3,1.64476,2041
8.580000e-3,1.65363,2052
8.582000e-3,1.66249,2063
8.584000e-3,1.64476,2041
8.586000e-3,1.65201,2050
8.588000e-3,1.66007,2060
8.590000e-3,1.65282,2051
8.592000e-3,1.65201,2050
8.594000e-3,1.66330,2064
8.596000e-3,1.65524,2054
8.598000e-3,1.65363,2052
8.600000e-3,1.66652,2068
8.602000e-3,1.65524,2054
8.604000e-3,1.65363,2052
8.606000e-3,1.66088,2061
8.608000e-3,1.65040,2048
8.610000e-3,1.64476,2041
8.612000e-3,1.65604,2055
8.614000e-3,1.65846,2058
8.616000e-3,1.64396,2040
8.618000e-3,1.64960,2047
8.620000e-3,1.65685,2056
8.622000e-3,1.64557,2042
8.624000e-3,1.64718,2044
8.626000e-3,1.65685,2056
8.628000e-3,1.65121,2049
8.630000e-3,1.64960,2047
8.632000e-3,1.66733,2069
8.634000e-3,1.65282,2051
8.636000e-3,1.65282,2051
8.638000e-3,1.66491,2066
8.640000e-3,1.65443,2053
8.642000e-3,1.65121,2049
8.644000e-3,1.65685,2056
8.646000e-3,1.65685,2056
8.648000e-3,1.64154,2037
8.650000e-3,1.65524,2054
8.652000e-3,1.66088,2061
8.654000e-3,1.64718,2044
8.656000e-3,1.65524,2054
8.658000e-3,1.66088,2061
8.660000e-3,1.65201,2050
8.662000e-3,1.65040,2048
8.664000e-3,1.66007,2060
8.666000e-3,1.65363,2052
8.668000e-3,1.64879,2046
8.670000e-3,1.66330,2064
8.672000e-3,1.65604,2055
8.674000e-3,1.65201,2050
8.676000e-3,1.66168,2062
8.678000e-3,1.65927,2059
8.680000e-3,1.64234,2038
8.682000e-3,1.66088,2061
8.684000e-3,1.65443,2053
8.686000e-3,1.64234,2038
8.688000e-3,1.65443,2053
8.690000e-3,1.66007,2060
8.692000e-3,1.64879,2046
8.694000e-3,1.66088,2061
8.696000e-3,1.65766,2057
8.698000e-3,1.65363,2052
8.700000e-3,1.65363,2052
8.702000e-3,1.65846,2058
8.704000e-3,1.65201,2050
8.706000e-3,1.65121,2049
8.708000e-3,1.66330,2064
8.710000e-3,1.65201,2050
8.712000e-3,1.64234,2038
8.714000e-3,1.66491,2066
8.716000e-3,1.66007,2060
8.718000e-3,1.65363,2052
8.720000e-3,1.66733,2069
8.722000e-3,1.65685,2056
8.724000e-3,1.63993,2035
8.726000e-3,1.65443,2053
8.728000e-3,1.65604,2055
8.730000e-3,1.64396,2040
8.732000e-3,1.65282,2051
8.734000e-3,1.65766,2057
8.736000e-3,1.64799,2045
8.738000e-3,1.64476,2041
8.740000e-3,1.66330,2064
8.742000e-3,1.65685,2056
8.744000e-3,1.65040,2048
8.746000e-3,1.66410,2065
8.748000e-3,1.65443,2053
8.750000e-3,1.65201,2050
8.752000e-3,1.65363,2052
8.754000e-3,1.66007,2060
8.756000e-3,1.64557,2042
8.758000e-3,1.66007,2060
8.760000e-3,1.66007,2060
8.762000e-3,1.64234,2038
8.764000e-3,1.65766,2057
8.766000e-3,1.65685,2056
8.768000e-3,1.64637,2043
8.770000e-3,1.65121,2049
8.772000e-3,1.66088,2061
8.774000e-3,1.65201,2050
8.776000e-3,1.64879,2046
8.778000e-3,1.66571,2067
8.780000e-3,1.65443,2053
8.782000e-3,1.65282,2051
8.784000e-3,1.66330,2064
8.786000e-3,1.65685,2056
8.788000e-3,1.65121,2049
8.790000e-3,1.65927,2059
8.792000e-3,1.65443,2053
8.794000e-3,1.63912,2034
8.796000e-3,1.65766,2057
8.798000e-3,1.65927,2059
8.800000e-3,1.64637,2043
8.802000e-3,1.65363,2052
8.804000e-3,1.65846,2058
8.806000e-3,1.65282,2051
8.808000e-3,1.65040,2048
8.810000e-3,1.65363,2052
8.812000e-3,1.64799,2045
8.814000e-3,1.64637,2043
8.816000e-3,1.66733,2069
8.818000e-3,1.65201,2050
8.820000e-3,1.65040,2048
8.822000e-3,1.66168,2062
8.824000e-3,1.65604,2055
8.826000e-3,1.65040,2048
8.828000e-3,1.66330,2064
8.830000e-3,1.65524,2054
8.832000e-3,1.65040,2048
8.834000e-3,1.65685,2056
8.836000e-3,1.66007,2060
8.838000e-3,1.64154,2037
8.840000e-3,1.65363,2052
8.842000e-3,1.65927,2059
8.844000e-3,1.64637,2043
8.846000e-3,1.64637,2043
8.848000e-3,1.66088,2061
8.850000e-3,1.65040,2048
8.852000e-3,1.65282,2051
8.854000e-3,1.66813,2070
8.856000e-3,1.65685,2056
8.858000e-3,1.65363,2052
8.860000e-3,1.66330,2064
8.862000e-3,1.65524,2054
8.864000e-3,1.65363,2052
8.866000e-3,1.65524,2054
8.868000e-3,1.65685,2056
8.870000e-3,1.64154,2037
8.872000e-3,1.66088,2061
8.874000e-3,1.65282,2051
8.876000e-3,1.64637,2043
8.878000e-3,1.65443,2053
8.880000e-3,1.66168,2062
8.882000e-3,1.65282,2051
8.884000e-3,1.65040,2048
8.886000e-3,1.66249,2063
8.888000e-3,1.65685,2056
8.890000e-3,1.66168,2062
8.892000e-3,1.66168,2062
8.894000e-3,1.65443,2053
8.896000e-3,1.64557,2042
8.898000e-3,1.65766,2057
8.900000e-3,1.65604,2055
8.902000e-3,1.64315,2039
8.904000e-3,1.65443,2053
8.906000e-3,1.65685,2056
8.908000e-3,1.64557,2042
8.910000e-3,1.65040,2048
8.912000e-3,1.65846,2058
8.914000e-3,1.65121,2049
8.916000e-3,1.64557,2042
8.918000e-3,1.66652,2068
8.920000e-3,1.65443,2053
8.922000e-3,1.65040,2048
8.924000e-3,1.66491,2066
8.926000e-3,1.66168,2062
8.928000e-3,1.65443,2053
8.930000e-3,1.65363,2052
8.932000e-3,1.65766,2057
8.934000e-3,1.64234,2038
8.936000e-3,1.65604,2055
8.938000e-3,1.65846,2058
8.940000e-3,1.64396,2040
8.942000e-3,1.65685,2056
8.944000e-3,1.65766,2057
8.946000e-3,1.64718,2044
8.948000e-3,1.65282,2051
8.950000e-3,1.65685,2056
8.952000e-3,1.65363,2052
8.954000e-3,1.65201,2050
8.956000e-3,1.66652,2068
8.958000e-3,1.65604,2055
8.960000e-3,1.65363,2052
8.962000e-3,1.66330,2064
8.964000e-3,1.65846,2058
8.966000e-3,1.65201,2050
8.968000e-3,1.66088,2061
8.970000e-3,1.65685,2056
8.972000e-3,1.64718,2044
8.974000e-3,1.65927,2059
8.976000e-3,1.65846,2058
8.978000e-3,1.64476,2041
8.980000e-3,1.65685,2056
8.982000e-3,1.66007,2060
8.984000e-3,1.64234,2038
8.986000e-3,1.65524,2054
8.988000e-3,1.65927,2059
8.990000e-3,1.64718,2044
8.992000e-3,1.65443,2053
8.994000e-3,1.66007,2060
8.996000e-3,1.65121,2049
8.998000e-3,1.65282,2051
9.000000e-3,1.66894,2071
9.002000e-3,1.65524,2054
9.004000e-3,1.65121,2049
9.006000e-3,1.66571,2067
9.008000e-3,1.65604,2055
9.010000e-3,1.64315,2039
9.012000e-3,1.66088,2061
9.014000e-3,1.65927,2059
9.016000e-3,1.64315,2039
9.018000e-3,1.65524,2054
9.020000e-3,1.65685,2056
9.022000e-3,1.64637,2043
9.024000e-3,1.66571,2067
9.026000e-3,1.66249,2063
9.028000e-3,1.64960,2047
9.030000e-3,1.65201,2050
9.032000e-3,1.65766,2057
9.034000e-3,1.65121,2049
9.036000e-3,1.65040,2048
9.038000e-3,1.66733,2069
9.040000e-3,1.65201,2050
9.042000e-3,1.65201,2050
9.044000e-3,1.66491,2066
9.046000e-3,1.64879,2046
9.048000e-3,1.65443,2053
9.050000e-3,1.66974,2072
9.052000e-3,1.65685,2056
9.054000e-3,1.65121,2049
9.056000e-3,1.65927,2059
9.058000e-3,1.65846,2058
9.060000e-3,1.64315,2039
9.062000e-3,1.66007,2060
9.064000e-3,1.66330,2064
9.066000e-3,1.64234,2038
9.068000e-3,1.65363,2052
9.070000e-3,1.65766,2057
9.072000e-3,1.64154,2037
9.074000e-3,1.65282,2051
9.076000e-3,1.65927,2059
9.078000e-3,1.65040,2048
9.080000e-3,1.65040,2048
9.082000e-3,1.66168,2062
9.084000e-3,1.65201,2050
9.086000e-3,1.65121,2049
9.088000e-3,1.66733,2069
9.090000e-3,1.65363,2052
9.092000e-3,1.65363,2052
9.094000e-3,1.66168,2062
9.096000e-3,1.65524,2054
9.098000e-3,1.64799,2045
9.100000e-3,1.65927,2059
9.102000e-3,1.66088,2061
9.104000e-3,1.64234,2038
9.106000e-3,1.65685,2056
9.108000e-3,1.65524,2054
9.110000e-3,1.64476,2041
9.112000e-3,1.66007,2060
9.114000e-3,1.65766,2057
9.116000e-3,1.64799,2045
9.118000e-3,1.65201,2050
9.120000e-3,1.65846,2058
9.122000e-3,1.64799,2045
9.124000e-3,1.65363,2052
9.126000e-3,1.66088,2061
9.128000e-3,1.65121,2049
9.130000e-3,1.65524,2054
9.132000e-3,1.66571,2067
9.134000e-3,1.65282,2051
9.136000e-3,1.65040,2048
9.138000e-3,1.66491,2066
9.140000e-3,1.64718,2044
9.142000e-3,1.65282,2051
9.144000e-3,1.66088,2061
9.146000e-3,1.65443,2053
9.148000e-3,1.64960,2047
9.150000e-3,1.65927,2059
9.152000e-3,1.65927,2059
9.154000e-3,1.64557,2042
9.156000e-3,1.65846,2058
9.158000e-3,1.65685,2056
9.160000e-3,1.64396,2040
9.162000e-3,1.65040,2048
9.164000e-3,1.65927,2059
9.166000e-3,1.65040,2048
9.168000e-3,1.65121,2049
9.170000e-3,1.66410,2065
9.172000e-3,1.65201,2050
9.174000e-3,1.64960,2047
9.176000e-3,1.65443,2053
9.178000e-3,1.65685,2056
9.180000e-3,1.65040,2048
9.182000e-3,1.66652,2068
9.184000e-3,1.65040,2048
9.186000e-3,1.65282,2051
9.188000e-3,1.65685,2056
9.190000e-3,1.65524,2054
9.192000e-3,1.65201,2050
9.194000e-3,1.65766,2057
9.196000e-3,1.65685,2056
9.198000e-3,1.64799,2045
9.200000e-3,1.66007,2060
9.202000e-3,1.65766,2057
9.204000e-3,1.64476,2041
9.206000e-3,1.65766,2057
9.208000e-3,1.65846,2058
9.210000e-3,1.64476,2041
9.212000e-3,1.65363,2052
9.214000e-3,1.65604,2055
9.216000e-3,1.64234,2038
9.218000e-3,1.65443,2053
9.220000e-3,1.66330,2064
9.222000e-3,1.65201,2050
9.224000e-3,1.65443,2053
9.226000e-3,1.66652,2068
9.228000e-3,1.65363,2052
9.230000e-3,1.65121,2049
9.232000e-3,1.66410,2065
9.234000e-3,1.65443,2053
9.236000e-3,1.65282,2051
9.238000e-3,1.67216,2075
9.240000e-3,1.65766,2057
9.242000e-3,1.65201,2050
9.244000e-3,1.65846,2058
9.246000e-3,1.65846,2058
9.248000e-3,1.64073,2036
9.250000e-3,1.65604,2055
9.252000e-3,1.65604,2055
9.254000e-3,1.64476,2041
9.256000e-3,1.65201,2050
9.258000e-3,1.65685,2056
9.260000e-3,1.64799,2045
9.262000e-3,1.65363,2052
9.264000e-3,1.65685,2056
9.266000e-3,1.64234,2038
9.268000e-3,1.65282,2051
9.270000e-3,1.65524,2054
9.272000e-3,1.64879,2046
9.274000e-3,1.66330,2064
9.276000e-3,1.66491,2066
9.278000e-3,1.65604,2055
9.280000e-3,1.65201,2050
9.282000e-3,1.66733,2069
9.284000e-3,1.65121,2049
9.286000e-3,1.65121,2049
9.288000e-3,1.66330,2064
9.290000e-3,1.65524,2054
9.292000e-3,1.66168,2062
9.294000e-3,1.66491,2066
9.296000e-3,1.65604,2055
9.298000e-3,1.65201,2050
9.300000e-3,1.66330,2064
9.302000e-3,1.65443,2053
9.304000e-3,1.64799,2045
9.306000e-3,1.65766,2057
9.308000e-3,1.65927,2059
9.310000e-3,1.66007,2060
9.312000e-3,1.65685,2056
9.314000e-3,1.66007,2060
9.316000e-3,1.64396,2040
9.318000e-3,1.65524,2054
9.320000e-3,1.65443,2053
9.322000e-3,1.64718,2044
9.324000e-3,1.65040,2048
9.326000e-3,1.65846,2058
9.328000e-3,1.65201,2050
9.330000e-3,1.65443,2053
9.332000e-3,1.66491,2066
9.334000e-3,1.65201,2050
9.336000e-3,1.65040,2048
9.338000e-3,1.66491,2066
9.340000e-3,1.65766,2057
9.342000e-3,1.64799,2045
9.344000e-3,1.66410,2065
9.346000e-3,1.66088,2061
9.348000e-3,1.65121,2049
9.350000e-3,1.66249,2063
9.352000e-3,1.65766,2057
9.354000e-3,1.64799,2045
9.356000e-3,1.65443,2053
9.358000e-3,1.65846,2058
9.360000e-3,1.64073,2036
9.362000e-3,1.65524,2054
9.364000e-3,1.66007,2060
9.366000e-3,1.64637,2043
9.368000e-3,1.65524,2054
9.370000e-3,1.65846,2058
9.372000e-3,1.64960,2047
9.374000e-3,1.65040,2048
9.376000e-3,1.66733,2069
9.378000e-3,1.65121,2049
9.380000e-3,1.65121,2049
9.382000e-3,1.66733,2069
9.384000e-3,1.65604,2055
9.386000e-3,1.65201,2050
9.388000e-3,1.65846,2058
9.390000e-3,1.65846,2058
9.392000e-3,1.63429,2028
9.394000e-3,1.65443,2053
9.396000e-3,1.65443,2053
9.398000e-3,1.64718,2044
9.400000e-3,1.64799,2045
9.402000e-3,1.65927,2059
9.404000e-3,1.66168,2062
9.406000e-3,1.65040,2048
9.408000e-3,1.66571,2067
9.410000e-3,1.65363,2052
9.412000e-3,1.65201,2050
9.414000e-3,1.65927,2059
9.416000e-3,1.65766,2057
9.418000e-3,1.65846,2058
9.420000e-3,1.65685,2056
9.422000e-3,1.66088,2061
9.424000e-3,1.64234,2038
9.426000e-3,1.65524,2054
9.428000e-3,1.65524,2054
9.430000e-3,1.64799,2045
9.432000e-3,1.65040,2048
9.434000e-3,1.66007,2060
9.436000e-3,1.64557,2042
9.438000e-3,1.65282,2051
9.440000e-3,1.67136,2074
9.442000e-3,1.65040,2048
9.444000e-3,1.65040,2048
9.446000e-3,1.66410,2065
9.448000e-3,1.65443,2053
9.450000e-3,1.64879,2046
9.452000e-3,1.66491,2066
9.454000e-3,1.66007,2060
9.456000e-3,1.65121,2049
9.458000e-3,1.66088,2061
9.460000e-3,1.65685,2056
9.462000e-3,1.64557,2042
9.464000e-3,1.65040,2048
9.466000e-3,1.66007,2060
9.468000e-3,1.63832,2033
9.470000e-3,1.65604,2055
9.472000e-3,1.65927,2059
9.474000e-3,1.64476,2041
9.476000e-3,1.65685,2056
9.478000e-3,1.65685,2056
9.480000e-3,1.65040,2048
9.482000e-3,1.65363,2052
9.484000e-3,1.66330,2064
9.486000e-3,1.65040,2048
9.488000e-3,1.65282,2051
9.490000e-3,1.66974,2072
9.492000e-3,1.65604,2055
9.494000e-3,1.64960,2047
9.496000e-3,1.66491,2066
9.498000e-3,1.65685,2056
9.500000e-3,1.64154,2037
9.502000e-3,1.65927,2059
9.504000e-3,1.65363,2052
9.506000e-3,1.64315,2039
9.508000e-3,1.65685,2056
9.510000e-3,1.65766,2057
9.512000e-3,1.64799,2045
9.514000e-3,1.65201,2050
9.516000e-3,1.66168,2062
9.518000e-3,1.65040,2048
9.520000e-3,1.65363,2052
9.522000e-3,1.66168,2062
9.524000e-3,1.65524,2054
9.526000e-3,1.64799,2045
9.528000e-3,1.66168,2062
9.530000e-3,1.66330,2064
9.532000e-3,1.65040,2048
9.534000e-3,1.65846,2058
9.536000e-3,1.65685,2056
9.538000e-3,1.64315,2039
9.540000e-3,1.65282,2051
9.542000e-3,1.65766,2057
9.544000e-3,1.64234,2038
9.546000e-3,1.65443,2053
9.548000e-3,1.65927,2059
9.550000e-3,1.64718,2044
9.552000e-3,1.65201,2050
9.554000e-3,1.66330,2064
9.556000e-3,1.65363,2052
9.558000e-3,1.64879,2046
9.560000e-3,1.66491,2066
9.562000e-3,1.65685,2056
9.564000e-3,1.65121,2049
9.566000e-3,1.66088,2061
9.568000e-3,1.65604,2055
9.570000e-3,1.64315,2039
9.572000e-3,1.64718,2044
9.574000e-3,1.65927,2059
9.576000e-3,1.64154,2037
9.578000e-3,1.65604,2055
9.580000e-3,1.67136,2074
9.582000e-3,1.64718,2044
9.584000e-3,1.65443,2053
9.586000e-3,1.66168,2062
9.588000e-3,1.65201,2050
9.590000e-3,1.65040,2048
9.592000e-3,1.66652,2068
9.594000e-3,1.65121,2049
9.596000e-3,1.65121,2049
9.598000e-3,1.67458,2078
9.600000e-3,1.65685,2056
9.602000e-3,1.65443,2053
9.604000e-3,1.66249,2063
9.606000e-3,1.65604,2055
9.608000e-3,1.64718,2044
9.610000e-3,1.65846,2058
9.612000e-3,1.65524,2054
9.614000e-3,1.64476,2041
9.616000e-3,1.65282,2051
9.618000e-3,1.65927,2059
9.620000e-3,1.64073,2036
9.622000e-3,1.65201,2050
9.624000e-3,1.65846,2058
9.626000e-3,1.65040,2048
9.628000e-3,1.65201,2050
9.630000e-3,1.66168,2062
9.632000e-3,1.65201,2050
9.634000e-3,1.64799,2045
9.636000e-3,1.66652,2068
9.638000e-3,1.65685,2056
9.640000e-3,1.65363,2052
9.642000e-3,1.66168,2062
9.644000e-3,1.65040,2048
9.646000e-3,1.65040,2048
9.648000e-3,1.65685,2056
9.650000e-3,1.65766,2057
9.652000e-3,1.63912,2034
9.654000e-3,1.65604,2055
9.656000e-3,1.65604,2055
9.658000e-3,1.64557,2042
9.660000e-3,1.65363,2052
9.662000e-3,1.65524,2054
9.664000e-3,1.64799,2045
9.666000e-3,1.65040,2048
9.668000e-3,1.66330,2064
9.670000e-3,1.66491,2066
9.672000e-3,1.65121,2049
9.674000e-3,1.66733,2069
9.676000e-3,1.65201,2050
9.678000e-3,1.65121,2049
9.680000e-3,1.66330,2064
9.682000e-3,1.65846,2058
9.684000e-3,1.64799,2045
9.686000e-3,1.66088,2061
9.688000e-3,1.65524,2054
9.690000e-3,1.64315,2039
9.692000e-3,1.65121,2049
9.694000e-3,1.65685,2056
9.696000e-3,1.64557,2042
9.698000e-3,1.65201,2050
9.700000e-3,1.65846,2058
9.702000e-3,1.64476,2041
9.704000e-3,1.65363,2052
9.706000e-3,1.67136,2074
9.708000e-3,1.65040,2048
9.710000e-3,1.65604,2055
9.712000e-3,1.66652,2068
9.714000e-3,1.65363,2052
9.716000e-3,1.65040,2048
9.718000e-3,1.66652,2068
9.720000e-3,1.65040,2048
9.722000e-3,1.65121,2049
9.724000e-3,1.67377,2077
9.726000e-3,1.65685,2056
9.728000e-3,1.65443,2053
9.730000e-3,1.66168,2062
9.732000e-3,1.65766,2057
9.734000e-3,1.65040,2048
9.736000e-3,1.66007,2060
9.738000e-3,1.65363,2052
9.740000e-3,1.64960,2047
9.742000e-3,1.66813,2070
9.744000e-3,1.65685,2056
9.746000e-3,1.64799,2045
9.748000e-3,1.65927,2059
9.750000e-3,1.65846,2058
9.752000e-3,1.64154,2037
9.754000e-3,1.65040,2048
9.756000e-3,1.65363,2052
9.758000e-3,1.64154,2037
9.760000e-3,1.66652,2068
9.762000e-3,1.65846,2058
9.764000e-3,1.64718,2044
9.766000e-3,1.65524,2054
9.768000e-3,1.65766,2057
9.770000e-3,1.64315,2039
9.772000e-3,1.65685,2056
9.774000e-3,1.65524,2054
9.776000e-3,1.64637,2043
9.778000e-3,1.66491,2066
9.780000e-3,1.65685,2056
9.782000e-3,1.64799,2045
9.784000e-3,1.65201,2050
9.786000e-3,1.65846,2058
9.788000e-3,1.64718,2044
9.790000e-3,1.65282,2051
9.792000e-3,1.66088,2061
9.794000e-3,1.65363,2052
9.796000e-3,1.65685,2056
9.798000e-3,1.66571,2067
9.800000e-3,1.65363,2052
9.802000e-3,1.65040,2048
9.804000e-3,1.66652,2068
9.806000e-3,1.65040,2048
9.808000e-3,1.65201,2050
9.810000e-3,1.66168,2062
9.812000e-3,1.65766,2057
9.814000e-3,1.65927,2059
9.816000e-3,1.66330,2064
9.818000e-3,1.65846,2058
9.820000e-3,1.64960,2047
9.822000e-3,1.66088,2061
9.824000e-3,1.65443,2053
9.826000e-3,1.65201,2050
9.828000e-3,1.65766,2057
9.830000e-3,1.65927,2059
9.832000e-3,1.66330,2064
9.834000e-3,1.66007,2060
9.836000e-3,1.66007,2060
9.838000e-3,1.64718,2044
9.840000e-3,1.65685,2056
9.842000e-3,1.65685,2056
9.844000e-3,1.64396,2040
9.846000e-3,1.65121,2049
9.848000e-3,1.65927,2059
9.850000e-3,1.65363,2052
9.852000e-3,1.65443,2053
9.854000e-3,1.65846,2058
9.856000e-3,1.64799,2045
9.858000e-3,1.65040,2048
9.860000e-3,1.66330,2064
9.862000e-3,1.65363,2052
9.864000e-3,1.64879,2046
9.866000e-3,1.66571,2067
9.868000e-3,1.66491,2066
9.870000e-3,1.65201,2050
9.872000e-3,1.66410,2065
9.874000e-3,1.65524,2054
9.876000e-3,1.64718,2044
9.878000e-3,1.65766,2057
9.880000e-3,1.65524,2054
9.882000e-3,1.64637,2043
9.884000e-3,1.65927,2059
9.886000e-3,1.67297,2076
9.888000e-3,1.64234,2038
9.890000e-3,1.65685,2056
9.892000e-3,1.65846,2058
9.894000e-3,1.64557,2042
9.896000e-3,1.65201,2050
9.898000e-3,1.66571,2067
9.900000e-3,1.64315,2039
9.902000e-3,1.65443,2053
9.904000e-3,1.67055,2073
9.906000e-3,1.65040,2048
9.908000e-3,1.65363,2052
9.910000e-3,1.66491,2066
9.912000e-3,1.65282,2051
9.914000e-3,1.65040,2048
9.916000e-3,1.66894,2071
9.918000e-3,1.65201,2050
9.920000e-3,1.65201,2050
9.922000e-3,1.67136,2074
9.924000e-3,1.65524,2054
9.926000e-3,1.65443,2053
9.928000e-3,1.66249,2063
9.930000e-3,1.65685,2056
9.932000e-3,1.65040,2048
9.934000e-3,1.66007,2060
9.936000e-3,1.65443,2053
9.938000e-3,1.64476,2041
9.940000e-3,1.66813,2070
9.942000e-3,1.65846,2058
9.944000e-3,1.64799,2045
9.946000e-3,1.65524,2054
9.948000e-3,1.65846,2058
9.950000e-3,1.64396,2040
9.952000e-3,1.65040,2048
9.954000e-3,1.65524,2054
9.956000e-3,1.64718,2044
9.958000e-3,1.65927,2059
9.960000e-3,1.66330,2064
9.962000e-3,1.65363,2052
9.964000e-3,1.65201,2050
9.966000e-3,1.66652,2068
9.968000e-3,1.65201,2050
9.970000e-3,1.65282,2051
9.972000e-3,1.66088,2061
9.974000e-3,1.65685,2056
9.976000e-3,1.66491,2066
9.978000e-3,1.66330,2064
9.980000e-3,1.65846,2058
9.982000e-3,1.65121,2049
9.984000e-3,1.66007,2060
9.986000e-3,1.65846,2058
9.988000e-3,1.64396,2040
9.990000e-3,1.65604,2055
9.992000e-3,1.66330,2064
9.994000e-3,1.64396,2040
9.996000e-3,1.66007,2060
9.998000e-3,1.65927,2059
1.000000e-2,1.64396,2040
1.000200e-2,1.65282,2051
1.000400e-2,1.66007,2060
1.000600e-2,1.64718,2044
1.000800e-2,1.64960,2047
1.001000e-2,1.65846,2058
1.001200e-2,1.65282,2051
1.001400e-2,1.65363,2052
1.001600e-2,1.66330,2064
1.001800e-2,1.65040,2048
1.002000e-2,1.65282,2051
1.002200e-2,1.67780,2082
1.002400e-2,1.65524,2054
1.002600e-2,1.65443,2053
1.002800e-2,1.66491,2066
1.003000e-2,1.65443,2053
1.003200e-2,1.64799,2045
1.003400e-2,1.66410,2065
1.003600e-2,1.65282,2051
1.003800e-2,1.65363,2052
1.004000e-2,1.67458,2078
1.004200e-2,1.65685,2056
1.004400e-2,1.65282,2051
1.004600e-2,1.66007,2060
1.004800e-2,1.65846,2058
1.005000e-2,1.64557,2042
1.005200e-2,1.65766,2057
1.005400e-2,1.65443,2053
1.005600e-2,1.64476,2041
1.005800e-2,1.65524,2054
1.006000e-2,1.66007,2060
1.006200e-2,1.64637,2043
1.006400e-2,1.65363,2052
1.006600e-2,1.65685,2056
1.006800e-2,1.64476,2041
1.007000e-2,1.65363,2052
1.007200e-2,1.65766,2057
1.007400e-2,1.65282,2051
1.007600e-2,1.66249,2063
1.007800e-2,1.66571,2067
1.008000e-2,1.64960,2047
1.008200e-2,1.65040,2048
1.008400e-2,1.66491,2066
1.008600e-2,1.65685,2056
1.008800e-2,1.65282,2051
1.009000e-2,1.65766,2057
1.009200e-2,1.65685,2056
1.009400e-2,1.64637,2043
1.009600e-2,1.65927,2059
1.009800e-2,1.66168,2062
1.010000e-2,1.64234,2038
1.010200e-2,1.65363,2052
1.010400e-2,1.65685,2056
1.010600e-2,1.64476,2041
1.010800e-2,1.65040,2048
1.011000e-2,1.66007,2060
1.011200e-2,1.65685,2056
1.011400e-2,1.65363,2052
1.011600e-2,1.66088,2061
1.011800e-2,1.64960,2047
1.012000e-2,1.65040,2048
1.012200e-2,1.66007,2060
1.012400e-2,1.65363,2052
1.012600e-2,1.64879,2046
1.012800e-2,1.66652,2068
1.013000e-2,1.65201,2050
1.013200e-2,1.65121,2049
1.013400e-2,1.66733,2069
1.013600e-2,1.65443,2053
1.013800e-2,1.65121,2049
1.014000e-2,1.66088,2061
1.014200e-2,1.65685,2056
1.014400e-2,1.65040,2048
1.014600e-2,1.66007,2060
1.014800e-2,1.67136,2074
1.015000e-2,1.64315,2039
1.015200e-2,1.65766,2057
1.015400e-2,1.65685,2056
1.015600e-2,1.64557,2042
1.015800e-2,1.64396,2040
1.016000e-2,1.66007,2060
1.016200e-2,1.64476,2041
1.016400e-2,1.65363,2052
1.016600e-2,1.65766,2057
1.016800e-2,1.65121,2049
1.017000e-2,1.64476,2041
1.017200e-2,1.66571,2067
1.017400e-2,1.65282,2051
1.017600e-2,1.64154,2037
1.017800e-2,1.66571,2067
1.018000e-2,1.65121,2049
1.018200e-2,1.65363,2052
1.018400e-2,1.67538,2079
1.018600e-2,1.65846,2058
1.018800e-2,1.65282,2051
1.019000e-2,1.65846,2058
1.019200e-2,1.65846,2058
1.019400e-2,1.64073,2036
1.019600e-2,1.65766,2057
1.019800e-2,1.65443,2053
1.020000e-2,1.64396,2040
1.020200e-2,1.66652,2068
1.020400e-2,1.65846,2058
1.020600e-2,1.64799,2045
1.020800e-2,1.65201,2050
1.021000e-2,1.65846,2058
1.021200e-2,1.64799,2045
1.021400e-2,1.65282,2051
1.021600e-2,1.65927,2059
1.021800e-2,1.64960,2047
1.022000e-2,1.65927,2059
1.022200e-2,1.66652,2068
1.022400e-2,1.66330,2064
1.022600e-2,1.65201,2050
1.022800e-2,1.66491,2066
1.023000e-2,1.65201,2050
1.023200e-2,1.65201,2050
1.023400e-2,1.66088,2061
1.023600e-2,1.65604,2055
1.023800e-2,1.65040,2048
1.024000e-2,1.66330,2064
1.024200e-2,1.65604,2055
1.024400e-2,1.65201,2050
1.024600e-2,1.66168,2062
1.024800e-2,1.65443,2053
1.025000e-2,1.64879,2046
1.025200e-2,1.65443,2053
1.025400e-2,1.66007,2060
1.025600e-2,1.65604,2055
1.025800e-2,1.65685,2056
1.026000e-2,1.66088,2061
1.026200e-2,1.64315,2039
1.026400e-2,1.65443,2053
1.026600e-2,1.65685,2056
1.026800e-2,1.64718,2044
1.027000e-2,1.65040,2048
1.027200e-2,1.65927,2059
1.027400e-2,1.64879,2046
1.027600e-2,1.65363,2052
1.027800e-2,1.66088,2061
1.028000e-2,1.64718,2044
1.028200e-2,1.65201,2050
1.028400e-2,1.65846,2058
1.028600e-2,1.64960,2047
1.028800e-2,1.64799,2045
1.029000e-2,1.66330,2064
1.029200e-2,1.65201,2050
1.029400e-2,1.65282,2051
1.029600e-2,1.66652,2068
1.029800e-2,1.65201,2050
1.030000e-2,1.65201,2050
1.030200e-2,1.66571,2067
1.030400e-2,1.65443,2053
1.030600e-2,1.64799,2045
1.030800e-2,1.66491,2066
1.031000e-2,1.65443,2053
1.031200e-2,1.65121,2049
1.031400e-2,1.66652,2068
1.031600e-2,1.65604,2055
1.031800e-2,1.65363,2052
1.032000e-2,1.65766,2057
1.032200e-2,1.65846,2058
1.032400e-2,1.64476,2041
1.032600e-2,1.65846,2058
1.032800e-2,1.66974,2072
1.033000e-2,1.64396,2040
1.033200e-2,1.65846,2058
1.033400e-2,1.65766,2057
1.033600e-2,1.64315,2039
1.033800e-2,1.65282,2051
1.034000e-2,1.66007,2060
1.034200e-2,1.64315,2039
1.034400e-2,1.65524,2054
1.034600e-2,1.65846,2058
1.034800e-2,1.65040,2048
1.035000e-2,1.65363,2052
1.035200e-2,1.65846,2058
1.035400e-2,1.65040,2048
1.035600e-2,1.65040,2048
1.035800e-2,1.66652,2068
1.036000e-2,1.65040,2048
1.036200e-2,1.65201,2050
1.036400e-2,1.67780,2082
1.036600e-2,1.65685,2056
1.036800e-2,1.65443,2053
1.037000e-2,1.66330,2064
1.037200e-2,1.65685,2056
1.037400e-2,1.65040,2048
1.037600e-2,1.66088,2061
1.037800e-2,1.65443,2053
1.038000e-2,1.65121,2049
1.038200e-2,1.66330,2064
1.038400e-2,1.65766,2057
1.038600e-2,1.64960,2047
1.038800e-2,1.65766,2057
1.039000e-2,1.65766,2057
1.039200e-2,1.64154,2037
1.039400e-2,1.65604,2055
1.039600e-2,1.65443,2053
1.039800e-2,1.64476,2041
1.040000e-2,1.66330,2064
1.040200e-2,1.65927,2059
1.040400e-2,1.64637,2043
1.040600e-2,1.65363,2052
1.040800e-2,1.65927,2059
1.041000e-2,1.64557,2042
1.041200e-2,1.65363,2052
1.041400e-2,1.65685,2056
1.041600e-2,1.65282,2051
1.041800e-2,1.64637,2043
1.042000e-2,1.66571,2067
1.042200e-2,1.64718,2044
1.042400e-2,1.65040,2048
1.042600e-2,1.66491,2066
1.042800e-2,1.65121,2049
1.043000e-2,1.65201,2050
1.043200e-2,1.65766,2057
1.043400e-2,1.65604,2055
1.043600e-2,1.66491,2066
1.043800e-2,1.66330,2064
1.044000e-2,1.66007,2060
1.044200e-2,1.65201,2050
1.044400e-2,1.66088,2061
1.044600e-2,1.65524,2054
1.044800e-2,1.64718,2044
1.045000e-2,1.65282,2051
1.045200e-2,1.66007,2060
1.045400e-2,1.65524,2054
1.045600e-2,1.65524,2054
1.045800e-2,1.66088,2061
1.046000e-2,1.64557,2042
1.046200e-2,1.65524,2054
1.046400e-2,1.65685,2056
1.046600e-2,1.64879,2046
1.046800e-2,1.65040,2048
1.047000e-2,1.65766,2057
1.047200e-2,1.64637,2043
1.047400e-2,1.65282,2051
1.047600e-2,1.67216,2075
1.047800e-2,1.65201,2050
1.048000e-2,1.65282,2051
1.048200e-2,1.66491,2066
1.048400e-2,1.65363,2052
1.048600e-2,1.64799,2045
1.048800e-2,1.66733,2069
1.049000e-2,1.65604,2055
1.049200e-2,1.65121,2049
1.049400e-2,1.66652,2068
1.049600e-2,1.65524,2054
1.049800e-2,1.65121,2049
1.050000e-2,1.66168,2062
1.050200e-2,1.65685,2056
1.050400e-2,1.64799,2045
1.050600e-2,1.66249,2063
1.050800e-2,1.66491,2066
1.051000e-2,1.65040,2048
1.051200e-2,1.66249,2063
1.051400e-2,1.65685,2056
1.051600e-2,1.64637,2043
1.051800e-2,1.65685,2056
1.052000e-2,1.66007,2060
1.052200e-2,1.64154,2037
1.052400e-2,1.65524,2054
1.052600e-2,1.67136,2074
1.052800e-2,1.64718,2044
1.053000e-2,1.65443,2053
1.053200e-2,1.65846,2058
1.053400e-2,1.64879,2046
1.053600e-2,1.65201,2050
1.053800e-2,1.66330,2064
1.054000e-2,1.65040,2048
1.054200e-2,1.65363,2052
1.054400e-2,1.67700,2081
1.054600e-2,1.65604,2055
1.054800e-2,1.65363,2052
1.055000e-2,1.66491,2066
1.055200e-2,1.65524,2054
1.055400e-2,1.65040,2048
1.055600e-2,1.66491,2066
1.055800e-2,1.65282,2051
1.056000e-2,1.65363,2052
1.056200e-2,1.67780,2082
1.056400e-2,1.65846,2058
1.056600e-2,1.65443,2053
1.056800e-2,1.66007,2060
1.057000e-2,1.65766,2057
1.057200e-2,1.65040,2048
1.057400e-2,1.65927,2059
1.057600e-2,1.65604,2055
1.057800e-2,1.64476,2041
1.058000e-2,1.66330,2064
1.058200e-2,1.65846,2058
1.058400e-2,1.64799,2045
1.058600e-2,1.65363,2052
1.058800e-2,1.65846,2058
1.059000e-2,1.65040,2048
1.059200e-2,1.65201,2050
1.059400e-2,1.66410,2065
1.059600e-2,1.65604,2055
1.059800e-2,1.66249,2063
1.060000e-2,1.66330,2064
1.060200e-2,1.65927,2059
1.060400e-2,1.65201,2050
1.060600e-2,1.66007,2060
1.060800e-2,1.65524,2054
1.061000e-2,1.64557,2042
1.061200e-2,1.65443,2053
1.061400e-2,1.65927,2059
1.061600e-2,1.65685,2056
1.061800e-2,1.65685,2056
1.062000e-2,1.66088,2061
1.062200e-2,1.64476,2041
1.062400e-2,1.65524,2054
1.062600e-2,1.65685,2056
1.062800e-2,1.64637,2043
1.063000e-2,1.65040,2048
1.063200e-2,1.65927,2059
1.063400e-2,1.64879,2046
1.063600e-2,1.65121,2049
1.063800e-2,1.65927,2059
1.064000e-2,1.65040,2048
1.064200e-2,1.65040,2048
1.064400e-2,1.66410,2065
1.064600e-2,1.65524,2054
1.064800e-2,1.65040,2048
1.065000e-2,1.66491,2066
1.065200e-2,1.66652,2068
1.065400e-2,1.65201,2050
1.065600e-2,1.66571,2067
1.065800e-2,1.65524,2054
1.066000e-2,1.65201,2050
1.066200e-2,1.65685,2056
1.066400e-2,1.65846,2058
1.066600e-2,1.63993,2035
1.066800e-2,1.65846,2058
1.067000e-2,1.66733,2069
1.067200e-2,1.64557,2042
1.067400e-2,1.65443,2053
1.067600e-2,1.65846,2058
1.067800e-2,1.65201,2050
1.068000e-2,1.65040,2048
1.068200e-2,1.66813,2070
1.068400e-2,1.65121,2049
1.068600e-2,1.64960,2047
1.068800e-2,1.67780,2082
1.069000e-2,1.65524,2054
1.069200e-2,1.65363,2052
1.069400e-2,1.66168,2062
1.069600e-2,1.65685,2056
1.069800e-2,1.64234,2038
1.070000e-2,1.65685,2056
1.070200e-2,1.65121,2049
1.070400e-2,1.64476,2041
1.070600e-2,1.65282,2051
1.070800e-2,1.65846,2058
1.071000e-2,1.65121,2049
1.071200e-2,1.65121,2049
1.071400e-2,1.66330,2064
1.071600e-2,1.65040,2048
1.071800e-2,1.65040,2048
1.072000e-2,1.66249,2063
1.072200e-2,1.65524,2054
1.072400e-2,1.65040,2048
1.072600e-2,1.66330,2064
1.072800e-2,1.65927,2059
1.073000e-2,1.64879,2046
1.073200e-2,1.65685,2056
1.073400e-2,1.65685,2056
1.073600e-2,1.64476,2041
1.073800e-2,1.65121,2049
1.074000e-2,1.65846,2058
1.074200e-2,1.65363,2052
1.074400e-2,1.65282,2051
1.074600e-2,1.66733,2069
1.074800e-2,1.65201,2050
1.075000e-2,1.65201,2050
1.075200e-2,1.66330,2064
1.075400e-2,1.65524,2054
1.075600e-2,1.64879,2046
1.075800e-2,1.66088,2061
1.076000e-2,1.65524,2054
1.076200e-2,1.64799,2045
1.076400e-2,1.65927,2059
1.076600e-2,1.66007,2060
1.076800e-2,1.64234,2038
1.077000e-2,1.65443,2053
1.077200e-2,1.65846,2058
1.077400e-2,1.64637,2043
1.077600e-2,1.64960,2047
1.077800e-2,1.67941,2084
1.078000e-2,1.65443,2053
1.078200e-2,1.65363,2052
1.078400e-2,1.66330,2064
1.078600e-2,1.65604,2055
1.078800e-2,1.65040,2048
1.079000e-2,1.65766,2057
1.079200e-2,1.65524,2054
1.079400e-2,1.64476,2041
1.079600e-2,1.65443,2053
1.079800e-2,1.65846,2058
1.080000e-2,1.64879,2046
1.080200e-2,1.65363,2052
1.080400e-2,1.65846,2058
1.080600e-2,1.65443,2053
1.080800e-2,1.65201,2050
1.081000e-2,1.66410,2065
1.081200e-2,1.65524,2054
1.081400e-2,1.65604,2055
1.081600e-2,1.66410,2065
1.081800e-2,1.66088,2061
1.082000e-2,1.65201,2050
1.082200e-2,1.66007,2060
1.082400e-2,1.65685,2056
1.082600e-2,1.64315,2039
1.082800e-2,1.65121,2049
1.083000e-2,1.65927,2059
1.083200e-2,1.65846,2058
1.083400e-2,1.65443,2053
1.083600e-2,1.66088,2061
1.083800e-2,1.64718,2044
1.084000e-2,1.65201,2050
1.084200e-2,1.66007,2060
1.084400e-2,1.65121,2049
1.084600e-2,1.65040,2048
1.084800e-2,1.66410,2065
1.085000e-2,1.65443,2053
1.085200e-2,1.65121,2049
1.085400e-2,1.66894,2071
1.085600e-2,1.65363,2052
1.085800e-2,1.65040,2048
1.086000e-2,1.66330,2064
1.086200e-2,1.65685,2056
1.086400e-2,1.64799,2045
1.086600e-2,1.66007,2060
1.086800e-2,1.66491,2066
1.087000e-2,1.64315,2039
1.087200e-2,1.65604,2055
1.087400e-2,1.65685,2056
1.087600e-2,1.64718,2044
1.087800e-2,1.65040,2048
1.088000e-2,1.66330,2064
1.088200e-2,1.65040,2048
1.088400e-2,1.64960,2047
1.088600e-2,1.67861,2083
1.088800e-2,1.65604,2055
1.089000e-2,1.65443,2053
1.089200e-2,1.66330,2064
1.089400e-2,1.65443,2053
1.089600e-2,1.65040,2048
1.089800e-2,1.66410,2065
1.090000e-2,1.65363,2052
1.090200e-2,1.64879,2046
1.090400e-2,1.66974,2072
1.090600e-2,1.65846,2058
1.090800e-2,1.64637,2043
1.091000e-2,1.65201,2050
1.091200e-2,1.65846,2058
1.091400e-2,1.64718,2044
1.091600e-2,1.65201,2050
1.091800e-2,1.66330,2064
1.092000e-2,1.65524,2054
1.092200e-2,1.66330,2064
1.092400e-2,1.66330,2064
1.092600e-2,1.66007,2060
1.092800e-2,1.65201,2050
1.093000e-2,1.66007,2060
1.093200e-2,1.65685,2056
1.093400e-2,1.64960,2047
1.093600e-2,1.65443,2053
1.093800e-2,1.65766,2057
1.094000e-2,1.64315,2039
1.094200e-2,1.65443,2053
1.094400e-2,1.66168,2062
1.094600e-2,1.64637,2043
1.094800e-2,1.65201,2050
1.095000e-2,1.65685,2056
1.095200e-2,1.65282,2051
1.095400e-2,1.64718,2044
1.095600e-2,1.66571,2067
1.095800e-2,1.65846,2058
1.096000e-2,1.65201,2050
1.096200e-2,1.66410,2065
1.096400e-2,1.65604,2055
1.096600e-2,1.65040,2048
1.096800e-2,1.65685,2056
1.097000e-2,1.65927,2059
1.097200e-2,1.64073,2036
1.097400e-2,1.65524,2054
1.097600e-2,1.66974,2072
1.097800e-2,1.65040,2048
1.098000e-2,1.65443,2053
1.098200e-2,1.66410,2065
1.098400e-2,1.64476,2041
1.098600e-2,1.64960,2047
1.098800e-2,1.66491,2066
1.099000e-2,1.65363,2052
1.099200e-2,1.64637,2043
1.099400e-2,1.66088,2061
1.099600e-2,1.65040,2048
1.099800e-2,1.64879,2046
1.100000e-2,1.65685,2056
1.100200e-2,1.65927,2059
1.100400e-2,1.63912,2034
1.100600e-2,1.65282,2051
1.100800e-2,1.66007,2060
1.101000e-2,1.64637,2043
1.101200e-2,1.65524,2054
1.101400e-2,1.66007,2060
1.101600e-2,1.65201,2050
1.101800e-2,1.64799,2045
1.102000e-2,1.66571,2067
1.102200e-2,1.65040,2048
1.102400e-2,1.65363,2052
1.102600e-2,1.66410,2065
1.102800e-2,1.65604,2055
1.103000e-2,1.64799,2045
1.103200e-2,1.65524,2054
1.103400e-2,1.65443,2053
1.103600e-2,1.64073,2036
1.103800e-2,1.65766,2057
1.104000e-2,1.66733,2069
1.104200e-2,1.64557,2042
1.104400e-2,1.65604,2055
1.104600e-2,1.65685,2056
1.104800e-2,1.64879,2046
1.105000e-2,1.65040,2048
1.105200e-2,1.66733,2069
1.105400e-2,1.65040,2048
1.105600e-2,1.65121,2049
1.105800e-2,1.65927,2059
1.106000e-2,1.65766,2057
1.106200e-2,1.64799,2045
1.106400e-2,1.66007,2060
1.106600e-2,1.65766,2057
1.106800e-2,1.64154,2037
1.107000e-2,1.65685,2056
1.107200e-2,1.65443,2053
1.107400e-2,1.64637,2043
1.107600e-2,1.66330,2064
1.107800e-2,1.65846,2058
1.108000e-2,1.64960,2047
1.108200e-2,1.65201,2050
1.108400e-2,1.65846,2058
1.108600e-2,1.64718,2044
1.108800e-2,1.65846,2058
1.109000e-2,1.66007,2060
1.109200e-2,1.65363,2052
1.109400e-2,1.66249,2063
1.109600e-2,1.66652,2068
1.109800e-2,1.65685,2056
1.110000e-2,1.65201,2050
1.110200e-2,1.66330,2064
1.110400e-2,1.65685,2056
1.110600e-2,1.65121,2049
1.110800e-2,1.65443,2053
1.111000e-2,1.66168,2062
1.111200e-2,1.65524,2054
1.111400e-2,1.65524,2054
1.111600e-2,1.66088,2061
1.111800e-2,1.64557,2042
1.112000e-2,1.65363,2052
1.112200e-2,1.66168,2062
1.112400e-2,1.65363,2052
1.112600e-2,1.64879,2046
1.112800e-2,1.66652,2068
1.113000e-2,1.66813,2070
1.113200e-2,1.65040,2048
1.113400e-2,1.66410,2065
1.113600e-2,1.65524,2054
1.113800e-2,1.65201,2050
1.114000e-2,1.65685,2056
1.114200e-2,1.65846,2058
1.114400e-2,1.64234,2038
1.114600e-2,1.65524,2054
1.114800e-2,1.66491,2066
1.115000e-2,1.64879,2046
1.115200e-2,1.65443,2053
1.115400e-2,1.66168,2062
1.115600e-2,1.65282,2051
1.115800e-2,1.65040,2048
1.116000e-2,1.66652,2068
1.116200e-2,1.65282,2051
1.116400e-2,1.65282,2051
1.116600e-2,1.65685,2056
1.116800e-2,1.65766,2057
1.117000e-2,1.64879,2046
1.117200e-2,1.65685,2056
1.117400e-2,1.65846,2058
1.117600e-2,1.64154,2037
1.117800e-2,1.65685,2056
1.118000e-2,1.65443,2053
1.118200e-2,1.64476,2041
1.118400e-2,1.64960,2047
1.118600e-2,1.65927,2059
1.118800e-2,1.65282,2051
1.119000e-2,1.65040,2048
1.119200e-2,1.66571,2067
1.119400e-2,1.65121,2049
1.119600e-2,1.65040,2048
1.119800e-2,1.66249,2063
1.120000e-2,1.65524,2054
1.120200e-2,1.65282,2051
1.120400e-2,1.66088,2061
1.120600e-2,1.65927,2059
1.120800e-2,1.64799,2045
1.121000e-2,1.65846,2058
1.121200e-2,1.65040,2048
1.121400e-2,1.64396,2040
1.121600e-2,1.65121,2049
1.121800e-2,1.65766,2057
1.122000e-2,1.65604,2055
1.122200e-2,1.65282,2051
1.122400e-2,1.66571,2067
1.122600e-2,1.65040,2048
1.122800e-2,1.65201,2050
1.123000e-2,1.66330,2064
1.123200e-2,1.65604,2055
1.123400e-2,1.65040,2048
1.123600e-2,1.66088,2061
1.123800e-2,1.66168,2062
1.124000e-2,1.64799,2045
1.124200e-2,1.65846,2058
1.124400e-2,1.65846,2058
1.124600e-2,1.64315,2039
1.124800e-2,1.65201,2050
1.125000e-2,1.65766,2057
1.125200e-2,1.64718,2044
1.125400e-2,1.65282,2051
1.125600e-2,1.67941,2084
1.125800e-2,1.65363,2052
1.126000e-2,1.65443,2053
1.126200e-2,1.66491,2066
1.126400e-2,1.65524,2054
1.126600e-2,1.65040,2048
1.126800e-2,1.66168,2062
1.127000e-2,1.65443,2053
1.127200e-2,1.64557,2042
1.127400e-2,1.66652,2068
1.127600e-2,1.65846,2058
1.127800e-2,1.64799,2045
1.128000e-2,1.65282,2051
1.128200e-2,1.65766,2057
1.128400e-2,1.64718,2044
1.128600e-2,1.65282,2051
1.128800e-2,1.65927,2059
1.129000e-2,1.65201,2050
1.129200e-2,1.66491,2066
1.129400e-2,1.66652,2068
1.129600e-2,1.65685,2056
1.129800e-2,1.65040,2048
1.130000e-2,1.66491,2066
1.130200e-2,1.65443,2053
1.130400e-2,1.65201,2050
1.130600e-2,1.66007,2060
1.130800e-2,1.65927,2059
1.131000e-2,1.64637,2043
1.131200e-2,1.65846,2058
1.131400e-2,1.66088,2061
1.131600e-2,1.64396,2040
1.131800e-2,1.65524,2054
1.132000e-2,1.65604,2055
1.132200e-2,1.64960,2047
1.132400e-2,1.64879,2046
1.132600e-2,1.66410,2065
1.132800e-2,1.65685,2056
1.133000e-2,1.64799,2045
1.133200e-2,1.66652,2068
1.133400e-2,1.65685,2056
1.133600e-2,1.64879,2046
1.133800e-2,1.65685,2056
1.134000e-2,1.65846,2058
1.134200e-2,1.64315,2039
1.134400e-2,1.65524,2054
1.134600e-2,1.67297,2076
1.134800e-2,1.65040,2048
1.135000e-2,1.65443,2053
1.135200e-2,1.66168,2062
1.135400e-2,1.65282,2051
1.135600e-2,1.65040,2048
1.135800e-2,1.66652,2068
1.136000e-2,1.65121,2049
1.136200e-2,1.65363,2052
1.136400e-2,1.66571,2067
1.136600e-2,1.65927,2059
1.136800e-2,1.64637,2043
1.137000e-2,1.65685,2056
1.137200e-2,1.65927,2059
1.137400e-2,1.64154,2037
1.137600e-2,1.65524,2054
1.137800e-2,1.65443,2053
1.138000e-2,1.64799,2045
1.138200e-2,1.65282,2051
1.138400e-2,1.66571,2067
1.138600e-2,1.65927,2059
1.138800e-2,1.65040,2048
1.139000e-2,1.66652,2068
1.139200e-2,1.65363,2052
1.139400e-2,1.65201,2050
1.139600e-2,1.65927,2059
1.139800e-2,1.65846,2058
1.140000e-2,1.66491,2066
1.140200e-2,1.65685,2056
1.140400e-2,1.66088,2061
1.140600e-2,1.64396,2040
1.140800e-2,1.65363,2052
1.141000e-2,1.65524,2054
1.141200e-2,1.64879,2046
1.141400e-2,1.64799,2045
1.141600e-2,1.66491,2066
1.141800e-2,1.66571,2067
1.142000e-2,1.65201,2050
1.142200e-2,1.66733,2069
1.142400e-2,1.65604,2055
1.142600e-2,1.65040,2048
1.142800e-2,1.65766,2057
1.143000e-2,1.65846,2058
1.143200e-2,1.63993,2035
1.143400e-2,1.65604,2055
1.143600e-2,1.66974,2072
1.143800e-2,1.64718,2044
1.144000e-2,1.65443,2053
1.144200e-2,1.66007,2060
1.144400e-2,1.65201,2050
1.144600e-2,1.65040,2048
1.144800e-2,1.66007,2060
1.145000e-2,1.65282,2051
1.145200e-2,1.65363,2052
1.145400e-2,1.67297,2076
1.145600e-2,1.65846,2058
1.145800e-2,1.64960,2047
1.146000e-2,1.65846,2058
1.146200e-2,1.65846,2058
1.146400e-2,1.64073,2036
1.146600e-2,1.65524,2054
1.146800e-2,1.65524,2054
1.147000e-2,1.64799,2045
1.147200e-2,1.66491,2066
1.147400e-2,1.65846,2058
1.147600e-2,1.65443,2053
1.147800e-2,1.64960,2047
1.148000e-2,1.66491,2066
1.148200e-2,1.65363,2052
1.148400e-2,1.65282,2051
1.148600e-2,1.65766,2057
1.148800e-2,1.65846,2058
1.149000e-2,1.64960,2047
1.149200e-2,1.65766,2057
1.149400e-2,1.66733,2069
1.149600e-2,1.64234,2038
1.149800e-2,1.65443,2053
1.150000e-2,1.65685,2056
1.150200e-2,1.64637,2043
1.150400e-2,1.65040,2048
1.150600e-2,1.65927,2059
1.150800e-2,1.65443,2053
1.151000e-2,1.65282,2051
1.151200e-2,1.66330,2064
1.151400e-2,1.65363,2052
1.151600e-2,1.65121,2049
1.151800e-2,1.66330,2064
1.152000e-2,1.65604,2055
1.152200e-2,1.64637,2043
1.152400e-2,1.66249,2063
1.152600e-2,1.67055,2073
1.152800e-2,1.64476,2041
1.153000e-2,1.65524,2054
1.153200e-2,1.65927,2059
1.153400e-2,1.64718,2044
1.153600e-2,1.65685,2056
1.153800e-2,1.66330,2064
1.154000e-2,1.65040,2048
1.154200e-2,1.64960,2047
1.154400e-2,1.66652,2068
1.154600e-2,1.65524,2054
1.154800e-2,1.65443,2053
1.155000e-2,1.66007,2060
1.155200e-2,1.65685,2056
1.155400e-2,1.64396,2040
1.155600e-2,1.65685,2056
1.155800e-2,1.65604,2055
1.156000e-2,1.64718,2044
1.156200e-2,1.66330,2064
1.156400e-2,1.65766,2057
1.156600e-2,1.65685,2056
1.156800e-2,1.65201,2050
1.157000e-2,1.66652,2068
1.157200e-2,1.66007,2060
1.157400e-2,1.65201,2050
1.157600e-2,1.65846,2058
1.157800e-2,1.65927,2059
1.158000e-2,1.65040,2048
1.158200e-2,1.65685,2056
1.158400e-2,1.65927,2059
1.158600e-2,1.64315,2039
1.158800e-2,1.65363,2052
1.159000e-2,1.65766,2057
1.159200e-2,1.64960,2047
1.159400e-2,1.65040,2048
1.159600e-2,1.66571,2067
1.159800e-2,1.66652,2068
1.160000e-2,1.65363,2052
1.160200e-2,1.66813,2070
1.160400e-2,1.65363,2052
1.160600e-2,1.65040,2048
1.160800e-2,1.65363,2052
1.161000e-2,1.65685,2056
1.161200e-2,1.64154,2037
1.161400e-2,1.65685,2056
1.161600e-2,1.66410,2065
1.161800e-2,1.64476,2041
1.162000e-2,1.65604,2055
1.162200e-2,1.65846,2058
1.162400e-2,1.65040,2048
1.162600e-2,1.65040,2048
1.162800e-2,1.66652,2068
1.163000e-2,1.65121,2049
1.163200e-2,1.65363,2052
1.163400e-2,1.67700,2081
1.163600e-2,1.65685,2056
1.163800e-2,1.65363,2052
1.164000e-2,1.65846,2058
1.164200e-2,1.65846,2058
1.164400e-2,1.64073,2036
1.164600e-2,1.65524,2054
1.164800e-2,1.65443,2053
1.165000e-2,1.64879,2046
1.165200e-2,1.65927,2059
1.165400e-2,1.66088,2061
1.165600e-2,1.65443,2053
1.165800e-2,1.65040,2048
1.166000e-2,1.66652,2068
1.166200e-2,1.65201,2050
1.166400e-2,1.65363,2052
1.166600e-2,1.66088,2061
1.166800e-2,1.65685,2056
1.167000e-2,1.64799,2045
1.167200e-2,1.65766,2057
1.167400e-2,1.65846,2058
1.167600e-2,1.64234,2038
1.167800e-2,1.65524,2054
1.168000e-2,1.65685,2056
1.168200e-2,1.64557,2042
1.168400e-2,1.65040,2048
1.168600e-2,1.65846,2058
1.168800e-2,1.65363,2052
1.169000e-2,1.65201,2050
1.169200e-2,1.66813,2070
1.169400e-2,1.65282,2051
1.169600e-2,1.65121,2049
1.169800e-2,1.66330,2064
1.170000e-2,1.65604,2055
1.170200e-2,1.64799,2045
1.170400e-2,1.66249,2063
1.170600e-2,1.66007,2060
1.170800e-2,1.65121,2049
1.171000e-2,1.66249,2063
1.171200e-2,1.65685,2056
1.171400e-2,1.64315,2039
1.171600e-2,1.65040,2048
1.171800e-2,1.65846,2058
1.172000e-2,1.64154,2037
1.172200e-2,1.64960,2047
1.172400e-2,1.65685,2056
1.172600e-2,1.65040,2048
1.172800e-2,1.65524,2054
1.173000e-2,1.65846,2058
1.173200e-2,1.65040,2048
1.173400e-2,1.64799,2045
1.173600e-2,1.66733,2069
1.173800e-2,1.65040,2048
1.174000e-2,1.64960,2047
1.174200e-2,1.66894,2071
1.174400e-2,1.65604,2055
1.174600e-2,1.66249,2063
1.174800e-2,1.66007,2060
1.175000e-2,1.65846,2058
1.175200e-2,1.64396,2040
1.175400e-2,1.65846,2058
1.175600e-2,1.65443,2053
1.175800e-2,1.64557,2042
1.176000e-2,1.65846,2058
1.176200e-2,1.65766,2057
1.176400e-2,1.65282,2051
1.176600e-2,1.65201,2050
1.176800e-2,1.66571,2067
1.177000e-2,1.65121,2049
1.177200e-2,1.65201,2050
1.177400e-2,1.66088,2061
1.177600e-2,1.65846,2058
1.177800e-2,1.66249,2063
1.178000e-2,1.66088,2061
1.178200e-2,1.66088,2061
1.178400e-2,1.64234,2038
1.178600e-2,1.65363,2052
1.178800e-2,1.65685,2056
1.179000e-2,1.64960,2047
1.179200e-2,1.65040,2048
1.179400e-2,1.66652,2068
1.179600e-2,1.65766,2057
1.179800e-2,1.65040,2048
1.180000e-2,1.66571,2067
1.180200e-2,1.65524,2054
1.180400e-2,1.65201,2050
1.180600e-2,1.66007,2060
1.180800e-2,1.65846,2058
1.181000e-2,1.64476,2041
1.181200e-2,1.65766,2057
1.181400e-2,1.66652,2068
1.181600e-2,1.64637,2043
1.181800e-2,1.66249,2063
1.182000e-2,1.65685,2056
1.182200e-2,1.65040,2048
1.182400e-2,1.65040,2048
1.182600e-2,1.66652,2068
1.182800e-2,1.65040,2048
1.183000e-2,1.65363,2052
1.183200e-2,1.67780,2082
1.183400e-2,1.65524,2054
1.183600e-2,1.65443,2053
1.183800e-2,1.66168,2062
1.184000e-2,1.65685,2056
1.184200e-2,1.64718,2044
1.184400e-2,1.65846,2058
1.184600e-2,1.65443,2053
1.184800e-2,1.64396,2040
1.185000e-2,1.65927,2059
1.185200e-2,1.65927,2059
1.185400e-2,1.64154,2037
1.185600e-2,1.65201,2050
1.185800e-2,1.66330,2064
1.186000e-2,1.65040,2048
1.186200e-2,1.65121,2049
1.186400e-2,1.66088,2061
1.186600e-2,1.65524,2054
1.186800e-2,1.66088,2061
1.187000e-2,1.66168,2062
1.187200e-2,1.65927,2059
1.187400e-2,1.64879,2046
1.187600e-2,1.65685,2056
1.187800e-2,1.65685,2056
1.188000e-2,1.64315,2039
1.188200e-2,1.65282,2051
1.188400e-2,1.65927,2059
1.188600e-2,1.66007,2060
1.188800e-2,1.65363,2052
1.189000e-2,1.66088,2061
1.189200e-2,1.65363,2052
1.189400e-2,1.65201,2050
1.189600e-2,1.66652,2068
1.189800e-2,1.65363,2052
1.190000e-2,1.64799,2045
1.190200e-2,1.66249,2063
1.190400e-2,1.64960,2047
1.190600e-2,1.65282,2051
1.190800e-2,1.66410,2065
1.191000e-2,1.65766,2057
1.191200e-2,1.64799,2045
1.191400e-2,1.65685,2056
1.191600e-2,1.66007,2060
1.191800e-2,1.63832,2033
1.192000e-2,1.65604,2055
1.192200e-2,1.66733,2069
1.192400e-2,1.64637,2043
1.192600e-2,1.66007,2060
1.192800e-2,1.65846,2058
1.193000e-2,1.65040,2048
1.193200e-2,1.65040,2048
1.193400e-2,1.66652,2068
1.193600e-2,1.65040,2048
1.193800e-2,1.65121,2049
1.194000e-2,1.65927,2059
1.194200e-2,1.65282,2051
1.194400e-2,1.65685,2056
1.194600e-2,1.66007,2060
1.194800e-2,1.65766,2057
1.195000e-2,1.64396,2040
1.195200e-2,1.65846,2058
1.195400e-2,1.65443,2053
1.195600e-2,1.64315,2039
1.195800e-2,1.66813,2070
1.196000e-2,1.66007,2060
1.196200e-2,1.64799,2045
1.196400e-2,1.64960,2047
1.196600e-2,1.66088,2061
1.196800e-2,1.65040,2048
1.197000e-2,1.65121,2049
1.197200e-2,1.66330,2064
1.197400e-2,1.65443,2053
1.197600e-2,1.66168,2062
1.197800e-2,1.66330,2064
1.198000e-2,1.66007,2060
1.198200e-2,1.64960,2047
1.198400e-2,1.65685,2056
1.198600e-2,1.65524,2054
1.198800e-2,1.64637,2043
1.199000e-2,1.65443,2053
1.199200e-2,1.65201,2050
1.199400e-2,1.64396,2040
1.199600e-2,1.65685,2056
1.199800e-2,1.65846,2058
