# MCU_ADC_CAPTURE: ADC3 sampling PA4 through the A2-A5 jumper, TIM8-triggered, DMA2
# capture 7 mode pulse rate 500000 Hz, vref 3.3 V ASSUMED, window HANN
# NOT an oscilloscope measurement
time_s,volts,adc_counts
0.000000e+0,1.64154,2037
2.000000e-6,1.65685,2056
4.000000e-6,1.66088,2061
6.000000e-6,1.65121,2049
8.000000e-6,1.65282,2051
1.000000e-5,1.66733,2069
1.200000e-5,1.65766,2057
1.400000e-5,1.65443,2053
1.600000e-5,1.66088,2061
1.800000e-5,1.66007,2060
2.000000e-5,1.64476,2041
2.200000e-5,1.65443,2053
2.400000e-5,1.66007,2060
2.600000e-5,1.65121,2049
2.800000e-5,1.65282,2051
3.000000e-5,1.66733,2069
3.200000e-5,1.65685,2056
3.400000e-5,1.65363,2052
3.600000e-5,1.66330,2064
3.800000e-5,1.66007,2060
4.000000e-5,1.64637,2043
4.200000e-5,1.65685,2056
4.400000e-5,1.66088,2061
4.600000e-5,1.64960,2047
4.800000e-5,1.65524,2054
5.000000e-5,1.66652,2068
5.200000e-5,1.65524,2054
5.400000e-5,1.65282,2051
5.600000e-5,1.66571,2067
5.800000e-5,1.65766,2057
6.000000e-5,1.65443,2053
6.200000e-5,1.66088,2061
6.400000e-5,1.66007,2060
6.600000e-5,1.64476,2041
6.800000e-5,1.65766,2057
7.000000e-5,1.65282,2051
7.200000e-5,1.65040,2048
7.400000e-5,1.65443,2053
7.600000e-5,1.66894,2071
7.800000e-5,1.64476,2041
8.000000e-5,1.65927,2059
8.200000e-5,1.67377,2077
8.400000e-5,1.65685,2056
8.600000e-5,1.64718,2044
8.800000e-5,1.65685,2056
9.000000e-5,1.65685,2056
9.200000e-5,1.64396,2040
9.400000e-5,1.65766,2057
9.600000e-5,1.66088,2061
9.800000e-5,1.64637,2043
1.000000e-4,1.65282,2051
1.020000e-4,1.65927,2059
1.040000e-4,1.65363,2052
1.060000e-4,1.65363,2052
1.080000e-4,1.66894,2071
1.100000e-4,1.65685,2056
1.120000e-4,1.65443,2053
1.140000e-4,1.66410,2065
1.160000e-4,1.65927,2059
1.180000e-4,1.64476,2041
1.200000e-4,1.65766,2057
1.220000e-4,1.65927,2059
1.240000e-4,1.64799,2045
1.260000e-4,1.65443,2053
1.280000e-4,1.66330,2064
1.300000e-4,1.65685,2056
1.320000e-4,1.65121,2049
1.340000e-4,1.66571,2067
1.360000e-4,1.66007,2060
1.380000e-4,1.65121,2049
1.400000e-4,1.66249,2063
1.420000e-4,1.65927,2059
1.440000e-4,1.64476,2041
1.460000e-4,1.65766,2057
1.480000e-4,1.66007,2060
1.500000e-4,1.64799,2045
1.520000e-4,1.65443,2053
1.540000e-4,1.66007,2060
1.560000e-4,1.65121,2049
1.580000e-4,1.65443,2053
1.600000e-4,1.66652,2068
1.620000e-4,1.65443,2053
1.640000e-4,1.65363,2052
1.660000e-4,1.66733,2069
1.680000e-4,1.65766,2057
1.700000e-4,1.65604,2055
1.720000e-4,1.66249,2063
1.740000e-4,1.65927,2059
1.760000e-4,1.64476,2041
1.780000e-4,1.65766,2057
1.800000e-4,1.65927,2059
1.820000e-4,1.64799,2045
1.840000e-4,1.65443,2053
1.860000e-4,1.66652,2068
1.880000e-4,1.65685,2056
1.900000e-4,1.65443,2053
1.920000e-4,1.66410,2065
1.940000e-4,1.65927,2059
1.960000e-4,1.65282,2051
1.980000e-4,1.66088,2061
2.000000e-4,1.66168,2062
2.020000e-4,1.64637,2043
2.040000e-4,1.65685,2056
2.060000e-4,1.65927,2059
2.080000e-4,1.65121,2049
2.100000e-4,1.65363,2052
2.120000e-4,1.66733,2069
2.140000e-4,1.65766,2057
2.160000e-4,1.65363,2052
2.180000e-4,1.66088,2061
2.200000e-4,1.65927,2059
2.220000e-4,1.64476,2041
2.240000e-4,1.65685,2056
2.260000e-4,1.66007,2060
2.280000e-4,1.64799,2045
2.300000e-4,1.65363,2052
2.320000e-4,1.66491,2066
2.340000e-4,1.65443,2053
2.360000e-4,1.65363,2052
2.380000e-4,1.66571,2067
2.400000e-4,1.65927,2059
2.420000e-4,1.64960,2047
2.440000e-4,1.66007,2060
2.460000e-4,1.66007,2060
2.480000e-4,1.64799,2045
2.500000e-4,1.65443,2053
2.520000e-4,1.66249,2063
2.540000e-4,1.65363,2052
2.560000e-4,1.65121,2049
2.580000e-4,1.67055,2073
2.600000e-4,1.65766,2057
2.620000e-4,1.65443,2053
2.640000e-4,1.66410,2065
2.660000e-4,1.66007,2060
2.680000e-4,1.64637,2043
2.700000e-4,1.65766,2057
2.720000e-4,1.66088,2061
2.740000e-4,1.64476,2041
2.760000e-4,1.65685,2056
2.780000e-4,1.65766,2057
2.800000e-4,1.65040,2048
2.820000e-4,1.65363,2052
2.840000e-4,1.66894,2071
2.860000e-4,1.65685,2056
2.880000e-4,1.65443,2053
2.900000e-4,1.66571,2067
2.920000e-4,1.66007,2060
2.940000e-4,1.65121,2049
2.960000e-4,1.66088,2061
2.980000e-4,1.65524,2054
3.000000e-4,1.64315,2039
3.020000e-4,1.65846,2058
3.040000e-4,1.65685,2056
3.060000e-4,1.63832,2033
3.080000e-4,1.65363,2052
3.100000e-4,1.66168,2062
3.120000e-4,1.65201,2050
3.140000e-4,1.64476,2041
3.160000e-4,1.66813,2070
3.180000e-4,1.65766,2057
3.200000e-4,1.64718,2044
3.220000e-4,1.65766,2057
3.240000e-4,1.65201,2050
3.260000e-4,1.64637,2043
3.280000e-4,1.65443,2053
3.300000e-4,1.66088,2061
3.320000e-4,1.65121,2049
3.340000e-4,1.65766,2057
3.360000e-4,1.67136,2074
3.380000e-4,1.65121,2049
3.400000e-4,1.64476,2041
3.420000e-4,1.66410,2065
3.440000e-4,1.65121,2049
3.460000e-4,1.65201,2050
3.480000e-4,1.65040,2048
3.500000e-4,1.65282,2051
3.520000e-4,1.64476,2041
3.540000e-4,1.65846,2058
3.560000e-4,1.66410,2065
3.580000e-4,1.64315,2039
3.600000e-4,1.65363,2052
3.620000e-4,1.66007,2060
3.640000e-4,1.64879,2046
3.660000e-4,1.64718,2044
3.680000e-4,1.66088,2061
3.700000e-4,1.65040,2048
3.720000e-4,1.64073,2036
3.740000e-4,1.66168,2062
3.760000e-4,1.65846,2058
3.780000e-4,1.65524,2054
3.800000e-4,1.66330,2064
3.820000e-4,1.66733,2069
3.840000e-4,1.65363,2052
3.860000e-4,1.66088,2061
3.880000e-4,1.65927,2059
3.900000e-4,1.64234,2038
3.920000e-4,1.64315,2039
3.940000e-4,1.65201,2050
3.960000e-4,1.63993,2035
3.980000e-4,1.63670,2031
4.000000e-4,1.66491,2066
4.020000e-4,1.66168,2062
4.040000e-4,1.66330,2064
4.060000e-4,1.67619,2080
4.080000e-4,1.67538,2079
4.100000e-4,1.65443,2053
4.120000e-4,1.66330,2064
4.140000e-4,1.65524,2054
4.160000e-4,1.63832,2033
4.180000e-4,1.63751,2032
4.200000e-4,1.65121,2049
4.220000e-4,1.63993,2035
4.240000e-4,1.64799,2045
4.260000e-4,1.66088,2061
4.280000e-4,1.67136,2074
4.300000e-4,1.67055,2073
4.320000e-4,1.68344,2089
4.340000e-4,1.68183,2087
4.360000e-4,1.65846,2058
4.380000e-4,1.64799,2045
4.400000e-4,1.64718,2044
4.420000e-4,1.63026,2023
4.440000e-4,1.62462,2016
4.460000e-4,1.63993,2035
4.480000e-4,1.63429,2028
4.500000e-4,1.64718,2044
4.520000e-4,1.67377,2077
4.540000e-4,1.68505,2091
4.560000e-4,1.68264,2088
4.580000e-4,1.68667,2093
4.600000e-4,1.68344,2089
4.620000e-4,1.65282,2051
4.640000e-4,1.63348,2027
4.660000e-4,1.63026,2023
4.680000e-4,1.61172,2000
4.700000e-4,1.61575,2005
4.720000e-4,1.63590,2030
4.740000e-4,1.63993,2035
4.760000e-4,1.65363,2052
4.780000e-4,1.68989,2097
4.800000e-4,1.69714,2106
4.820000e-4,1.69070,2098
4.840000e-4,1.69553,2104
4.860000e-4,1.67861,2083
4.880000e-4,1.63267,2026
4.900000e-4,1.63026,2023
4.920000e-4,1.61817,2008
4.940000e-4,1.59641,1981
4.960000e-4,1.60769,1995
4.980000e-4,1.63267,2026
5.000000e-4,1.65040,2048
5.020000e-4,1.67780,2082
5.040000e-4,1.71165,2124
5.060000e-4,1.71084,2123
5.080000e-4,1.70520,2116
5.100000e-4,1.69634,2105
5.120000e-4,1.66733,2069
5.140000e-4,1.62300,2014
5.160000e-4,1.60850,1996
5.180000e-4,1.59722,1982
5.200000e-4,1.58352,1965
5.220000e-4,1.61253,2001
5.240000e-4,1.63670,2031
5.260000e-4,1.66652,2068
5.280000e-4,1.70278,2113
5.300000e-4,1.73260,2150
5.320000e-4,1.72696,2143
5.340000e-4,1.71084,2123
5.360000e-4,1.68667,2093
5.380000e-4,1.64073,2036
5.400000e-4,1.60447,1991
5.420000e-4,1.58996,1973
5.440000e-4,1.57546,1955
5.460000e-4,1.58996,1973
5.480000e-4,1.62462,2016
5.500000e-4,1.66733,2069
5.520000e-4,1.68908,2096
5.540000e-4,1.72293,2138
5.560000e-4,1.74549,2166
5.580000e-4,1.71568,2129
5.600000e-4,1.70198,2112
5.620000e-4,1.65524,2054
5.640000e-4,1.60286,1989
5.660000e-4,1.56740,1945
5.680000e-4,1.56982,1948
5.700000e-4,1.56256,1939
5.720000e-4,1.59480,1979
5.740000e-4,1.65685,2056
5.760000e-4,1.69634,2105
5.780000e-4,1.73582,2154
5.800000e-4,1.76403,2189
5.820000e-4,1.76000,2184
5.840000e-4,1.70923,2121
5.860000e-4,1.67458,2078
5.880000e-4,1.62300,2014
5.900000e-4,1.56256,1939
5.920000e-4,1.54645,1919
5.940000e-4,1.55370,1928
5.960000e-4,1.57062,1949
5.980000e-4,1.62220,2013
6.000000e-4,1.69795,2107
6.020000e-4,1.73663,2155
6.040000e-4,1.76806,2194
6.060000e-4,1.78337,2213
6.080000e-4,1.74791,2169
6.100000e-4,1.69231,2100
6.120000e-4,1.64396,2040
6.140000e-4,1.57062,1949
6.160000e-4,1.51744,1883
6.180000e-4,1.52549,1893
6.200000e-4,1.56256,1939
6.220000e-4,1.59480,1979
6.240000e-4,1.66733,2069
6.260000e-4,1.73824,2157
6.280000e-4,1.77612,2204
6.300000e-4,1.79223,2224
6.320000e-4,1.78498,2215
6.340000e-4,1.72535,2141
6.360000e-4,1.65201,2050
6.380000e-4,1.58513,1967
6.400000e-4,1.53194,1901
6.420000e-4,1.49165,1851
6.440000e-4,1.51341,1878
6.460000e-4,1.57223,1951
6.480000e-4,1.63751,2032
6.500000e-4,1.72535,2141
6.520000e-4,1.78901,2220
6.540000e-4,1.81077,2247
6.560000e-4,1.79304,2225
6.580000e-4,1.76242,2187
6.600000e-4,1.67458,2078
6.620000e-4,1.58593,1968
6.640000e-4,1.52952,1898
6.660000e-4,1.49004,1849
6.680000e-4,1.48117,1838
6.700000e-4,1.54645,1919
6.720000e-4,1.62945,2022
6.740000e-4,1.70198,2112
6.760000e-4,1.78337,2213
6.780000e-4,1.83333,2275
6.800000e-4,1.82608,2266
6.820000e-4,1.78337,2213
6.840000e-4,1.71326,2126
6.860000e-4,1.60769,1995
6.880000e-4,1.52308,1890
6.900000e-4,1.48278,1840
6.920000e-4,1.47231,1827
6.940000e-4,1.51018,1874
6.960000e-4,1.59480,1979
6.980000e-4,1.69553,2104
7.000000e-4,1.76403,2189
7.020000e-4,1.83817,2281
7.040000e-4,1.86476,2314
7.060000e-4,1.81399,2251
7.080000e-4,1.73099,2148
7.100000e-4,1.63429,2028
7.120000e-4,1.53516,1905
7.140000e-4,1.46264,1815
7.160000e-4,1.44894,1798
7.180000e-4,1.48278,1840
7.200000e-4,1.54564,1918
7.220000e-4,1.66733,2069
7.240000e-4,1.77773,2206
7.260000e-4,1.84784,2293
7.280000e-4,1.87363,2325
7.300000e-4,1.85751,2305
7.320000e-4,1.76322,2188
7.340000e-4,1.64637,2043
7.360000e-4,1.54242,1914
7.380000e-4,1.45700,1808
7.400000e-4,1.41348,1754
7.420000e-4,1.44894,1798
7.440000e-4,1.52952,1898
7.460000e-4,1.62703,2019
7.480000e-4,1.76000,2184
7.500000e-4,1.85751,2305
7.520000e-4,1.89297,2349
7.540000e-4,1.87363,2325
7.560000e-4,1.81319,2250
7.580000e-4,1.68344,2089
7.600000e-4,1.55692,1932
7.620000e-4,1.46828,1822
7.640000e-4,1.40623,1745
7.660000e-4,1.40703,1746
7.680000e-4,1.49487,1855
7.700000e-4,1.61172,2000
7.720000e-4,1.73179,2149
7.740000e-4,1.85348,2300
7.760000e-4,1.91714,2379
7.780000e-4,1.90022,2358
7.800000e-4,1.83897,2282
7.820000e-4,1.72212,2137
7.840000e-4,1.57546,1955
7.860000e-4,1.46022,1812
7.880000e-4,1.39575,1732
7.900000e-4,1.38044,1713
7.920000e-4,1.44894,1798
7.940000e-4,1.58835,1971
7.960000e-4,1.71890,2133
7.980000e-4,1.84381,2288
8.000000e-4,1.93245,2398
8.020000e-4,1.93890,2406
8.040000e-4,1.87121,2322
8.060000e-4,1.75919,2183
8.080000e-4,1.60125,1987
8.100000e-4,1.46425,1817
8.120000e-4,1.38366,1717
8.140000e-4,1.35707,1684
8.160000e-4,1.40784,1747
8.180000e-4,1.54645,1919
8.200000e-4,1.69956,2109
8.220000e-4,1.82527,2265
8.240000e-4,1.93648,2403
8.260000e-4,1.96549,2439
8.280000e-4,1.89458,2351
8.300000e-4,1.78982,2221
8.320000e-4,1.62784,2020
8.340000e-4,1.46505,1818
8.360000e-4,1.36352,1692
8.380000e-4,1.34176,1665
8.400000e-4,1.37802,1710
8.420000e-4,1.50535,1868
8.440000e-4,1.68022,2085
8.460000e-4,1.82366,2263
8.480000e-4,1.93729,2404
8.500000e-4,1.99451,2475
8.520000e-4,1.94696,2416
8.540000e-4,1.81641,2254
8.560000e-4,1.65443,2053
8.580000e-4,1.49245,1852
8.600000e-4,1.35385,1680
8.620000e-4,1.31275,1629
8.640000e-4,1.35707,1684
8.660000e-4,1.46344,1816
8.680000e-4,1.63751,2032
8.700000e-4,1.82608,2266
8.720000e-4,1.94615,2415
8.740000e-4,2.00256,2485
8.760000e-4,1.98484,2463
8.780000e-4,1.85670,2304
8.800000e-4,1.68103,2086
8.820000e-4,1.51341,1878
8.840000e-4,1.35626,1683
8.860000e-4,1.28535,1595
8.880000e-4,1.32484,1644
8.900000e-4,1.44088,1788
8.920000e-4,1.60205,1988
8.940000e-4,1.79868,2232
8.960000e-4,1.95260,2423
8.980000e-4,2.01626,2502
9.000000e-4,2.00740,2491
9.020000e-4,1.90103,2359
9.040000e-4,1.71407,2127
9.060000e-4,1.52066,1887
9.080000e-4,1.36835,1698
9.100000e-4,1.27648,1584
9.120000e-4,1.28293,1592
9.140000e-4,1.40462,1743
9.160000e-4,1.58513,1967
9.180000e-4,1.76484,2190
9.200000e-4,1.94938,2419
9.220000e-4,2.03883,2530
9.240000e-4,2.02674,2515
9.260000e-4,1.91634,2378
9.280000e-4,1.75033,2172
9.300000e-4,1.53436,1904
9.320000e-4,1.36432,1693
9.340000e-4,1.27245,1579
9.360000e-4,1.26440,1569
9.380000e-4,1.36271,1691
9.400000e-4,1.56256,1939
9.420000e-4,1.76886,2195
9.440000e-4,1.94132,2409
9.460000e-4,2.05656,2552
9.480000e-4,2.06139,2558
9.500000e-4,1.94374,2412
9.520000e-4,1.77531,2203
9.540000e-4,1.55853,1934
9.560000e-4,1.35546,1682
9.580000e-4,1.24747,1548
9.600000e-4,1.24908,1550
9.620000e-4,1.33934,1662
9.640000e-4,1.52469,1892
9.660000e-4,1.76000,2184
9.680000e-4,1.94132,2409
9.700000e-4,2.06300,2560
9.720000e-4,2.08557,2588
9.740000e-4,1.99612,2477
9.760000e-4,1.79143,2223
9.780000e-4,1.57223,1951
9.800000e-4,1.38044,1713
9.820000e-4,1.22894,1525
9.840000e-4,1.22168,1516
9.860000e-4,1.32081,1639
9.880000e-4,1.49326,1853
9.900000e-4,1.72615,2142
9.920000e-4,1.94374,2412
9.940000e-4,2.07106,2570
9.960000e-4,2.10571,2613
9.980000e-4,2.02271,2510
1.000000e-3,1.82447,2264
1.002000e-3,1.58755,1970
1.004000e-3,1.38125,1714
1.006000e-3,1.23055,1527
1.008000e-3,1.19509,1483
1.010000e-3,1.30147,1615
1.012000e-3,1.47956,1836
1.014000e-3,1.70842,2120
1.016000e-3,1.94051,2408
1.018000e-3,2.09121,2595
1.020000e-3,2.11216,2621
1.022000e-3,2.03802,2529
1.024000e-3,1.84703,2292
1.026000e-3,1.59560,1980
1.028000e-3,1.36835,1698
1.030000e-3,1.22249,1517
1.032000e-3,1.17333,1456
1.034000e-3,1.26681,1572
1.036000e-3,1.45861,1810
1.038000e-3,1.69473,2103
1.040000e-3,1.93165,2397
1.042000e-3,2.10088,2607
1.044000e-3,2.13634,2651
1.046000e-3,2.05414,2549
1.048000e-3,1.86557,2315
1.050000e-3,1.61817,2008
1.052000e-3,1.37480,1706
1.054000e-3,1.21927,1513
1.056000e-3,1.16286,1443
1.058000e-3,1.24747,1548
1.060000e-3,1.43766,1784
1.062000e-3,1.68908,2096
1.064000e-3,1.91875,2381
1.066000e-3,2.09766,2603
1.068000e-3,2.15971,2680
1.070000e-3,2.06300,2560
1.072000e-3,1.88088,2334
1.074000e-3,1.62381,2015
1.076000e-3,1.37077,1701
1.078000e-3,1.19993,1489
1.080000e-3,1.15480,1433
1.082000e-3,1.22007,1514
1.084000e-3,1.41912,1761
1.086000e-3,1.68989,2097
1.088000e-3,1.93084,2396
1.090000e-3,2.10974,2618
1.092000e-3,2.17824,2703
1.094000e-3,2.09121,2595
1.096000e-3,1.89377,2350
1.098000e-3,1.63832,2033
1.100000e-3,1.38044,1713
1.102000e-3,1.18945,1476
1.104000e-3,1.13546,1409
1.106000e-3,1.21604,1509
1.108000e-3,1.40139,1739
1.110000e-3,1.67780,2082
1.112000e-3,1.93890,2406
1.114000e-3,2.10652,2614
1.116000e-3,2.18066,2706
1.118000e-3,2.10491,2612
1.120000e-3,1.90667,2366
1.122000e-3,1.63026,2023
1.124000e-3,1.37560,1707
1.126000e-3,1.18059,1465
1.128000e-3,1.12498,1396
1.130000e-3,1.21766,1511
1.132000e-3,1.41267,1753
1.134000e-3,1.67216,2075
1.136000e-3,1.94777,2417
1.138000e-3,2.12828,2641
1.140000e-3,2.18872,2716
1.142000e-3,2.11780,2628
1.144000e-3,1.91634,2378
1.146000e-3,1.61897,2009
1.148000e-3,1.36593,1695
1.150000e-3,1.17495,1458
1.152000e-3,1.09194,1355
1.154000e-3,1.19026,1477
1.156000e-3,1.40220,1740
1.158000e-3,1.67055,2073
1.160000e-3,1.94051,2408
1.162000e-3,2.14440,2661
1.164000e-3,2.19275,2721
1.166000e-3,2.11941,2630
1.168000e-3,1.92117,2384
1.170000e-3,1.63670,2031
1.172000e-3,1.35546,1682
1.174000e-3,1.17172,1454
1.176000e-3,1.09919,1364
1.178000e-3,1.18623,1472
1.180000e-3,1.41026,1750
1.182000e-3,1.68586,2092
1.184000e-3,1.93568,2402
1.186000e-3,2.14681,2664
1.188000e-3,2.21289,2746
1.190000e-3,2.11780,2628
1.192000e-3,1.90828,2368
1.194000e-3,1.62300,2014
1.196000e-3,1.33934,1662
1.198000e-3,1.15319,1431
1.200000e-3,1.10000,1365
1.202000e-3,1.18381,1469
1.204000e-3,1.40300,1741
1.206000e-3,1.70198,2112
1.208000e-3,1.95744,2429
1.210000e-3,2.15165,2670
1.212000e-3,2.22740,2764
1.214000e-3,2.12344,2635
1.216000e-3,1.89941,2357
1.218000e-3,1.61817,2008
1.220000e-3,1.34015,1663
1.222000e-3,1.13949,1414
1.224000e-3,1.10000,1365
1.226000e-3,1.19106,1478
1.228000e-3,1.41348,1754
1.230000e-3,1.71568,2129
1.232000e-3,1.98322,2461
1.234000e-3,2.16777,2690
1.236000e-3,2.22418,2760
1.238000e-3,2.12103,2632
1.240000e-3,1.87524,2327
1.242000e-3,1.58513,1967
1.244000e-3,1.31516,1632
1.246000e-3,1.11692,1386
1.248000e-3,1.09114,1354
1.250000e-3,1.19993,1489
1.252000e-3,1.41912,1761
1.254000e-3,1.72132,2136
1.256000e-3,2.00498,2488
1.258000e-3,2.16938,2692
1.260000e-3,2.21853,2753
1.262000e-3,2.11055,2619
1.264000e-3,1.86718,2317
1.266000e-3,1.57385,1953
1.268000e-3,1.31114,1627
1.270000e-3,1.12498,1396
1.272000e-3,1.08630,1348
1.274000e-3,1.21685,1510
1.276000e-3,1.45377,1804
1.278000e-3,1.74227,2162
1.280000e-3,2.02513,2513
1.282000e-3,2.19516,2724
1.284000e-3,2.20645,2738
1.286000e-3,2.09363,2598
1.288000e-3,1.85267,2299
1.290000e-3,1.53516,1905
1.292000e-3,1.27810,1586
1.294000e-3,1.11289,1381
1.296000e-3,1.07905,1339
1.298000e-3,1.22652,1522
1.300000e-3,1.47714,1833
1.302000e-3,1.76967,2196
1.304000e-3,2.03883,2530
1.306000e-3,2.20161,2732
1.308000e-3,2.20161,2732
1.310000e-3,2.07751,2578
1.312000e-3,1.82769,2268
1.314000e-3,1.52630,1894
1.316000e-3,1.25311,1555
1.318000e-3,1.11289,1381
1.320000e-3,1.09758,1362
1.322000e-3,1.24425,1544
1.324000e-3,1.52147,1888
1.326000e-3,1.79949,2233
1.328000e-3,2.05575,2551
1.330000e-3,2.21289,2746
1.332000e-3,2.20484,2736
1.334000e-3,2.05253,2547
1.336000e-3,1.78901,2220
1.338000e-3,1.49245,1852
1.340000e-3,1.22974,1526
1.342000e-3,1.10000,1365
1.344000e-3,1.10886,1376
1.346000e-3,1.26440,1569
1.348000e-3,1.54081,1912
1.350000e-3,1.83978,2283
1.352000e-3,2.06945,2568
1.354000e-3,2.21451,2748
1.356000e-3,2.18952,2717
1.358000e-3,2.01626,2502
1.360000e-3,1.75355,2176
1.362000e-3,1.45619,1807
1.364000e-3,1.20234,1492
1.366000e-3,1.09275,1356
1.368000e-3,1.13143,1404
1.370000e-3,1.29985,1613
1.372000e-3,1.57626,1956
1.374000e-3,1.87201,2323
1.376000e-3,2.09685,2602
1.378000e-3,2.21289,2746
1.380000e-3,2.17824,2703
1.382000e-3,1.98564,2464
1.384000e-3,1.70762,2119
1.386000e-3,1.42799,1772
1.388000e-3,1.19026,1477
1.390000e-3,1.08872,1351
1.392000e-3,1.16447,1445
1.394000e-3,1.33289,1654
1.396000e-3,1.61736,2007
1.398000e-3,1.91956,2382
1.400000e-3,2.12425,2636
1.402000e-3,2.20967,2742
1.404000e-3,2.15810,2678
1.406000e-3,1.94938,2419
1.408000e-3,1.65604,2055
1.410000e-3,1.39253,1728
1.412000e-3,1.17414,1457
1.414000e-3,1.09839,1363
1.416000e-3,1.18542,1471
1.418000e-3,1.38527,1719
1.420000e-3,1.66330,2064
1.422000e-3,1.95018,2420
1.424000e-3,2.14198,2658
1.426000e-3,2.19919,2729
1.428000e-3,2.12505,2637
1.430000e-3,1.90022,2358
1.432000e-3,1.61333,2002
1.434000e-3,1.33934,1662
1.436000e-3,1.16205,1442
1.438000e-3,1.09516,1359
1.440000e-3,1.21766,1511
1.442000e-3,1.43685,1783
1.444000e-3,1.70520,2116
1.446000e-3,1.97275,2448
1.448000e-3,2.15729,2677
1.450000e-3,2.18952,2717
1.452000e-3,2.07993,2581
1.454000e-3,1.86234,2311
1.456000e-3,1.56659,1944
1.458000e-3,1.30711,1622
1.460000e-3,1.16125,1441
1.462000e-3,1.12579,1397
1.464000e-3,1.24505,1545
1.466000e-3,1.49407,1854
1.468000e-3,1.76725,2193
1.470000e-3,2.01062,2495
1.472000e-3,2.17099,2694
1.474000e-3,2.17421,2698
1.476000e-3,2.03722,2528
1.478000e-3,1.80271,2237
1.480000e-3,1.51824,1884
1.482000e-3,1.27568,1583
1.484000e-3,1.14513,1421
1.486000e-3,1.15399,1432
1.488000e-3,1.29341,1605
1.490000e-3,1.54161,1913
1.492000e-3,1.81883,2257
1.494000e-3,2.03883,2530
1.496000e-3,2.16212,2683
1.498000e-3,2.15245,2671
1.500000e-3,1.98886,2468
1.502000e-3,1.73744,2156
1.504000e-3,1.48278,1840
1.506000e-3,1.24344,1543
1.508000e-3,1.14190,1417
1.510000e-3,1.18623,1472
1.512000e-3,1.34901,1674
1.514000e-3,1.59802,1983
1.516000e-3,1.86557,2315
1.518000e-3,2.07267,2572
1.520000e-3,2.15326,2672
1.522000e-3,2.11538,2625
1.524000e-3,1.93407,2400
1.526000e-3,1.67136,2074
1.528000e-3,1.41993,1762
1.530000e-3,1.23136,1528
1.532000e-3,1.14190,1417
1.534000e-3,1.21927,1513
1.536000e-3,1.40542,1744
1.538000e-3,1.65443,2053
1.540000e-3,1.91231,2373
1.542000e-3,2.09282,2597
1.544000e-3,2.14198,2658
1.546000e-3,2.06623,2564
1.548000e-3,1.88410,2338
1.550000e-3,1.61978,2010
1.552000e-3,1.37319,1704
1.554000e-3,1.22007,1514
1.556000e-3,1.16769,1449
1.558000e-3,1.26520,1570
1.560000e-3,1.47875,1835
1.562000e-3,1.71890,2133
1.564000e-3,1.94857,2418
1.566000e-3,2.10974,2618
1.568000e-3,2.12747,2640
1.570000e-3,2.01788,2504
1.572000e-3,1.81722,2255
1.574000e-3,1.55934,1935
1.576000e-3,1.32564,1645
1.578000e-3,1.20557,1496
1.580000e-3,1.20073,1490
1.582000e-3,1.30711,1622
1.584000e-3,1.53516,1905
1.586000e-3,1.77692,2205
1.588000e-3,1.97758,2454
1.590000e-3,2.10491,2612
1.592000e-3,2.10813,2616
1.594000e-3,1.95260,2423
1.596000e-3,1.74469,2165
1.598000e-3,1.50696,1870
1.600000e-3,1.29421,1606
1.602000e-3,1.20073,1490
1.604000e-3,1.23619,1534
1.606000e-3,1.36674,1696
1.608000e-3,1.59641,1981
1.610000e-3,1.83495,2277
1.612000e-3,2.01223,2497
1.614000e-3,2.08960,2593
1.616000e-3,2.06945,2568
1.618000e-3,1.90022,2358
1.620000e-3,1.67458,2078
1.622000e-3,1.46022,1812
1.624000e-3,1.28212,1591
1.626000e-3,1.20718,1498
1.628000e-3,1.28696,1597
1.630000e-3,1.44571,1794
1.632000e-3,1.66088,2061
1.634000e-3,1.88813,2343
1.636000e-3,2.03560,2526
1.638000e-3,2.07429,2574
1.640000e-3,2.01546,2501
1.642000e-3,1.84059,2284
1.644000e-3,1.60447,1991
1.646000e-3,1.40703,1746
1.648000e-3,1.27407,1581
1.650000e-3,1.22410,1519
1.652000e-3,1.33128,1652
1.654000e-3,1.51179,1876
1.656000e-3,1.72212,2137
1.658000e-3,1.92117,2384
1.660000e-3,2.04366,2536
1.662000e-3,2.04769,2541
1.664000e-3,1.95260,2423
1.666000e-3,1.76403,2189
1.668000e-3,1.55289,1927
1.670000e-3,1.36190,1690
1.672000e-3,1.27729,1585
1.674000e-3,1.27084,1577
1.676000e-3,1.38366,1717
1.678000e-3,1.58835,1971
1.680000e-3,1.78176,2211
1.682000e-3,1.94938,2419
1.684000e-3,2.05172,2546
1.686000e-3,2.01223,2497
1.688000e-3,1.88974,2345
1.690000e-3,1.70601,2117
1.692000e-3,1.49326,1853
1.694000e-3,1.34176,1665
1.696000e-3,1.27971,1588
1.698000e-3,1.32161,1640
1.700000e-3,1.44410,1792
1.702000e-3,1.64637,2043
1.704000e-3,1.83092,2272
1.706000e-3,1.96630,2440
1.708000e-3,2.02432,2512
1.710000e-3,1.97436,2450
1.712000e-3,1.81399,2251
1.714000e-3,1.63670,2031
1.716000e-3,1.44733,1796
1.718000e-3,1.32000,1638
1.720000e-3,1.30308,1617
1.722000e-3,1.37158,1702
1.724000e-3,1.50777,1871
1.726000e-3,1.70198,2112
1.728000e-3,1.87766,2330
1.730000e-3,1.98000,2457
1.732000e-3,1.99451,2475
1.734000e-3,1.92198,2385
1.736000e-3,1.75839,2182
1.738000e-3,1.57385,1953
1.740000e-3,1.42960,1774
1.742000e-3,1.32886,1649
1.744000e-3,1.32564,1645
1.746000e-3,1.43604,1782
1.748000e-3,1.58110,1962
1.750000e-3,1.75597,2179
1.752000e-3,1.91714,2379
1.754000e-3,1.97678,2453
1.756000e-3,1.95179,2422
1.758000e-3,1.86234,2311
1.760000e-3,1.69956,2109
1.762000e-3,1.52388,1891
1.764000e-3,1.40059,1738
1.766000e-3,1.33209,1653
1.768000e-3,1.37158,1702
1.770000e-3,1.49165,1851
1.772000e-3,1.64234,2038
1.774000e-3,1.79788,2231
1.776000e-3,1.92440,2388
1.778000e-3,1.96388,2437
1.780000e-3,1.89458,2351
1.782000e-3,1.79062,2222
1.784000e-3,1.63751,2032
1.786000e-3,1.47150,1826
1.788000e-3,1.38205,1715
1.790000e-3,1.36190,1690
1.792000e-3,1.41590,1757
1.794000e-3,1.54081,1912
1.796000e-3,1.71971,2134
1.798000e-3,1.83897,2282
1.800000e-3,1.92117,2384
1.802000e-3,1.94374,2412
1.804000e-3,1.85912,2307
1.806000e-3,1.72777,2144
1.808000e-3,1.59399,1978
1.810000e-3,1.46425,1817
1.812000e-3,1.38205,1715
1.814000e-3,1.40300,1741
1.816000e-3,1.47714,1833
1.818000e-3,1.60608,1993
1.820000e-3,1.76806,2194
1.822000e-3,1.87524,2327
1.824000e-3,1.90908,2369
1.826000e-3,1.90183,2360
1.828000e-3,1.81158,2248
1.830000e-3,1.67136,2074
1.832000e-3,1.54322,1915
1.834000e-3,1.43766,1784
1.836000e-3,1.39656,1733
1.838000e-3,1.43201,1777
1.840000e-3,1.53516,1905
1.842000e-3,1.65363,2052
1.844000e-3,1.79143,2223
1.846000e-3,1.88007,2333
1.848000e-3,1.88007,2333
1.850000e-3,1.85187,2298
1.852000e-3,1.75114,2173
1.854000e-3,1.61253,2001
1.856000e-3,1.50212,1864
1.858000e-3,1.43766,1784
1.860000e-3,1.42234,1765
1.862000e-3,1.47956,1836
1.864000e-3,1.60205,1988
1.866000e-3,1.70278,2113
1.868000e-3,1.81238,2249
1.870000e-3,1.87927,2332
1.872000e-3,1.86315,2312
1.874000e-3,1.79385,2226
1.876000e-3,1.69875,2108
1.878000e-3,1.57707,1957
1.880000e-3,1.47956,1836
1.882000e-3,1.45297,1803
1.884000e-3,1.45700,1808
1.886000e-3,1.53275,1902
1.888000e-3,1.65201,2050
1.890000e-3,1.74630,2167
1.892000e-3,1.82608,2266
1.894000e-3,1.86879,2319
1.896000e-3,1.82125,2260
1.898000e-3,1.74711,2168
1.900000e-3,1.65846,2058
1.902000e-3,1.54645,1919
1.904000e-3,1.47231,1827
1.906000e-3,1.47150,1826
1.908000e-3,1.50293,1865
1.910000e-3,1.58513,1967
1.912000e-3,1.69392,2102
1.914000e-3,1.77692,2205
1.916000e-3,1.82286,2262
1.918000e-3,1.83736,2280
1.920000e-3,1.78982,2221
1.922000e-3,1.69070,2098
1.924000e-3,1.60447,1991
1.926000e-3,1.52791,1896
1.928000e-3,1.47553,1831
1.930000e-3,1.49407,1854
1.932000e-3,1.55773,1933
1.934000e-3,1.62381,2015
1.936000e-3,1.71648,2130
1.938000e-3,1.79546,2228
1.940000e-3,1.81963,2258
1.942000e-3,1.79949,2233
1.944000e-3,1.75194,2174
1.946000e-3,1.65685,2056
1.948000e-3,1.57385,1953
1.950000e-3,1.52630,1894
1.952000e-3,1.50212,1864
1.954000e-3,1.52872,1897
1.956000e-3,1.58996,1973
1.958000e-3,1.67377,2077
1.960000e-3,1.73582,2154
1.962000e-3,1.78579,2216
1.964000e-3,1.79868,2232
1.966000e-3,1.74872,2170
1.968000e-3,1.70440,2115
1.970000e-3,1.62462,2016
1.972000e-3,1.54484,1917
1.974000e-3,1.51582,1881
1.976000e-3,1.52791,1896
1.978000e-3,1.55612,1931
1.980000e-3,1.62623,2018
1.982000e-3,1.70198,2112
1.984000e-3,1.75114,2173
1.986000e-3,1.77531,2203
1.988000e-3,1.77692,2205
1.990000e-3,1.72051,2135
1.992000e-3,1.66168,2062
1.994000e-3,1.60125,1987
1.996000e-3,1.54242,1914
1.998000e-3,1.53516,1905
2.000000e-3,1.56498,1942
2.002000e-3,1.59883,1984
2.004000e-3,1.65927,2059
2.006000e-3,1.73341,2151
2.008000e-3,1.75678,2180
2.010000e-3,1.76161,2186
2.012000e-3,1.74549,2166
2.014000e-3,1.69150,2099
2.016000e-3,1.62462,2016
2.018000e-3,1.59238,1976
2.020000e-3,1.55612,1931
2.022000e-3,1.55209,1926
2.024000e-3,1.58593,1968
2.026000e-3,1.62784,2020
2.028000e-3,1.68264,2088
2.030000e-3,1.73502,2153
2.032000e-3,1.75355,2176
2.034000e-3,1.73421,2152
2.036000e-3,1.71245,2125
2.038000e-3,1.66652,2068
2.040000e-3,1.60205,1988
2.042000e-3,1.58593,1968
2.044000e-3,1.57062,1949
2.046000e-3,1.57223,1951
2.048000e-3,1.61817,2008
2.050000e-3,1.66571,2067
2.052000e-3,1.69311,2101
2.054000e-3,1.73018,2147
2.056000e-3,1.73744,2156
2.058000e-3,1.71326,2126
2.060000e-3,1.68103,2086
2.062000e-3,1.64315,2039
2.064000e-3,1.59883,1984
2.066000e-3,1.58513,1967
2.068000e-3,1.59802,1983
2.070000e-3,1.60769,1995
2.072000e-3,1.64879,2046
2.074000e-3,1.69231,2100
2.076000e-3,1.70842,2120
2.078000e-3,1.71890,2133
2.080000e-3,1.72212,2137
2.082000e-3,1.69473,2103
2.084000e-3,1.64960,2047
2.086000e-3,1.62945,2022
2.088000e-3,1.60447,1991
2.090000e-3,1.58352,1965
2.092000e-3,1.60769,1995
2.094000e-3,1.63267,2026
2.096000e-3,1.64960,2047
2.098000e-3,1.68989,2097
2.100000e-3,1.70520,2116
2.102000e-3,1.69714,2106
2.104000e-3,1.69473,2103
2.106000e-3,1.67700,2081
2.108000e-3,1.63267,2026
2.110000e-3,1.60689,1994
2.112000e-3,1.61253,2001
2.114000e-3,1.60205,1988
2.116000e-3,1.62381,2015
2.118000e-3,1.65363,2052
2.120000e-3,1.66571,2067
2.122000e-3,1.68264,2088
2.124000e-3,1.71245,2125
2.126000e-3,1.68908,2096
2.128000e-3,1.67055,2073
2.130000e-3,1.66571,2067
2.132000e-3,1.63187,2025
2.134000e-3,1.61253,2001
2.136000e-3,1.62703,2019
2.138000e-3,1.63187,2025
2.140000e-3,1.63670,2031
2.142000e-3,1.66330,2064
2.144000e-3,1.67861,2083
2.146000e-3,1.67619,2080
2.148000e-3,1.69311,2101
2.150000e-3,1.68103,2086
2.152000e-3,1.65121,2049
2.154000e-3,1.64718,2044
2.156000e-3,1.63832,2033
2.158000e-3,1.61817,2008
2.160000e-3,1.62945,2022
2.162000e-3,1.64476,2041
2.164000e-3,1.64799,2045
2.166000e-3,1.66330,2064
2.168000e-3,1.69070,2098
2.170000e-3,1.68586,2092
2.172000e-3,1.66733,2069
2.174000e-3,1.67700,2081
2.176000e-3,1.64718,2044
2.178000e-3,1.64234,2038
2.180000e-3,1.64799,2045
2.182000e-3,1.63751,2032
2.184000e-3,1.63590,2030
2.186000e-3,1.65766,2057
2.188000e-3,1.66088,2061
2.190000e-3,1.66571,2067
2.192000e-3,1.67941,2084
2.194000e-3,1.68183,2087
2.196000e-3,1.65443,2053
2.198000e-3,1.65685,2056
2.200000e-3,1.64234,2038
2.202000e-3,1.62945,2022
2.204000e-3,1.63832,2033
2.206000e-3,1.65040,2048
2.208000e-3,1.63751,2032
2.210000e-3,1.65282,2051
2.212000e-3,1.66088,2061
2.214000e-3,1.66007,2060
2.216000e-3,1.66007,2060
2.218000e-3,1.67055,2073
2.220000e-3,1.65443,2053
2.222000e-3,1.64960,2047
2.224000e-3,1.65685,2056
2.226000e-3,1.64637,2043
2.228000e-3,1.64879,2046
2.230000e-3,1.66168,2062
2.232000e-3,1.65201,2050
2.234000e-3,1.65443,2053
2.236000e-3,1.66410,2065
2.238000e-3,1.66571,2067
2.240000e-3,1.65040,2048
2.242000e-3,1.65846,2058
2.244000e-3,1.65846,2058
2.246000e-3,1.64234,2038
2.248000e-3,1.65282,2051
2.250000e-3,1.65685,2056
2.252000e-3,1.63993,2035
2.254000e-3,1.65363,2052
2.256000e-3,1.65766,2057
2.258000e-3,1.64637,2043
2.260000e-3,1.65766,2057
2.262000e-3,1.65846,2058
2.264000e-3,1.64396,2040
2.266000e-3,1.65282,2051
2.268000e-3,1.65766,2057
2.270000e-3,1.65040,2048
2.272000e-3,1.65282,2051
2.274000e-3,1.66088,2061
2.276000e-3,1.65201,2050
2.278000e-3,1.65282,2051
2.280000e-3,1.67619,2080
2.282000e-3,1.65040,2048
2.284000e-3,1.65201,2050
2.286000e-3,1.66410,2065
2.288000e-3,1.65443,2053
2.290000e-3,1.63912,2034
2.292000e-3,1.66007,2060
2.294000e-3,1.65201,2050
2.296000e-3,1.64799,2045
2.298000e-3,1.65363,2052
2.300000e-3,1.65927,2059
2.302000e-3,1.64476,2041
2.304000e-3,1.65282,2051
2.306000e-3,1.65927,2059
2.308000e-3,1.65201,2050
2.310000e-3,1.65282,2051
2.312000e-3,1.66652,2068
2.314000e-3,1.66088,2061
2.316000e-3,1.65121,2049
2.318000e-3,1.66168,2062
2.320000e-3,1.65685,2056
2.322000e-3,1.65040,2048
2.324000e-3,1.66652,2068
2.326000e-3,1.65685,2056
2.328000e-3,1.65121,2049
2.330000e-3,1.65604,2055
2.332000e-3,1.65604,2055
2.334000e-3,1.64879,2046
2.336000e-3,1.66330,2064
2.338000e-3,1.66007,2060
2.340000e-3,1.64073,2036
2.342000e-3,1.65685,2056
2.344000e-3,1.66168,2062
2.346000e-3,1.64396,2040
2.348000e-3,1.64799,2045
2.350000e-3,1.65766,2057
2.352000e-3,1.65040,2048
2.354000e-3,1.65040,2048
2.356000e-3,1.66249,2063
2.358000e-3,1.65121,2049
2.360000e-3,1.65201,2050
2.362000e-3,1.66491,2066
2.364000e-3,1.65766,2057
2.366000e-3,1.65363,2052
2.368000e-3,1.65846,2058
2.370000e-3,1.65685,2056
2.372000e-3,1.64315,2039
2.374000e-3,1.66168,2062
2.376000e-3,1.65524,2054
2.378000e-3,1.64557,2042
2.380000e-3,1.65524,2054
2.382000e-3,1.65927,2059
2.384000e-3,1.64799,2045
2.386000e-3,1.65524,2054
2.388000e-3,1.65685,2056
2.390000e-3,1.64960,2047
2.392000e-3,1.65121,2049
2.394000e-3,1.65927,2059
2.396000e-3,1.65363,2052
2.398000e-3,1.64799,2045
2.400000e-3,1.66652,2068
2.402000e-3,1.65121,2049
2.404000e-3,1.65040,2048
2.406000e-3,1.66813,2070
2.408000e-3,1.65685,2056
2.410000e-3,1.65443,2053
2.412000e-3,1.66007,2060
2.414000e-3,1.65927,2059
2.416000e-3,1.64637,2043
2.418000e-3,1.65604,2055
2.420000e-3,1.65846,2058
2.422000e-3,1.64154,2037
2.424000e-3,1.65282,2051
2.426000e-3,1.65685,2056
2.428000e-3,1.65363,2052
2.430000e-3,1.65604,2055
2.432000e-3,1.65766,2057
2.434000e-3,1.65040,2048
2.436000e-3,1.65201,2050
2.438000e-3,1.66168,2062
2.440000e-3,1.65040,2048
2.442000e-3,1.65201,2050
2.444000e-3,1.66491,2066
2.446000e-3,1.65685,2056
2.448000e-3,1.65201,2050
2.450000e-3,1.66652,2068
2.452000e-3,1.65524,2054
2.454000e-3,1.65121,2049
2.456000e-3,1.66410,2065
2.458000e-3,1.65443,2053
2.460000e-3,1.65201,2050
2.462000e-3,1.66168,2062
2.464000e-3,1.65927,2059
2.466000e-3,1.64557,2042
2.468000e-3,1.65846,2058
2.470000e-3,1.65846,2058
2.472000e-3,1.64234,2038
2.474000e-3,1.65685,2056
2.476000e-3,1.66007,2060
2.478000e-3,1.64476,2041
2.480000e-3,1.66007,2060
2.482000e-3,1.66088,2061
2.484000e-3,1.64960,2047
2.486000e-3,1.65604,2055
2.488000e-3,1.65685,2056
2.490000e-3,1.64718,2044
2.492000e-3,1.65363,2052
2.494000e-3,1.66330,2064
2.496000e-3,1.65121,2049
2.498000e-3,1.64557,2042
2.500000e-3,1.66491,2066
2.502000e-3,1.65201,2050
2.504000e-3,1.65040,2048
2.506000e-3,1.66410,2065
2.508000e-3,1.65443,2053
2.510000e-3,1.65282,2051
2.512000e-3,1.65524,2054
2.514000e-3,1.65604,2055
2.516000e-3,1.65201,2050
2.518000e-3,1.66168,2062
2.520000e-3,1.65846,2058
2.522000e-3,1.65282,2051
2.524000e-3,1.66007,2060
2.526000e-3,1.65846,2058
2.528000e-3,1.65121,2049
2.530000e-3,1.66491,2066
2.532000e-3,1.65685,2056
2.534000e-3,1.65040,2048
2.536000e-3,1.65040,2048
2.538000e-3,1.65685,2056
2.540000e-3,1.64396,2040
2.542000e-3,1.65363,2052
2.544000e-3,1.66007,2060
2.546000e-3,1.65524,2054
2.548000e-3,1.65282,2051
2.550000e-3,1.65846,2058
2.552000e-3,1.65121,2049
2.554000e-3,1.65443,2053
2.556000e-3,1.66491,2066
2.558000e-3,1.65121,2049
2.560000e-3,1.65201,2050
2.562000e-3,1.66813,2070
2.564000e-3,1.65282,2051
2.566000e-3,1.65363,2052
2.568000e-3,1.66894,2071
2.570000e-3,1.65846,2058
2.572000e-3,1.64799,2045
2.574000e-3,1.66249,2063
2.576000e-3,1.65363,2052
2.578000e-3,1.65282,2051
2.580000e-3,1.66491,2066
2.582000e-3,1.65766,2057
2.584000e-3,1.65604,2055
2.586000e-3,1.66491,2066
2.588000e-3,1.65766,2057
2.590000e-3,1.64799,2045
2.592000e-3,1.65846,2058
2.594000e-3,1.65766,2057
2.596000e-3,1.64476,2041
2.598000e-3,1.65846,2058
2.600000e-3,1.65846,2058
2.602000e-3,1.64315,2039
2.604000e-3,1.65766,2057
2.606000e-3,1.65927,2059
2.608000e-3,1.64396,2040
2.610000e-3,1.65604,2055
2.612000e-3,1.65685,2056
2.614000e-3,1.64396,2040
2.616000e-3,1.65201,2050
2.618000e-3,1.65766,2057
2.620000e-3,1.64799,2045
2.622000e-3,1.65363,2052
2.624000e-3,1.66007,2060
2.626000e-3,1.65040,2048
2.628000e-3,1.64718,2044
2.630000e-3,1.66491,2066
2.632000e-3,1.65524,2054
2.634000e-3,1.65282,2051
2.636000e-3,1.66652,2068
2.638000e-3,1.65766,2057
2.640000e-3,1.65604,2055
2.642000e-3,1.65927,2059
2.644000e-3,1.65927,2059
2.646000e-3,1.64234,2038
2.648000e-3,1.64718,2044
2.650000e-3,1.65685,2056
2.652000e-3,1.63832,2033
2.654000e-3,1.65524,2054
2.656000e-3,1.65524,2054
2.658000e-3,1.64879,2046
2.660000e-3,1.65201,2050
2.662000e-3,1.65927,2059
2.664000e-3,1.64799,2045
2.666000e-3,1.65121,2049
2.668000e-3,1.66330,2064
2.670000e-3,1.64799,2045
2.672000e-3,1.64879,2046
2.674000e-3,1.67216,2075
2.676000e-3,1.65363,2052
2.678000e-3,1.65040,2048
2.680000e-3,1.67297,2076
2.682000e-3,1.66491,2066
2.684000e-3,1.65363,2052
2.686000e-3,1.66410,2065
2.688000e-3,1.65524,2054
2.690000e-3,1.65040,2048
2.692000e-3,1.66007,2060
2.694000e-3,1.66330,2064
2.696000e-3,1.63670,2031
2.698000e-3,1.64879,2046
2.700000e-3,1.65443,2053
2.702000e-3,1.64557,2042
2.704000e-3,1.65040,2048
2.706000e-3,1.65766,2057
2.708000e-3,1.64073,2036
2.710000e-3,1.65363,2052
2.712000e-3,1.65524,2054
2.714000e-3,1.64879,2046
2.716000e-3,1.65524,2054
2.718000e-3,1.66088,2061
2.720000e-3,1.64799,2045
2.722000e-3,1.64960,2047
2.724000e-3,1.66491,2066
2.726000e-3,1.65201,2050
2.728000e-3,1.65282,2051
2.730000e-3,1.66491,2066
2.732000e-3,1.65766,2057
2.734000e-3,1.64879,2046
2.736000e-3,1.66249,2063
2.738000e-3,1.65927,2059
2.740000e-3,1.64960,2047
2.742000e-3,1.65927,2059
2.744000e-3,1.65685,2056
2.746000e-3,1.65040,2048
2.748000e-3,1.66168,2062
2.750000e-3,1.66007,2060
2.752000e-3,1.64879,2046
2.754000e-3,1.66652,2068
2.756000e-3,1.66088,2061
2.758000e-3,1.64315,2039
2.760000e-3,1.65443,2053
2.762000e-3,1.65766,2057
2.764000e-3,1.64396,2040
2.766000e-3,1.65524,2054
2.768000e-3,1.66652,2068
2.770000e-3,1.64396,2040
2.772000e-3,1.65524,2054
2.774000e-3,1.65685,2056
2.776000e-3,1.64637,2043
2.778000e-3,1.65443,2053
2.780000e-3,1.66007,2060
2.782000e-3,1.65201,2050
2.784000e-3,1.64396,2040
2.786000e-3,1.66007,2060
2.788000e-3,1.65282,2051
2.790000e-3,1.65363,2052
2.792000e-3,1.66733,2069
2.794000e-3,1.65443,2053
2.796000e-3,1.64960,2047
2.798000e-3,1.66330,2064
2.800000e-3,1.65766,2057
2.802000e-3,1.64637,2043
2.804000e-3,1.66007,2060
2.806000e-3,1.66007,2060
2.808000e-3,1.64234,2038
2.810000e-3,1.66330,2064
2.812000e-3,1.65604,2055
2.814000e-3,1.64718,2044
2.816000e-3,1.65604,2055
2.818000e-3,1.66007,2060
2.820000e-3,1.65201,2050
2.822000e-3,1.65282,2051
2.824000e-3,1.66733,2069
2.826000e-3,1.65766,2057
2.828000e-3,1.65282,2051
2.830000e-3,1.66330,2064
2.832000e-3,1.65766,2057
2.834000e-3,1.65363,2052
2.836000e-3,1.66652,2068
2.838000e-3,1.65685,2056
2.840000e-3,1.64799,2045
2.842000e-3,1.65846,2058
2.844000e-3,1.65604,2055
2.846000e-3,1.64315,2039
2.848000e-3,1.64557,2042
2.850000e-3,1.66007,2060
2.852000e-3,1.64718,2044
2.854000e-3,1.65524,2054
2.856000e-3,1.65927,2059
2.858000e-3,1.64960,2047
2.860000e-3,1.65282,2051
2.862000e-3,1.65685,2056
2.864000e-3,1.65121,2049
2.866000e-3,1.65040,2048
2.868000e-3,1.66491,2066
2.870000e-3,1.65363,2052
2.872000e-3,1.64637,2043
2.874000e-3,1.66733,2069
2.876000e-3,1.64557,2042
2.878000e-3,1.65282,2051
2.880000e-3,1.66652,2068
2.882000e-3,1.65604,2055
2.884000e-3,1.65040,2048
2.886000e-3,1.66410,2065
2.888000e-3,1.66168,2062
2.890000e-3,1.65201,2050
2.892000e-3,1.66249,2063
2.894000e-3,1.66168,2062
2.896000e-3,1.64799,2045
2.898000e-3,1.65524,2054
2.900000e-3,1.66088,2061
2.902000e-3,1.64234,2038
2.904000e-3,1.65524,2054
2.906000e-3,1.65766,2057
2.908000e-3,1.65040,2048
2.910000e-3,1.65363,2052
2.912000e-3,1.66088,2061
2.914000e-3,1.64799,2045
2.916000e-3,1.65201,2050
2.918000e-3,1.66571,2067
2.920000e-3,1.65040,2048
2.922000e-3,1.65201,2050
2.924000e-3,1.66491,2066
2.926000e-3,1.65282,2051
2.928000e-3,1.65524,2054
2.930000e-3,1.66491,2066
2.932000e-3,1.65363,2052
2.934000e-3,1.65121,2049
2.936000e-3,1.66007,2060
2.938000e-3,1.66410,2065
2.940000e-3,1.65121,2049
2.942000e-3,1.66491,2066
2.944000e-3,1.65685,2056
2.946000e-3,1.63993,2035
2.948000e-3,1.65685,2056
2.950000e-3,1.65685,2056
2.952000e-3,1.64476,2041
2.954000e-3,1.65766,2057
2.956000e-3,1.65846,2058
2.958000e-3,1.64799,2045
2.960000e-3,1.65040,2048
2.962000e-3,1.65766,2057
2.964000e-3,1.64879,2046
2.966000e-3,1.65282,2051
2.968000e-3,1.66088,2061
2.970000e-3,1.64960,2047
2.972000e-3,1.64960,2047
2.974000e-3,1.66733,2069
2.976000e-3,1.65524,2054
2.978000e-3,1.65121,2049
2.980000e-3,1.66410,2065
2.982000e-3,1.65766,2057
2.984000e-3,1.65121,2049
2.986000e-3,1.66491,2066
2.988000e-3,1.65685,2056
2.990000e-3,1.65282,2051
2.992000e-3,1.65927,2059
2.994000e-3,1.66007,2060
2.996000e-3,1.64476,2041
2.998000e-3,1.65846,2058
3.000000e-3,1.66007,2060
3.002000e-3,1.64396,2040
3.004000e-3,1.65121,2049
3.006000e-3,1.66168,2062
3.008000e-3,1.65040,2048
3.010000e-3,1.65121,2049
3.012000e-3,1.66007,2060
3.014000e-3,1.65040,2048
3.016000e-3,1.65363,2052
3.018000e-3,1.66491,2066
3.020000e-3,1.65282,2051
3.022000e-3,1.65121,2049
3.024000e-3,1.66652,2068
3.026000e-3,1.65685,2056
3.028000e-3,1.65282,2051
3.030000e-3,1.66088,2061
3.032000e-3,1.65846,2058
3.034000e-3,1.64879,2046
3.036000e-3,1.65846,2058
3.038000e-3,1.65927,2059
3.040000e-3,1.64396,2040
3.042000e-3,1.65927,2059
3.044000e-3,1.66330,2064
3.046000e-3,1.64315,2039
3.048000e-3,1.65121,2049
3.050000e-3,1.65846,2058
3.052000e-3,1.65282,2051
3.054000e-3,1.65282,2051
3.056000e-3,1.66410,2065
3.058000e-3,1.65201,2050
3.060000e-3,1.65121,2049
3.062000e-3,1.65846,2058
3.064000e-3,1.65282,2051
3.066000e-3,1.65040,2048
3.068000e-3,1.66652,2068
3.070000e-3,1.65524,2054
3.072000e-3,1.65282,2051
3.074000e-3,1.66491,2066
3.076000e-3,1.65927,2059
3.078000e-3,1.66088,2061
3.080000e-3,1.66007,2060
3.082000e-3,1.65766,2057
3.084000e-3,1.64718,2044
3.086000e-3,1.65766,2057
3.088000e-3,1.66249,2063
3.090000e-3,1.64154,2037
3.092000e-3,1.65685,2056
3.094000e-3,1.66007,2060
3.096000e-3,1.64718,2044
3.098000e-3,1.65040,2048
3.100000e-3,1.66168,2062
3.102000e-3,1.64637,2043
3.104000e-3,1.65363,2052
3.106000e-3,1.66249,2063
3.108000e-3,1.65846,2058
3.110000e-3,1.65282,2051
3.112000e-3,1.67055,2073
3.114000e-3,1.65363,2052
3.116000e-3,1.64799,2045
3.118000e-3,1.66330,2064
3.120000e-3,1.65685,2056
3.122000e-3,1.65201,2050
3.124000e-3,1.65685,2056
3.126000e-3,1.65766,2057
3.128000e-3,1.64879,2046
3.130000e-3,1.65846,2058
3.132000e-3,1.65846,2058
3.134000e-3,1.64476,2041
3.136000e-3,1.65766,2057
3.138000e-3,1.65685,2056
3.140000e-3,1.64799,2045
3.142000e-3,1.64557,2042
3.144000e-3,1.65604,2055
3.146000e-3,1.64154,2037
3.148000e-3,1.65201,2050
3.150000e-3,1.65846,2058
3.152000e-3,1.64879,2046
3.154000e-3,1.65685,2056
3.156000e-3,1.65927,2059
3.158000e-3,1.65121,2049
3.160000e-3,1.65040,2048
3.162000e-3,1.66330,2064
3.164000e-3,1.65201,2050
3.166000e-3,1.64315,2039
3.168000e-3,1.66410,2065
3.170000e-3,1.65121,2049
3.172000e-3,1.64960,2047
3.174000e-3,1.66652,2068
3.176000e-3,1.65524,2054
3.178000e-3,1.65201,2050
3.180000e-3,1.66330,2064
3.182000e-3,1.65604,2055
3.184000e-3,1.64799,2045
3.186000e-3,1.66330,2064
3.188000e-3,1.65121,2049
3.190000e-3,1.65363,2052
3.192000e-3,1.66088,2061
3.194000e-3,1.65766,2057
3.196000e-3,1.65040,2048
3.198000e-3,1.65846,2058
3.200000e-3,1.65927,2059
3.202000e-3,1.64315,2039
3.204000e-3,1.65846,2058
3.206000e-3,1.66571,2067
3.208000e-3,1.64557,2042
3.210000e-3,1.65846,2058
3.212000e-3,1.65604,2055
3.214000e-3,1.64396,2040
3.216000e-3,1.65363,2052
3.218000e-3,1.65846,2058
3.220000e-3,1.65846,2058
3.222000e-3,1.65363,2052
3.224000e-3,1.66733,2069
3.226000e-3,1.65363,2052
3.228000e-3,1.65524,2054
3.230000e-3,1.66894,2071
3.232000e-3,1.65121,2049
3.234000e-3,1.65040,2048
3.236000e-3,1.66733,2069
3.238000e-3,1.65282,2051
3.240000e-3,1.64799,2045
3.242000e-3,1.66571,2067
3.244000e-3,1.65363,2052
3.246000e-3,1.65121,2049
3.248000e-3,1.66330,2064
3.250000e-3,1.66168,2062
3.252000e-3,1.65201,2050
3.254000e-3,1.66813,2070
3.256000e-3,1.65121,2049
3.258000e-3,1.65201,2050
3.260000e-3,1.66733,2069
3.262000e-3,1.65443,2053
3.264000e-3,1.65282,2051
3.266000e-3,1.66410,2065
3.268000e-3,1.65282,2051
3.270000e-3,1.65201,2050
3.272000e-3,1.66410,2065
3.274000e-3,1.66007,2060
3.276000e-3,1.65363,2052
3.278000e-3,1.66410,2065
3.280000e-3,1.65040,2048
3.282000e-3,1.65121,2049
3.284000e-3,1.66007,2060
3.286000e-3,1.65604,2055
3.288000e-3,1.64637,2043
3.290000e-3,1.65927,2059
3.292000e-3,1.65282,2051
3.294000e-3,1.64557,2042
3.296000e-3,1.66088,2061
3.298000e-3,1.66168,2062
3.300000e-3,1.64396,2040
3.302000e-3,1.65443,2053
3.304000e-3,1.66007,2060
3.306000e-3,1.64557,2042
3.308000e-3,1.66330,2064
3.310000e-3,1.65846,2058
3.312000e-3,1.64960,2047
3.314000e-3,1.65524,2054
3.316000e-3,1.65524,2054
3.318000e-3,1.64637,2043
3.320000e-3,1.64154,2037
3.322000e-3,1.66007,2060
3.324000e-3,1.65363,2052
3.326000e-3,1.65201,2050
3.328000e-3,1.66652,2068
3.330000e-3,1.65443,2053
3.332000e-3,1.65121,2049
3.334000e-3,1.66330,2064
3.336000e-3,1.65282,2051
3.338000e-3,1.65040,2048
3.340000e-3,1.66733,2069
3.342000e-3,1.65604,2055
3.344000e-3,1.64476,2041
3.346000e-3,1.66249,2063
3.348000e-3,1.65282,2051
3.350000e-3,1.64637,2043
3.352000e-3,1.65927,2059
3.354000e-3,1.65766,2057
3.356000e-3,1.64718,2044
3.358000e-3,1.65363,2052
3.360000e-3,1.66330,2064
3.362000e-3,1.64476,2041
3.364000e-3,1.65846,2058
3.366000e-3,1.66007,2060
3.368000e-3,1.64396,2040
3.370000e-3,1.65282,2051
3.372000e-3,1.65927,2059
3.374000e-3,1.63832,2033
3.376000e-3,1.65443,2053
3.378000e-3,1.65766,2057
3.380000e-3,1.65201,2050
3.382000e-3,1.65363,2052
3.384000e-3,1.66088,2061
3.386000e-3,1.64557,2042
3.388000e-3,1.65524,2054
3.390000e-3,1.65846,2058
3.392000e-3,1.64718,2044
3.394000e-3,1.65201,2050
3.396000e-3,1.65846,2058
3.398000e-3,1.65121,2049
3.400000e-3,1.65604,2055
3.402000e-3,1.66813,2070
3.404000e-3,1.65363,2052
3.406000e-3,1.64960,2047
3.408000e-3,1.66168,2062
3.410000e-3,1.65121,2049
3.412000e-3,1.65363,2052
3.414000e-3,1.66249,2063
3.416000e-3,1.65363,2052
3.418000e-3,1.64960,2047
3.420000e-3,1.66330,2064
3.422000e-3,1.64718,2044
3.424000e-3,1.65040,2048
3.426000e-3,1.66007,2060
3.428000e-3,1.66249,2063
3.430000e-3,1.64315,2039
3.432000e-3,1.65201,2050
3.434000e-3,1.65685,2056
3.436000e-3,1.64637,2043
3.438000e-3,1.65121,2049
3.440000e-3,1.65846,2058
3.442000e-3,1.64960,2047
3.444000e-3,1.64637,2043
3.446000e-3,1.65927,2059
3.448000e-3,1.65927,2059
3.450000e-3,1.65121,2049
3.452000e-3,1.66249,2063
3.454000e-3,1.65121,2049
3.456000e-3,1.65201,2050
3.458000e-3,1.66733,2069
3.460000e-3,1.65443,2053
3.462000e-3,1.65282,2051
3.464000e-3,1.66652,2068
3.466000e-3,1.65604,2055
3.468000e-3,1.64879,2046
3.470000e-3,1.66330,2064
3.472000e-3,1.65927,2059
3.474000e-3,1.65040,2048
3.476000e-3,1.66491,2066
3.478000e-3,1.65846,2058
3.480000e-3,1.65201,2050
3.482000e-3,1.66168,2062
3.484000e-3,1.65846,2058
3.486000e-3,1.64154,2037
3.488000e-3,1.65363,2052
3.490000e-3,1.65846,2058
3.492000e-3,1.64637,2043
3.494000e-3,1.65685,2056
3.496000e-3,1.66894,2071
3.498000e-3,1.64960,2047
3.500000e-3,1.66330,2064
3.502000e-3,1.66088,2061
3.504000e-3,1.64799,2045
3.506000e-3,1.65363,2052
3.508000e-3,1.66088,2061
3.510000e-3,1.65040,2048
3.512000e-3,1.65201,2050
3.514000e-3,1.66491,2066
3.516000e-3,1.65201,2050
3.518000e-3,1.64637,2043
3.520000e-3,1.66410,2065
3.522000e-3,1.65685,2056
3.524000e-3,1.65201,2050
3.526000e-3,1.66571,2067
3.528000e-3,1.65443,2053
3.530000e-3,1.65443,2053
3.532000e-3,1.66088,2061
3.534000e-3,1.65846,2058
3.536000e-3,1.64637,2043
3.538000e-3,1.65766,2057
3.540000e-3,1.65766,2057
3.542000e-3,1.64476,2041
3.544000e-3,1.65443,2053
3.546000e-3,1.66168,2062
3.548000e-3,1.64879,2046
3.550000e-3,1.65443,2053
3.552000e-3,1.65846,2058
3.554000e-3,1.65121,2049
3.556000e-3,1.65040,2048
3.558000e-3,1.66571,2067
3.560000e-3,1.65524,2054
3.562000e-3,1.65201,2050
3.564000e-3,1.66571,2067
3.566000e-3,1.65282,2051
3.568000e-3,1.65443,2053
3.570000e-3,1.66330,2064
3.572000e-3,1.66007,2060
3.574000e-3,1.64315,2039
3.576000e-3,1.65766,2057
3.578000e-3,1.66007,2060
3.580000e-3,1.65121,2049
3.582000e-3,1.65363,2052
3.584000e-3,1.66330,2064
3.586000e-3,1.65685,2056
3.588000e-3,1.65040,2048
3.590000e-3,1.66652,2068
3.592000e-3,1.65121,2049
3.594000e-3,1.64879,2046
3.596000e-3,1.66733,2069
3.598000e-3,1.65846,2058
3.600000e-3,1.65604,2055
3.602000e-3,1.66330,2064
3.604000e-3,1.65685,2056
3.606000e-3,1.63832,2033
3.608000e-3,1.65927,2059
3.610000e-3,1.65846,2058
3.612000e-3,1.64396,2040
3.614000e-3,1.65685,2056
3.616000e-3,1.65766,2057
3.618000e-3,1.64557,2042
3.620000e-3,1.64637,2043
3.622000e-3,1.65766,2057
3.624000e-3,1.65040,2048
3.626000e-3,1.65201,2050
3.628000e-3,1.66330,2064
3.630000e-3,1.65443,2053
3.632000e-3,1.65524,2054
3.634000e-3,1.66330,2064
3.636000e-3,1.65766,2057
3.638000e-3,1.65201,2050
3.640000e-3,1.66007,2060
3.642000e-3,1.65524,2054
3.644000e-3,1.64234,2038
3.646000e-3,1.65443,2053
3.648000e-3,1.65846,2058
3.650000e-3,1.64315,2039
3.652000e-3,1.65766,2057
3.654000e-3,1.65846,2058
3.656000e-3,1.64879,2046
3.658000e-3,1.65201,2050
3.660000e-3,1.65282,2051
3.662000e-3,1.64960,2047
3.664000e-3,1.64315,2039
3.666000e-3,1.66410,2065
3.668000e-3,1.65282,2051
3.670000e-3,1.65121,2049
3.672000e-3,1.67055,2073
3.674000e-3,1.65524,2054
3.676000e-3,1.65040,2048
3.678000e-3,1.66410,2065
3.680000e-3,1.65685,2056
3.682000e-3,1.65121,2049
3.684000e-3,1.66491,2066
3.686000e-3,1.65363,2052
3.688000e-3,1.65040,2048
3.690000e-3,1.65040,2048
3.692000e-3,1.65685,2056
3.694000e-3,1.64234,2038
3.696000e-3,1.65685,2056
3.698000e-3,1.66168,2062
3.700000e-3,1.64557,2042
3.702000e-3,1.65443,2053
3.704000e-3,1.65524,2054
3.706000e-3,1.64718,2044
3.708000e-3,1.65201,2050
3.710000e-3,1.65685,2056
3.712000e-3,1.65524,2054
3.714000e-3,1.65121,2049
3.716000e-3,1.66571,2067
3.718000e-3,1.65685,2056
3.720000e-3,1.65201,2050
3.722000e-3,1.66088,2061
3.724000e-3,1.65524,2054
3.726000e-3,1.64799,2045
3.728000e-3,1.65524,2054
3.730000e-3,1.65846,2058
3.732000e-3,1.65443,2053
3.734000e-3,1.65766,2057
3.736000e-3,1.66733,2069
3.738000e-3,1.64879,2046
3.740000e-3,1.65282,2051
3.742000e-3,1.65685,2056
3.744000e-3,1.65282,2051
3.746000e-3,1.65040,2048
3.748000e-3,1.66894,2071
3.750000e-3,1.65282,2051
3.752000e-3,1.65201,2050
3.754000e-3,1.66652,2068
3.756000e-3,1.65685,2056
3.758000e-3,1.65040,2048
3.760000e-3,1.66330,2064
3.762000e-3,1.65685,2056
3.764000e-3,1.64557,2042
3.766000e-3,1.65685,2056
3.768000e-3,1.66330,2064
3.770000e-3,1.64476,2041
3.772000e-3,1.65443,2053
3.774000e-3,1.66168,2062
3.776000e-3,1.64234,2038
3.778000e-3,1.65282,2051
3.780000e-3,1.66007,2060
3.782000e-3,1.65121,2049
3.784000e-3,1.65282,2051
3.786000e-3,1.66491,2066
3.788000e-3,1.65524,2054
3.790000e-3,1.64960,2047
3.792000e-3,1.66652,2068
3.794000e-3,1.66330,2064
3.796000e-3,1.64799,2045
3.798000e-3,1.66168,2062
3.800000e-3,1.65040,2048
3.802000e-3,1.65201,2050
3.804000e-3,1.66168,2062
3.806000e-3,1.65604,2055
3.808000e-3,1.64637,2043
3.810000e-3,1.65685,2056
3.812000e-3,1.65524,2054
3.814000e-3,1.64557,2042
3.816000e-3,1.65443,2053
3.818000e-3,1.66168,2062
3.820000e-3,1.64960,2047
3.822000e-3,1.65363,2052
3.824000e-3,1.65766,2057
3.826000e-3,1.64718,2044
3.828000e-3,1.65201,2050
3.830000e-3,1.66088,2061
3.832000e-3,1.65363,2052
3.834000e-3,1.64960,2047
3.836000e-3,1.66491,2066
3.838000e-3,1.65604,2055
3.840000e-3,1.65282,2051
3.842000e-3,1.66571,2067
3.844000e-3,1.65766,2057
3.846000e-3,1.65121,2049
3.848000e-3,1.66249,2063
3.850000e-3,1.66007,2060
3.852000e-3,1.64154,2037
3.854000e-3,1.65927,2059
3.856000e-3,1.66007,2060
3.858000e-3,1.64396,2040
3.860000e-3,1.65040,2048
3.862000e-3,1.65766,2057
3.864000e-3,1.64637,2043
3.866000e-3,1.65443,2053
3.868000e-3,1.66652,2068
3.870000e-3,1.64960,2047
3.872000e-3,1.65604,2055
3.874000e-3,1.66894,2071
3.876000e-3,1.65443,2053
3.878000e-3,1.65040,2048
3.880000e-3,1.66571,2067
3.882000e-3,1.65443,2053
3.884000e-3,1.65363,2052
3.886000e-3,1.66168,2062
3.888000e-3,1.65927,2059
3.890000e-3,1.64557,2042
3.892000e-3,1.65443,2053
3.894000e-3,1.66974,2072
3.896000e-3,1.64396,2040
3.898000e-3,1.65443,2053
3.900000e-3,1.65524,2054
3.902000e-3,1.64396,2040
3.904000e-3,1.65604,2055
3.906000e-3,1.66330,2064
3.908000e-3,1.65363,2052
3.910000e-3,1.65040,2048
3.912000e-3,1.66491,2066
3.914000e-3,1.65201,2050
3.916000e-3,1.65201,2050
3.918000e-3,1.66410,2065
3.920000e-3,1.65766,2057
3.922000e-3,1.65121,2049
3.924000e-3,1.66249,2063
3.926000e-3,1.65846,2058
3.928000e-3,1.64234,2038
3.930000e-3,1.65443,2053
3.932000e-3,1.65846,2058
3.934000e-3,1.64476,2041
3.936000e-3,1.65121,2049
3.938000e-3,1.65766,2057
3.940000e-3,1.64557,2042
3.942000e-3,1.65201,2050
3.944000e-3,1.67377,2077
3.946000e-3,1.65363,2052
3.948000e-3,1.65040,2048
3.950000e-3,1.66733,2069
3.952000e-3,1.65524,2054
3.954000e-3,1.64718,2044
3.956000e-3,1.66733,2069
3.958000e-3,1.65040,2048
3.960000e-3,1.65121,2049
3.962000e-3,1.65766,2057
3.964000e-3,1.65604,2055
3.966000e-3,1.64799,2045
3.968000e-3,1.65766,2057
3.970000e-3,1.66168,2062
3.972000e-3,1.64476,2041
3.974000e-3,1.65766,2057
3.976000e-3,1.65524,2054
3.978000e-3,1.64315,2039
3.980000e-3,1.65443,2053
3.982000e-3,1.64879,2046
3.984000e-3,1.64879,2046
3.986000e-3,1.65201,2050
3.988000e-3,1.66007,2060
3.990000e-3,1.66168,2062
3.992000e-3,1.65201,2050
3.994000e-3,1.66330,2064
3.996000e-3,1.65443,2053
3.998000e-3,1.65363,2052
4.000000e-3,1.66249,2063
4.002000e-3,1.65927,2059
4.004000e-3,1.64799,2045
4.006000e-3,1.65846,2058
4.008000e-3,1.65443,2053
4.010000e-3,1.64396,2040
4.012000e-3,1.65604,2055
4.014000e-3,1.66652,2068
4.016000e-3,1.64315,2039
4.018000e-3,1.65443,2053
4.020000e-3,1.65927,2059
4.022000e-3,1.64637,2043
4.024000e-3,1.65121,2049
4.026000e-3,1.66168,2062
4.028000e-3,1.64476,2041
4.030000e-3,1.65282,2051
4.032000e-3,1.66652,2068
4.034000e-3,1.65201,2050
4.036000e-3,1.65363,2052
4.038000e-3,1.66652,2068
4.040000e-3,1.65524,2054
4.042000e-3,1.65121,2049
4.044000e-3,1.66088,2061
4.046000e-3,1.65443,2053
4.048000e-3,1.64637,2043
4.050000e-3,1.66088,2061
4.052000e-3,1.65766,2057
4.054000e-3,1.64396,2040
4.056000e-3,1.65685,2056
4.058000e-3,1.65604,2055
4.060000e-3,1.64476,2041
4.062000e-3,1.65282,2051
4.064000e-3,1.65282,2051
4.066000e-3,1.65201,2050
4.068000e-3,1.65524,2054
4.070000e-3,1.66249,2063
4.072000e-3,1.65282,2051
4.074000e-3,1.65282,2051
4.076000e-3,1.67055,2073
4.078000e-3,1.65443,2053
4.080000e-3,1.65201,2050
4.082000e-3,1.66652,2068
4.084000e-3,1.65685,2056
4.086000e-3,1.65685,2056
4.088000e-3,1.66571,2067
4.090000e-3,1.65766,2057
4.092000e-3,1.64879,2046
4.094000e-3,1.65685,2056
4.096000e-3,1.65766,2057
4.098000e-3,1.64476,2041
4.100000e-3,1.65685,2056
4.102000e-3,1.66491,2066
4.104000e-3,1.65040,2048
4.106000e-3,1.65282,2051
4.108000e-3,1.66007,2060
4.110000e-3,1.65121,2049
4.112000e-3,1.65121,2049
4.114000e-3,1.66652,2068
4.116000e-3,1.65604,2055
4.118000e-3,1.64557,2042
4.120000e-3,1.66007,2060
4.122000e-3,1.66007,2060
4.124000e-3,1.65040,2048
4.126000e-3,1.65927,2059
4.128000e-3,1.66088,2061
4.130000e-3,1.64234,2038
4.132000e-3,1.64879,2046
4.134000e-3,1.65282,2051
4.136000e-3,1.65201,2050
4.138000e-3,1.65524,2054
4.140000e-3,1.66410,2065
4.142000e-3,1.65201,2050
4.144000e-3,1.64718,2044
4.146000e-3,1.66571,2067
4.148000e-3,1.65363,2052
4.150000e-3,1.65604,2055
4.152000e-3,1.66168,2062
4.154000e-3,1.64960,2047
4.156000e-3,1.65524,2054
4.158000e-3,1.65766,2057
4.160000e-3,1.65766,2057
4.162000e-3,1.64718,2044
4.164000e-3,1.65121,2049
4.166000e-3,1.65201,2050
4.168000e-3,1.64073,2036
4.170000e-3,1.65443,2053
4.172000e-3,1.66491,2066
4.174000e-3,1.65524,2054
4.176000e-3,1.64718,2044
4.178000e-3,1.66330,2064
4.180000e-3,1.65443,2053
4.182000e-3,1.64799,2045
4.184000e-3,1.66249,2063
4.186000e-3,1.66168,2062
4.188000e-3,1.64799,2045
4.190000e-3,1.66330,2064
4.192000e-3,1.65524,2054
4.194000e-3,1.64476,2041
4.196000e-3,1.65201,2050
4.198000e-3,1.65927,2059
4.200000e-3,1.64557,2042
4.202000e-3,1.65363,2052
4.204000e-3,1.66007,2060
4.206000e-3,1.65121,2049
4.208000e-3,1.65201,2050
4.210000e-3,1.66652,2068
4.212000e-3,1.65524,2054
4.214000e-3,1.65040,2048
4.216000e-3,1.66652,2068
4.218000e-3,1.65201,2050
4.220000e-3,1.64960,2047
4.222000e-3,1.66813,2070
4.224000e-3,1.66088,2061
4.226000e-3,1.65282,2051
4.228000e-3,1.65927,2059
4.230000e-3,1.65766,2057
4.232000e-3,1.64234,2038
4.234000e-3,1.65685,2056
4.236000e-3,1.65685,2056
4.238000e-3,1.64799,2045
4.240000e-3,1.65363,2052
4.242000e-3,1.66168,2062
4.244000e-3,1.64960,2047
4.246000e-3,1.65363,2052
4.248000e-3,1.65846,2058
4.250000e-3,1.65040,2048
4.252000e-3,1.65201,2050
4.254000e-3,1.66813,2070
4.256000e-3,1.65443,2053
4.258000e-3,1.64396,2040
4.260000e-3,1.66330,2064
4.262000e-3,1.65524,2054
4.264000e-3,1.65363,2052
4.266000e-3,1.66168,2062
4.268000e-3,1.65685,2056
4.270000e-3,1.65363,2052
4.272000e-3,1.65927,2059
4.274000e-3,1.66168,2062
4.276000e-3,1.64073,2036
4.278000e-3,1.65846,2058
4.280000e-3,1.66007,2060
4.282000e-3,1.64396,2040
4.284000e-3,1.65443,2053
4.286000e-3,1.66007,2060
4.288000e-3,1.64960,2047
4.290000e-3,1.65524,2054
4.292000e-3,1.66007,2060
4.294000e-3,1.64557,2042
4.296000e-3,1.65201,2050
4.298000e-3,1.66088,2061
4.300000e-3,1.64637,2043
4.302000e-3,1.65282,2051
4.304000e-3,1.66652,2068
4.306000e-3,1.65282,2051
4.308000e-3,1.65363,2052
4.310000e-3,1.66652,2068
4.312000e-3,1.65524,2054
4.314000e-3,1.65040,2048
4.316000e-3,1.66088,2061
4.318000e-3,1.65443,2053
4.320000e-3,1.64557,2042
4.322000e-3,1.65766,2057
4.324000e-3,1.65927,2059
4.326000e-3,1.64234,2038
4.328000e-3,1.65766,2057
4.330000e-3,1.65604,2055
4.332000e-3,1.63912,2034
4.334000e-3,1.65685,2056
4.336000e-3,1.65685,2056
4.338000e-3,1.64637,2043
4.340000e-3,1.65121,2049
4.342000e-3,1.65927,2059
4.344000e-3,1.65040,2048
4.346000e-3,1.66088,2061
4.348000e-3,1.66330,2064
4.350000e-3,1.65040,2048
4.352000e-3,1.65201,2050
4.354000e-3,1.66410,2065
4.356000e-3,1.65927,2059
4.358000e-3,1.64879,2046
4.360000e-3,1.66410,2065
4.362000e-3,1.65040,2048
4.364000e-3,1.65282,2051
4.366000e-3,1.65685,2056
4.368000e-3,1.65685,2056
4.370000e-3,1.64476,2041
4.372000e-3,1.65685,2056
4.374000e-3,1.65846,2058
4.376000e-3,1.65201,2050
4.378000e-3,1.65524,2054
4.380000e-3,1.66007,2060
4.382000e-3,1.64799,2045
4.384000e-3,1.66330,2064
4.386000e-3,1.66007,2060
4.388000e-3,1.65363,2052
4.390000e-3,1.64637,2043
4.392000e-3,1.66652,2068
4.394000e-3,1.65040,2048
4.396000e-3,1.65201,2050
4.398000e-3,1.66652,2068
4.400000e-3,1.65604,2055
4.402000e-3,1.65040,2048
4.404000e-3,1.66168,2062
4.406000e-3,1.66007,2060
4.408000e-3,1.65040,2048
4.410000e-3,1.66410,2065
4.412000e-3,1.65846,2058
4.414000e-3,1.64315,2039
4.416000e-3,1.65604,2055
4.418000e-3,1.65766,2057
4.420000e-3,1.64154,2037
4.422000e-3,1.65524,2054
4.424000e-3,1.65766,2057
4.426000e-3,1.64799,2045
4.428000e-3,1.65282,2051
4.430000e-3,1.66088,2061
4.432000e-3,1.65685,2056
4.434000e-3,1.65121,2049
4.436000e-3,1.66652,2068
4.438000e-3,1.65443,2053
4.440000e-3,1.65040,2048
4.442000e-3,1.66330,2064
4.444000e-3,1.65846,2058
4.446000e-3,1.65282,2051
4.448000e-3,1.66168,2062
4.450000e-3,1.65524,2054
4.452000e-3,1.64315,2039
4.454000e-3,1.65121,2049
4.456000e-3,1.66813,2070
4.458000e-3,1.64960,2047
4.460000e-3,1.65604,2055
4.462000e-3,1.66330,2064
4.464000e-3,1.64799,2045
4.466000e-3,1.65443,2053
4.468000e-3,1.65685,2056
4.470000e-3,1.65121,2049
4.472000e-3,1.65040,2048
4.474000e-3,1.66733,2069
4.476000e-3,1.65443,2053
4.478000e-3,1.65121,2049
4.480000e-3,1.66571,2067
4.482000e-3,1.65282,2051
4.484000e-3,1.65121,2049
4.486000e-3,1.66330,2064
4.488000e-3,1.65766,2057
4.490000e-3,1.65040,2048
4.492000e-3,1.66007,2060
4.494000e-3,1.66249,2063
4.496000e-3,1.64476,2041
4.498000e-3,1.65766,2057
4.500000e-3,1.65927,2059
4.502000e-3,1.64396,2040
4.504000e-3,1.65282,2051
4.506000e-3,1.66007,2060
4.508000e-3,1.64637,2043
4.510000e-3,1.64637,2043
4.512000e-3,1.65766,2057
4.514000e-3,1.65040,2048
4.516000e-3,1.65363,2052
4.518000e-3,1.66007,2060
4.520000e-3,1.64799,2045
4.522000e-3,1.65121,2049
4.524000e-3,1.66410,2065
4.526000e-3,1.65201,2050
4.528000e-3,1.65201,2050
4.530000e-3,1.66410,2065
4.532000e-3,1.65363,2052
4.534000e-3,1.65121,2049
4.536000e-3,1.66571,2067
4.538000e-3,1.65443,2053
4.540000e-3,1.65201,2050
4.542000e-3,1.66410,2065
4.544000e-3,1.65363,2052
4.546000e-3,1.65443,2053
4.548000e-3,1.66410,2065
4.550000e-3,1.65766,2057
4.552000e-3,1.64073,2036
4.554000e-3,1.65443,2053
4.556000e-3,1.66491,2066
4.558000e-3,1.64476,2041
4.560000e-3,1.65685,2056
4.562000e-3,1.65927,2059
4.564000e-3,1.64960,2047
4.566000e-3,1.64557,2042
4.568000e-3,1.65524,2054
4.570000e-3,1.65363,2052
4.572000e-3,1.65040,2048
4.574000e-3,1.65766,2057
4.576000e-3,1.65685,2056
4.578000e-3,1.65121,2049
4.580000e-3,1.67055,2073
4.582000e-3,1.65524,2054
4.584000e-3,1.65363,2052
4.586000e-3,1.66330,2064
4.588000e-3,1.65604,2055
4.590000e-3,1.66007,2060
4.592000e-3,1.65685,2056
4.594000e-3,1.65766,2057
4.596000e-3,1.65201,2050
4.598000e-3,1.66007,2060
4.600000e-3,1.65443,2053
4.602000e-3,1.64154,2037
4.604000e-3,1.65524,2054
4.606000e-3,1.65282,2051
4.608000e-3,1.64315,2039
4.610000e-3,1.65604,2055
4.612000e-3,1.66088,2061
4.614000e-3,1.64718,2044
4.616000e-3,1.65282,2051
4.618000e-3,1.65927,2059
4.620000e-3,1.65121,2049
4.622000e-3,1.65040,2048
4.624000e-3,1.66491,2066
4.626000e-3,1.65443,2053
4.628000e-3,1.65363,2052
4.630000e-3,1.66894,2071
4.632000e-3,1.66249,2063
4.634000e-3,1.65201,2050
4.636000e-3,1.66652,2068
4.638000e-3,1.65363,2052
4.640000e-3,1.65201,2050
4.642000e-3,1.66168,2062
4.644000e-3,1.65766,2057
4.646000e-3,1.64637,2043
4.648000e-3,1.65927,2059
4.650000e-3,1.66007,2060
4.652000e-3,1.63832,2033
4.654000e-3,1.65524,2054
4.656000e-3,1.65927,2059
4.658000e-3,1.64557,2042
4.660000e-3,1.65443,2053
4.662000e-3,1.65766,2057
4.664000e-3,1.64960,2047
4.666000e-3,1.65363,2052
4.668000e-3,1.66652,2068
4.670000e-3,1.65443,2053
4.672000e-3,1.65443,2053
4.674000e-3,1.66168,2062
4.676000e-3,1.65685,2056
4.678000e-3,1.65040,2048
4.680000e-3,1.66652,2068
4.682000e-3,1.65846,2058
4.684000e-3,1.65121,2049
4.686000e-3,1.65846,2058
4.688000e-3,1.65685,2056
4.690000e-3,1.64799,2045
4.692000e-3,1.65766,2057
4.694000e-3,1.65927,2059
4.696000e-3,1.64315,2039
4.698000e-3,1.65443,2053
4.700000e-3,1.65927,2059
4.702000e-3,1.64396,2040
4.704000e-3,1.65685,2056
4.706000e-3,1.65927,2059
4.708000e-3,1.64557,2042
4.710000e-3,1.65443,2053
4.712000e-3,1.65766,2057
4.714000e-3,1.64879,2046
4.716000e-3,1.65363,2052
4.718000e-3,1.66168,2062
4.720000e-3,1.65363,2052
4.722000e-3,1.64637,2043
4.724000e-3,1.66652,2068
4.726000e-3,1.65121,2049
4.728000e-3,1.65282,2051
4.730000e-3,1.67136,2074
4.732000e-3,1.65685,2056
4.734000e-3,1.65524,2054
4.736000e-3,1.66168,2062
4.738000e-3,1.65685,2056
4.740000e-3,1.65040,2048
4.742000e-3,1.65766,2057
4.744000e-3,1.65685,2056
4.746000e-3,1.64315,2039
4.748000e-3,1.65443,2053
4.750000e-3,1.65927,2059
4.752000e-3,1.64637,2043
4.754000e-3,1.66249,2063
4.756000e-3,1.65927,2059
4.758000e-3,1.65040,2048
4.760000e-3,1.64879,2046
4.762000e-3,1.66330,2064
4.764000e-3,1.64637,2043
4.766000e-3,1.65604,2055
4.768000e-3,1.66330,2064
4.770000e-3,1.65927,2059
4.772000e-3,1.64476,2041
4.774000e-3,1.66007,2060
4.776000e-3,1.65685,2056
4.778000e-3,1.64234,2038
4.780000e-3,1.65040,2048
4.782000e-3,1.65846,2058
4.784000e-3,1.64799,2045
4.786000e-3,1.65685,2056
4.788000e-3,1.66330,2064
4.790000e-3,1.65121,2049
4.792000e-3,1.65040,2048
4.794000e-3,1.66410,2065
4.796000e-3,1.65363,2052
4.798000e-3,1.64718,2044
4.800000e-3,1.66652,2068
4.802000e-3,1.65524,2054
4.804000e-3,1.65121,2049
4.806000e-3,1.66330,2064
4.808000e-3,1.66007,2060
4.810000e-3,1.64557,2042
4.812000e-3,1.65685,2056
4.814000e-3,1.65685,2056
4.816000e-3,1.64396,2040
4.818000e-3,1.65685,2056
4.820000e-3,1.65363,2052
4.822000e-3,1.64718,2044
4.824000e-3,1.64960,2047
4.826000e-3,1.66330,2064
4.828000e-3,1.64234,2038
4.830000e-3,1.65524,2054
4.832000e-3,1.66813,2070
4.834000e-3,1.65443,2053
4.836000e-3,1.65201,2050
4.838000e-3,1.66330,2064
4.840000e-3,1.65201,2050
4.842000e-3,1.65282,2051
4.844000e-3,1.66007,2060
4.846000e-3,1.65604,2055
4.848000e-3,1.64557,2042
4.850000e-3,1.65846,2058
4.852000e-3,1.66007,2060
4.854000e-3,1.64476,2041
4.856000e-3,1.65524,2054
4.858000e-3,1.65524,2054
4.860000e-3,1.64799,2045
4.862000e-3,1.65040,2048
4.864000e-3,1.65524,2054
4.866000e-3,1.65282,2051
4.868000e-3,1.65443,2053
4.870000e-3,1.66491,2066
4.872000e-3,1.65524,2054
4.874000e-3,1.64637,2043
4.876000e-3,1.66410,2065
4.878000e-3,1.65524,2054
4.880000e-3,1.65040,2048
4.882000e-3,1.66491,2066
4.884000e-3,1.65927,2059
4.886000e-3,1.65363,2052
4.888000e-3,1.66007,2060
4.890000e-3,1.65927,2059
4.892000e-3,1.64799,2045
4.894000e-3,1.65685,2056
4.896000e-3,1.65846,2058
4.898000e-3,1.64799,2045
4.900000e-3,1.65604,2055
4.902000e-3,1.66330,2064
4.904000e-3,1.64799,2045
4.906000e-3,1.65363,2052
4.908000e-3,1.66007,2060
4.910000e-3,1.64154,2037
4.912000e-3,1.65201,2050
4.914000e-3,1.66813,2070
4.916000e-3,1.65040,2048
4.918000e-3,1.64637,2043
4.920000e-3,1.66652,2068
4.922000e-3,1.66168,2062
4.924000e-3,1.65121,2049
4.926000e-3,1.66491,2066
4.928000e-3,1.65766,2057
4.930000e-3,1.65201,2050
4.932000e-3,1.66168,2062
4.934000e-3,1.65443,2053
4.936000e-3,1.65201,2050
4.938000e-3,1.66410,2065
4.940000e-3,1.65766,2057
4.942000e-3,1.64476,2041
4.944000e-3,1.65766,2057
4.946000e-3,1.65604,2055
4.948000e-3,1.65363,2052
4.950000e-3,1.65685,2056
4.952000e-3,1.66330,2064
4.954000e-3,1.64154,2037
4.956000e-3,1.65443,2053
4.958000e-3,1.65927,2059
4.960000e-3,1.64637,2043
4.962000e-3,1.65201,2050
4.964000e-3,1.65846,2058
4.966000e-3,1.64960,2047
4.968000e-3,1.65121,2049
4.970000e-3,1.66733,2069
4.972000e-3,1.65282,2051
4.974000e-3,1.65282,2051
4.976000e-3,1.67297,2076
4.978000e-3,1.65604,2055
4.980000e-3,1.65121,2049
4.982000e-3,1.66168,2062
4.984000e-3,1.65685,2056
4.986000e-3,1.64879,2046
4.988000e-3,1.65927,2059
4.990000e-3,1.65524,2054
4.992000e-3,1.64879,2046
4.994000e-3,1.66410,2065
4.996000e-3,1.66088,2061
4.998000e-3,1.65282,2051
5.000000e-3,1.65766,2057
5.002000e-3,1.66088,2061
5.004000e-3,1.63832,2033
5.006000e-3,1.65524,2054
5.008000e-3,1.65040,2048
5.010000e-3,1.64476,2041
5.012000e-3,1.65201,2050
5.014000e-3,1.65766,2057
5.016000e-3,1.64718,2044
5.018000e-3,1.65363,2052
5.020000e-3,1.66330,2064
5.022000e-3,1.65282,2051
5.024000e-3,1.65363,2052
5.026000e-3,1.66491,2066
5.028000e-3,1.65524,2054
5.030000e-3,1.65121,2049
5.032000e-3,1.66330,2064
5.034000e-3,1.66007,2060
5.036000e-3,1.64799,2045
5.038000e-3,1.65766,2057
5.040000e-3,1.65201,2050
5.042000e-3,1.64557,2042
5.044000e-3,1.65685,2056
5.046000e-3,1.66168,2062
5.048000e-3,1.64396,2040
5.050000e-3,1.65604,2055
5.052000e-3,1.66249,2063
5.054000e-3,1.64396,2040
5.056000e-3,1.65201,2050
5.058000e-3,1.65685,2056
5.060000e-3,1.64960,2047
5.062000e-3,1.65201,2050
5.064000e-3,1.66168,2062
5.066000e-3,1.65040,2048
5.068000e-3,1.65201,2050
5.070000e-3,1.66733,2069
5.072000e-3,1.65604,2055
5.074000e-3,1.65121,2049
5.076000e-3,1.66249,2063
5.078000e-3,1.65524,2054
5.080000e-3,1.65363,2052
5.082000e-3,1.67216,2075
5.084000e-3,1.65685,2056
5.086000e-3,1.65363,2052
5.088000e-3,1.66007,2060
5.090000e-3,1.65766,2057
5.092000e-3,1.64799,2045
5.094000e-3,1.65685,2056
5.096000e-3,1.66007,2060
5.098000e-3,1.64073,2036
5.100000e-3,1.64960,2047
5.102000e-3,1.65846,2058
5.104000e-3,1.64637,2043
5.106000e-3,1.65363,2052
5.108000e-3,1.65846,2058
5.110000e-3,1.64637,2043
5.112000e-3,1.65363,2052
5.114000e-3,1.66813,2070
5.116000e-3,1.65685,2056
5.118000e-3,1.65282,2051
5.120000e-3,1.66733,2069
5.122000e-3,1.65363,2052
5.124000e-3,1.65121,2049
5.126000e-3,1.66410,2065
5.128000e-3,1.65604,2055
5.130000e-3,1.65363,2052
5.132000e-3,1.65927,2059
5.134000e-3,1.65766,2057
5.136000e-3,1.64879,2046
5.138000e-3,1.65927,2059
5.140000e-3,1.66571,2067
5.142000e-3,1.64476,2041
5.144000e-3,1.65363,2052
5.146000e-3,1.66007,2060
5.148000e-3,1.64476,2041
5.150000e-3,1.65121,2049
5.152000e-3,1.67136,2074
5.154000e-3,1.65604,2055
5.156000e-3,1.65363,2052
5.158000e-3,1.66007,2060
5.160000e-3,1.65604,2055
5.162000e-3,1.64476,2041
5.164000e-3,1.66249,2063
5.166000e-3,1.66410,2065
5.168000e-3,1.64476,2041
5.170000e-3,1.65927,2059
5.172000e-3,1.66088,2061
5.174000e-3,1.64637,2043
5.176000e-3,1.65282,2051
5.178000e-3,1.66007,2060
5.180000e-3,1.64879,2046
5.182000e-3,1.65282,2051
5.184000e-3,1.66733,2069
5.186000e-3,1.65443,2053
5.188000e-3,1.65363,2052
5.190000e-3,1.66733,2069
5.192000e-3,1.65685,2056
5.194000e-3,1.65524,2054
5.196000e-3,1.66007,2060
5.198000e-3,1.65040,2048
5.200000e-3,1.65282,2051
5.202000e-3,1.66088,2061
5.204000e-3,1.66571,2067
5.206000e-3,1.64960,2047
5.208000e-3,1.65766,2057
5.210000e-3,1.65846,2058
5.212000e-3,1.64718,2044
5.214000e-3,1.65766,2057
5.216000e-3,1.65766,2057
5.218000e-3,1.64718,2044
5.220000e-3,1.65604,2055
5.222000e-3,1.66330,2064
5.224000e-3,1.64637,2043
5.226000e-3,1.65363,2052
5.228000e-3,1.65685,2056
5.230000e-3,1.64718,2044
5.232000e-3,1.65201,2050
5.234000e-3,1.65685,2056
5.236000e-3,1.66007,2060
5.238000e-3,1.65040,2048
5.240000e-3,1.66571,2067
5.242000e-3,1.65766,2057
5.244000e-3,1.65363,2052
5.246000e-3,1.66330,2064
5.248000e-3,1.65524,2054
5.250000e-3,1.64718,2044
5.252000e-3,1.66330,2064
5.254000e-3,1.66088,2061
5.256000e-3,1.64557,2042
5.258000e-3,1.65927,2059
5.260000e-3,1.65524,2054
5.262000e-3,1.65040,2048
5.264000e-3,1.66330,2064
5.266000e-3,1.65766,2057
5.268000e-3,1.64718,2044
5.270000e-3,1.66168,2062
5.272000e-3,1.66007,2060
5.274000e-3,1.63993,2035
5.276000e-3,1.65201,2050
5.278000e-3,1.66410,2065
5.280000e-3,1.65121,2049
5.282000e-3,1.65040,2048
5.284000e-3,1.66491,2066
5.286000e-3,1.65201,2050
5.288000e-3,1.65040,2048
5.290000e-3,1.66652,2068
5.292000e-3,1.65685,2056
5.294000e-3,1.65040,2048
5.296000e-3,1.66088,2061
5.298000e-3,1.65443,2053
5.300000e-3,1.65282,2051
5.302000e-3,1.65927,2059
5.304000e-3,1.65927,2059
5.306000e-3,1.64557,2042
5.308000e-3,1.66410,2065
5.310000e-3,1.65604,2055
5.312000e-3,1.64718,2044
5.314000e-3,1.65443,2053
5.316000e-3,1.65846,2058
5.318000e-3,1.65282,2051
5.320000e-3,1.65443,2053
5.322000e-3,1.66652,2068
5.324000e-3,1.65524,2054
5.326000e-3,1.65363,2052
5.328000e-3,1.66330,2064
5.330000e-3,1.65524,2054
5.332000e-3,1.65121,2049
5.334000e-3,1.66249,2063
5.336000e-3,1.65685,2056
5.338000e-3,1.64960,2047
5.340000e-3,1.66007,2060
5.342000e-3,1.66007,2060
5.344000e-3,1.64476,2041
5.346000e-3,1.65363,2052
5.348000e-3,1.65766,2057
5.350000e-3,1.64799,2045
5.352000e-3,1.65040,2048
5.354000e-3,1.65766,2057
5.356000e-3,1.64234,2038
5.358000e-3,1.65282,2051
5.360000e-3,1.66330,2064
5.362000e-3,1.65282,2051
5.364000e-3,1.64799,2045
5.366000e-3,1.66571,2067
5.368000e-3,1.65201,2050
5.370000e-3,1.64799,2045
5.372000e-3,1.66491,2066
5.374000e-3,1.65524,2054
5.376000e-3,1.65201,2050
5.378000e-3,1.66168,2062
5.380000e-3,1.65766,2057
5.382000e-3,1.64234,2038
5.384000e-3,1.65846,2058
5.386000e-3,1.65766,2057
5.388000e-3,1.64799,2045
5.390000e-3,1.65604,2055
5.392000e-3,1.65766,2057
5.394000e-3,1.64154,2037
5.396000e-3,1.65443,2053
5.398000e-3,1.65685,2056
5.400000e-3,1.64799,2045
5.402000e-3,1.65524,2054
5.404000e-3,1.66168,2062
5.406000e-3,1.65282,2051
5.408000e-3,1.65282,2051
5.410000e-3,1.66733,2069
5.412000e-3,1.65282,2051
5.414000e-3,1.65121,2049
5.416000e-3,1.66733,2069
5.418000e-3,1.65443,2053
5.420000e-3,1.65121,2049
5.422000e-3,1.66733,2069
5.424000e-3,1.65685,2056
5.426000e-3,1.65363,2052
5.428000e-3,1.66330,2064
5.430000e-3,1.66410,2065
5.432000e-3,1.65040,2048
5.434000e-3,1.65766,2057
5.436000e-3,1.65846,2058
5.438000e-3,1.65121,2049
5.440000e-3,1.66007,2060
5.442000e-3,1.66330,2064
5.444000e-3,1.64637,2043
5.446000e-3,1.65524,2054
5.448000e-3,1.64718,2044
5.450000e-3,1.64718,2044
5.452000e-3,1.65201,2050
5.454000e-3,1.66007,2060
5.456000e-3,1.65201,2050
5.458000e-3,1.65363,2052
5.460000e-3,1.66652,2068
5.462000e-3,1.65443,2053
5.464000e-3,1.64718,2044
5.466000e-3,1.66491,2066
5.468000e-3,1.65604,2055
5.470000e-3,1.65040,2048
5.472000e-3,1.66410,2065
5.474000e-3,1.66168,2062
5.476000e-3,1.66007,2060
5.478000e-3,1.66249,2063
5.480000e-3,1.65846,2058
5.482000e-3,1.64557,2042
5.484000e-3,1.65524,2054
5.486000e-3,1.66007,2060
5.488000e-3,1.64234,2038
5.490000e-3,1.65604,2055
5.492000e-3,1.65604,2055
5.494000e-3,1.65121,2049
5.496000e-3,1.65363,2052
5.498000e-3,1.66007,2060
5.500000e-3,1.64879,2046
5.502000e-3,1.65121,2049
5.504000e-3,1.66733,2069
5.506000e-3,1.65040,2048
5.508000e-3,1.65040,2048
5.510000e-3,1.66410,2065
5.512000e-3,1.65524,2054
5.514000e-3,1.66168,2062
5.516000e-3,1.66652,2068
5.518000e-3,1.65846,2058
5.520000e-3,1.65121,2049
5.522000e-3,1.66088,2061
5.524000e-3,1.65766,2057
5.526000e-3,1.64879,2046
5.528000e-3,1.65443,2053
5.530000e-3,1.65766,2057
5.532000e-3,1.64073,2036
5.534000e-3,1.65524,2054
5.536000e-3,1.65040,2048
5.538000e-3,1.64476,2041
5.540000e-3,1.65766,2057
5.542000e-3,1.66007,2060
5.544000e-3,1.64960,2047
5.546000e-3,1.65201,2050
5.548000e-3,1.66249,2063
5.550000e-3,1.65201,2050
5.552000e-3,1.65040,2048
5.554000e-3,1.66571,2067
5.556000e-3,1.66168,2062
5.558000e-3,1.64799,2045
5.560000e-3,1.66571,2067
5.562000e-3,1.65604,2055
5.564000e-3,1.65040,2048
5.566000e-3,1.65846,2058
5.568000e-3,1.65766,2057
5.570000e-3,1.65040,2048
5.572000e-3,1.65846,2058
5.574000e-3,1.66088,2061
5.576000e-3,1.64476,2041
5.578000e-3,1.65604,2055
5.580000e-3,1.66168,2062
5.582000e-3,1.64315,2039
5.584000e-3,1.65846,2058
5.586000e-3,1.65766,2057
5.588000e-3,1.64396,2040
5.590000e-3,1.65524,2054
5.592000e-3,1.66813,2070
5.594000e-3,1.64960,2047
5.596000e-3,1.65524,2054
5.598000e-3,1.66733,2069
5.600000e-3,1.64799,2045
5.602000e-3,1.65121,2049
5.604000e-3,1.65846,2058
5.606000e-3,1.65040,2048
5.608000e-3,1.65443,2053
5.610000e-3,1.65927,2059
5.612000e-3,1.65121,2049
5.614000e-3,1.65363,2052
5.616000e-3,1.66733,2069
5.618000e-3,1.65121,2049
5.620000e-3,1.65121,2049
5.622000e-3,1.66733,2069
5.624000e-3,1.65363,2052
5.626000e-3,1.65201,2050
5.628000e-3,1.66330,2064
5.630000e-3,1.65524,2054
5.632000e-3,1.65201,2050
5.634000e-3,1.66249,2063
5.636000e-3,1.65685,2056
5.638000e-3,1.65282,2051
5.640000e-3,1.66249,2063
5.642000e-3,1.65363,2052
5.644000e-3,1.65604,2055
5.646000e-3,1.66330,2064
5.648000e-3,1.65685,2056
5.650000e-3,1.65363,2052
5.652000e-3,1.66007,2060
5.654000e-3,1.65443,2053
5.656000e-3,1.65363,2052
5.658000e-3,1.66088,2061
5.660000e-3,1.66330,2064
5.662000e-3,1.64476,2041
5.664000e-3,1.65766,2057
5.666000e-3,1.65846,2058
5.668000e-3,1.64315,2039
5.670000e-3,1.65363,2052
5.672000e-3,1.65685,2056
5.674000e-3,1.64073,2036
5.676000e-3,1.65443,2053
5.678000e-3,1.65927,2059
5.680000e-3,1.64637,2043
5.682000e-3,1.65443,2053
5.684000e-3,1.65927,2059
5.686000e-3,1.65040,2048
5.688000e-3,1.65363,2052
5.690000e-3,1.66007,2060
5.692000e-3,1.65040,2048
5.694000e-3,1.64476,2041
5.696000e-3,1.66733,2069
5.698000e-3,1.65201,2050
5.700000e-3,1.65443,2053
5.702000e-3,1.66491,2066
5.704000e-3,1.65524,2054
5.706000e-3,1.65040,2048
5.708000e-3,1.66733,2069
5.710000e-3,1.66007,2060
5.712000e-3,1.65363,2052
5.714000e-3,1.66733,2069
5.716000e-3,1.65766,2057
5.718000e-3,1.65201,2050
5.720000e-3,1.66813,2070
5.722000e-3,1.65766,2057
5.724000e-3,1.65121,2049
5.726000e-3,1.66088,2061
5.728000e-3,1.65766,2057
5.730000e-3,1.64476,2041
5.732000e-3,1.66007,2060
5.734000e-3,1.65121,2049
5.736000e-3,1.64476,2041
5.738000e-3,1.65685,2056
5.740000e-3,1.65846,2058
5.742000e-3,1.64396,2040
5.744000e-3,1.65282,2051
5.746000e-3,1.66168,2062
5.748000e-3,1.64718,2044
5.750000e-3,1.65604,2055
5.752000e-3,1.65443,2053
5.754000e-3,1.65040,2048
5.756000e-3,1.65040,2048
5.758000e-3,1.66733,2069
5.760000e-3,1.65201,2050
5.762000e-3,1.65443,2053
5.764000e-3,1.66249,2063
5.766000e-3,1.66088,2061
5.768000e-3,1.65201,2050
5.770000e-3,1.66330,2064
5.772000e-3,1.65443,2053
5.774000e-3,1.65121,2049
5.776000e-3,1.66007,2060
5.778000e-3,1.65685,2056
5.780000e-3,1.64960,2047
5.782000e-3,1.65685,2056
5.784000e-3,1.65766,2057
5.786000e-3,1.64960,2047
5.788000e-3,1.65846,2058
5.790000e-3,1.65846,2058
5.792000e-3,1.64396,2040
5.794000e-3,1.66007,2060
5.796000e-3,1.65685,2056
5.798000e-3,1.64557,2042
5.800000e-3,1.65040,2048
5.802000e-3,1.65685,2056
5.804000e-3,1.64396,2040
5.806000e-3,1.65201,2050
5.808000e-3,1.66410,2065
5.810000e-3,1.64960,2047
5.812000e-3,1.65443,2053
5.814000e-3,1.66571,2067
5.816000e-3,1.65443,2053
5.818000e-3,1.65201,2050
5.820000e-3,1.66733,2069
5.822000e-3,1.65282,2051
5.824000e-3,1.65040,2048
5.826000e-3,1.66571,2067
5.828000e-3,1.65443,2053
5.830000e-3,1.65524,2054
5.832000e-3,1.65846,2058
5.834000e-3,1.65685,2056
5.836000e-3,1.65201,2050
5.838000e-3,1.66007,2060
5.840000e-3,1.65766,2057
5.842000e-3,1.65040,2048
5.844000e-3,1.65927,2059
5.846000e-3,1.65927,2059
5.848000e-3,1.64960,2047
5.850000e-3,1.66007,2060
5.852000e-3,1.66088,2061
5.854000e-3,1.64154,2037
5.856000e-3,1.65524,2054
5.858000e-3,1.65927,2059
5.860000e-3,1.64073,2036
5.862000e-3,1.65766,2057
5.864000e-3,1.66007,2060
5.866000e-3,1.64799,2045
5.868000e-3,1.65443,2053
5.870000e-3,1.66088,2061
5.872000e-3,1.64396,2040
5.874000e-3,1.65040,2048
5.876000e-3,1.66652,2068
5.878000e-3,1.65282,2051
5.880000e-3,1.64879,2046
5.882000e-3,1.67136,2074
5.884000e-3,1.65201,2050
5.886000e-3,1.65201,2050
5.888000e-3,1.66733,2069
5.890000e-3,1.65443,2053
5.892000e-3,1.65040,2048
5.894000e-3,1.66249,2063
5.896000e-3,1.65040,2048
5.898000e-3,1.65201,2050
5.900000e-3,1.66168,2062
5.902000e-3,1.65846,2058
5.904000e-3,1.64960,2047
5.906000e-3,1.65927,2059
5.908000e-3,1.66007,2060
5.910000e-3,1.64315,2039
5.912000e-3,1.65766,2057
5.914000e-3,1.66330,2064
5.916000e-3,1.64718,2044
5.918000e-3,1.65040,2048
5.920000e-3,1.65766,2057
5.922000e-3,1.64960,2047
5.924000e-3,1.65282,2051
5.926000e-3,1.66007,2060
5.928000e-3,1.65282,2051
5.930000e-3,1.65363,2052
5.932000e-3,1.66007,2060
5.934000e-3,1.65363,2052
5.936000e-3,1.65121,2049
5.938000e-3,1.66813,2070
5.940000e-3,1.65282,2051
5.942000e-3,1.64879,2046
5.944000e-3,1.66652,2068
5.946000e-3,1.65685,2056
5.948000e-3,1.64557,2042
5.950000e-3,1.66571,2067
5.952000e-3,1.65524,2054
5.954000e-3,1.65282,2051
5.956000e-3,1.66491,2066
5.958000e-3,1.65685,2056
5.960000e-3,1.64476,2041
5.962000e-3,1.65443,2053
5.964000e-3,1.65766,2057
5.966000e-3,1.64315,2039
5.968000e-3,1.65846,2058
5.970000e-3,1.65927,2059
5.972000e-3,1.64476,2041
5.974000e-3,1.65524,2054
5.976000e-3,1.65766,2057
5.978000e-3,1.64154,2037
5.980000e-3,1.65685,2056
5.982000e-3,1.65846,2058
5.984000e-3,1.64234,2038
5.986000e-3,1.65443,2053
5.988000e-3,1.65846,2058
5.990000e-3,1.64799,2045
5.992000e-3,1.64637,2043
5.994000e-3,1.66410,2065
5.996000e-3,1.65121,2049
5.998000e-3,1.65524,2054
6.000000e-3,1.66652,2068
6.002000e-3,1.65282,2051
6.004000e-3,1.65201,2050
6.006000e-3,1.66330,2064
6.008000e-3,1.65685,2056
6.010000e-3,1.65685,2056
6.012000e-3,1.67216,2075
6.014000e-3,1.65766,2057
6.016000e-3,1.65363,2052
6.018000e-3,1.65766,2057
6.020000e-3,1.65766,2057
6.022000e-3,1.64557,2042
6.024000e-3,1.65685,2056
6.026000e-3,1.66813,2070
6.028000e-3,1.64396,2040
6.030000e-3,1.65363,2052
6.032000e-3,1.65927,2059
6.034000e-3,1.64557,2042
6.036000e-3,1.65363,2052
6.038000e-3,1.65846,2058
6.040000e-3,1.65040,2048
6.042000e-3,1.64557,2042
6.044000e-3,1.67136,2074
6.046000e-3,1.65524,2054
6.048000e-3,1.65121,2049
6.050000e-3,1.66733,2069
6.052000e-3,1.64718,2044
6.054000e-3,1.64879,2046
6.056000e-3,1.65685,2056
6.058000e-3,1.65927,2059
6.060000e-3,1.65524,2054
6.062000e-3,1.66088,2061
6.064000e-3,1.65846,2058
6.066000e-3,1.64315,2039
6.068000e-3,1.65443,2053
6.070000e-3,1.65766,2057
6.072000e-3,1.64396,2040
6.074000e-3,1.65524,2054
6.076000e-3,1.65766,2057
6.078000e-3,1.64799,2045
6.080000e-3,1.65282,2051
6.082000e-3,1.66088,2061
6.084000e-3,1.65282,2051
6.086000e-3,1.65282,2051
6.088000e-3,1.66088,2061
6.090000e-3,1.65040,2048
6.092000e-3,1.64718,2044
6.094000e-3,1.66330,2064
6.096000e-3,1.65604,2055
6.098000e-3,1.65201,2050
6.100000e-3,1.66571,2067
6.102000e-3,1.65443,2053
6.104000e-3,1.65040,2048
6.106000e-3,1.65685,2056
6.108000e-3,1.65846,2058
6.110000e-3,1.64879,2046
6.112000e-3,1.65846,2058
6.114000e-3,1.67055,2073
6.116000e-3,1.64637,2043
6.118000e-3,1.65685,2056
6.120000e-3,1.65685,2056
6.122000e-3,1.64476,2041
6.124000e-3,1.65282,2051
6.126000e-3,1.65846,2058
6.128000e-3,1.65040,2048
6.130000e-3,1.65282,2051
6.132000e-3,1.65282,2051
6.134000e-3,1.64960,2047
6.136000e-3,1.65443,2053
6.138000e-3,1.66168,2062
6.140000e-3,1.65282,2051
6.142000e-3,1.65040,2048
6.144000e-3,1.66733,2069
6.146000e-3,1.66330,2064
6.148000e-3,1.65201,2050
6.150000e-3,1.66733,2069
6.152000e-3,1.65443,2053
6.154000e-3,1.65121,2049
6.156000e-3,1.66007,2060
6.158000e-3,1.65604,2055
6.160000e-3,1.65040,2048
6.162000e-3,1.66007,2060
6.164000e-3,1.65604,2055
6.166000e-3,1.64557,2042
6.168000e-3,1.65685,2056
6.170000e-3,1.65846,2058
6.172000e-3,1.64315,2039
6.174000e-3,1.65282,2051
6.176000e-3,1.65846,2058
6.178000e-3,1.65443,2053
6.180000e-3,1.65282,2051
6.182000e-3,1.65846,2058
6.184000e-3,1.65121,2049
6.186000e-3,1.65524,2054
6.188000e-3,1.66894,2071
6.190000e-3,1.65201,2050
6.192000e-3,1.65201,2050
6.194000e-3,1.66652,2068
6.196000e-3,1.65443,2053
6.198000e-3,1.65604,2055
6.200000e-3,1.65846,2058
6.202000e-3,1.65443,2053
6.204000e-3,1.65040,2048
6.206000e-3,1.65766,2057
6.208000e-3,1.65685,2056
6.210000e-3,1.65282,2051
6.212000e-3,1.65282,2051
6.214000e-3,1.65927,2059
6.216000e-3,1.64476,2041
6.218000e-3,1.65282,2051
6.220000e-3,1.65604,2055
6.222000e-3,1.64396,2040
6.224000e-3,1.65201,2050
6.226000e-3,1.66571,2067
6.228000e-3,1.63993,2035
6.230000e-3,1.64879,2046
6.232000e-3,1.66410,2065
6.234000e-3,1.65443,2053
6.236000e-3,1.65201,2050
6.238000e-3,1.66733,2069
6.240000e-3,1.65685,2056
6.242000e-3,1.64879,2046
6.244000e-3,1.66168,2062
6.246000e-3,1.65927,2059
6.248000e-3,1.65282,2051
6.250000e-3,1.65846,2058
6.252000e-3,1.65927,2059
6.254000e-3,1.64315,2039
6.256000e-3,1.65766,2057
6.258000e-3,1.66813,2070
6.260000e-3,1.64154,2037
6.262000e-3,1.65604,2055
6.264000e-3,1.65604,2055
6.266000e-3,1.64718,2044
6.268000e-3,1.65443,2053
6.270000e-3,1.65524,2054
6.272000e-3,1.64799,2045
6.274000e-3,1.65201,2050
6.276000e-3,1.66652,2068
6.278000e-3,1.65201,2050
6.280000e-3,1.65443,2053
6.282000e-3,1.66974,2072
6.284000e-3,1.65443,2053
6.286000e-3,1.65201,2050
6.288000e-3,1.66088,2061
6.290000e-3,1.65201,2050
6.292000e-3,1.65040,2048
6.294000e-3,1.65846,2058
6.296000e-3,1.65846,2058
6.298000e-3,1.64396,2040
6.300000e-3,1.65685,2056
6.302000e-3,1.65927,2059
6.304000e-3,1.64396,2040
6.306000e-3,1.65604,2055
6.308000e-3,1.65604,2055
6.310000e-3,1.64637,2043
6.312000e-3,1.65363,2052
6.314000e-3,1.65121,2049
6.316000e-3,1.65201,2050
6.318000e-3,1.65604,2055
6.320000e-3,1.66491,2066
6.322000e-3,1.65524,2054
6.324000e-3,1.65121,2049
6.326000e-3,1.66088,2061
6.328000e-3,1.65846,2058
6.330000e-3,1.64960,2047
6.332000e-3,1.65846,2058
6.334000e-3,1.66007,2060
6.336000e-3,1.64396,2040
6.338000e-3,1.65604,2055
6.340000e-3,1.65766,2057
6.342000e-3,1.64557,2042
6.344000e-3,1.65201,2050
6.346000e-3,1.65846,2058
6.348000e-3,1.64799,2045
6.350000e-3,1.65121,2049
6.352000e-3,1.66249,2063
6.354000e-3,1.65363,2052
6.356000e-3,1.65040,2048
6.358000e-3,1.66733,2069
6.360000e-3,1.65040,2048
6.362000e-3,1.64960,2047
6.364000e-3,1.65685,2056
6.366000e-3,1.65685,2056
6.368000e-3,1.65201,2050
6.370000e-3,1.66088,2061
6.372000e-3,1.65363,2052
6.374000e-3,1.64154,2037
6.376000e-3,1.65604,2055
6.378000e-3,1.65604,2055
6.380000e-3,1.64557,2042
6.382000e-3,1.65846,2058
6.384000e-3,1.65927,2059
6.386000e-3,1.65201,2050
6.388000e-3,1.65766,2057
6.390000e-3,1.66007,2060
6.392000e-3,1.64718,2044
6.394000e-3,1.65443,2053
6.396000e-3,1.66168,2062
6.398000e-3,1.65363,2052
6.400000e-3,1.65121,2049
6.402000e-3,1.66571,2067
6.404000e-3,1.65604,2055
6.406000e-3,1.65443,2053
6.408000e-3,1.66571,2067
6.410000e-3,1.65685,2056
6.412000e-3,1.65282,2051
6.414000e-3,1.65846,2058
6.416000e-3,1.65846,2058
6.418000e-3,1.64637,2043
6.420000e-3,1.65766,2057
6.422000e-3,1.66088,2061
6.424000e-3,1.64396,2040
6.426000e-3,1.65685,2056
6.428000e-3,1.65685,2056
6.430000e-3,1.64557,2042
6.432000e-3,1.65363,2052
6.434000e-3,1.66007,2060
6.436000e-3,1.64718,2044
6.438000e-3,1.65685,2056
6.440000e-3,1.66330,2064
6.442000e-3,1.65363,2052
6.444000e-3,1.65443,2053
6.446000e-3,1.66088,2061
6.448000e-3,1.64396,2040
6.450000e-3,1.64557,2042
6.452000e-3,1.66330,2064
6.454000e-3,1.64315,2039
6.456000e-3,1.65040,2048
6.458000e-3,1.67216,2075
6.460000e-3,1.65443,2053
6.462000e-3,1.65121,2049
6.464000e-3,1.66491,2066
6.466000e-3,1.65685,2056
6.468000e-3,1.65040,2048
6.470000e-3,1.66813,2070
6.472000e-3,1.65363,2052
6.474000e-3,1.65282,2051
6.476000e-3,1.66168,2062
6.478000e-3,1.65766,2057
6.480000e-3,1.64396,2040
6.482000e-3,1.65846,2058
6.484000e-3,1.66007,2060
6.486000e-3,1.64557,2042
6.488000e-3,1.65604,2055
6.490000e-3,1.65524,2054
6.492000e-3,1.64476,2041
6.494000e-3,1.65443,2053
6.496000e-3,1.65524,2054
6.498000e-3,1.65040,2048
6.500000e-3,1.65121,2049
6.502000e-3,1.66410,2065
6.504000e-3,1.65443,2053
6.506000e-3,1.65201,2050
6.508000e-3,1.66491,2066
6.510000e-3,1.65443,2053
6.512000e-3,1.65282,2051
6.514000e-3,1.65927,2059
6.516000e-3,1.65685,2056
6.518000e-3,1.64315,2039
6.520000e-3,1.65927,2059
6.522000e-3,1.65524,2054
6.524000e-3,1.64718,2044
6.526000e-3,1.65604,2055
6.528000e-3,1.65685,2056
6.530000e-3,1.64960,2047
6.532000e-3,1.65040,2048
6.534000e-3,1.65524,2054
6.536000e-3,1.65121,2049
6.538000e-3,1.65040,2048
6.540000e-3,1.66894,2071
6.542000e-3,1.65443,2053
6.544000e-3,1.65040,2048
6.546000e-3,1.66491,2066
6.548000e-3,1.65524,2054
6.550000e-3,1.65363,2052
6.552000e-3,1.67458,2078
6.554000e-3,1.66249,2063
6.556000e-3,1.65201,2050
6.558000e-3,1.66168,2062
6.560000e-3,1.65766,2057
6.562000e-3,1.63751,2032
6.564000e-3,1.65846,2058
6.566000e-3,1.65766,2057
6.568000e-3,1.65040,2048
6.570000e-3,1.65604,2055
6.572000e-3,1.65846,2058
6.574000e-3,1.64718,2044
6.576000e-3,1.65443,2053
6.578000e-3,1.65766,2057
6.580000e-3,1.64879,2046
6.582000e-3,1.65363,2052
6.584000e-3,1.66168,2062
6.586000e-3,1.65363,2052
6.588000e-3,1.65282,2051
6.590000e-3,1.66410,2065
6.592000e-3,1.65282,2051
6.594000e-3,1.65282,2051
6.596000e-3,1.66652,2068
6.598000e-3,1.65201,2050
6.600000e-3,1.64879,2046
6.602000e-3,1.66491,2066
6.604000e-3,1.65604,2055
6.606000e-3,1.65363,2052
6.608000e-3,1.66249,2063
6.610000e-3,1.65766,2057
6.612000e-3,1.64476,2041
6.614000e-3,1.65282,2051
6.616000e-3,1.65766,2057
6.618000e-3,1.64557,2042
6.620000e-3,1.65524,2054
6.622000e-3,1.65766,2057
6.624000e-3,1.64557,2042
6.626000e-3,1.65121,2049
6.628000e-3,1.66007,2060
6.630000e-3,1.64799,2045
6.632000e-3,1.66088,2061
6.634000e-3,1.66410,2065
6.636000e-3,1.65040,2048
6.638000e-3,1.65524,2054
6.640000e-3,1.66007,2060
6.642000e-3,1.65443,2053
6.644000e-3,1.65363,2052
6.646000e-3,1.65363,2052
6.648000e-3,1.65282,2051
6.650000e-3,1.64799,2045
6.652000e-3,1.66894,2071
6.654000e-3,1.65604,2055
6.656000e-3,1.65201,2050
6.658000e-3,1.67136,2074
6.660000e-3,1.65685,2056
6.662000e-3,1.65282,2051
6.664000e-3,1.66330,2064
6.666000e-3,1.65685,2056
6.668000e-3,1.65201,2050
6.670000e-3,1.66330,2064
6.672000e-3,1.65685,2056
6.674000e-3,1.65121,2049
6.676000e-3,1.66007,2060
6.678000e-3,1.65846,2058
6.680000e-3,1.65282,2051
6.682000e-3,1.66007,2060
6.684000e-3,1.65846,2058
6.686000e-3,1.64234,2038
6.688000e-3,1.65685,2056
6.690000e-3,1.66330,2064
6.692000e-3,1.64557,2042
6.694000e-3,1.65766,2057
6.696000e-3,1.65766,2057
6.698000e-3,1.64476,2041
6.700000e-3,1.65201,2050
6.702000e-3,1.65846,2058
6.704000e-3,1.64476,2041
6.706000e-3,1.65604,2055
6.708000e-3,1.66491,2066
6.710000e-3,1.65201,2050
6.712000e-3,1.65846,2058
6.714000e-3,1.65927,2059
6.716000e-3,1.64879,2046
6.718000e-3,1.65121,2049
6.720000e-3,1.66652,2068
6.722000e-3,1.65363,2052
6.724000e-3,1.65201,2050
6.726000e-3,1.65685,2056
6.728000e-3,1.65443,2053
6.730000e-3,1.65201,2050
6.732000e-3,1.66652,2068
6.734000e-3,1.65524,2054
6.736000e-3,1.65201,2050
6.738000e-3,1.66249,2063
6.740000e-3,1.65604,2055
6.742000e-3,1.65443,2053
6.744000e-3,1.65685,2056
6.746000e-3,1.65685,2056
6.748000e-3,1.64718,2044
6.750000e-3,1.65846,2058
6.752000e-3,1.65201,2050
6.754000e-3,1.64476,2041
6.756000e-3,1.65927,2059
6.758000e-3,1.66007,2060
6.760000e-3,1.64476,2041
6.762000e-3,1.65040,2048
6.764000e-3,1.65604,2055
6.766000e-3,1.64637,2043
6.768000e-3,1.65121,2049
6.770000e-3,1.65685,2056
6.772000e-3,1.64637,2043
6.774000e-3,1.65121,2049
6.776000e-3,1.66007,2060
6.778000e-3,1.65040,2048
6.780000e-3,1.65363,2052
6.782000e-3,1.66491,2066
6.784000e-3,1.65040,2048
6.786000e-3,1.64879,2046
6.788000e-3,1.66571,2067
6.790000e-3,1.65927,2059
6.792000e-3,1.65604,2055
6.794000e-3,1.66491,2066
6.796000e-3,1.66007,2060
6.798000e-3,1.65121,2049
6.800000e-3,1.66007,2060
6.802000e-3,1.65846,2058
6.804000e-3,1.65443,2053
6.806000e-3,1.66168,2062
6.808000e-3,1.66007,2060
6.810000e-3,1.64557,2042
6.812000e-3,1.65846,2058
6.814000e-3,1.66088,2061
6.816000e-3,1.63832,2033
6.818000e-3,1.65363,2052
6.820000e-3,1.65846,2058
6.822000e-3,1.64718,2044
6.824000e-3,1.65524,2054
6.826000e-3,1.66330,2064
6.828000e-3,1.64637,2043
6.830000e-3,1.65524,2054
6.832000e-3,1.65927,2059
6.834000e-3,1.64557,2042
6.836000e-3,1.65201,2050
6.838000e-3,1.66088,2061
6.840000e-3,1.64799,2045
6.842000e-3,1.64960,2047
6.844000e-3,1.66491,2066
6.846000e-3,1.64879,2046
6.848000e-3,1.65282,2051
6.850000e-3,1.66652,2068
6.852000e-3,1.65040,2048
6.854000e-3,1.65363,2052
6.856000e-3,1.66491,2066
6.858000e-3,1.64476,2041
6.860000e-3,1.65524,2054
6.862000e-3,1.66813,2070
6.864000e-3,1.65282,2051
6.866000e-3,1.65363,2052
6.868000e-3,1.66571,2067
6.870000e-3,1.65040,2048
6.872000e-3,1.64718,2044
6.874000e-3,1.66168,2062
6.876000e-3,1.65766,2057
6.878000e-3,1.65524,2054
6.880000e-3,1.66249,2063
6.882000e-3,1.65524,2054
6.884000e-3,1.64799,2045
6.886000e-3,1.65927,2059
6.888000e-3,1.65685,2056
6.890000e-3,1.64396,2040
6.892000e-3,1.65846,2058
6.894000e-3,1.65766,2057
6.896000e-3,1.64234,2038
6.898000e-3,1.65927,2059
6.900000e-3,1.66088,2061
6.902000e-3,1.64154,2037
6.904000e-3,1.65363,2052
6.906000e-3,1.66088,2061
6.908000e-3,1.63751,2032
6.910000e-3,1.65766,2057
6.912000e-3,1.66007,2060
6.914000e-3,1.64557,2042
6.916000e-3,1.65604,2055
6.918000e-3,1.65685,2056
6.920000e-3,1.65040,2048
6.922000e-3,1.65040,2048
6.924000e-3,1.65927,2059
6.926000e-3,1.64960,2047
6.928000e-3,1.65443,2053
6.930000e-3,1.66330,2064
6.932000e-3,1.65766,2057
6.934000e-3,1.65282,2051
6.936000e-3,1.65685,2056
6.938000e-3,1.64960,2047
6.940000e-3,1.65040,2048
6.942000e-3,1.66168,2062
6.944000e-3,1.65040,2048
6.946000e-3,1.65121,2049
6.948000e-3,1.66330,2064
6.950000e-3,1.65282,2051
6.952000e-3,1.65201,2050
6.954000e-3,1.66652,2068
6.956000e-3,1.65443,2053
6.958000e-3,1.65040,2048
6.960000e-3,1.66410,2065
6.962000e-3,1.65846,2058
6.964000e-3,1.65524,2054
6.966000e-3,1.66491,2066
6.968000e-3,1.65685,2056
6.970000e-3,1.65201,2050
6.972000e-3,1.66007,2060
6.974000e-3,1.65604,2055
6.976000e-3,1.65040,2048
6.978000e-3,1.66168,2062
6.980000e-3,1.66249,2063
6.982000e-3,1.64799,2045
6.984000e-3,1.66330,2064
6.986000e-3,1.66168,2062
6.988000e-3,1.64396,2040
6.990000e-3,1.65927,2059
6.992000e-3,1.65443,2053
6.994000e-3,1.64879,2046
6.996000e-3,1.65443,2053
6.998000e-3,1.65846,2058
7.000000e-3,1.64718,2044
7.002000e-3,1.65363,2052
7.004000e-3,1.65443,2053
7.006000e-3,1.64476,2041
7.008000e-3,1.65524,2054
7.010000e-3,1.65846,2058
7.012000e-3,1.64799,2045
7.014000e-3,1.65282,2051
7.016000e-3,1.66088,2061
7.018000e-3,1.65121,2049
7.020000e-3,1.65363,2052
7.022000e-3,1.66410,2065
7.024000e-3,1.65363,2052
7.026000e-3,1.65524,2054
7.028000e-3,1.66571,2067
7.030000e-3,1.65604,2055
7.032000e-3,1.65282,2051
7.034000e-3,1.65927,2059
7.036000e-3,1.66733,2069
7.038000e-3,1.65282,2051
7.040000e-3,1.66491,2066
7.042000e-3,1.65282,2051
7.044000e-3,1.64557,2042
7.046000e-3,1.65604,2055
7.048000e-3,1.65766,2057
7.050000e-3,1.64234,2038
7.052000e-3,1.65443,2053
7.054000e-3,1.65927,2059
7.056000e-3,1.64557,2042
7.058000e-3,1.65443,2053
7.060000e-3,1.65766,2057
7.062000e-3,1.64799,2045
7.064000e-3,1.65443,2053
7.066000e-3,1.66168,2062
7.068000e-3,1.65121,2049
7.070000e-3,1.65363,2052
7.072000e-3,1.66733,2069
7.074000e-3,1.65201,2050
7.076000e-3,1.65282,2051
7.078000e-3,1.66652,2068
7.080000e-3,1.65846,2058
7.082000e-3,1.64154,2037
7.084000e-3,1.66330,2064
7.086000e-3,1.65443,2053
7.088000e-3,1.65282,2051
7.090000e-3,1.66249,2063
7.092000e-3,1.66007,2060
7.094000e-3,1.64960,2047
7.096000e-3,1.66007,2060
7.098000e-3,1.65846,2058
7.100000e-3,1.64073,2036
7.102000e-3,1.65685,2056
7.104000e-3,1.65927,2059
7.106000e-3,1.64557,2042
7.108000e-3,1.65443,2053
7.110000e-3,1.66088,2061
7.112000e-3,1.64960,2047
7.114000e-3,1.64960,2047
7.116000e-3,1.66571,2067
7.118000e-3,1.65201,2050
7.120000e-3,1.65121,2049
7.122000e-3,1.66491,2066
7.124000e-3,1.65846,2058
7.126000e-3,1.65685,2056
7.128000e-3,1.66733,2069
7.130000e-3,1.65604,2055
7.132000e-3,1.65201,2050
7.134000e-3,1.66330,2064
7.136000e-3,1.65524,2054
7.138000e-3,1.65443,2053
7.140000e-3,1.66007,2060
7.142000e-3,1.66007,2060
7.144000e-3,1.64315,2039
7.146000e-3,1.65927,2059
7.148000e-3,1.66007,2060
7.150000e-3,1.64476,2041
7.152000e-3,1.65201,2050
7.154000e-3,1.65685,2056
7.156000e-3,1.64879,2046
7.158000e-3,1.65040,2048
7.160000e-3,1.66410,2065
7.162000e-3,1.64960,2047
7.164000e-3,1.64799,2045
7.166000e-3,1.67780,2082
7.168000e-3,1.65524,2054
7.170000e-3,1.64234,2038
7.172000e-3,1.66410,2065
7.174000e-3,1.65766,2057
7.176000e-3,1.65040,2048
7.178000e-3,1.66410,2065
7.180000e-3,1.65363,2052
7.182000e-3,1.64557,2042
7.184000e-3,1.65685,2056
7.186000e-3,1.65846,2058
7.188000e-3,1.64396,2040
7.190000e-3,1.65604,2055
7.192000e-3,1.66088,2061
7.194000e-3,1.64637,2043
7.196000e-3,1.65604,2055
7.198000e-3,1.65524,2054
7.200000e-3,1.64557,2042
7.202000e-3,1.65282,2051
7.204000e-3,1.66410,2065
7.206000e-3,1.64154,2037
7.208000e-3,1.64960,2047
7.210000e-3,1.66168,2062
7.212000e-3,1.65363,2052
7.214000e-3,1.65685,2056
7.216000e-3,1.66330,2064
7.218000e-3,1.65282,2051
7.220000e-3,1.65121,2049
7.222000e-3,1.66330,2064
7.224000e-3,1.65282,2051
7.226000e-3,1.65282,2051
7.228000e-3,1.66491,2066
7.230000e-3,1.65363,2052
7.232000e-3,1.65363,2052
7.234000e-3,1.65927,2059
7.236000e-3,1.65443,2053
7.238000e-3,1.65927,2059
7.240000e-3,1.65766,2057
7.242000e-3,1.66007,2060
7.244000e-3,1.64637,2043
7.246000e-3,1.65846,2058
7.248000e-3,1.66007,2060
7.250000e-3,1.64154,2037
7.252000e-3,1.65604,2055
7.254000e-3,1.65685,2056
7.256000e-3,1.64234,2038
7.258000e-3,1.66410,2065
7.260000e-3,1.66007,2060
7.262000e-3,1.64879,2046
7.264000e-3,1.65604,2055
7.266000e-3,1.66088,2061
7.268000e-3,1.64073,2036
7.270000e-3,1.65363,2052
7.272000e-3,1.65685,2056
7.274000e-3,1.64637,2043
7.276000e-3,1.65121,2049
7.278000e-3,1.65685,2056
7.280000e-3,1.64718,2044
7.282000e-3,1.65282,2051
7.284000e-3,1.66410,2065
7.286000e-3,1.64476,2041
7.288000e-3,1.65121,2049
7.290000e-3,1.66733,2069
7.292000e-3,1.65282,2051
7.294000e-3,1.64476,2041
7.296000e-3,1.66813,2070
7.298000e-3,1.65363,2052
7.300000e-3,1.65040,2048
7.302000e-3,1.66813,2070
7.304000e-3,1.65363,2052
7.306000e-3,1.64799,2045
7.308000e-3,1.66652,2068
7.310000e-3,1.65604,2055
7.312000e-3,1.65443,2053
7.314000e-3,1.66330,2064
7.316000e-3,1.65040,2048
7.318000e-3,1.65201,2050
7.320000e-3,1.65766,2057
7.322000e-3,1.65604,2055
7.324000e-3,1.64154,2037
7.326000e-3,1.65685,2056
7.328000e-3,1.65927,2059
7.330000e-3,1.64637,2043
7.332000e-3,1.65443,2053
7.334000e-3,1.65766,2057
7.336000e-3,1.65040,2048
7.338000e-3,1.65443,2053
7.340000e-3,1.66410,2065
7.342000e-3,1.64637,2043
7.344000e-3,1.65363,2052
7.346000e-3,1.66007,2060
7.348000e-3,1.65201,2050
7.350000e-3,1.65363,2052
7.352000e-3,1.66330,2064
7.354000e-3,1.65040,2048
7.356000e-3,1.65040,2048
7.358000e-3,1.66330,2064
7.360000e-3,1.65685,2056
7.362000e-3,1.65604,2055
7.364000e-3,1.66249,2063
7.366000e-3,1.66249,2063
7.368000e-3,1.65443,2053
7.370000e-3,1.65766,2057
7.372000e-3,1.65846,2058
7.374000e-3,1.64315,2039
7.376000e-3,1.65201,2050
7.378000e-3,1.66088,2061
7.380000e-3,1.64718,2044
7.382000e-3,1.65121,2049
7.384000e-3,1.65282,2051
7.386000e-3,1.65040,2048
7.388000e-3,1.65363,2052
7.390000e-3,1.65927,2059
7.392000e-3,1.65201,2050
7.394000e-3,1.65040,2048
7.396000e-3,1.66410,2065
7.398000e-3,1.65524,2054
7.400000e-3,1.64799,2045
7.402000e-3,1.66894,2071
7.404000e-3,1.65443,2053
7.406000e-3,1.65040,2048
7.408000e-3,1.66330,2064
7.410000e-3,1.65766,2057
7.412000e-3,1.64718,2044
7.414000e-3,1.66088,2061
7.416000e-3,1.65927,2059
7.418000e-3,1.65282,2051
7.420000e-3,1.65846,2058
7.422000e-3,1.66007,2060
7.424000e-3,1.64396,2040
7.426000e-3,1.65524,2054
7.428000e-3,1.65846,2058
7.430000e-3,1.64234,2038
7.432000e-3,1.65524,2054
7.434000e-3,1.65282,2051
7.436000e-3,1.64960,2047
7.438000e-3,1.65846,2058
7.440000e-3,1.66330,2064
7.442000e-3,1.65040,2048
7.444000e-3,1.66007,2060
7.446000e-3,1.66330,2064
7.448000e-3,1.65121,2049
7.450000e-3,1.65201,2050
7.452000e-3,1.66088,2061
7.454000e-3,1.65685,2056
7.456000e-3,1.64799,2045
7.458000e-3,1.65846,2058
7.460000e-3,1.65363,2052
7.462000e-3,1.64718,2044
7.464000e-3,1.65927,2059
7.466000e-3,1.66007,2060
7.468000e-3,1.64718,2044
7.470000e-3,1.65443,2053
7.472000e-3,1.65524,2054
7.474000e-3,1.64879,2046
7.476000e-3,1.65121,2049
7.478000e-3,1.66491,2066
7.480000e-3,1.65524,2054
7.482000e-3,1.65201,2050
7.484000e-3,1.66652,2068
7.486000e-3,1.66330,2064
7.488000e-3,1.65040,2048
7.490000e-3,1.66007,2060
7.492000e-3,1.65766,2057
7.494000e-3,1.65040,2048
7.496000e-3,1.66007,2060
7.498000e-3,1.66168,2062
7.500000e-3,1.64637,2043
7.502000e-3,1.65524,2054
7.504000e-3,1.65524,2054
7.506000e-3,1.64396,2040
7.508000e-3,1.65685,2056
7.510000e-3,1.65927,2059
7.512000e-3,1.65040,2048
7.514000e-3,1.65282,2051
7.516000e-3,1.66249,2063
7.518000e-3,1.65685,2056
7.520000e-3,1.65443,2053
7.522000e-3,1.66410,2065
7.524000e-3,1.65604,2055
7.526000e-3,1.65121,2049
7.528000e-3,1.66007,2060
7.530000e-3,1.66007,2060
7.532000e-3,1.64557,2042
7.534000e-3,1.65927,2059
7.536000e-3,1.66088,2061
7.538000e-3,1.63429,2028
7.540000e-3,1.65443,2053
7.542000e-3,1.65766,2057
7.544000e-3,1.64476,2041
7.546000e-3,1.65443,2053
7.548000e-3,1.65846,2058
7.550000e-3,1.64960,2047
7.552000e-3,1.65121,2049
7.554000e-3,1.66652,2068
7.556000e-3,1.64799,2045
7.558000e-3,1.65040,2048
7.560000e-3,1.66652,2068
7.562000e-3,1.65524,2054
7.564000e-3,1.65282,2051
7.566000e-3,1.66007,2060
7.568000e-3,1.65846,2058
7.570000e-3,1.64637,2043
7.572000e-3,1.65685,2056
7.574000e-3,1.65846,2058
7.576000e-3,1.64396,2040
7.578000e-3,1.65363,2052
7.580000e-3,1.65846,2058
7.582000e-3,1.64718,2044
7.584000e-3,1.65685,2056
7.586000e-3,1.66007,2060
7.588000e-3,1.65121,2049
7.590000e-3,1.65363,2052
7.592000e-3,1.66249,2063
7.594000e-3,1.65040,2048
7.596000e-3,1.65121,2049
7.598000e-3,1.66813,2070
7.600000e-3,1.65443,2053
7.602000e-3,1.65040,2048
7.604000e-3,1.66571,2067
7.606000e-3,1.65927,2059
7.608000e-3,1.65524,2054
7.610000e-3,1.66088,2061
7.612000e-3,1.65766,2057
7.614000e-3,1.64476,2041
7.616000e-3,1.65766,2057
7.618000e-3,1.65927,2059
7.620000e-3,1.64557,2042
7.622000e-3,1.65766,2057
7.624000e-3,1.66007,2060
7.626000e-3,1.63590,2030
7.628000e-3,1.65201,2050
7.630000e-3,1.66007,2060
7.632000e-3,1.65282,2051
7.634000e-3,1.65604,2055
7.636000e-3,1.66491,2066
7.638000e-3,1.65927,2059
7.640000e-3,1.65766,2057
7.642000e-3,1.66249,2063
7.644000e-3,1.65524,2054
7.646000e-3,1.64960,2047
7.648000e-3,1.66007,2060
7.650000e-3,1.65846,2058
7.652000e-3,1.64557,2042
7.654000e-3,1.65766,2057
7.656000e-3,1.65443,2053
7.658000e-3,1.63670,2031
7.660000e-3,1.65766,2057
7.662000e-3,1.65846,2058
7.664000e-3,1.64476,2041
7.666000e-3,1.65201,2050
7.668000e-3,1.65927,2059
7.670000e-3,1.65040,2048
7.672000e-3,1.65282,2051
7.674000e-3,1.65363,2052
7.676000e-3,1.64799,2045
7.678000e-3,1.65121,2049
7.680000e-3,1.65927,2059
7.682000e-3,1.65201,2050
7.684000e-3,1.65040,2048
7.686000e-3,1.66571,2067
7.688000e-3,1.65121,2049
7.690000e-3,1.65604,2055
7.692000e-3,1.66813,2070
7.694000e-3,1.65201,2050
7.696000e-3,1.64799,2045
7.698000e-3,1.66007,2060
7.700000e-3,1.65685,2056
7.702000e-3,1.65040,2048
7.704000e-3,1.66007,2060
7.706000e-3,1.65685,2056
7.708000e-3,1.65040,2048
7.710000e-3,1.65927,2059
7.712000e-3,1.65846,2058
7.714000e-3,1.64234,2038
7.716000e-3,1.65846,2058
7.718000e-3,1.65443,2053
7.720000e-3,1.64476,2041
7.722000e-3,1.65846,2058
7.724000e-3,1.65524,2054
7.726000e-3,1.64718,2044
7.728000e-3,1.64879,2046
7.730000e-3,1.65846,2058
7.732000e-3,1.65282,2051
7.734000e-3,1.65040,2048
7.736000e-3,1.66894,2071
7.738000e-3,1.65766,2057
7.740000e-3,1.65363,2052
7.742000e-3,1.66330,2064
7.744000e-3,1.65524,2054
7.746000e-3,1.65201,2050
7.748000e-3,1.65846,2058
7.750000e-3,1.65282,2051
7.752000e-3,1.65604,2055
7.754000e-3,1.66088,2061
7.756000e-3,1.65927,2059
7.758000e-3,1.66088,2061
7.760000e-3,1.65846,2058
7.762000e-3,1.65443,2053
7.764000e-3,1.65121,2049
7.766000e-3,1.65766,2057
7.768000e-3,1.65685,2056
7.770000e-3,1.64960,2047
7.772000e-3,1.66088,2061
7.774000e-3,1.66007,2060
7.776000e-3,1.63832,2033
7.778000e-3,1.65524,2054
7.780000e-3,1.65766,2057
7.782000e-3,1.65121,2049
7.784000e-3,1.65040,2048
7.786000e-3,1.66007,2060
7.788000e-3,1.64879,2046
7.790000e-3,1.65282,2051
7.792000e-3,1.66330,2064
7.794000e-3,1.65201,2050
7.796000e-3,1.65443,2053
7.798000e-3,1.66410,2065
7.800000e-3,1.65201,2050
7.802000e-3,1.65363,2052
7.804000e-3,1.66652,2068
7.806000e-3,1.65524,2054
7.808000e-3,1.65846,2058
7.810000e-3,1.66410,2065
7.812000e-3,1.65685,2056
7.814000e-3,1.65040,2048
7.816000e-3,1.65766,2057
7.818000e-3,1.65685,2056
7.820000e-3,1.64476,2041
7.822000e-3,1.65121,2049
7.824000e-3,1.65846,2058
7.826000e-3,1.64557,2042
7.828000e-3,1.65524,2054
7.830000e-3,1.65685,2056
7.832000e-3,1.64476,2041
7.834000e-3,1.65443,2053
7.836000e-3,1.65685,2056
7.838000e-3,1.64396,2040
7.840000e-3,1.65282,2051
7.842000e-3,1.66007,2060
7.844000e-3,1.65040,2048
7.846000e-3,1.65282,2051
7.848000e-3,1.66491,2066
7.850000e-3,1.64879,2046
7.852000e-3,1.65282,2051
7.854000e-3,1.66813,2070
7.856000e-3,1.65766,2057
7.858000e-3,1.65363,2052
7.860000e-3,1.66410,2065
7.862000e-3,1.65524,2054
7.864000e-3,1.65121,2049
7.866000e-3,1.66088,2061
7.868000e-3,1.65685,2056
7.870000e-3,1.64960,2047
7.872000e-3,1.66007,2060
7.874000e-3,1.66491,2066
7.876000e-3,1.64073,2036
7.878000e-3,1.66410,2065
7.880000e-3,1.65685,2056
7.882000e-3,1.64799,2045
7.884000e-3,1.65363,2052
7.886000e-3,1.65846,2058
7.888000e-3,1.64234,2038
7.890000e-3,1.65282,2051
7.892000e-3,1.66491,2066
7.894000e-3,1.65121,2049
7.896000e-3,1.65443,2053
7.898000e-3,1.66330,2064
7.900000e-3,1.65282,2051
7.902000e-3,1.64073,2036
7.904000e-3,1.66813,2070
7.906000e-3,1.65766,2057
7.908000e-3,1.65282,2051
7.910000e-3,1.66410,2065
7.912000e-3,1.65766,2057
7.914000e-3,1.65201,2050
7.916000e-3,1.65685,2056
7.918000e-3,1.65846,2058
7.920000e-3,1.64637,2043
7.922000e-3,1.65766,2057
7.924000e-3,1.65846,2058
7.926000e-3,1.63751,2032
7.928000e-3,1.65443,2053
7.930000e-3,1.65121,2049
7.932000e-3,1.64718,2044
7.934000e-3,1.65201,2050
7.936000e-3,1.65927,2059
7.938000e-3,1.64718,2044
7.940000e-3,1.65685,2056
7.942000e-3,1.66491,2066
7.944000e-3,1.65040,2048
7.946000e-3,1.65363,2052
7.948000e-3,1.66410,2065
7.950000e-3,1.65363,2052
7.952000e-3,1.65040,2048
7.954000e-3,1.66571,2067
7.956000e-3,1.66330,2064
7.958000e-3,1.64799,2045
7.960000e-3,1.66088,2061
7.962000e-3,1.66088,2061
7.964000e-3,1.65282,2051
7.966000e-3,1.66007,2060
7.968000e-3,1.65685,2056
7.970000e-3,1.64154,2037
7.972000e-3,1.65766,2057
7.974000e-3,1.65524,2054
7.976000e-3,1.64396,2040
7.978000e-3,1.65121,2049
7.980000e-3,1.65685,2056
7.982000e-3,1.64718,2044
7.984000e-3,1.64315,2039
7.986000e-3,1.65846,2058
7.988000e-3,1.65040,2048
7.990000e-3,1.65282,2051
7.992000e-3,1.65927,2059
7.994000e-3,1.64960,2047
7.996000e-3,1.65201,2050
7.998000e-3,1.66088,2061
8.000000e-3,1.65363,2052
8.002000e-3,1.65040,2048
8.004000e-3,1.66813,2070
8.006000e-3,1.65604,2055
8.008000e-3,1.65040,2048
8.010000e-3,1.65927,2059
8.012000e-3,1.65282,2051
8.014000e-3,1.65121,2049
8.016000e-3,1.66330,2064
8.018000e-3,1.65766,2057
8.020000e-3,1.65201,2050
8.022000e-3,1.65604,2055
8.024000e-3,1.65604,2055
8.026000e-3,1.64557,2042
8.028000e-3,1.65121,2049
8.030000e-3,1.65524,2054
8.032000e-3,1.64234,2038
8.034000e-3,1.66088,2061
8.036000e-3,1.66007,2060
8.038000e-3,1.64234,2038
8.040000e-3,1.65604,2055
8.042000e-3,1.65927,2059
8.044000e-3,1.64396,2040
8.046000e-3,1.65524,2054
8.048000e-3,1.65524,2054
8.050000e-3,1.65201,2050
8.052000e-3,1.65282,2051
8.054000e-3,1.66007,2060
8.056000e-3,1.64396,2040
8.058000e-3,1.65282,2051
8.060000e-3,1.66330,2064
8.062000e-3,1.65040,2048
8.064000e-3,1.64960,2047
8.066000e-3,1.66491,2066
8.068000e-3,1.64718,2044
8.070000e-3,1.65524,2054
8.072000e-3,1.66571,2067
8.074000e-3,1.64960,2047
8.076000e-3,1.65040,2048
8.078000e-3,1.66571,2067
8.080000e-3,1.65685,2056
8.082000e-3,1.65282,2051
8.084000e-3,1.65766,2057
8.086000e-3,1.65282,2051
8.088000e-3,1.64879,2046
8.090000e-3,1.66007,2060
8.092000e-3,1.66088,2061
8.094000e-3,1.64315,2039
8.096000e-3,1.65524,2054
8.098000e-3,1.65927,2059
8.100000e-3,1.64557,2042
8.102000e-3,1.65282,2051
8.104000e-3,1.66088,2061
8.106000e-3,1.64879,2046
8.108000e-3,1.65040,2048
8.110000e-3,1.66007,2060
8.112000e-3,1.64637,2043
8.114000e-3,1.65363,2052
8.116000e-3,1.67780,2082
8.118000e-3,1.65604,2055
8.120000e-3,1.65040,2048
8.122000e-3,1.66249,2063
8.124000e-3,1.65846,2058
8.126000e-3,1.64718,2044
8.128000e-3,1.65927,2059
8.130000e-3,1.65685,2056
8.132000e-3,1.65040,2048
8.134000e-3,1.65766,2057
8.136000e-3,1.65927,2059
8.138000e-3,1.63993,2035
8.140000e-3,1.65443,2053
8.142000e-3,1.65604,2055
8.144000e-3,1.64879,2046
8.146000e-3,1.65363,2052
8.148000e-3,1.66168,2062
8.150000e-3,1.64396,2040
8.152000e-3,1.65604,2055
8.154000e-3,1.66571,2067
8.156000e-3,1.65443,2053
8.158000e-3,1.64879,2046
8.160000e-3,1.66168,2062
8.162000e-3,1.65524,2054
8.164000e-3,1.65282,2051
8.166000e-3,1.65766,2057
8.168000e-3,1.65685,2056
8.170000e-3,1.66007,2060
8.172000e-3,1.65846,2058
8.174000e-3,1.66007,2060
8.176000e-3,1.64315,2039
8.178000e-3,1.65363,2052
8.180000e-3,1.65766,2057
8.182000e-3,1.64960,2047
8.184000e-3,1.65040,2048
8.186000e-3,1.66088,2061
8.188000e-3,1.65040,2048
8.190000e-3,1.64718,2044
8.192000e-3,1.66330,2064
8.194000e-3,1.64557,2042
8.196000e-3,1.65201,2050
8.198000e-3,1.66733,2069
8.200000e-3,1.65685,2056
8.202000e-3,1.64960,2047
8.204000e-3,1.66410,2065
8.206000e-3,1.65685,2056
8.208000e-3,1.64154,2037
8.210000e-3,1.66007,2060
8.212000e-3,1.65685,2056
8.214000e-3,1.63832,2033
8.216000e-3,1.65846,2058
8.218000e-3,1.65846,2058
8.220000e-3,1.63993,2035
8.222000e-3,1.65443,2053
8.224000e-3,1.65685,2056
8.226000e-3,1.64718,2044
8.228000e-3,1.65201,2050
8.230000e-3,1.66249,2063
8.232000e-3,1.65040,2048
8.234000e-3,1.65524,2054
8.236000e-3,1.66733,2069
8.238000e-3,1.65685,2056
8.240000e-3,1.64718,2044
8.242000e-3,1.66571,2067
8.244000e-3,1.65766,2057
8.246000e-3,1.65363,2052
8.248000e-3,1.65766,2057
8.250000e-3,1.64960,2047
8.252000e-3,1.63993,2035
8.254000e-3,1.65685,2056
8.256000e-3,1.66168,2062
8.258000e-3,1.64396,2040
8.260000e-3,1.65363,2052
8.262000e-3,1.65766,2057
8.264000e-3,1.65201,2050
8.266000e-3,1.65040,2048
8.268000e-3,1.67136,2074
8.270000e-3,1.65363,2052
8.272000e-3,1.64476,2041
8.274000e-3,1.66733,2069
8.276000e-3,1.65363,2052
8.278000e-3,1.65121,2049
8.280000e-3,1.66813,2070
8.282000e-3,1.65846,2058
8.284000e-3,1.64315,2039
8.286000e-3,1.65766,2057
8.288000e-3,1.65685,2056
8.290000e-3,1.63670,2031
8.292000e-3,1.65524,2054
8.294000e-3,1.65524,2054
8.296000e-3,1.65846,2058
8.298000e-3,1.65201,2050
8.300000e-3,1.66813,2070
8.302000e-3,1.64637,2043
8.304000e-3,1.65201,2050
8.306000e-3,1.66410,2065
8.308000e-3,1.65363,2052
8.310000e-3,1.64960,2047
8.312000e-3,1.66249,2063
8.314000e-3,1.65363,2052
8.316000e-3,1.65282,2051
8.318000e-3,1.65443,2053
8.320000e-3,1.65604,2055
8.322000e-3,1.64073,2036
8.324000e-3,1.65282,2051
8.326000e-3,1.65846,2058
8.328000e-3,1.64557,2042
8.330000e-3,1.65766,2057
8.332000e-3,1.65766,2057
8.334000e-3,1.64960,2047
8.336000e-3,1.64799,2045
8.338000e-3,1.66330,2064
8.340000e-3,1.65040,2048
8.342000e-3,1.65040,2048
8.344000e-3,1.66571,2067
8.346000e-3,1.65443,2053
8.348000e-3,1.65040,2048
8.350000e-3,1.66733,2069
8.352000e-3,1.65846,2058
8.354000e-3,1.64718,2044
8.356000e-3,1.65846,2058
8.358000e-3,1.65685,2056
8.360000e-3,1.64234,2038
8.362000e-3,1.65766,2057
8.364000e-3,1.65927,2059
8.366000e-3,1.65604,2055
8.368000e-3,1.65121,2049
8.370000e-3,1.66410,2065
8.372000e-3,1.65121,2049
8.374000e-3,1.65201,2050
8.376000e-3,1.66491,2066
8.378000e-3,1.65524,2054
8.380000e-3,1.65282,2051
8.382000e-3,1.66330,2064
8.384000e-3,1.66007,2060
8.386000e-3,1.65121,2049
8.388000e-3,1.65685,2056
8.390000e-3,1.65685,2056
8.392000e-3,1.64154,2037
8.394000e-3,1.65846,2058
8.396000e-3,1.65363,2052
8.398000e-3,1.64476,2041
8.400000e-3,1.64799,2045
8.402000e-3,1.66410,2065
8.404000e-3,1.64476,2041
8.406000e-3,1.66330,2064
8.408000e-3,1.66168,2062
8.410000e-3,1.65282,2051
8.412000e-3,1.64396,2040
8.414000e-3,1.66088,2061
8.416000e-3,1.65524,2054
8.418000e-3,1.65282,2051
8.420000e-3,1.66491,2066
8.422000e-3,1.65443,2053
8.424000e-3,1.65040,2048
8.426000e-3,1.66007,2060
8.428000e-3,1.66007,2060
8.430000e-3,1.64154,2037
8.432000e-3,1.65766,2057
8.434000e-3,1.65846,2058
8.436000e-3,1.64154,2037
8.438000e-3,1.65282,2051
8.440000e-3,1.66330,2064
8.442000e-3,1.64799,2045
8.444000e-3,1.64396,2040
8.446000e-3,1.66733,2069
8.448000e-3,1.65201,2050
8.450000e-3,1.64960,2047
8.452000e-3,1.66491,2066
8.454000e-3,1.65685,2056
8.456000e-3,1.65524,2054
8.458000e-3,1.65685,2056
8.460000e-3,1.66007,2060
8.462000e-3,1.63670,2031
8.464000e-3,1.65685,2056
8.466000e-3,1.66249,2063
8.468000e-3,1.64476,2041
8.470000e-3,1.65282,2051
8.472000e-3,1.65685,2056
8.474000e-3,1.64879,2046
8.476000e-3,1.65443,2053
8.478000e-3,1.66571,2067
8.480000e-3,1.65282,2051
8.482000e-3,1.66007,2060
8.484000e-3,1.67700,2081
8.486000e-3,1.65201,2050
8.488000e-3,1.64799,2045
8.490000e-3,1.66330,2064
8.492000e-3,1.65766,2057
8.494000e-3,1.64718,2044
8.496000e-3,1.66088,2061
8.498000e-3,1.65927,2059
8.500000e-3,1.64396,2040
8.502000e-3,1.65927,2059
8.504000e-3,1.65685,2056
8.506000e-3,1.64396,2040
8.508000e-3,1.64799,2045
8.510000e-3,1.65927,2059
8.512000e-3,1.64799,2045
8.514000e-3,1.65282,2051
8.516000e-3,1.66813,2070
8.518000e-3,1.65040,2048
8.520000e-3,1.64557,2042
8.522000e-3,1.66491,2066
8.524000e-3,1.65685,2056
8.526000e-3,1.65282,2051
8.528000e-3,1.65846,2058
8.530000e-3,1.65443,2053
8.532000e-3,1.64315,2039
8.534000e-3,1.65524,2054
8.536000e-3,1.65685,2056
8.538000e-3,1.64879,2046
8.540000e-3,1.64557,2042
8.542000e-3,1.66007,2060
8.544000e-3,1.65282,2051
8.546000e-3,1.65121,2049
8.548000e-3,1.66813,2070
8.550000e-3,1.65443,2053
8.552000e-3,1.65121,2049
8.554000e-3,1.66491,2066
8.556000e-3,1.65685,2056
8.558000e-3,1.65363,2052
8.560000e-3,1.65604,2055
8.562000e-3,1.66088,2061
8.564000e-3,1.64799,2045
8.566000e-3,1.66894,2071
8.568000e-3,1.65524,2054
8.570000e-3,1.63751,2032
8.572000e-3,1.65363,2052
8.574000e-3,1.65846,2058
8.576000e-3,1.65040,2048
8.578000e-3,1.65282,2051
8.580000e-3,1.66571,2067
8.582000e-3,1.65443,2053
8.584000e-3,1.65363,2052
8.586000e-3,1.66491,2066
8.588000e-3,1.65201,2050
8.590000e-3,1.64557,2042
8.592000e-3,1.66330,2064
8.594000e-3,1.65443,2053
8.596000e-3,1.65524,2054
8.598000e-3,1.66007,2060
8.600000e-3,1.65363,2052
8.602000e-3,1.63912,2034
8.604000e-3,1.65363,2052
8.606000e-3,1.65846,2058
8.608000e-3,1.64476,2041
8.610000e-3,1.65524,2054
8.612000e-3,1.65846,2058
8.614000e-3,1.64960,2047
8.616000e-3,1.65282,2051
8.618000e-3,1.66571,2067
8.620000e-3,1.65282,2051
8.622000e-3,1.65040,2048
8.624000e-3,1.66491,2066
8.626000e-3,1.65927,2059
8.628000e-3,1.65282,2051
8.630000e-3,1.66007,2060
8.632000e-3,1.66007,2060
8.634000e-3,1.64154,2037
8.636000e-3,1.65443,2053
8.638000e-3,1.65846,2058
8.640000e-3,1.65121,2049
8.642000e-3,1.66330,2064
8.644000e-3,1.66733,2069
8.646000e-3,1.65846,2058
8.648000e-3,1.65443,2053
8.650000e-3,1.66330,2064
8.652000e-3,1.66571,2067
8.654000e-3,1.65443,2053
8.656000e-3,1.66007,2060
8.658000e-3,1.65201,2050
8.660000e-3,1.64476,2041
8.662000e-3,1.66007,2060
8.664000e-3,1.65927,2059
8.666000e-3,1.64718,2044
8.668000e-3,1.65282,2051
8.670000e-3,1.65685,2056
8.672000e-3,1.63912,2034
8.674000e-3,1.65443,2053
8.676000e-3,1.65766,2057
8.678000e-3,1.65282,2051
8.680000e-3,1.65201,2050
8.682000e-3,1.66330,2064
8.684000e-3,1.65524,2054
8.686000e-3,1.65846,2058
8.688000e-3,1.66168,2062
8.690000e-3,1.65846,2058
8.692000e-3,1.64637,2043
8.694000e-3,1.65363,2052
8.696000e-3,1.65846,2058
8.698000e-3,1.64396,2040
8.700000e-3,1.64718,2044
8.702000e-3,1.66007,2060
8.704000e-3,1.65040,2048
8.706000e-3,1.65846,2058
8.708000e-3,1.66571,2067
8.710000e-3,1.65443,2053
8.712000e-3,1.64879,2046
8.714000e-3,1.66249,2063
8.716000e-3,1.65685,2056
8.718000e-3,1.64557,2042
8.720000e-3,1.65685,2056
8.722000e-3,1.65846,2058
8.724000e-3,1.64557,2042
8.726000e-3,1.65604,2055
8.728000e-3,1.66168,2062
8.730000e-3,1.65443,2053
8.732000e-3,1.64799,2045
8.734000e-3,1.66733,2069
8.736000e-3,1.65040,2048
8.738000e-3,1.65282,2051
8.740000e-3,1.65766,2057
8.742000e-3,1.66007,2060
8.744000e-3,1.65443,2053
8.746000e-3,1.65846,2058
8.748000e-3,1.66007,2060
8.750000e-3,1.64234,2038
8.752000e-3,1.65201,2050
8.754000e-3,1.65927,2059
8.756000e-3,1.64718,2044
8.758000e-3,1.65040,2048
8.760000e-3,1.66733,2069
8.762000e-3,1.65524,2054
8.764000e-3,1.64718,2044
8.766000e-3,1.66571,2067
8.768000e-3,1.65363,2052
8.770000e-3,1.65201,2050
8.772000e-3,1.66652,2068
8.774000e-3,1.65927,2059
8.776000e-3,1.64154,2037
8.778000e-3,1.65524,2054
8.780000e-3,1.65846,2058
8.782000e-3,1.65040,2048
8.784000e-3,1.65443,2053
8.786000e-3,1.65685,2056
8.788000e-3,1.65363,2052
8.790000e-3,1.65282,2051
8.792000e-3,1.66652,2068
8.794000e-3,1.65121,2049
8.796000e-3,1.65121,2049
8.798000e-3,1.65927,2059
8.800000e-3,1.65685,2056
8.802000e-3,1.64396,2040
8.804000e-3,1.65524,2054
8.806000e-3,1.65363,2052
8.808000e-3,1.65040,2048
8.810000e-3,1.65282,2051
8.812000e-3,1.66088,2061
8.814000e-3,1.64879,2046
8.816000e-3,1.65282,2051
8.818000e-3,1.66813,2070
8.820000e-3,1.65604,2055
8.822000e-3,1.65040,2048
8.824000e-3,1.65363,2052
8.826000e-3,1.66088,2061
8.828000e-3,1.64718,2044
8.830000e-3,1.66007,2060
8.832000e-3,1.65685,2056
8.834000e-3,1.64234,2038
8.836000e-3,1.65443,2053
8.838000e-3,1.65282,2051
8.840000e-3,1.64315,2039
8.842000e-3,1.65685,2056
8.844000e-3,1.66168,2062
8.846000e-3,1.64637,2043
8.848000e-3,1.65201,2050
8.850000e-3,1.66974,2072
8.852000e-3,1.65282,2051
8.854000e-3,1.66088,2061
8.856000e-3,1.66571,2067
8.858000e-3,1.65443,2053
8.860000e-3,1.65282,2051
8.862000e-3,1.66168,2062
8.864000e-3,1.64799,2045
8.866000e-3,1.64396,2040
8.868000e-3,1.65524,2054
8.870000e-3,1.66007,2060
8.872000e-3,1.65443,2053
8.874000e-3,1.65685,2056
8.876000e-3,1.65685,2056
8.878000e-3,1.64476,2041
8.880000e-3,1.65443,2053
8.882000e-3,1.65685,2056
8.884000e-3,1.65040,2048
8.886000e-3,1.65201,2050
8.888000e-3,1.66168,2062
8.890000e-3,1.65604,2055
8.892000e-3,1.65282,2051
8.894000e-3,1.65927,2059
8.896000e-3,1.65363,2052
8.898000e-3,1.65282,2051
8.900000e-3,1.66088,2061
8.902000e-3,1.65685,2056
8.904000e-3,1.63832,2033
8.906000e-3,1.64799,2045
8.908000e-3,1.65282,2051
8.910000e-3,1.64396,2040
8.912000e-3,1.65604,2055
8.914000e-3,1.65766,2057
8.916000e-3,1.64557,2042
8.918000e-3,1.65363,2052
8.920000e-3,1.66491,2066
8.922000e-3,1.65040,2048
8.924000e-3,1.65524,2054
8.926000e-3,1.66652,2068
8.928000e-3,1.65040,2048
8.930000e-3,1.65363,2052
8.932000e-3,1.66007,2060
8.934000e-3,1.65685,2056
8.936000e-3,1.65282,2051
8.938000e-3,1.65927,2059
8.940000e-3,1.65685,2056
8.942000e-3,1.64557,2042
8.944000e-3,1.65685,2056
8.946000e-3,1.65685,2056
8.948000e-3,1.64315,2039
8.950000e-3,1.65363,2052
8.952000e-3,1.66813,2070
8.954000e-3,1.64637,2043
8.956000e-3,1.65363,2052
8.958000e-3,1.66491,2066
8.960000e-3,1.65282,2051
8.962000e-3,1.65282,2051
8.964000e-3,1.66491,2066
8.966000e-3,1.65363,2052
8.968000e-3,1.65201,2050
8.970000e-3,1.66491,2066
8.972000e-3,1.65927,2059
8.974000e-3,1.65282,2051
8.976000e-3,1.66168,2062
8.978000e-3,1.65604,2055
8.980000e-3,1.63993,2035
8.982000e-3,1.66491,2066
8.984000e-3,1.66007,2060
8.986000e-3,1.64557,2042
8.988000e-3,1.65363,2052
8.990000e-3,1.65927,2059
8.992000e-3,1.65121,2049
8.994000e-3,1.65282,2051
8.996000e-3,1.66007,2060
8.998000e-3,1.65282,2051
9.000000e-3,1.65363,2052
9.002000e-3,1.66652,2068
9.004000e-3,1.65766,2057
9.006000e-3,1.65363,2052
9.008000e-3,1.65927,2059
9.010000e-3,1.65443,2053
9.012000e-3,1.65927,2059
9.014000e-3,1.65121,2049
9.016000e-3,1.65927,2059
9.018000e-3,1.63993,2035
9.020000e-3,1.65121,2049
9.022000e-3,1.65927,2059
9.024000e-3,1.64396,2040
9.026000e-3,1.65604,2055
9.028000e-3,1.66652,2068
9.030000e-3,1.65201,2050
9.032000e-3,1.65121,2049
9.034000e-3,1.67136,2074
9.036000e-3,1.65443,2053
9.038000e-3,1.64234,2038
9.040000e-3,1.66249,2063
9.042000e-3,1.65685,2056
9.044000e-3,1.64879,2046
9.046000e-3,1.65766,2057
9.048000e-3,1.65685,2056
9.050000e-3,1.64637,2043
9.052000e-3,1.65443,2053
9.054000e-3,1.65846,2058
9.056000e-3,1.64154,2037
9.058000e-3,1.65524,2054
9.060000e-3,1.66007,2060
9.062000e-3,1.64960,2047
9.064000e-3,1.65201,2050
9.066000e-3,1.66088,2061
9.068000e-3,1.65443,2053
9.070000e-3,1.64879,2046
9.072000e-3,1.66491,2066
9.074000e-3,1.65524,2054
9.076000e-3,1.65282,2051
9.078000e-3,1.66571,2067
9.080000e-3,1.66410,2065
9.082000e-3,1.64879,2046
9.084000e-3,1.66007,2060
9.086000e-3,1.65766,2057
9.088000e-3,1.64315,2039
9.090000e-3,1.66168,2062
9.092000e-3,1.66088,2061
9.094000e-3,1.64315,2039
9.096000e-3,1.65604,2055
9.098000e-3,1.66894,2071
9.100000e-3,1.64718,2044
9.102000e-3,1.65040,2048
9.104000e-3,1.66007,2060
9.106000e-3,1.64476,2041
9.108000e-3,1.65443,2053
9.110000e-3,1.67216,2075
9.112000e-3,1.65363,2052
9.114000e-3,1.65201,2050
9.116000e-3,1.66974,2072
9.118000e-3,1.65846,2058
9.120000e-3,1.65040,2048
9.122000e-3,1.66168,2062
9.124000e-3,1.65685,2056
9.126000e-3,1.64557,2042
9.128000e-3,1.65766,2057
9.130000e-3,1.65927,2059
9.132000e-3,1.64637,2043
9.134000e-3,1.65443,2053
9.136000e-3,1.65685,2056
9.138000e-3,1.65363,2052
9.140000e-3,1.65524,2054
9.142000e-3,1.66007,2060
9.144000e-3,1.64879,2046
9.146000e-3,1.65121,2049
9.148000e-3,1.66168,2062
9.150000e-3,1.65443,2053
9.152000e-3,1.64718,2044
9.154000e-3,1.66330,2064
9.156000e-3,1.65524,2054
9.158000e-3,1.64557,2042
9.160000e-3,1.66894,2071
9.162000e-3,1.66249,2063
9.164000e-3,1.65040,2048
9.166000e-3,1.66168,2062
9.168000e-3,1.65766,2057
9.170000e-3,1.64637,2043
9.172000e-3,1.65846,2058
9.174000e-3,1.66088,2061
9.176000e-3,1.63993,2035
9.178000e-3,1.65685,2056
9.180000e-3,1.66088,2061
9.182000e-3,1.64637,2043
9.184000e-3,1.65040,2048
9.186000e-3,1.66330,2064
9.188000e-3,1.64718,2044
9.190000e-3,1.65363,2052
9.192000e-3,1.67055,2073
9.194000e-3,1.65524,2054
9.196000e-3,1.65282,2051
9.198000e-3,1.66733,2069
9.200000e-3,1.65524,2054
9.202000e-3,1.64396,2040
9.204000e-3,1.66168,2062
9.206000e-3,1.65685,2056
9.208000e-3,1.65040,2048
9.210000e-3,1.65927,2059
9.212000e-3,1.65846,2058
9.214000e-3,1.64476,2041
9.216000e-3,1.65685,2056
9.218000e-3,1.65685,2056
9.220000e-3,1.64557,2042
9.222000e-3,1.65443,2053
9.224000e-3,1.66410,2065
9.226000e-3,1.65282,2051
9.228000e-3,1.65040,2048
9.230000e-3,1.66571,2067
9.232000e-3,1.64960,2047
9.234000e-3,1.64879,2046
9.236000e-3,1.66652,2068
9.238000e-3,1.65443,2053
9.240000e-3,1.65443,2053
9.242000e-3,1.66652,2068
9.244000e-3,1.66168,2062
9.246000e-3,1.64879,2046
9.248000e-3,1.66168,2062
9.250000e-3,1.65685,2056
9.252000e-3,1.63993,2035
9.254000e-3,1.65363,2052
9.256000e-3,1.66168,2062
9.258000e-3,1.64154,2037
9.260000e-3,1.65363,2052
9.262000e-3,1.66813,2070
9.264000e-3,1.64879,2046
9.266000e-3,1.65040,2048
9.268000e-3,1.65846,2058
9.270000e-3,1.64718,2044
9.272000e-3,1.65363,2052
9.274000e-3,1.67055,2073
9.276000e-3,1.65201,2050
9.278000e-3,1.65201,2050
9.280000e-3,1.66571,2067
9.282000e-3,1.65443,2053
9.284000e-3,1.65846,2058
9.286000e-3,1.66410,2065
9.288000e-3,1.65524,2054
9.290000e-3,1.65201,2050
9.292000e-3,1.66088,2061
9.294000e-3,1.65685,2056
9.296000e-3,1.64315,2039
9.298000e-3,1.65604,2055
9.300000e-3,1.65846,2058
9.302000e-3,1.64718,2044
9.304000e-3,1.65524,2054
9.306000e-3,1.66007,2060
9.308000e-3,1.64960,2047
9.310000e-3,1.65201,2050
9.312000e-3,1.66007,2060
9.314000e-3,1.65121,2049
9.316000e-3,1.64879,2046
9.318000e-3,1.66410,2065
9.320000e-3,1.65363,2052
9.322000e-3,1.64476,2041
9.324000e-3,1.66894,2071
9.326000e-3,1.66007,2060
9.328000e-3,1.64960,2047
9.330000e-3,1.66330,2064
9.332000e-3,1.65604,2055
9.334000e-3,1.64718,2044
9.336000e-3,1.66168,2062
9.338000e-3,1.66168,2062
9.340000e-3,1.64073,2036
9.342000e-3,1.65927,2059
9.344000e-3,1.66813,2070
9.346000e-3,1.64396,2040
9.348000e-3,1.65040,2048
9.350000e-3,1.65927,2059
9.352000e-3,1.64396,2040
9.354000e-3,1.65443,2053
9.356000e-3,1.66974,2072
9.358000e-3,1.65282,2051
9.360000e-3,1.65121,2049
9.362000e-3,1.67055,2073
9.364000e-3,1.65685,2056
9.366000e-3,1.65685,2056
9.368000e-3,1.66249,2063
9.370000e-3,1.65685,2056
9.372000e-3,1.64637,2043
9.374000e-3,1.65766,2057
9.376000e-3,1.65766,2057
9.378000e-3,1.64637,2043
9.380000e-3,1.65524,2054
9.382000e-3,1.65685,2056
9.384000e-3,1.64557,2042
9.386000e-3,1.65524,2054
9.388000e-3,1.66007,2060
9.390000e-3,1.64879,2046
9.392000e-3,1.64557,2042
9.394000e-3,1.66330,2064
9.396000e-3,1.65282,2051
9.398000e-3,1.64879,2046
9.400000e-3,1.66330,2064
9.402000e-3,1.65443,2053
9.404000e-3,1.66088,2061
9.406000e-3,1.66733,2069
9.408000e-3,1.66168,2062
9.410000e-3,1.65040,2048
9.412000e-3,1.66007,2060
9.414000e-3,1.65846,2058
9.416000e-3,1.63993,2035
9.418000e-3,1.65766,2057
9.420000e-3,1.66168,2062
9.422000e-3,1.64315,2039
9.424000e-3,1.65685,2056
9.426000e-3,1.65282,2051
9.428000e-3,1.64718,2044
9.430000e-3,1.65040,2048
9.432000e-3,1.65927,2059
9.434000e-3,1.64396,2040
9.436000e-3,1.65363,2052
9.438000e-3,1.66894,2071
9.440000e-3,1.65363,2052
9.442000e-3,1.65121,2049
9.444000e-3,1.67055,2073
9.446000e-3,1.65846,2058
9.448000e-3,1.65040,2048
9.450000e-3,1.66168,2062
9.452000e-3,1.65524,2054
9.454000e-3,1.64799,2045
9.456000e-3,1.65766,2057
9.458000e-3,1.65766,2057
9.460000e-3,1.64557,2042
9.462000e-3,1.65443,2053
9.464000e-3,1.65685,2056
9.466000e-3,1.64557,2042
9.468000e-3,1.65363,2052
9.470000e-3,1.66330,2064
9.472000e-3,1.65201,2050
9.474000e-3,1.65040,2048
9.476000e-3,1.66571,2067
9.478000e-3,1.65282,2051
9.480000e-3,1.64879,2046
9.482000e-3,1.66571,2067
9.484000e-3,1.65685,2056
9.486000e-3,1.64799,2045
9.488000e-3,1.66652,2068
9.490000e-3,1.66249,2063
9.492000e-3,1.64960,2047
9.494000e-3,1.65766,2057
9.496000e-3,1.65685,2056
9.498000e-3,1.63912,2034
9.500000e-3,1.65524,2054
9.502000e-3,1.66007,2060
9.504000e-3,1.64557,2042
9.506000e-3,1.65443,2053
9.508000e-3,1.66249,2063
9.510000e-3,1.64799,2045
9.512000e-3,1.64234,2038
9.514000e-3,1.65927,2059
9.516000e-3,1.65040,2048
9.518000e-3,1.65685,2056
9.520000e-3,1.67136,2074
9.522000e-3,1.65604,2055
9.524000e-3,1.64718,2044
9.526000e-3,1.66894,2071
9.528000e-3,1.65685,2056
9.530000e-3,1.66330,2064
9.532000e-3,1.66249,2063
9.534000e-3,1.65685,2056
9.536000e-3,1.65363,2052
9.538000e-3,1.66007,2060
9.540000e-3,1.65685,2056
9.542000e-3,1.64476,2041
9.544000e-3,1.65685,2056
9.546000e-3,1.65766,2057
9.548000e-3,1.64073,2036
9.550000e-3,1.65604,2055
9.552000e-3,1.66088,2061
9.554000e-3,1.64960,2047
9.556000e-3,1.65201,2050
9.558000e-3,1.65766,2057
9.560000e-3,1.65282,2051
9.562000e-3,1.64879,2046
9.564000e-3,1.66571,2067
9.566000e-3,1.65363,2052
9.568000e-3,1.64476,2041
9.570000e-3,1.66813,2070
9.572000e-3,1.66168,2062
9.574000e-3,1.65201,2050
9.576000e-3,1.66168,2062
9.578000e-3,1.65766,2057
9.580000e-3,1.64315,2039
9.582000e-3,1.65766,2057
9.584000e-3,1.66249,2063
9.586000e-3,1.64154,2037
9.588000e-3,1.65443,2053
9.590000e-3,1.66249,2063
9.592000e-3,1.64476,2041
9.594000e-3,1.65121,2049
9.596000e-3,1.65766,2057
9.598000e-3,1.64718,2044
9.600000e-3,1.66088,2061
9.602000e-3,1.66894,2071
9.604000e-3,1.65443,2053
9.606000e-3,1.64960,2047
9.608000e-3,1.67055,2073
9.610000e-3,1.65524,2054
9.612000e-3,1.65040,2048
9.614000e-3,1.66571,2067
9.616000e-3,1.65524,2054
9.618000e-3,1.65282,2051
9.620000e-3,1.66330,2064
9.622000e-3,1.65604,2055
9.624000e-3,1.65443,2053
9.626000e-3,1.66330,2064
9.628000e-3,1.65685,2056
9.630000e-3,1.64073,2036
9.632000e-3,1.65927,2059
9.634000e-3,1.66168,2062
9.636000e-3,1.64315,2039
9.638000e-3,1.65524,2054
9.640000e-3,1.65846,2058
9.642000e-3,1.64718,2044
9.644000e-3,1.64879,2046
9.646000e-3,1.65524,2054
9.648000e-3,1.65040,2048
9.650000e-3,1.64799,2045
9.652000e-3,1.66974,2072
9.654000e-3,1.65927,2059
9.656000e-3,1.64960,2047
9.658000e-3,1.66571,2067
9.660000e-3,1.65524,2054
9.662000e-3,1.64799,2045
9.664000e-3,1.66249,2063
9.666000e-3,1.65927,2059
9.668000e-3,1.64879,2046
9.670000e-3,1.66007,2060
9.672000e-3,1.65766,2057
9.674000e-3,1.64234,2038
9.676000e-3,1.65201,2050
9.678000e-3,1.66249,2063
9.680000e-3,1.64234,2038
9.682000e-3,1.66410,2065
9.684000e-3,1.65846,2058
9.686000e-3,1.64637,2043
9.688000e-3,1.66007,2060
9.690000e-3,1.66249,2063
9.692000e-3,1.65040,2048
9.694000e-3,1.65040,2048
9.696000e-3,1.66249,2063
9.698000e-3,1.64799,2045
9.700000e-3,1.65282,2051
9.702000e-3,1.66813,2070
9.704000e-3,1.65363,2052
9.706000e-3,1.65121,2049
9.708000e-3,1.66410,2065
9.710000e-3,1.65524,2054
9.712000e-3,1.65282,2051
9.714000e-3,1.66007,2060
9.716000e-3,1.66007,2060
9.718000e-3,1.64557,2042
9.720000e-3,1.65524,2054
9.722000e-3,1.65766,2057
9.724000e-3,1.64718,2044
9.726000e-3,1.64879,2046
9.728000e-3,1.65766,2057
9.730000e-3,1.64879,2046
9.732000e-3,1.64637,2043
9.734000e-3,1.66894,2071
9.736000e-3,1.65604,2055
9.738000e-3,1.64960,2047
9.740000e-3,1.66491,2066
9.742000e-3,1.65524,2054
9.744000e-3,1.65040,2048
9.746000e-3,1.66249,2063
9.748000e-3,1.66007,2060
9.750000e-3,1.64718,2044
9.752000e-3,1.65927,2059
9.754000e-3,1.66974,2072
9.756000e-3,1.64234,2038
9.758000e-3,1.65121,2049
9.760000e-3,1.66088,2061
9.762000e-3,1.63993,2035
9.764000e-3,1.65685,2056
9.766000e-3,1.66330,2064
9.768000e-3,1.64960,2047
9.770000e-3,1.65524,2054
9.772000e-3,1.66733,2069
9.774000e-3,1.64799,2045
9.776000e-3,1.65766,2057
9.778000e-3,1.66813,2070
9.780000e-3,1.65040,2048
9.782000e-3,1.65282,2051
9.784000e-3,1.66733,2069
9.786000e-3,1.65524,2054
9.788000e-3,1.65524,2054
9.790000e-3,1.66249,2063
9.792000e-3,1.65524,2054
9.794000e-3,1.65040,2048
9.796000e-3,1.66249,2063
9.798000e-3,1.66088,2061
9.800000e-3,1.64960,2047
9.802000e-3,1.65685,2056
9.804000e-3,1.65766,2057
9.806000e-3,1.64476,2041
9.808000e-3,1.65282,2051
9.810000e-3,1.65443,2053
9.812000e-3,1.64718,2044
9.814000e-3,1.65443,2053
9.816000e-3,1.66330,2064
9.818000e-3,1.65604,2055
9.820000e-3,1.65121,2049
9.822000e-3,1.66652,2068
9.824000e-3,1.65443,2053
9.826000e-3,1.64718,2044
9.828000e-3,1.66330,2064
9.830000e-3,1.66007,2060
9.832000e-3,1.65121,2049
9.834000e-3,1.66168,2062
9.836000e-3,1.65766,2057
9.838000e-3,1.64557,2042
9.840000e-3,1.65282,2051
9.842000e-3,1.65927,2059
9.844000e-3,1.63993,2035
9.846000e-3,1.65685,2056
9.848000e-3,1.66249,2063
9.850000e-3,1.64879,2046
9.852000e-3,1.65121,2049
9.854000e-3,1.66894,2071
9.856000e-3,1.65443,2053
9.858000e-3,1.64234,2038
9.860000e-3,1.66813,2070
9.862000e-3,1.65363,2052
9.864000e-3,1.65201,2050
9.866000e-3,1.66330,2064
9.868000e-3,1.65685,2056
9.870000e-3,1.65121,2049
9.872000e-3,1.65766,2057
9.874000e-3,1.65766,2057
9.876000e-3,1.65282,2051
9.878000e-3,1.65604,2055
9.880000e-3,1.66088,2061
9.882000e-3,1.64960,2047
9.884000e-3,1.65201,2050
9.886000e-3,1.66330,2064
9.888000e-3,1.65443,2053
9.890000e-3,1.64718,2044
9.892000e-3,1.66330,2064
9.894000e-3,1.65766,2057
9.896000e-3,1.64637,2043
9.898000e-3,1.66168,2062
9.900000e-3,1.66410,2065
9.902000e-3,1.64154,2037
9.904000e-3,1.65524,2054
9.906000e-3,1.65846,2058
9.908000e-3,1.64154,2037
9.910000e-3,1.65363,2052
9.912000e-3,1.66330,2064
9.914000e-3,1.64879,2046
9.916000e-3,1.65363,2052
9.918000e-3,1.67136,2074
9.920000e-3,1.65201,2050
9.922000e-3,1.65766,2057
9.924000e-3,1.66571,2067
9.926000e-3,1.65282,2051
9.928000e-3,1.65040,2048
9.930000e-3,1.65685,2056
9.932000e-3,1.66168,2062
9.934000e-3,1.64476,2041
9.936000e-3,1.66088,2061
9.938000e-3,1.65846,2058
9.940000e-3,1.65121,2049
9.942000e-3,1.65363,2052
9.944000e-3,1.66007,2060
9.946000e-3,1.65282,2051
9.948000e-3,1.65282,2051
9.950000e-3,1.66571,2067
9.952000e-3,1.65604,2055
9.954000e-3,1.65363,2052
9.956000e-3,1.66249,2063
9.958000e-3,1.65604,2055
9.960000e-3,1.65121,2049
9.962000e-3,1.66007,2060
9.964000e-3,1.65443,2053
9.966000e-3,1.63832,2033
9.968000e-3,1.65363,2052
9.970000e-3,1.65685,2056
9.972000e-3,1.64315,2039
9.974000e-3,1.65121,2049
9.976000e-3,1.66330,2064
9.978000e-3,1.66007,2060
9.980000e-3,1.65443,2053
9.982000e-3,1.67458,2078
9.984000e-3,1.65443,2053
9.986000e-3,1.65282,2051
9.988000e-3,1.66007,2060
9.990000e-3,1.65685,2056
9.992000e-3,1.64234,2038
9.994000e-3,1.65282,2051
9.996000e-3,1.65846,2058
9.998000e-3,1.65040,2048
1.000000e-2,1.65443,2053
1.000200e-2,1.65685,2056
1.000400e-2,1.65040,2048
1.000600e-2,1.64879,2046
1.000800e-2,1.66410,2065
1.001000e-2,1.65524,2054
1.001200e-2,1.64879,2046
1.001400e-2,1.66330,2064
1.001600e-2,1.65363,2052
1.001800e-2,1.65121,2049
1.002000e-2,1.66088,2061
1.002200e-2,1.65766,2057
1.002400e-2,1.64718,2044
1.002600e-2,1.65766,2057
1.002800e-2,1.66007,2060
1.003000e-2,1.64396,2040
1.003200e-2,1.65363,2052
1.003400e-2,1.65846,2058
1.003600e-2,1.64637,2043
1.003800e-2,1.65685,2056
1.004000e-2,1.65443,2053
1.004200e-2,1.64799,2045
1.004400e-2,1.65363,2052
1.004600e-2,1.65927,2059
1.004800e-2,1.65685,2056
1.005000e-2,1.65201,2050
1.005200e-2,1.66410,2065
1.005400e-2,1.65363,2052
1.005600e-2,1.65201,2050
1.005800e-2,1.66088,2061
1.006000e-2,1.66007,2060
1.006200e-2,1.64476,2041
1.006400e-2,1.65846,2058
1.006600e-2,1.65766,2057
1.006800e-2,1.64154,2037
1.007000e-2,1.65524,2054
1.007200e-2,1.65443,2053
1.007400e-2,1.65040,2048
1.007600e-2,1.66007,2060
1.007800e-2,1.66168,2062
1.008000e-2,1.65121,2049
1.008200e-2,1.65121,2049
1.008400e-2,1.66491,2066
1.008600e-2,1.65524,2054
1.008800e-2,1.65201,2050
1.009000e-2,1.65846,2058
1.009200e-2,1.65846,2058
1.009400e-2,1.65846,2058
1.009600e-2,1.66168,2062
1.009800e-2,1.65846,2058
1.010000e-2,1.65685,2056
1.010200e-2,1.65766,2057
1.010400e-2,1.65685,2056
1.010600e-2,1.64396,2040
1.010800e-2,1.65524,2054
1.011000e-2,1.65846,2058
1.011200e-2,1.64557,2042
1.011400e-2,1.65443,2053
1.011600e-2,1.66007,2060
1.011800e-2,1.64154,2037
1.012000e-2,1.65443,2053
1.012200e-2,1.66330,2064
1.012400e-2,1.65201,2050
1.012600e-2,1.65040,2048
1.012800e-2,1.66894,2071
1.013000e-2,1.65282,2051
1.013200e-2,1.65121,2049
1.013400e-2,1.66410,2065
1.013600e-2,1.65766,2057
1.013800e-2,1.65201,2050
1.014000e-2,1.66168,2062
1.014200e-2,1.65927,2059
1.014400e-2,1.64637,2043
1.014600e-2,1.65846,2058
1.014800e-2,1.66007,2060
1.015000e-2,1.64476,2041
1.015200e-2,1.65363,2052
1.015400e-2,1.65685,2056
1.015600e-2,1.64879,2046
1.015800e-2,1.65363,2052
1.016000e-2,1.66410,2065
1.016200e-2,1.65363,2052
1.016400e-2,1.65201,2050
1.016600e-2,1.66733,2069
1.016800e-2,1.65685,2056
1.017000e-2,1.65443,2053
1.017200e-2,1.66491,2066
1.017400e-2,1.65604,2055
1.017600e-2,1.64799,2045
1.017800e-2,1.65927,2059
1.018000e-2,1.65927,2059
1.018200e-2,1.64718,2044
1.018400e-2,1.65040,2048
1.018600e-2,1.65524,2054
1.018800e-2,1.64718,2044
1.019000e-2,1.65121,2049
1.019200e-2,1.65927,2059
1.019400e-2,1.65121,2049
1.019600e-2,1.65443,2053
1.019800e-2,1.66491,2066
1.020000e-2,1.64960,2047
1.020200e-2,1.65604,2055
1.020400e-2,1.66491,2066
1.020600e-2,1.65524,2054
1.020800e-2,1.65040,2048
1.021000e-2,1.66491,2066
1.021200e-2,1.65766,2057
1.021400e-2,1.65282,2051
1.021600e-2,1.67055,2073
1.021800e-2,1.65927,2059
1.022000e-2,1.64637,2043
1.022200e-2,1.65846,2058
1.022400e-2,1.65766,2057
1.022600e-2,1.64234,2038
1.022800e-2,1.65524,2054
1.023000e-2,1.65846,2058
1.023200e-2,1.64476,2041
1.023400e-2,1.65443,2053
1.023600e-2,1.65846,2058
1.023800e-2,1.64799,2045
1.024000e-2,1.65121,2049
1.024200e-2,1.66410,2065
1.024400e-2,1.65040,2048
1.024600e-2,1.65443,2053
1.024800e-2,1.66813,2070
1.025000e-2,1.66007,2060
1.025200e-2,1.65201,2050
1.025400e-2,1.66330,2064
1.025600e-2,1.65766,2057
1.025800e-2,1.65524,2054
1.026000e-2,1.65524,2054
1.026200e-2,1.65604,2055
1.026400e-2,1.64234,2038
1.026600e-2,1.65524,2054
1.026800e-2,1.65927,2059
1.027000e-2,1.64637,2043
1.027200e-2,1.65604,2055
1.027400e-2,1.65604,2055
1.027600e-2,1.64476,2041
1.027800e-2,1.65443,2053
1.028000e-2,1.65443,2053
1.028200e-2,1.65121,2049
1.028400e-2,1.65846,2058
1.028600e-2,1.65846,2058
1.028800e-2,1.65040,2048
1.029000e-2,1.65040,2048
1.029200e-2,1.66571,2067
1.029400e-2,1.65604,2055
1.029600e-2,1.65443,2053
1.029800e-2,1.66491,2066
1.030000e-2,1.65927,2059
1.030200e-2,1.65524,2054
1.030400e-2,1.66007,2060
1.030600e-2,1.65685,2056
1.030800e-2,1.64557,2042
1.031000e-2,1.65604,2055
1.031200e-2,1.65766,2057
1.031400e-2,1.64315,2039
1.031600e-2,1.65685,2056
1.031800e-2,1.65927,2059
1.032000e-2,1.64476,2041
1.032200e-2,1.65121,2049
1.032400e-2,1.65927,2059
1.032600e-2,1.64799,2045
1.032800e-2,1.65201,2050
1.033000e-2,1.66330,2064
1.033200e-2,1.65685,2056
1.033400e-2,1.65121,2049
1.033600e-2,1.66652,2068
1.033800e-2,1.65443,2053
1.034000e-2,1.65121,2049
1.034200e-2,1.66330,2064
1.034400e-2,1.65363,2052
1.034600e-2,1.65363,2052
1.034800e-2,1.66007,2060
1.035000e-2,1.66088,2061
1.035200e-2,1.64637,2043
1.035400e-2,1.65524,2054
1.035600e-2,1.65201,2050
1.035800e-2,1.64557,2042
1.036000e-2,1.65363,2052
1.036200e-2,1.65927,2059
1.036400e-2,1.64234,2038
1.036600e-2,1.65604,2055
1.036800e-2,1.66652,2068
1.037000e-2,1.65282,2051
1.037200e-2,1.65201,2050
1.037400e-2,1.65766,2057
1.037600e-2,1.65363,2052
1.037800e-2,1.65363,2052
1.038000e-2,1.65846,2058
1.038200e-2,1.65766,2057
1.038400e-2,1.65040,2048
1.038600e-2,1.65040,2048
1.038800e-2,1.65927,2059
1.039000e-2,1.64396,2040
1.039200e-2,1.65685,2056
1.039400e-2,1.65766,2057
1.039600e-2,1.64799,2045
1.039800e-2,1.64396,2040
1.040000e-2,1.67136,2074
1.040200e-2,1.65201,2050
1.040400e-2,1.65121,2049
1.040600e-2,1.66813,2070
1.040800e-2,1.64476,2041
1.041000e-2,1.64799,2045
1.041200e-2,1.66813,2070
1.041400e-2,1.66007,2060
1.041600e-2,1.65524,2054
1.041800e-2,1.66571,2067
1.042000e-2,1.65604,2055
1.042200e-2,1.65121,2049
1.042400e-2,1.66088,2061
1.042600e-2,1.65524,2054
1.042800e-2,1.64476,2041
1.043000e-2,1.65766,2057
1.043200e-2,1.65846,2058
1.043400e-2,1.64637,2043
1.043600e-2,1.65443,2053
1.043800e-2,1.66007,2060
1.044000e-2,1.65685,2056
1.044200e-2,1.65282,2051
1.044400e-2,1.65766,2057
1.044600e-2,1.65121,2049
1.044800e-2,1.65524,2054
1.045000e-2,1.66571,2067
1.045200e-2,1.66249,2063
1.045400e-2,1.65363,2052
1.045600e-2,1.66652,2068
1.045800e-2,1.65363,2052
1.046000e-2,1.65121,2049
1.046200e-2,1.66410,2065
1.046400e-2,1.66007,2060
1.046600e-2,1.65363,2052
1.046800e-2,1.65927,2059
1.047000e-2,1.65524,2054
1.047200e-2,1.64476,2041
1.047400e-2,1.65524,2054
1.047600e-2,1.65685,2056
1.047800e-2,1.64637,2043
1.048000e-2,1.65121,2049
1.048200e-2,1.65927,2059
1.048400e-2,1.65040,2048
1.048600e-2,1.65121,2049
1.048800e-2,1.66733,2069
1.049000e-2,1.65282,2051
1.049200e-2,1.65040,2048
1.049400e-2,1.66571,2067
1.049600e-2,1.65685,2056
1.049800e-2,1.65040,2048
1.050000e-2,1.66733,2069
1.050200e-2,1.66330,2064
1.050400e-2,1.64315,2039
1.050600e-2,1.65604,2055
1.050800e-2,1.66088,2061
1.051000e-2,1.64557,2042
1.051200e-2,1.65040,2048
1.051400e-2,1.66007,2060
1.051600e-2,1.65040,2048
1.051800e-2,1.65201,2050
1.052000e-2,1.66652,2068
1.052200e-2,1.65766,2057
1.052400e-2,1.65201,2050
1.052600e-2,1.66491,2066
1.052800e-2,1.65443,2053
1.053000e-2,1.65201,2050
1.053200e-2,1.66410,2065
1.053400e-2,1.65363,2052
1.053600e-2,1.65201,2050
1.053800e-2,1.65604,2055
1.054000e-2,1.65685,2056
1.054200e-2,1.64557,2042
1.054400e-2,1.65685,2056
1.054600e-2,1.65685,2056
1.054800e-2,1.64396,2040
1.055000e-2,1.64476,2041
1.055200e-2,1.65685,2056
1.055400e-2,1.65201,2050
1.055600e-2,1.65040,2048
1.055800e-2,1.66330,2064
1.056000e-2,1.65040,2048
1.056200e-2,1.65040,2048
1.056400e-2,1.67136,2074
1.056600e-2,1.65766,2057
1.056800e-2,1.65604,2055
1.057000e-2,1.66168,2062
1.057200e-2,1.65927,2059
1.057400e-2,1.65121,2049
1.057600e-2,1.65040,2048
1.057800e-2,1.65927,2059
1.058000e-2,1.64234,2038
1.058200e-2,1.65282,2051
1.058400e-2,1.65685,2056
1.058600e-2,1.65363,2052
1.058800e-2,1.65121,2049
1.059000e-2,1.65927,2059
1.059200e-2,1.64718,2044
1.059400e-2,1.65040,2048
1.059600e-2,1.66652,2068
1.059800e-2,1.64718,2044
1.060000e-2,1.65121,2049
1.060200e-2,1.66652,2068
1.060400e-2,1.65685,2056
1.060600e-2,1.65121,2049
1.060800e-2,1.66168,2062
1.061000e-2,1.65766,2057
1.061200e-2,1.64396,2040
1.061400e-2,1.65766,2057
1.061600e-2,1.65443,2053
1.061800e-2,1.64718,2044
1.062000e-2,1.65685,2056
1.062200e-2,1.65927,2059
1.062400e-2,1.65201,2050
1.062600e-2,1.65282,2051
1.062800e-2,1.66571,2067
1.063000e-2,1.65363,2052
1.063200e-2,1.65040,2048
1.063400e-2,1.66491,2066
1.063600e-2,1.66813,2070
1.063800e-2,1.65766,2057
1.064000e-2,1.66168,2062
1.064200e-2,1.65846,2058
1.064400e-2,1.64799,2045
1.064600e-2,1.65524,2054
1.064800e-2,1.65685,2056
1.065000e-2,1.64476,2041
1.065200e-2,1.65363,2052
1.065400e-2,1.65846,2058
1.065600e-2,1.64718,2044
1.065800e-2,1.65443,2053
1.066000e-2,1.66330,2064
1.066200e-2,1.65685,2056
1.066400e-2,1.64718,2044
1.066600e-2,1.66652,2068
1.066800e-2,1.65685,2056
1.067000e-2,1.64315,2039
1.067200e-2,1.66410,2065
1.067400e-2,1.65604,2055
1.067600e-2,1.65040,2048
1.067800e-2,1.65927,2059
1.068000e-2,1.65846,2058
1.068200e-2,1.64073,2036
1.068400e-2,1.65685,2056
1.068600e-2,1.65846,2058
1.068800e-2,1.64315,2039
1.069000e-2,1.65363,2052
1.069200e-2,1.66088,2061
1.069400e-2,1.65040,2048
1.069600e-2,1.66088,2061
1.069800e-2,1.66410,2065
1.070000e-2,1.65121,2049
1.070200e-2,1.64960,2047
1.070400e-2,1.66733,2069
1.070600e-2,1.65604,2055
1.070800e-2,1.65121,2049
1.071000e-2,1.66410,2065
1.071200e-2,1.65927,2059
1.071400e-2,1.65363,2052
1.071600e-2,1.66652,2068
1.071800e-2,1.65443,2053
1.072000e-2,1.64315,2039
1.072200e-2,1.65766,2057
1.072400e-2,1.66007,2060
1.072600e-2,1.64637,2043
1.072800e-2,1.65040,2048
1.073000e-2,1.65604,2055
1.073200e-2,1.64718,2044
1.073400e-2,1.64960,2047
1.073600e-2,1.65604,2055
1.073800e-2,1.65282,2051
1.074000e-2,1.65363,2052
1.074200e-2,1.67377,2077
1.074400e-2,1.65443,2053
1.074600e-2,1.65282,2051
1.074800e-2,1.66491,2066
1.075000e-2,1.65766,2057
1.075200e-2,1.65121,2049
1.075400e-2,1.66330,2064
1.075600e-2,1.66491,2066
1.075800e-2,1.65282,2051
1.076000e-2,1.66007,2060
1.076200e-2,1.66894,2071
1.076400e-2,1.64557,2042
1.076600e-2,1.65201,2050
1.076800e-2,1.65846,2058
1.077000e-2,1.64396,2040
1.077200e-2,1.65363,2052
1.077400e-2,1.66330,2064
1.077600e-2,1.65201,2050
1.077800e-2,1.64718,2044
1.078000e-2,1.66652,2068
1.078200e-2,1.65443,2053
1.078400e-2,1.65040,2048
1.078600e-2,1.66330,2064
1.078800e-2,1.65524,2054
1.079000e-2,1.65363,2052
1.079200e-2,1.66088,2061
1.079400e-2,1.66168,2062
1.079600e-2,1.64637,2043
1.079800e-2,1.66330,2064
1.080000e-2,1.65846,2058
1.080200e-2,1.64315,2039
1.080400e-2,1.64879,2046
1.080600e-2,1.65524,2054
1.080800e-2,1.64476,2041
1.081000e-2,1.65282,2051
1.081200e-2,1.65766,2057
1.081400e-2,1.65282,2051
1.081600e-2,1.65363,2052
1.081800e-2,1.66491,2066
1.082000e-2,1.65282,2051
1.082200e-2,1.64476,2041
1.082400e-2,1.65927,2059
1.082600e-2,1.65927,2059
1.082800e-2,1.64799,2045
1.083000e-2,1.66330,2064
1.083200e-2,1.65363,2052
1.083400e-2,1.65201,2050
1.083600e-2,1.66168,2062
1.083800e-2,1.65766,2057
1.084000e-2,1.65282,2051
1.084200e-2,1.66007,2060
1.084400e-2,1.66007,2060
1.084600e-2,1.64879,2046
1.084800e-2,1.65524,2054
1.085000e-2,1.65846,2058
1.085200e-2,1.64557,2042
1.085400e-2,1.65282,2051
1.085600e-2,1.65766,2057
1.085800e-2,1.65846,2058
1.086000e-2,1.65685,2056
1.086200e-2,1.66410,2065
1.086400e-2,1.65040,2048
1.086600e-2,1.65040,2048
1.086800e-2,1.66410,2065
1.087000e-2,1.65201,2050
1.087200e-2,1.64557,2042
1.087400e-2,1.66652,2068
1.087600e-2,1.65604,2055
1.087800e-2,1.65201,2050
1.088000e-2,1.66652,2068
1.088200e-2,1.64637,2043
1.088400e-2,1.65201,2050
1.088600e-2,1.66410,2065
1.088800e-2,1.65040,2048
1.089000e-2,1.65524,2054
1.089200e-2,1.66410,2065
1.089400e-2,1.65766,2057
1.089600e-2,1.65201,2050
1.089800e-2,1.65846,2058
1.090000e-2,1.66410,2065
1.090200e-2,1.64154,2037
1.090400e-2,1.65524,2054
1.090600e-2,1.66007,2060
1.090800e-2,1.64557,2042
1.091000e-2,1.65685,2056
1.091200e-2,1.65524,2054
1.091400e-2,1.64960,2047
1.091600e-2,1.65282,2051
1.091800e-2,1.65363,2052
1.092000e-2,1.65121,2049
1.092200e-2,1.65201,2050
1.092400e-2,1.65846,2058
1.092600e-2,1.64637,2043
1.092800e-2,1.65201,2050
1.093000e-2,1.66652,2068
1.093200e-2,1.65604,2055
1.093400e-2,1.65201,2050
1.093600e-2,1.66168,2062
1.093800e-2,1.65846,2058
1.094000e-2,1.64718,2044
1.094200e-2,1.65685,2056
1.094400e-2,1.65201,2050
1.094600e-2,1.64637,2043
1.094800e-2,1.65846,2058
1.095000e-2,1.65685,2056
1.095200e-2,1.64396,2040
1.095400e-2,1.65363,2052
1.095600e-2,1.65846,2058
1.095800e-2,1.64960,2047
1.096000e-2,1.65604,2055
1.096200e-2,1.66168,2062
1.096400e-2,1.64799,2045
1.096600e-2,1.65040,2048
1.096800e-2,1.66088,2061
1.097000e-2,1.64879,2046
1.097200e-2,1.65121,2049
1.097400e-2,1.66652,2068
1.097600e-2,1.65685,2056
1.097800e-2,1.65443,2053
1.098000e-2,1.66168,2062
1.098200e-2,1.65685,2056
1.098400e-2,1.65524,2054
1.098600e-2,1.65766,2057
1.098800e-2,1.65846,2058
1.099000e-2,1.64315,2039
1.099200e-2,1.65363,2052
1.099400e-2,1.65766,2057
1.099600e-2,1.64476,2041
1.099800e-2,1.65443,2053
1.100000e-2,1.66168,2062
1.100200e-2,1.65121,2049
1.100400e-2,1.64960,2047
1.100600e-2,1.66491,2066
1.100800e-2,1.65524,2054
1.101000e-2,1.65040,2048
1.101200e-2,1.66330,2064
1.101400e-2,1.65604,2055
1.101600e-2,1.65040,2048
1.101800e-2,1.66330,2064
1.102000e-2,1.66168,2062
1.102200e-2,1.64476,2041
1.102400e-2,1.66813,2070
1.102600e-2,1.66088,2061
1.102800e-2,1.64799,2045
1.103000e-2,1.65040,2048
1.103200e-2,1.66168,2062
1.103400e-2,1.65121,2049
1.103600e-2,1.65201,2050
1.103800e-2,1.66410,2065
1.104000e-2,1.65443,2053
1.104200e-2,1.65201,2050
1.104400e-2,1.67055,2073
1.104600e-2,1.65927,2059
1.104800e-2,1.64718,2044
1.105000e-2,1.65685,2056
1.105200e-2,1.65685,2056
1.105400e-2,1.64557,2042
1.105600e-2,1.65846,2058
1.105800e-2,1.65766,2057
1.106000e-2,1.65363,2052
1.106200e-2,1.64476,2041
1.106400e-2,1.66491,2066
1.106600e-2,1.65201,2050
1.106800e-2,1.65201,2050
1.107000e-2,1.66330,2064
1.107200e-2,1.65282,2051
1.107400e-2,1.65282,2051
1.107600e-2,1.66491,2066
1.107800e-2,1.66088,2061
1.108000e-2,1.65040,2048
1.108200e-2,1.65685,2056
1.108400e-2,1.65685,2056
1.108600e-2,1.64476,2041
1.108800e-2,1.65040,2048
1.109000e-2,1.66491,2066
1.109200e-2,1.64637,2043
1.109400e-2,1.65201,2050
1.109600e-2,1.66974,2072
1.109800e-2,1.65363,2052
1.110000e-2,1.65040,2048
1.110200e-2,1.66410,2065
1.110400e-2,1.65685,2056
1.110600e-2,1.65121,2049
1.110800e-2,1.66571,2067
1.111000e-2,1.65524,2054
1.111200e-2,1.64315,2039
1.111400e-2,1.65363,2052
1.111600e-2,1.65846,2058
1.111800e-2,1.63751,2032
1.112000e-2,1.65363,2052
1.112200e-2,1.66088,2061
1.112400e-2,1.65040,2048
1.112600e-2,1.65363,2052
1.112800e-2,1.66330,2064
1.113000e-2,1.65040,2048
1.113200e-2,1.65121,2049
1.113400e-2,1.66571,2067
1.113600e-2,1.65443,2053
1.113800e-2,1.64879,2046
1.114000e-2,1.65604,2055
1.114200e-2,1.65685,2056
1.114400e-2,1.64799,2045
1.114600e-2,1.66007,2060
1.114800e-2,1.64799,2045
1.115000e-2,1.64315,2039
1.115200e-2,1.65363,2052
1.115400e-2,1.65685,2056
1.115600e-2,1.64960,2047
1.115800e-2,1.65443,2053
1.116000e-2,1.65927,2059
1.116200e-2,1.65282,2051
1.116400e-2,1.65040,2048
1.116600e-2,1.66491,2066
1.116800e-2,1.65443,2053
1.117000e-2,1.65040,2048
1.117200e-2,1.66330,2064
1.117400e-2,1.66168,2062
1.117600e-2,1.64396,2040
1.117800e-2,1.65927,2059
1.118000e-2,1.65846,2058
1.118200e-2,1.64476,2041
1.118400e-2,1.65363,2052
1.118600e-2,1.65685,2056
1.118800e-2,1.65040,2048
1.119000e-2,1.65201,2050
1.119200e-2,1.66813,2070
1.119400e-2,1.65363,2052
1.119600e-2,1.65201,2050
1.119800e-2,1.66007,2060
1.120000e-2,1.65524,2054
1.120200e-2,1.65040,2048
1.120400e-2,1.65927,2059
1.120600e-2,1.65766,2057
1.120800e-2,1.64315,2039
1.121000e-2,1.65524,2054
1.121200e-2,1.65927,2059
1.121400e-2,1.64960,2047
1.121600e-2,1.64476,2041
1.121800e-2,1.66733,2069
1.122000e-2,1.65363,2052
1.122200e-2,1.65201,2050
1.122400e-2,1.67297,2076
1.122600e-2,1.65604,2055
1.122800e-2,1.64637,2043
1.123000e-2,1.66088,2061
1.123200e-2,1.66007,2060
1.123400e-2,1.64315,2039
1.123600e-2,1.65282,2051
1.123800e-2,1.66652,2068
1.124000e-2,1.64799,2045
1.124200e-2,1.66007,2060
1.124400e-2,1.65363,2052
1.124600e-2,1.65040,2048
1.124800e-2,1.65201,2050
1.125000e-2,1.66571,2067
1.125200e-2,1.65363,2052
1.125400e-2,1.65201,2050
1.125600e-2,1.66571,2067
1.125800e-2,1.65604,2055
1.126000e-2,1.65201,2050
1.126200e-2,1.66007,2060
1.126400e-2,1.65927,2059
1.126600e-2,1.65524,2054
1.126800e-2,1.65766,2057
1.127000e-2,1.65846,2058
1.127200e-2,1.64718,2044
1.127400e-2,1.65604,2055
1.127600e-2,1.65927,2059
1.127800e-2,1.65685,2056
1.128000e-2,1.65443,2053
1.128200e-2,1.66168,2062
1.128400e-2,1.64718,2044
1.128600e-2,1.65121,2049
1.128800e-2,1.66974,2072
1.129000e-2,1.65524,2054
1.129200e-2,1.65604,2055
1.129400e-2,1.66733,2069
1.129600e-2,1.65282,2051
1.129800e-2,1.65363,2052
1.130000e-2,1.66410,2065
1.130200e-2,1.65524,2054
1.130400e-2,1.65282,2051
1.130600e-2,1.65766,2057
1.130800e-2,1.66168,2062
1.131000e-2,1.64396,2040
1.131200e-2,1.65443,2053
1.131400e-2,1.65846,2058
1.131600e-2,1.65282,2051
1.131800e-2,1.65201,2050
1.132000e-2,1.66330,2064
1.132200e-2,1.65282,2051
1.132400e-2,1.65040,2048
1.132600e-2,1.66249,2063
1.132800e-2,1.65846,2058
1.133000e-2,1.65121,2049
1.133200e-2,1.66330,2064
1.133400e-2,1.65121,2049
1.133600e-2,1.65040,2048
1.133800e-2,1.65604,2055
1.134000e-2,1.66007,2060
1.134200e-2,1.64154,2037
1.134400e-2,1.65443,2053
1.134600e-2,1.65766,2057
1.134800e-2,1.65201,2050
1.135000e-2,1.65201,2050
1.135200e-2,1.66249,2063
1.135400e-2,1.64879,2046
1.135600e-2,1.65040,2048
1.135800e-2,1.66652,2068
1.136000e-2,1.65040,2048
1.136200e-2,1.64879,2046
1.136400e-2,1.66330,2064
1.136600e-2,1.65604,2055
1.136800e-2,1.65604,2055
1.137000e-2,1.66168,2062
1.137200e-2,1.65685,2056
1.137400e-2,1.65443,2053
1.137600e-2,1.66088,2061
1.137800e-2,1.64476,2041
1.138000e-2,1.65363,2052
1.138200e-2,1.65927,2059
1.138400e-2,1.65685,2056
1.138600e-2,1.63993,2035
1.138800e-2,1.66007,2060
1.139000e-2,1.65846,2058
1.139200e-2,1.64476,2041
1.139400e-2,1.65846,2058
1.139600e-2,1.65846,2058
1.139800e-2,1.64637,2043
1.140000e-2,1.65040,2048
1.140200e-2,1.65846,2058
1.140400e-2,1.64557,2042
1.140600e-2,1.65040,2048
1.140800e-2,1.65927,2059
1.141000e-2,1.64960,2047
1.141200e-2,1.64960,2047
1.141400e-2,1.66813,2070
1.141600e-2,1.65604,2055
1.141800e-2,1.65040,2048
1.142000e-2,1.66168,2062
1.142200e-2,1.65846,2058
1.142400e-2,1.65040,2048
1.142600e-2,1.66249,2063
1.142800e-2,1.65604,2055
1.143000e-2,1.65201,2050
1.143200e-2,1.66088,2061
1.143400e-2,1.66088,2061
1.143600e-2,1.64234,2038
1.143800e-2,1.65524,2054
1.144000e-2,1.66007,2060
1.144200e-2,1.64315,2039
1.144400e-2,1.64960,2047
1.144600e-2,1.66007,2060
1.144800e-2,1.64799,2045
1.145000e-2,1.65604,2055
1.145200e-2,1.66007,2060
1.145400e-2,1.65040,2048
1.145600e-2,1.65282,2051
1.145800e-2,1.66652,2068
1.146000e-2,1.65524,2054
1.146200e-2,1.65363,2052
1.146400e-2,1.66974,2072
1.146600e-2,1.65604,2055
1.146800e-2,1.65201,2050
1.147000e-2,1.66410,2065
1.147200e-2,1.65443,2053
1.147400e-2,1.65040,2048
1.147600e-2,1.66088,2061
1.147800e-2,1.65685,2056
1.148000e-2,1.64557,2042
1.148200e-2,1.65685,2056
1.148400e-2,1.65927,2059
1.148600e-2,1.64476,2041
1.148800e-2,1.65040,2048
1.149000e-2,1.65766,2057
1.149200e-2,1.64234,2038
1.149400e-2,1.65443,2053
1.149600e-2,1.65040,2048
1.149800e-2,1.64960,2047
1.150000e-2,1.64799,2045
1.150200e-2,1.66571,2067
1.150400e-2,1.65363,2052
1.150600e-2,1.65121,2049
1.150800e-2,1.66330,2064
1.151000e-2,1.65685,2056
1.151200e-2,1.65282,2051
1.151400e-2,1.66652,2068
1.151600e-2,1.65846,2058
1.151800e-2,1.65121,2049
1.152000e-2,1.65766,2057
1.152200e-2,1.65524,2054
1.152400e-2,1.64557,2042
1.152600e-2,1.65685,2056
1.152800e-2,1.66007,2060
1.153000e-2,1.65201,2050
1.153200e-2,1.65524,2054
1.153400e-2,1.65685,2056
1.153600e-2,1.64799,2045
1.153800e-2,1.65524,2054
1.154000e-2,1.66007,2060
1.154200e-2,1.65040,2048
1.154400e-2,1.64799,2045
1.154600e-2,1.66733,2069
1.154800e-2,1.65443,2053
1.155000e-2,1.65201,2050
1.155200e-2,1.66491,2066
1.155400e-2,1.65846,2058
1.155600e-2,1.65040,2048
1.155800e-2,1.65846,2058
1.156000e-2,1.65443,2053
1.156200e-2,1.64476,2041
1.156400e-2,1.65927,2059
1.156600e-2,1.65927,2059
1.156800e-2,1.65201,2050
1.157000e-2,1.65443,2053
1.157200e-2,1.66007,2060
1.157400e-2,1.64799,2045
1.157600e-2,1.65282,2051
1.157800e-2,1.66330,2064
1.158000e-2,1.65524,2054
1.158200e-2,1.65201,2050
1.158400e-2,1.66652,2068
1.158600e-2,1.65363,2052
1.158800e-2,1.65201,2050
1.159000e-2,1.66491,2066
1.159200e-2,1.65524,2054
1.159400e-2,1.65282,2051
1.159600e-2,1.66007,2060
1.159800e-2,1.65846,2058
1.160000e-2,1.65282,2051
1.160200e-2,1.65040,2048
1.160400e-2,1.65927,2059
1.160600e-2,1.64315,2039
1.160800e-2,1.65443,2053
1.161000e-2,1.65685,2056
1.161200e-2,1.64476,2041
1.161400e-2,1.65363,2052
1.161600e-2,1.65927,2059
1.161800e-2,1.64799,2045
1.162000e-2,1.65766,2057
1.162200e-2,1.66249,2063
1.162400e-2,1.65121,2049
1.162600e-2,1.65040,2048
1.162800e-2,1.66410,2065
1.163000e-2,1.64960,2047
1.163200e-2,1.65363,2052
1.163400e-2,1.66491,2066
1.163600e-2,1.65121,2049
1.163800e-2,1.65282,2051
1.164000e-2,1.66088,2061
1.164200e-2,1.65927,2059
1.164400e-2,1.64879,2046
1.164600e-2,1.65846,2058
1.164800e-2,1.65846,2058
1.165000e-2,1.64476,2041
1.165200e-2,1.66088,2061
1.165400e-2,1.65524,2054
1.165600e-2,1.64073,2036
1.165800e-2,1.66007,2060
1.166000e-2,1.65685,2056
1.166200e-2,1.64396,2040
1.166400e-2,1.65766,2057
1.166600e-2,1.66249,2063
1.166800e-2,1.64396,2040
1.167000e-2,1.65363,2052
1.167200e-2,1.65604,2055
1.167400e-2,1.65040,2048
1.167600e-2,1.65121,2049
1.167800e-2,1.66571,2067
1.168000e-2,1.65282,2051
1.168200e-2,1.64879,2046
1.168400e-2,1.66249,2063
1.168600e-2,1.65685,2056
1.168800e-2,1.65524,2054
1.169000e-2,1.66168,2062
1.169200e-2,1.65443,2053
1.169400e-2,1.64799,2045
1.169600e-2,1.65282,2051
1.169800e-2,1.65846,2058
1.170000e-2,1.63993,2035
1.170200e-2,1.65685,2056
1.170400e-2,1.65846,2058
1.170600e-2,1.64799,2045
1.170800e-2,1.65040,2048
1.171000e-2,1.65846,2058
1.171200e-2,1.65040,2048
1.171400e-2,1.65040,2048
1.171600e-2,1.66813,2070
1.171800e-2,1.65685,2056
1.172000e-2,1.65201,2050
1.172200e-2,1.66410,2065
1.172400e-2,1.65766,2057
1.172600e-2,1.65040,2048
1.172800e-2,1.65846,2058
1.173000e-2,1.65846,2058
1.173200e-2,1.64557,2042
1.173400e-2,1.65443,2053
1.173600e-2,1.66330,2064
1.173800e-2,1.64557,2042
1.174000e-2,1.65363,2052
1.174200e-2,1.66088,2061
1.174400e-2,1.64396,2040
1.174600e-2,1.65040,2048
1.174800e-2,1.66652,2068
1.175000e-2,1.65443,2053
1.175200e-2,1.66007,2060
1.175400e-2,1.65846,2058
1.175600e-2,1.65846,2058
1.175800e-2,1.64315,2039
1.176000e-2,1.65685,2056
1.176200e-2,1.66007,2060
1.176400e-2,1.64315,2039
1.176600e-2,1.65524,2054
1.176800e-2,1.65685,2056
1.177000e-2,1.64799,2045
1.177200e-2,1.65363,2052
1.177400e-2,1.65604,2055
1.177600e-2,1.65363,2052
1.177800e-2,1.65201,2050
1.178000e-2,1.67297,2076
1.178200e-2,1.65685,2056
1.178400e-2,1.64718,2044
1.178600e-2,1.66813,2070
1.178800e-2,1.65846,2058
1.179000e-2,1.65121,2049
1.179200e-2,1.65846,2058
1.179400e-2,1.65766,2057
1.179600e-2,1.64315,2039
1.179800e-2,1.65282,2051
1.180000e-2,1.65927,2059
1.180200e-2,1.64799,2045
1.180400e-2,1.65201,2050
1.180600e-2,1.66168,2062
1.180800e-2,1.65121,2049
1.181000e-2,1.66168,2062
1.181200e-2,1.66733,2069
1.181400e-2,1.65201,2050
1.181600e-2,1.65121,2049
1.181800e-2,1.67055,2073
1.182000e-2,1.65685,2056
1.182200e-2,1.64879,2046
1.182400e-2,1.65927,2059
1.182600e-2,1.66007,2060
1.182800e-2,1.64073,2036
1.183000e-2,1.65443,2053
1.183200e-2,1.65040,2048
1.183400e-2,1.64718,2044
1.183600e-2,1.65604,2055
1.183800e-2,1.66652,2068
1.184000e-2,1.65685,2056
1.184200e-2,1.65443,2053
1.184400e-2,1.66491,2066
1.184600e-2,1.65443,2053
1.184800e-2,1.65282,2051
1.185000e-2,1.65766,2057
1.185200e-2,1.65927,2059
1.185400e-2,1.64396,2040
1.185600e-2,1.65685,2056
1.185800e-2,1.65846,2058
1.186000e-2,1.64718,2044
1.186200e-2,1.65524,2054
1.186400e-2,1.65685,2056
1.186600e-2,1.65040,2048
1.186800e-2,1.65040,2048
1.187000e-2,1.66813,2070
1.187200e-2,1.65685,2056
1.187400e-2,1.65040,2048
1.187600e-2,1.66571,2067
1.187800e-2,1.65685,2056
1.188000e-2,1.65363,2052
1.188200e-2,1.66007,2060
1.188400e-2,1.65927,2059
1.188600e-2,1.64154,2037
1.188800e-2,1.65846,2058
1.189000e-2,1.65766,2057
1.189200e-2,1.64879,2046
1.189400e-2,1.65363,2052
1.189600e-2,1.65846,2058
1.189800e-2,1.64557,2042
1.190000e-2,1.65201,2050
1.190200e-2,1.66491,2066
1.190400e-2,1.65040,2048
1.190600e-2,1.65201,2050
1.190800e-2,1.66491,2066
1.191000e-2,1.65524,2054
1.191200e-2,1.66410,2065
1.191400e-2,1.66410,2065
1.191600e-2,1.65524,2054
1.191800e-2,1.65282,2051
1.192000e-2,1.66007,2060
1.192200e-2,1.65685,2056
1.192400e-2,1.64637,2043
1.192600e-2,1.65363,2052
1.192800e-2,1.65685,2056
1.193000e-2,1.64073,2036
1.193200e-2,1.65443,2053
1.193400e-2,1.65685,2056
1.193600e-2,1.64718,2044
1.193800e-2,1.65443,2053
1.194000e-2,1.65604,2055
1.194200e-2,1.65121,2049
1.194400e-2,1.65040,2048
1.194600e-2,1.65604,2055
1.194800e-2,1.65201,2050
1.195000e-2,1.64637,2043
1.195200e-2,1.66974,2072
1.195400e-2,1.64799,2045
1.195600e-2,1.64476,2041
1.195800e-2,1.66733,2069
1.196000e-2,1.65604,2055
1.196200e-2,1.65040,2048
1.196400e-2,1.66652,2068
1.196600e-2,1.65363,2052
1.196800e-2,1.64718,2044
1.197000e-2,1.66491,2066
1.197200e-2,1.65846,2058
1.197400e-2,1.65282,2051
1.197600e-2,1.66007,2060
1.197800e-2,1.65927,2059
1.198000e-2,1.64799,2045
1.198200e-2,1.65201,2050
1.198400e-2,1.65766,2057
1.198600e-2,1.64154,2037
1.198800e-2,1.65766,2057
1.199000e-2,1.65927,2059
1.199200e-2,1.64234,2038
1.199400e-2,1.65443,2053
1.199600e-2,1.65604,2055
1.199800e-2,1.64799,2045
