# MCU_ADC_CAPTURE: ADC3 sampling PA4 through the A2-A5 jumper, TIM8-triggered, DMA2
# capture 18 mode pulse rate 500000 Hz, vref 3.3 V ASSUMED, window RECT, tap RAW_DAC
# NOT an oscilloscope measurement
time_s,volts,adc_counts
0.000000e+0,1.66652,2068
2.000000e-6,1.65604,2055
4.000000e-6,1.65524,2054
6.000000e-6,1.66410,2065
8.000000e-6,1.66007,2060
1.000000e-5,1.64960,2047
1.200000e-5,1.65766,2057
1.400000e-5,1.65766,2057
1.600000e-5,1.64799,2045
1.800000e-5,1.65524,2054
2.000000e-5,1.65766,2057
2.200000e-5,1.65040,2048
2.400000e-5,1.65443,2053
2.600000e-5,1.66491,2066
2.800000e-5,1.65443,2053
3.000000e-5,1.65363,2052
3.200000e-5,1.66813,2070
3.400000e-5,1.65766,2057
3.600000e-5,1.65524,2054
3.800000e-5,1.66410,2065
4.000000e-5,1.66088,2061
4.200000e-5,1.65443,2053
4.400000e-5,1.66249,2063
4.600000e-5,1.65927,2059
4.800000e-5,1.64799,2045
5.000000e-5,1.65846,2058
5.200000e-5,1.66088,2061
5.400000e-5,1.64557,2042
5.600000e-5,1.65604,2055
5.800000e-5,1.65927,2059
6.000000e-5,1.66974,2072
6.200000e-5,1.65363,2052
6.400000e-5,1.66733,2069
6.600000e-5,1.65604,2055
6.800000e-5,1.65121,2049
7.000000e-5,1.66974,2072
7.200000e-5,1.65121,2049
7.400000e-5,1.65282,2051
7.600000e-5,1.65685,2056
7.800000e-5,1.66007,2060
8.000000e-5,1.64799,2045
8.200000e-5,1.65927,2059
8.400000e-5,1.66007,2060
8.600000e-5,1.64476,2041
8.800000e-5,1.65040,2048
9.000000e-5,1.66652,2068
9.200000e-5,1.65282,2051
9.400000e-5,1.65443,2053
9.600000e-5,1.66007,2060
9.800000e-5,1.65121,2049
1.000000e-4,1.65363,2052
1.020000e-4,1.66571,2067
1.040000e-4,1.65121,2049
1.060000e-4,1.65121,2049
1.080000e-4,1.66571,2067
1.100000e-4,1.65685,2056
1.120000e-4,1.65363,2052
1.140000e-4,1.66330,2064
1.160000e-4,1.65927,2059
1.180000e-4,1.64799,2045
1.200000e-4,1.66088,2061
1.220000e-4,1.65927,2059
1.240000e-4,1.64315,2039
1.260000e-4,1.65604,2055
1.280000e-4,1.65927,2059
1.300000e-4,1.64799,2045
1.320000e-4,1.65443,2053
1.340000e-4,1.66571,2067
1.360000e-4,1.65604,2055
1.380000e-4,1.65282,2051
1.400000e-4,1.66733,2069
1.420000e-4,1.65766,2057
1.440000e-4,1.65443,2053
1.460000e-4,1.66249,2063
1.480000e-4,1.66007,2060
1.500000e-4,1.65201,2050
1.520000e-4,1.66007,2060
1.540000e-4,1.66088,2061
1.560000e-4,1.64476,2041
1.580000e-4,1.66007,2060
1.600000e-4,1.66088,2061
1.620000e-4,1.64154,2037
1.640000e-4,1.65604,2055
1.660000e-4,1.66007,2060
1.680000e-4,1.65040,2048
1.700000e-4,1.65443,2053
1.720000e-4,1.66249,2063
1.740000e-4,1.65282,2051
1.760000e-4,1.65282,2051
1.780000e-4,1.66733,2069
1.800000e-4,1.65685,2056
1.820000e-4,1.65443,2053
1.840000e-4,1.66249,2063
1.860000e-4,1.66007,2060
1.880000e-4,1.65363,2052
1.900000e-4,1.66410,2065
1.920000e-4,1.65766,2057
1.940000e-4,1.65121,2049
1.960000e-4,1.66007,2060
1.980000e-4,1.66088,2061
2.000000e-4,1.64476,2041
2.020000e-4,1.65604,2055
2.040000e-4,1.65927,2059
2.060000e-4,1.64960,2047
2.080000e-4,1.65363,2052
2.100000e-4,1.67055,2073
2.120000e-4,1.65443,2053
2.140000e-4,1.64637,2043
2.160000e-4,1.66652,2068
2.180000e-4,1.65363,2052
2.200000e-4,1.65685,2056
2.220000e-4,1.66410,2065
2.240000e-4,1.65927,2059
2.260000e-4,1.64476,2041
2.280000e-4,1.65766,2057
2.300000e-4,1.66088,2061
2.320000e-4,1.64154,2037
2.340000e-4,1.64799,2045
2.360000e-4,1.65927,2059
2.380000e-4,1.65766,2057
2.400000e-4,1.65282,2051
2.420000e-4,1.66249,2063
2.440000e-4,1.65282,2051
2.460000e-4,1.65282,2051
2.480000e-4,1.66652,2068
2.500000e-4,1.65443,2053
2.520000e-4,1.65443,2053
2.540000e-4,1.66733,2069
2.560000e-4,1.66733,2069
2.580000e-4,1.65282,2051
2.600000e-4,1.65282,2051
2.620000e-4,1.65766,2057
2.640000e-4,1.65121,2049
2.660000e-4,1.65282,2051
2.680000e-4,1.66249,2063
2.700000e-4,1.65685,2056
2.720000e-4,1.65443,2053
2.740000e-4,1.66410,2065
2.760000e-4,1.65927,2059
2.780000e-4,1.64799,2045
2.800000e-4,1.66007,2060
2.820000e-4,1.66088,2061
2.840000e-4,1.64557,2042
2.860000e-4,1.65766,2057
2.880000e-4,1.66007,2060
2.900000e-4,1.64799,2045
2.920000e-4,1.65363,2052
2.940000e-4,1.65766,2057
2.960000e-4,1.66007,2060
2.980000e-4,1.64879,2046
3.000000e-4,1.66813,2070
3.020000e-4,1.77128,2198
3.040000e-4,2.02110,2508
3.060000e-4,2.19194,2720
3.080000e-4,2.22901,2766
3.100000e-4,2.11458,2624
3.120000e-4,1.89377,2350
3.140000e-4,1.61495,2004
3.160000e-4,1.32967,1650
3.180000e-4,1.14593,1422
3.200000e-4,1.08147,1342
3.220000e-4,1.15238,1430
3.240000e-4,1.35385,1680
3.260000e-4,1.63912,2034
3.280000e-4,1.90022,2358
3.300000e-4,2.12264,2634
3.320000e-4,2.23385,2772
3.340000e-4,2.18549,2712
3.360000e-4,2.01143,2496
3.380000e-4,1.75355,2176
3.400000e-4,1.46828,1822
3.420000e-4,1.21766,1511
3.440000e-4,1.09678,1361
3.460000e-4,1.11048,1378
3.480000e-4,1.23619,1534
3.500000e-4,1.49245,1852
3.520000e-4,1.77934,2208
3.540000e-4,2.02432,2512
3.560000e-4,2.19355,2722
3.580000e-4,2.22740,2764
3.600000e-4,2.10813,2616
3.620000e-4,1.88088,2334
3.640000e-4,1.60527,1992
3.660000e-4,1.33612,1658
3.680000e-4,1.13546,1409
3.700000e-4,1.09436,1358
3.720000e-4,1.16930,1451
3.740000e-4,1.35465,1681
3.760000e-4,1.64718,2044
3.780000e-4,1.92762,2392
3.800000e-4,2.12425,2636
3.820000e-4,2.22095,2756
3.840000e-4,2.18066,2706
3.860000e-4,1.99531,2476
3.880000e-4,1.73179,2149
3.900000e-4,1.45216,1802
3.920000e-4,1.21201,1504
3.940000e-4,1.07985,1340
3.960000e-4,1.12176,1392
3.980000e-4,1.26520,1570
4.000000e-4,1.51179,1876
4.020000e-4,1.80996,2246
4.040000e-4,2.05495,2550
4.060000e-4,2.18872,2716
4.080000e-4,2.21934,2754
4.100000e-4,2.09685,2602
4.120000e-4,1.85429,2301
4.140000e-4,1.56337,1940
4.160000e-4,1.30549,1620
4.180000e-4,1.11209,1380
4.200000e-4,1.08147,1342
4.220000e-4,1.18381,1469
4.240000e-4,1.39253,1728
4.260000e-4,1.67941,2084
4.280000e-4,1.96630,2440
4.300000e-4,2.15004,2668
4.320000e-4,2.22418,2760
4.340000e-4,2.16938,2692
4.360000e-4,1.96469,2438
4.380000e-4,1.68425,2090
4.400000e-4,1.41026,1750
4.420000e-4,1.19106,1478
4.440000e-4,1.07421,1333
4.460000e-4,1.12095,1391
4.480000e-4,1.30066,1614
4.500000e-4,1.55209,1926
4.520000e-4,1.84220,2286
4.540000e-4,2.09201,2596
4.560000e-4,2.21128,2744
4.580000e-4,2.20484,2736
4.600000e-4,2.06945,2568
4.620000e-4,1.80996,2246
4.640000e-4,1.51099,1875
4.660000e-4,1.27004,1576
4.680000e-4,1.10967,1377
4.700000e-4,1.07663,1336
4.720000e-4,1.21363,1506
4.740000e-4,1.45055,1800
4.760000e-4,1.72293,2138
4.780000e-4,1.99048,2470
4.800000e-4,2.18066,2706
4.820000e-4,2.22740,2764
4.840000e-4,2.13070,2644
4.860000e-4,1.92601,2390
4.880000e-4,1.63751,2032
4.900000e-4,1.35546,1682
4.920000e-4,1.16689,1448
4.940000e-4,1.07905,1339
4.960000e-4,1.14432,1420
4.980000e-4,1.35223,1678
5.000000e-4,1.62139,2012
5.020000e-4,1.88007,2333
5.040000e-4,2.12103,2632
5.060000e-4,2.23385,2772
5.080000e-4,2.17744,2702
5.100000e-4,2.00982,2494
5.120000e-4,1.74952,2171
5.140000e-4,1.45377,1804
5.160000e-4,1.21846,1512
5.180000e-4,1.09839,1363
5.200000e-4,1.09839,1363
5.220000e-4,1.25553,1558
5.240000e-4,1.53355,1903
5.260000e-4,1.79546,2228
5.280000e-4,2.04527,2538
5.300000e-4,2.20967,2742
5.320000e-4,2.21934,2754
5.340000e-4,2.08879,2592
5.360000e-4,1.85670,2304
5.380000e-4,1.57143,1950
5.400000e-4,1.28696,1597
5.420000e-4,1.12176,1392
5.440000e-4,1.08469,1346
5.460000e-4,1.17978,1464
5.480000e-4,1.41026,1750
5.500000e-4,1.69875,2108
5.520000e-4,1.96147,2434
5.540000e-4,2.15971,2680
5.560000e-4,2.23868,2778
5.580000e-4,2.14681,2664
5.600000e-4,1.94696,2416
5.620000e-4,1.67297,2076
5.640000e-4,1.38447,1718
5.660000e-4,1.16527,1446
5.680000e-4,1.08469,1346
5.700000e-4,1.14110,1416
5.720000e-4,1.31436,1631
5.740000e-4,1.59238,1976
5.760000e-4,1.88249,2336
5.780000e-4,2.09846,2604
5.800000e-4,2.21934,2754
5.820000e-4,2.19839,2728
5.840000e-4,2.02432,2512
5.860000e-4,1.76000,2184
5.880000e-4,1.48601,1844
5.900000e-4,1.22894,1525
5.920000e-4,1.08711,1349
5.940000e-4,1.11048,1378
5.960000e-4,1.24908,1550
5.980000e-4,1.48601,1844
6.000000e-4,1.79223,2224
6.020000e-4,2.04689,2540
6.040000e-4,2.19033,2718
6.060000e-4,2.21531,2749
6.080000e-4,2.09685,2602
6.100000e-4,1.85348,2300
6.120000e-4,1.56498,1942
6.140000e-4,1.30872,1624
6.160000e-4,1.12337,1394
6.180000e-4,1.08147,1342
6.200000e-4,1.20557,1496
6.220000e-4,1.41267,1753
6.240000e-4,1.69392,2102
6.260000e-4,1.97597,2452
6.280000e-4,2.16938,2692
6.300000e-4,2.21451,2748
6.320000e-4,2.14681,2664
6.340000e-4,1.94857,2418
6.360000e-4,1.65040,2048
6.380000e-4,1.36996,1700
6.400000e-4,1.17172,1454
6.420000e-4,1.07663,1336
6.440000e-4,1.14110,1416
6.460000e-4,1.34740,1672
6.480000e-4,1.60769,1995
6.500000e-4,1.89216,2348
6.520000e-4,2.13070,2644
6.540000e-4,2.22498,2761
6.560000e-4,2.17582,2700
6.580000e-4,2.01465,2500
6.600000e-4,1.74549,2166
6.620000e-4,1.43685,1783
6.640000e-4,1.21363,1506
6.660000e-4,1.10081,1366
6.680000e-4,1.10403,1370
6.700000e-4,1.26520,1570
6.720000e-4,1.53597,1906
6.740000e-4,1.81158,2248
6.760000e-4,2.05978,2556
6.780000e-4,2.21451,2748
6.800000e-4,2.21128,2744
6.820000e-4,2.07267,2572
6.840000e-4,1.83736,2280
6.860000e-4,1.53275,1902
6.880000e-4,1.26842,1574
6.900000e-4,1.11531,1384
6.920000e-4,1.09597,1360
6.940000e-4,1.19993,1489
6.960000e-4,1.45216,1802
6.980000e-4,1.74388,2164
7.000000e-4,1.99370,2474
7.020000e-4,2.17905,2704
7.040000e-4,2.22579,2762
7.060000e-4,2.11700,2627
7.080000e-4,1.89216,2348
7.100000e-4,1.61092,1999
7.120000e-4,1.33128,1652
7.140000e-4,1.13949,1414
7.160000e-4,1.08952,1352
7.180000e-4,1.16527,1446
7.200000e-4,1.37480,1706
7.220000e-4,1.68264,2088
7.240000e-4,1.94051,2408
7.260000e-4,2.14037,2656
7.280000e-4,2.23223,2770
7.300000e-4,2.16454,2686
7.320000e-4,1.96308,2436
7.340000e-4,1.68586,2092
7.360000e-4,1.40381,1742
7.380000e-4,1.16850,1450
7.400000e-4,1.09114,1354
7.420000e-4,1.13465,1408
7.440000e-4,1.31033,1626
7.460000e-4,1.58916,1972
7.480000e-4,1.88733,2342
7.500000e-4,2.10088,2607
7.520000e-4,2.21934,2754
7.540000e-4,2.20161,2732
7.560000e-4,2.02593,2514
7.580000e-4,1.74872,2170
7.600000e-4,1.46586,1819
7.620000e-4,1.22491,1520
7.640000e-4,1.08147,1342
7.660000e-4,1.10645,1373
7.680000e-4,1.26762,1573
7.700000e-4,1.51341,1878
7.720000e-4,1.81319,2250
7.740000e-4,2.06945,2568
7.760000e-4,2.20484,2736
7.780000e-4,2.20806,2740
7.800000e-4,2.07751,2578
7.820000e-4,1.81883,2257
7.840000e-4,1.52147,1888
7.860000e-4,1.27004,1576
7.880000e-4,1.11531,1384
7.900000e-4,1.07985,1340
7.920000e-4,1.22007,1514
7.940000e-4,1.46828,1822
7.960000e-4,1.75033,2172
7.980000e-4,2.01143,2496
8.000000e-4,2.19839,2728
8.020000e-4,2.23062,2768
8.040000e-4,2.11136,2620
8.060000e-4,1.88088,2334
8.080000e-4,1.58996,1973
8.100000e-4,1.30549,1620
8.120000e-4,1.13304,1406
8.140000e-4,1.08308,1344
8.160000e-4,1.17495,1458
8.180000e-4,1.40542,1744
8.200000e-4,1.71326,2126
8.220000e-4,1.96388,2437
8.240000e-4,2.15810,2678
8.260000e-4,2.23385,2772
8.280000e-4,2.14842,2666
8.300000e-4,1.92198,2385
8.320000e-4,1.64396,2040
8.340000e-4,1.36513,1694
8.360000e-4,1.14593,1422
8.380000e-4,1.07824,1338
8.400000e-4,1.15560,1434
8.420000e-4,1.36513,1694
8.440000e-4,1.63509,2029
8.460000e-4,1.92601,2390
8.480000e-4,2.13231,2646
8.500000e-4,2.22418,2760
8.520000e-4,2.18549,2712
8.540000e-4,1.97597,2452
8.560000e-4,1.69875,2108
8.580000e-4,1.41509,1756
8.600000e-4,1.19106,1478
8.620000e-4,1.06857,1326
8.640000e-4,1.13143,1404
8.660000e-4,1.31355,1630
8.680000e-4,1.57949,1960
8.700000e-4,1.87282,2324
8.720000e-4,2.11055,2619
8.740000e-4,2.21934,2754
8.760000e-4,2.18549,2712
8.780000e-4,2.02513,2513
8.800000e-4,1.74872,2170
8.820000e-4,1.45136,1801
8.840000e-4,1.21685,1510
8.860000e-4,1.08872,1351
8.880000e-4,1.10242,1368
8.900000e-4,1.28132,1590
8.920000e-4,1.54564,1918
8.940000e-4,1.81641,2254
8.960000e-4,2.07590,2576
8.980000e-4,2.21289,2746
9.000000e-4,2.20000,2730
9.020000e-4,2.04689,2540
9.040000e-4,1.80190,2236
9.060000e-4,1.49890,1860
9.080000e-4,1.24425,1544
9.100000e-4,1.10645,1373
9.120000e-4,1.09597,1360
9.140000e-4,1.23780,1536
9.160000e-4,1.49568,1856
9.180000e-4,1.79223,2224
9.200000e-4,2.03722,2528
9.220000e-4,2.19516,2724
9.240000e-4,2.22095,2756
9.260000e-4,2.07590,2576
9.280000e-4,1.82930,2270
9.300000e-4,1.54564,1918
9.320000e-4,1.27648,1584
9.340000e-4,1.10403,1370
9.360000e-4,1.09597,1360
9.380000e-4,1.22168,1516
9.400000e-4,1.44410,1792
9.420000e-4,1.75033,2172
9.440000e-4,2.01949,2506
9.460000e-4,2.18388,2710
9.480000e-4,2.21934,2754
9.500000e-4,2.11458,2624
9.520000e-4,1.86960,2320
9.540000e-4,1.57304,1952
9.560000e-4,1.31355,1630
9.580000e-4,1.12337,1394
9.600000e-4,1.07502,1334
9.620000e-4,1.19912,1488
9.640000e-4,1.43443,1780
9.660000e-4,1.70842,2120
9.680000e-4,1.98886,2468
9.700000e-4,2.18227,2708
9.720000e-4,2.22579,2762
9.740000e-4,2.12103,2632
9.760000e-4,1.90667,2366
9.780000e-4,1.60850,1996
9.800000e-4,1.32645,1646
9.820000e-4,1.13788,1412
9.840000e-4,1.08469,1346
9.860000e-4,1.17011,1452
9.880000e-4,1.39978,1737
9.900000e-4,1.69231,2100
9.920000e-4,1.95663,2428
9.940000e-4,2.16051,2681
9.960000e-4,2.23223,2770
9.980000e-4,2.14037,2656
1.000000e-3,1.92117,2384
1.002000e-3,1.64234,2038
1.004000e-3,1.34740,1672
1.006000e-3,1.13465,1408
1.008000e-3,1.08308,1344
1.010000e-3,1.17011,1452
1.012000e-3,1.36513,1694
1.014000e-3,1.66168,2062
1.016000e-3,1.94857,2418
1.018000e-3,2.14842,2666
1.020000e-3,2.22418,2760
1.022000e-3,2.16454,2686
1.024000e-3,1.94535,2414
1.026000e-3,1.65846,2058
1.028000e-3,1.38044,1713
1.030000e-3,1.16125,1441
1.032000e-3,1.08066,1341
1.034000e-3,1.15722,1436
1.036000e-3,1.35868,1686
1.038000e-3,1.62623,2018
1.040000e-3,1.92601,2390
1.042000e-3,2.14278,2659
1.044000e-3,2.21773,2752
1.046000e-3,2.15810,2678
1.048000e-3,1.97597,2452
1.050000e-3,1.68103,2086
1.052000e-3,1.38689,1721
1.054000e-3,1.17736,1461
1.056000e-3,1.08308,1344
1.058000e-3,1.13626,1410
1.060000e-3,1.34418,1668
1.062000e-3,1.62220,2013
1.064000e-3,1.89861,2356
1.066000e-3,2.12908,2642
1.068000e-3,2.22740,2764
1.070000e-3,2.16293,2684
1.072000e-3,1.97114,2446
1.074000e-3,1.70520,2116
1.076000e-3,1.40220,1740
1.078000e-3,1.17495,1458
1.080000e-3,1.08952,1352
1.082000e-3,1.13626,1410
1.084000e-3,1.32242,1641
1.086000e-3,1.61011,1998
1.088000e-3,1.89861,2356
1.090000e-3,2.10974,2618
1.092000e-3,2.22418,2760
1.094000e-3,2.17905,2704
1.096000e-3,1.98403,2462
1.098000e-3,1.70842,2120
1.100000e-3,1.42154,1764
1.102000e-3,1.18381,1469
1.104000e-3,1.07985,1340
1.106000e-3,1.14271,1418
1.108000e-3,1.31758,1635
1.110000e-3,1.59077,1974
1.112000e-3,1.89377,2350
1.114000e-3,2.11941,2630
1.116000e-3,2.21128,2744
1.118000e-3,2.17744,2702
1.120000e-3,1.99853,2480
1.122000e-3,1.71326,2126
1.124000e-3,1.41993,1762
1.126000e-3,1.20234,1492
1.128000e-3,1.08147,1342
1.130000e-3,1.12418,1395
1.132000e-3,1.32484,1644
1.134000e-3,1.58916,1972
1.136000e-3,1.87927,2332
1.138000e-3,2.12103,2632
1.140000e-3,2.22176,2757
1.142000e-3,2.17582,2700
1.144000e-3,2.00176,2484
1.146000e-3,1.72615,2142
1.148000e-3,1.41509,1756
1.150000e-3,1.19187,1479
1.152000e-3,1.08791,1350
1.154000e-3,1.11853,1388
1.156000e-3,1.30952,1625
1.158000e-3,1.59077,1974
1.160000e-3,1.87685,2329
1.162000e-3,2.10813,2616
1.164000e-3,2.23062,2768
1.166000e-3,2.18066,2706
1.168000e-3,1.99853,2480
1.170000e-3,1.72938,2146
1.172000e-3,1.42718,1771
1.174000e-3,1.18703,1473
1.176000e-3,1.08791,1350
1.178000e-3,1.13385,1407
1.180000e-3,1.30227,1616
1.182000e-3,1.58916,1972
1.184000e-3,1.88571,2340
1.186000e-3,2.10813,2616
1.188000e-3,2.21773,2752
1.190000e-3,2.18872,2716
1.192000e-3,1.99692,2478
1.194000e-3,1.71648,2130
1.196000e-3,1.42879,1773
1.198000e-3,1.19106,1478
1.200000e-3,1.07985,1340
1.202000e-3,1.13626,1410
1.204000e-3,1.32161,1640
1.206000e-3,1.58110,1962
1.208000e-3,1.89055,2346
1.210000e-3,2.12103,2632
1.212000e-3,2.21773,2752
1.214000e-3,2.17421,2698
1.216000e-3,1.99531,2476
1.218000e-3,1.70842,2120
1.220000e-3,1.41026,1750
1.222000e-3,1.19187,1479
1.224000e-3,1.08308,1344
1.226000e-3,1.13143,1404
1.228000e-3,1.33128,1652
1.230000e-3,1.60850,1996
1.232000e-3,1.88571,2340
1.234000e-3,2.12586,2638
1.236000e-3,2.22579,2762
1.238000e-3,2.16212,2683
1.240000e-3,1.97919,2456
1.242000e-3,1.70198,2112
1.244000e-3,1.39736,1734
1.246000e-3,1.17333,1456
1.248000e-3,1.08952,1352
1.250000e-3,1.13949,1414
1.252000e-3,1.33209,1653
1.254000e-3,1.62864,2021
1.256000e-3,1.90828,2368
1.258000e-3,2.12747,2640
1.260000e-3,2.22740,2764
1.262000e-3,2.16857,2691
1.264000e-3,1.95824,2430
1.266000e-3,1.68103,2086
1.268000e-3,1.38930,1724
1.270000e-3,1.15802,1437
1.272000e-3,1.07985,1340
1.274000e-3,1.15238,1430
1.276000e-3,1.34579,1670
1.278000e-3,1.63429,2028
1.280000e-3,1.94051,2408
1.282000e-3,2.14198,2658
1.284000e-3,2.22418,2760
1.286000e-3,2.16293,2684
1.288000e-3,1.95018,2420
1.290000e-3,1.65040,2048
1.292000e-3,1.37077,1701
1.294000e-3,1.16125,1441
1.296000e-3,1.07018,1328
1.298000e-3,1.15883,1438
1.300000e-3,1.37399,1705
1.302000e-3,1.65040,2048
1.304000e-3,1.94696,2416
1.306000e-3,2.16132,2682
1.308000e-3,2.22418,2760
1.310000e-3,2.14037,2656
1.312000e-3,1.93890,2406
1.314000e-3,1.63429,2028
1.316000e-3,1.34418,1668
1.318000e-3,1.15158,1429
1.320000e-3,1.08308,1344
1.322000e-3,1.16850,1450
1.324000e-3,1.39736,1734
1.326000e-3,1.69070,2098
1.328000e-3,1.95824,2430
1.330000e-3,2.16615,2688
1.332000e-3,2.22821,2765
1.334000e-3,2.12425,2636
1.336000e-3,1.90022,2358
1.338000e-3,1.61656,2006
1.340000e-3,1.32161,1640
1.342000e-3,1.12659,1398
1.344000e-3,1.09436,1358
1.346000e-3,1.19026,1477
1.348000e-3,1.41993,1762
1.350000e-3,1.72615,2142
1.352000e-3,1.99692,2478
1.354000e-3,2.17421,2698
1.356000e-3,2.22418,2760
1.358000e-3,2.11216,2621
1.360000e-3,1.85670,2304
1.362000e-3,1.56982,1948
1.364000e-3,1.29824,1611
1.366000e-3,1.11209,1380
1.368000e-3,1.08630,1348
1.370000e-3,1.22330,1518
1.372000e-3,1.45538,1806
1.374000e-3,1.75033,2172
1.376000e-3,2.03077,2520
1.378000e-3,2.19678,2726
1.380000e-3,2.20806,2740
1.382000e-3,2.08879,2592
1.384000e-3,1.84059,2284
1.386000e-3,1.52791,1896
1.388000e-3,1.26520,1570
1.390000e-3,1.10886,1376
1.392000e-3,1.08952,1352
1.394000e-3,1.23619,1534
1.396000e-3,1.50374,1866
1.398000e-3,1.78579,2216
1.400000e-3,2.04850,2542
1.402000e-3,2.21451,2748
1.404000e-3,2.20806,2740
1.406000e-3,2.05656,2552
1.408000e-3,1.80190,2236
1.410000e-3,1.49890,1860
1.412000e-3,1.22571,1521
1.414000e-3,1.09597,1360
1.416000e-3,1.11209,1380
1.418000e-3,1.25714,1560
1.420000e-3,1.53275,1902
1.422000e-3,1.83736,2280
1.424000e-3,2.07912,2580
1.426000e-3,2.21289,2746
1.428000e-3,2.20645,2738
1.430000e-3,2.02513,2513
1.432000e-3,1.75033,2172
1.434000e-3,1.46022,1812
1.436000e-3,1.20718,1498
1.438000e-3,1.08308,1344
1.440000e-3,1.13143,1404
1.442000e-3,1.30630,1621
1.444000e-3,1.56901,1947
1.446000e-3,1.88088,2334
1.448000e-3,2.11780,2628
1.450000e-3,2.21289,2746
1.452000e-3,2.17582,2700
1.454000e-3,1.98886,2468
1.456000e-3,1.69875,2108
1.458000e-3,1.40381,1742
1.460000e-3,1.17978,1464
1.462000e-3,1.07582,1335
1.464000e-3,1.13949,1414
1.466000e-3,1.35868,1686
1.468000e-3,1.63106,2024
1.470000e-3,1.92117,2384
1.472000e-3,2.15004,2668
1.474000e-3,2.22901,2766
1.476000e-3,2.14681,2664
1.478000e-3,1.94374,2412
1.480000e-3,1.65363,2052
1.482000e-3,1.34901,1674
1.484000e-3,1.14755,1424
1.486000e-3,1.08308,1344
1.488000e-3,1.16366,1444
1.490000e-3,1.39253,1728
1.492000e-3,1.69714,2106
1.494000e-3,1.96872,2443
1.496000e-3,2.16454,2686
1.498000e-3,2.23546,2774
1.500000e-3,2.12586,2638
1.502000e-3,1.88813,2343
1.504000e-3,1.59077,1974
1.506000e-3,1.31355,1630
1.508000e-3,1.11209,1380
1.510000e-3,1.08791,1350
1.512000e-3,1.21040,1502
1.514000e-3,1.43927,1786
1.516000e-3,1.74711,2168
1.518000e-3,2.02271,2510
1.520000e-3,2.18549,2712
1.522000e-3,2.21451,2748
1.524000e-3,2.09604,2601
1.526000e-3,1.83253,2274
1.528000e-3,1.52791,1896
1.530000e-3,1.27245,1579
1.532000e-3,1.10403,1370
1.534000e-3,1.09275,1356
1.536000e-3,1.25392,1556
1.538000e-3,1.51099,1875
1.540000e-3,1.79385,2226
1.542000e-3,2.06945,2568
1.544000e-3,2.21451,2748
1.546000e-3,2.19355,2722
1.548000e-3,2.03722,2528
1.550000e-3,1.77612,2204
1.552000e-3,1.46344,1816
1.554000e-3,1.21363,1506
1.556000e-3,1.09597,1360
1.558000e-3,1.11773,1387
1.560000e-3,1.29421,1606
1.562000e-3,1.58190,1963
1.564000e-3,1.87604,2328
1.566000e-3,2.10088,2607
1.568000e-3,2.22095,2756
1.570000e-3,2.18066,2706
1.572000e-3,1.97597,2452
1.574000e-3,1.69392,2102
1.576000e-3,1.40703,1746
1.578000e-3,1.16930,1451
1.580000e-3,1.07582,1335
1.582000e-3,1.15883,1438
1.584000e-3,1.35062,1676
1.586000e-3,1.64557,2042
1.588000e-3,1.94374,2412
1.590000e-3,2.15004,2668
1.592000e-3,2.21773,2752
1.594000e-3,2.14520,2662
1.596000e-3,1.92440,2388
1.598000e-3,1.61495,2004
1.600000e-3,1.33451,1656
1.602000e-3,1.14110,1416
1.604000e-3,1.07663,1336
1.606000e-3,1.18462,1470
1.608000e-3,1.43604,1782
1.610000e-3,1.71810,2132
1.612000e-3,1.99692,2478
1.614000e-3,2.19194,2720
1.616000e-3,2.22256,2758
1.618000e-3,2.09685,2602
1.620000e-3,1.85187,2298
1.622000e-3,1.54725,1920
1.624000e-3,1.27971,1588
1.626000e-3,1.10806,1375
1.628000e-3,1.09758,1362
1.630000e-3,1.22974,1526
1.632000e-3,1.49890,1860
1.634000e-3,1.80674,2242
1.636000e-3,2.05656,2552
1.638000e-3,2.20484,2736
1.640000e-3,2.21451,2748
1.642000e-3,2.04527,2538
1.644000e-3,1.76645,2192
1.646000e-3,1.47150,1826
1.648000e-3,1.21201,1504
1.650000e-3,1.08549,1347
1.652000e-3,1.12498,1396
1.654000e-3,1.30147,1615
1.656000e-3,1.56982,1948
1.658000e-3,1.88249,2336
1.660000e-3,2.11780,2628
1.662000e-3,2.21289,2746
1.664000e-3,2.16938,2692
1.666000e-3,1.97919,2456
1.668000e-3,1.67861,2083
1.670000e-3,1.38125,1714
1.672000e-3,1.17172,1454
1.674000e-3,1.08147,1342
1.676000e-3,1.15399,1432
1.678000e-3,1.38125,1714
1.680000e-3,1.67297,2076
1.682000e-3,1.95663,2428
1.684000e-3,2.16615,2688
1.686000e-3,2.22659,2763
1.688000e-3,2.12103,2632
1.690000e-3,1.89700,2354
1.692000e-3,1.59399,1978
1.694000e-3,1.29985,1613
1.696000e-3,1.12176,1392
1.698000e-3,1.09275,1356
1.700000e-3,1.20315,1493
1.702000e-3,1.45458,1805
1.704000e-3,1.77531,2203
1.706000e-3,2.03238,2522
1.708000e-3,2.19275,2721
1.710000e-3,2.21853,2753
1.712000e-3,2.07590,2576
1.714000e-3,1.80029,2234
1.716000e-3,1.49971,1861
1.718000e-3,1.24103,1540
1.720000e-3,1.08469,1346
1.722000e-3,1.10967,1377
1.724000e-3,1.28293,1592
1.726000e-3,1.54564,1918
1.728000e-3,1.85348,2300
1.730000e-3,2.10974,2618
1.732000e-3,2.21934,2754
1.734000e-3,2.17905,2704
1.736000e-3,2.00015,2482
1.738000e-3,1.71084,2123
1.740000e-3,1.39414,1730
1.742000e-3,1.17495,1458
1.744000e-3,1.08630,1348
1.746000e-3,1.13949,1414
1.748000e-3,1.35707,1684
1.750000e-3,1.65766,2057
1.752000e-3,1.94374,2412
1.754000e-3,2.15326,2672
1.756000e-3,2.23546,2774
1.758000e-3,2.13392,2648
1.760000e-3,1.90505,2364
1.762000e-3,1.61011,1998
1.764000e-3,1.32000,1638
1.766000e-3,1.11451,1383
1.768000e-3,1.08308,1344
1.770000e-3,1.21040,1502
1.772000e-3,1.44088,1788
1.774000e-3,1.75355,2176
1.776000e-3,2.03560,2526
1.778000e-3,2.19355,2722
1.780000e-3,2.20645,2738
1.782000e-3,2.07832,2579
1.784000e-3,1.80835,2244
1.786000e-3,1.49568,1856
1.788000e-3,1.24264,1542
1.790000e-3,1.09516,1359
1.792000e-3,1.09758,1362
1.794000e-3,1.28454,1594
1.796000e-3,1.56015,1936
1.798000e-3,1.85026,2296
1.800000e-3,2.10491,2612
1.802000e-3,2.22579,2762
1.804000e-3,2.17582,2700
1.806000e-3,1.98081,2458
1.808000e-3,1.70681,2118
1.810000e-3,1.39575,1732
1.812000e-3,1.16527,1446
1.814000e-3,1.08549,1347
1.816000e-3,1.16044,1440
1.818000e-3,1.36190,1690
1.820000e-3,1.67297,2076
1.822000e-3,1.96308,2436
1.824000e-3,2.15648,2676
1.826000e-3,2.22256,2758
1.828000e-3,2.12586,2638
1.830000e-3,1.88249,2336
1.832000e-3,1.57626,1956
1.834000e-3,1.30791,1623
1.836000e-3,1.11612,1385
1.838000e-3,1.08630,1348
1.840000e-3,1.22974,1526
1.842000e-3,1.48681,1845
1.844000e-3,1.77451,2202
1.846000e-3,2.05333,2548
1.848000e-3,2.20967,2742
1.850000e-3,2.19839,2728
1.852000e-3,2.04205,2534
1.854000e-3,1.77128,2198
1.856000e-3,1.46022,1812
1.858000e-3,1.20799,1499
1.860000e-3,1.09597,1360
1.862000e-3,1.12176,1392
1.864000e-3,1.31194,1628
1.866000e-3,1.61172,2000
1.868000e-3,1.90022,2358
1.870000e-3,2.12747,2640
1.872000e-3,2.23062,2768
1.874000e-3,2.16132,2682
1.876000e-3,1.93407,2400
1.878000e-3,1.64315,2039
1.880000e-3,1.35304,1679
1.882000e-3,1.13788,1412
1.884000e-3,1.07744,1337
1.886000e-3,1.19509,1483
1.888000e-3,1.41993,1762
1.890000e-3,1.72132,2136
1.892000e-3,2.01304,2498
1.894000e-3,2.19194,2720
1.896000e-3,2.20806,2740
1.898000e-3,2.08718,2590
1.900000e-3,1.83092,2272
1.902000e-3,1.51179,1876
1.904000e-3,1.24747,1548
1.906000e-3,1.10725,1374
1.908000e-3,1.10081,1366
1.910000e-3,1.26601,1571
1.912000e-3,1.55773,1933
1.914000e-3,1.85267,2299
1.916000e-3,2.09363,2598
1.918000e-3,2.22256,2758
1.920000e-3,2.18388,2710
1.922000e-3,1.98081,2458
1.924000e-3,1.69634,2105
1.926000e-3,1.39656,1733
1.928000e-3,1.16205,1442
1.930000e-3,1.07824,1338
1.932000e-3,1.17092,1453
1.934000e-3,1.37560,1707
1.936000e-3,1.67619,2080
1.938000e-3,1.98081,2458
1.940000e-3,2.16938,2692
1.942000e-3,2.21853,2753
1.944000e-3,2.11780,2628
1.946000e-3,1.87443,2326
1.948000e-3,1.55048,1924
1.950000e-3,1.27971,1588
1.952000e-3,1.11370,1382
1.954000e-3,1.09114,1354
1.956000e-3,1.23780,1536
1.958000e-3,1.51744,1883
1.960000e-3,1.81158,2248
1.962000e-3,2.06945,2568
1.964000e-3,2.21853,2753
1.966000e-3,2.19597,2725
1.968000e-3,2.00821,2492
1.970000e-3,1.73421,2152
1.972000e-3,1.42799,1772
1.974000e-3,1.17656,1460
1.976000e-3,1.08147,1342
1.978000e-3,1.14835,1425
1.980000e-3,1.34579,1670
1.982000e-3,1.64234,2038
1.984000e-3,1.95663,2428
1.986000e-3,2.15245,2671
1.988000e-3,2.22418,2760
1.990000e-3,2.14037,2656
1.992000e-3,1.89861,2356
1.994000e-3,1.58029,1961
1.996000e-3,1.30549,1620
1.998000e-3,1.12176,1392
2.000000e-3,1.07905,1339
2.002000e-3,1.22733,1523
2.004000e-3,1.48278,1840
2.006000e-3,1.78579,2216
2.008000e-3,2.05656,2552
2.010000e-3,2.21934,2754
2.012000e-3,2.20161,2732
2.014000e-3,2.03077,2520
2.016000e-3,1.76000,2184
2.018000e-3,1.44733,1796
2.020000e-3,1.19429,1482
2.022000e-3,1.08469,1346
2.024000e-3,1.13707,1411
2.026000e-3,1.32484,1644
2.028000e-3,1.62945,2022
2.030000e-3,1.93568,2402
2.032000e-3,2.14359,2660
2.034000e-3,2.22256,2758
2.036000e-3,2.15004,2668
2.038000e-3,1.90828,2368
2.040000e-3,1.59722,1982
2.042000e-3,1.31516,1632
2.044000e-3,1.12337,1394
2.046000e-3,1.07341,1332
2.048000e-3,1.22007,1514
2.050000e-3,1.48117,1838
2.052000e-3,1.77451,2202
2.054000e-3,2.05656,2552
2.056000e-3,2.21209,2745
2.058000e-3,2.19516,2724
2.060000e-3,2.03399,2524
2.062000e-3,1.76645,2192
2.064000e-3,1.44330,1791
2.066000e-3,1.19429,1482
2.068000e-3,1.09436,1358
2.070000e-3,1.13546,1409
2.072000e-3,1.33209,1653
2.074000e-3,1.63912,2034
2.076000e-3,1.93326,2399
2.078000e-3,2.14359,2660
2.080000e-3,2.22740,2764
2.082000e-3,2.14037,2656
2.084000e-3,1.89377,2350
2.086000e-3,1.59883,1984
2.088000e-3,1.30952,1625
2.090000e-3,1.11209,1380
2.092000e-3,1.08147,1342
2.094000e-3,1.23136,1528
2.096000e-3,1.47795,1834
2.098000e-3,1.78901,2220
2.100000e-3,2.07267,2572
2.102000e-3,2.20967,2742
2.104000e-3,2.19597,2725
2.106000e-3,2.02916,2518
2.108000e-3,1.75194,2174
2.110000e-3,1.43040,1775
2.112000e-3,1.18945,1476
2.114000e-3,1.08952,1352
2.116000e-3,1.12821,1400
2.118000e-3,1.35385,1680
2.120000e-3,1.64879,2046
2.122000e-3,1.93648,2403
2.124000e-3,2.15810,2678
2.126000e-3,2.23707,2776
2.128000e-3,2.11780,2628
2.130000e-3,1.88249,2336
2.132000e-3,1.58432,1966
2.134000e-3,1.29744,1610
2.136000e-3,1.10725,1374
2.138000e-3,1.10242,1368
2.140000e-3,1.23780,1536
2.142000e-3,1.50374,1866
2.144000e-3,1.82044,2259
2.146000e-3,2.07912,2580
2.148000e-3,2.21128,2744
2.150000e-3,2.19678,2726
2.152000e-3,2.00982,2494
2.154000e-3,1.70842,2120
2.156000e-3,1.41267,1753
2.158000e-3,1.18059,1465
2.160000e-3,1.07018,1328
2.162000e-3,1.15399,1432
2.164000e-3,1.38286,1716
2.166000e-3,1.67538,2079
2.168000e-3,1.96791,2442
2.170000e-3,2.18388,2710
2.172000e-3,2.22418,2760
2.174000e-3,2.10491,2612
2.176000e-3,1.85993,2308
2.178000e-3,1.54242,1914
2.180000e-3,1.26117,1565
2.182000e-3,1.10403,1370
2.184000e-3,1.10403,1370
2.186000e-3,1.25392,1556
2.188000e-3,1.54564,1918
2.190000e-3,1.85993,2308
2.192000e-3,2.09201,2596
2.194000e-3,2.21934,2754
2.196000e-3,2.18066,2706
2.198000e-3,1.97114,2446
2.200000e-3,1.66813,2070
2.202000e-3,1.37802,1710
2.204000e-3,1.14916,1426
2.206000e-3,1.07824,1338
2.208000e-3,1.19026,1477
2.210000e-3,1.41670,1758
2.212000e-3,1.72454,2140
2.214000e-3,2.02271,2510
2.216000e-3,2.18952,2717
2.218000e-3,2.21289,2746
2.220000e-3,2.07590,2576
2.222000e-3,1.80996,2246
2.224000e-3,1.48117,1838
2.226000e-3,1.22813,1524
2.228000e-3,1.09194,1355
2.230000e-3,1.10967,1377
2.232000e-3,1.30549,1620
2.234000e-3,1.60125,1987
2.236000e-3,1.89700,2354
2.238000e-3,2.14117,2657
2.240000e-3,2.23465,2773
2.242000e-3,2.14681,2664
2.244000e-3,1.91956,2382
2.246000e-3,1.62462,2016
2.248000e-3,1.32000,1638
2.250000e-3,1.11853,1388
2.252000e-3,1.09275,1356
2.254000e-3,1.22330,1518
2.256000e-3,1.46425,1817
2.258000e-3,1.78579,2216
2.260000e-3,2.06462,2562
2.262000e-3,2.20725,2739
2.264000e-3,2.19275,2721
2.266000e-3,2.03077,2520
2.268000e-3,1.74227,2162
2.270000e-3,1.42154,1764
2.272000e-3,1.19429,1482
2.274000e-3,1.08469,1346
2.276000e-3,1.14755,1424
2.278000e-3,1.37319,1704
2.280000e-3,1.67055,2073
2.282000e-3,1.95502,2426
2.284000e-3,2.16857,2691
2.286000e-3,2.22901,2766
2.288000e-3,2.10168,2608
2.290000e-3,1.85026,2296
2.292000e-3,1.55048,1924
2.294000e-3,1.26198,1566
2.296000e-3,1.09355,1357
2.298000e-3,1.11209,1380
2.300000e-3,1.55773,1933
2.302000e-3,1.63912,2034
2.304000e-3,1.65524,2054
2.306000e-3,1.65927,2059
2.308000e-3,1.64557,2042
2.310000e-3,1.65524,2054
2.312000e-3,1.66491,2066
2.314000e-3,1.65040,2048
2.316000e-3,1.65443,2053
2.318000e-3,1.66491,2066
2.320000e-3,1.65363,2052
2.322000e-3,1.65282,2051
2.324000e-3,1.66652,2068
2.326000e-3,1.65685,2056
2.328000e-3,1.65282,2051
2.330000e-3,1.65685,2056
2.332000e-3,1.65846,2058
2.334000e-3,1.64476,2041
2.336000e-3,1.65282,2051
2.338000e-3,1.65685,2056
2.340000e-3,1.64476,2041
2.342000e-3,1.65201,2050
2.344000e-3,1.66330,2064
2.346000e-3,1.65524,2054
2.348000e-3,1.65121,2049
2.350000e-3,1.66491,2066
2.352000e-3,1.65604,2055
2.354000e-3,1.65040,2048
2.356000e-3,1.65927,2059
2.358000e-3,1.65927,2059
2.360000e-3,1.64476,2041
2.362000e-3,1.65443,2053
2.364000e-3,1.65766,2057
2.366000e-3,1.64315,2039
2.368000e-3,1.65121,2049
2.370000e-3,1.65685,2056
2.372000e-3,1.65040,2048
2.374000e-3,1.64799,2045
2.376000e-3,1.65685,2056
2.378000e-3,1.64960,2047
2.380000e-3,1.65121,2049
2.382000e-3,1.66330,2064
2.384000e-3,1.65201,2050
2.386000e-3,1.65201,2050
2.388000e-3,1.66007,2060
2.390000e-3,1.65443,2053
2.392000e-3,1.64637,2043
2.394000e-3,1.65846,2058
2.396000e-3,1.65846,2058
2.398000e-3,1.63590,2030
2.400000e-3,1.65766,2057
2.402000e-3,1.65846,2058
2.404000e-3,1.64476,2041
2.406000e-3,1.63832,2033
2.408000e-3,1.66007,2060
2.410000e-3,1.64799,2045
2.412000e-3,1.65121,2049
2.414000e-3,1.66410,2065
2.416000e-3,1.65363,2052
2.418000e-3,1.64960,2047
2.420000e-3,1.66733,2069
2.422000e-3,1.65363,2052
2.424000e-3,1.65282,2051
2.426000e-3,1.66168,2062
2.428000e-3,1.65685,2056
2.430000e-3,1.64879,2046
2.432000e-3,1.65766,2057
2.434000e-3,1.66007,2060
2.436000e-3,1.64637,2043
2.438000e-3,1.65443,2053
2.440000e-3,1.64879,2046
2.442000e-3,1.65201,2050
2.444000e-3,1.65040,2048
2.446000e-3,1.66491,2066
2.448000e-3,1.65201,2050
2.450000e-3,1.65282,2051
2.452000e-3,1.66652,2068
2.454000e-3,1.65604,2055
2.456000e-3,1.65282,2051
2.458000e-3,1.66168,2062
2.460000e-3,1.65927,2059
2.462000e-3,1.63993,2035
2.464000e-3,1.65040,2048
2.466000e-3,1.65685,2056
2.468000e-3,1.64476,2041
2.470000e-3,1.65282,2051
2.472000e-3,1.65846,2058
2.474000e-3,1.65363,2052
2.476000e-3,1.65282,2051
2.478000e-3,1.67055,2073
2.480000e-3,1.65846,2058
2.482000e-3,1.65040,2048
2.484000e-3,1.66491,2066
2.486000e-3,1.66007,2060
2.488000e-3,1.65201,2050
2.490000e-3,1.66330,2064
2.492000e-3,1.65927,2059
2.494000e-3,1.65121,2049
2.496000e-3,1.65927,2059
2.498000e-3,1.66007,2060
2.500000e-3,1.64234,2038
2.502000e-3,1.65604,2055
2.504000e-3,1.66491,2066
2.506000e-3,1.64234,2038
2.508000e-3,1.65363,2052
2.510000e-3,1.65846,2058
2.512000e-3,1.65121,2049
2.514000e-3,1.65685,2056
2.516000e-3,1.66330,2064
2.518000e-3,1.65201,2050
2.520000e-3,1.65040,2048
2.522000e-3,1.66894,2071
2.524000e-3,1.65201,2050
2.526000e-3,1.64637,2043
2.528000e-3,1.66088,2061
2.530000e-3,1.65927,2059
2.532000e-3,1.65201,2050
2.534000e-3,1.65282,2051
2.536000e-3,1.65685,2056
2.538000e-3,1.64396,2040
2.540000e-3,1.65363,2052
2.542000e-3,1.66330,2064
2.544000e-3,1.64799,2045
2.546000e-3,1.65282,2051
2.548000e-3,1.65927,2059
2.550000e-3,1.65604,2055
2.552000e-3,1.65363,2052
2.554000e-3,1.66330,2064
2.556000e-3,1.64637,2043
2.558000e-3,1.65040,2048
2.560000e-3,1.66491,2066
2.562000e-3,1.65766,2057
2.564000e-3,1.65604,2055
2.566000e-3,1.66571,2067
2.568000e-3,1.65846,2058
2.570000e-3,1.64799,2045
2.572000e-3,1.65604,2055
2.574000e-3,1.66088,2061
2.576000e-3,1.64315,2039
2.578000e-3,1.65524,2054
2.580000e-3,1.65685,2056
2.582000e-3,1.64960,2047
2.584000e-3,1.65443,2053
2.586000e-3,1.66007,2060
2.588000e-3,1.65443,2053
2.590000e-3,1.65040,2048
2.592000e-3,1.65766,2057
2.594000e-3,1.65443,2053
2.596000e-3,1.65524,2054
2.598000e-3,1.66652,2068
2.600000e-3,1.65685,2056
2.602000e-3,1.65363,2052
2.604000e-3,1.66249,2063
2.606000e-3,1.65766,2057
2.608000e-3,1.65040,2048
2.610000e-3,1.65766,2057
2.612000e-3,1.65685,2056
2.614000e-3,1.63993,2035
2.616000e-3,1.65524,2054
2.618000e-3,1.65927,2059
2.620000e-3,1.64879,2046
2.622000e-3,1.65685,2056
2.624000e-3,1.65846,2058
2.626000e-3,1.64234,2038
2.628000e-3,1.65040,2048
2.630000e-3,1.66410,2065
2.632000e-3,1.65685,2056
2.634000e-3,1.64718,2044
2.636000e-3,1.66894,2071
2.638000e-3,1.65443,2053
2.640000e-3,1.65363,2052
2.642000e-3,1.66410,2065
2.644000e-3,1.65766,2057
2.646000e-3,1.64315,2039
2.648000e-3,1.65766,2057
2.650000e-3,1.65846,2058
2.652000e-3,1.64476,2041
2.654000e-3,1.65201,2050
2.656000e-3,1.65846,2058
2.658000e-3,1.64718,2044
2.660000e-3,1.65443,2053
2.662000e-3,1.66249,2063
2.664000e-3,1.65766,2057
2.666000e-3,1.65040,2048
2.668000e-3,1.66491,2066
2.670000e-3,1.65363,2052
2.672000e-3,1.65201,2050
2.674000e-3,1.66491,2066
2.676000e-3,1.65685,2056
2.678000e-3,1.65363,2052
2.680000e-3,1.65846,2058
2.682000e-3,1.65766,2057
2.684000e-3,1.64476,2041
2.686000e-3,1.65685,2056
2.688000e-3,1.66652,2068
2.690000e-3,1.64557,2042
2.692000e-3,1.65443,2053
2.694000e-3,1.65040,2048
2.696000e-3,1.64960,2047
2.698000e-3,1.65363,2052
2.700000e-3,1.66330,2064
2.702000e-3,1.64637,2043
2.704000e-3,1.65040,2048
2.706000e-3,1.66733,2069
2.708000e-3,1.65363,2052
2.710000e-3,1.65201,2050
2.712000e-3,1.67377,2077
2.714000e-3,1.66410,2065
2.716000e-3,1.64476,2041
2.718000e-3,1.66571,2067
2.720000e-3,1.66007,2060
2.722000e-3,1.65201,2050
2.724000e-3,1.65040,2048
2.726000e-3,1.65927,2059
2.728000e-3,1.65282,2051
2.730000e-3,1.65040,2048
2.732000e-3,1.66733,2069
2.734000e-3,1.65524,2054
2.736000e-3,1.65201,2050
2.738000e-3,1.66491,2066
2.740000e-3,1.65443,2053
2.742000e-3,1.65363,2052
2.744000e-3,1.66410,2065
2.746000e-3,1.65282,2051
2.748000e-3,1.65201,2050
2.750000e-3,1.65846,2058
2.752000e-3,1.65685,2056
2.754000e-3,1.64476,2041
2.756000e-3,1.65282,2051
2.758000e-3,1.65524,2054
2.760000e-3,1.64799,2045
2.762000e-3,1.65201,2050
2.764000e-3,1.66330,2064
2.766000e-3,1.65282,2051
2.768000e-3,1.64960,2047
2.770000e-3,1.66974,2072
2.772000e-3,1.65766,2057
2.774000e-3,1.65201,2050
2.776000e-3,1.66491,2066
2.778000e-3,1.65766,2057
2.780000e-3,1.65040,2048
2.782000e-3,1.65685,2056
2.784000e-3,1.65766,2057
2.786000e-3,1.65201,2050
2.788000e-3,1.65443,2053
2.790000e-3,1.65846,2058
2.792000e-3,1.65282,2051
2.794000e-3,1.65604,2055
2.796000e-3,1.65766,2057
2.798000e-3,1.65040,2048
2.800000e-3,1.65040,2048
2.802000e-3,1.66410,2065
2.804000e-3,1.65604,2055
2.806000e-3,1.65363,2052
2.808000e-3,1.66410,2065
2.810000e-3,1.65927,2059
2.812000e-3,1.64637,2043
2.814000e-3,1.65685,2056
2.816000e-3,1.65766,2057
2.818000e-3,1.64396,2040
2.820000e-3,1.65040,2048
2.822000e-3,1.65846,2058
2.824000e-3,1.64718,2044
2.826000e-3,1.65121,2049
2.828000e-3,1.66330,2064
2.830000e-3,1.66088,2061
2.832000e-3,1.65040,2048
2.834000e-3,1.67377,2077
2.836000e-3,1.65363,2052
2.838000e-3,1.65685,2056
2.840000e-3,1.66491,2066
2.842000e-3,1.65282,2051
2.844000e-3,1.65282,2051
2.846000e-3,1.66652,2068
2.848000e-3,1.66813,2070
2.850000e-3,1.64396,2040
2.852000e-3,1.65604,2055
2.854000e-3,1.65685,2056
2.856000e-3,1.64396,2040
2.858000e-3,1.65201,2050
2.860000e-3,1.65846,2058
2.862000e-3,1.64718,2044
2.864000e-3,1.65685,2056
2.866000e-3,1.65927,2059
2.868000e-3,1.64557,2042
2.870000e-3,1.65363,2052
2.872000e-3,1.65846,2058
2.874000e-3,1.65040,2048
2.876000e-3,1.65282,2051
2.878000e-3,1.66571,2067
2.880000e-3,1.65443,2053
2.882000e-3,1.64960,2047
2.884000e-3,1.66894,2071
2.886000e-3,1.65524,2054
2.888000e-3,1.65040,2048
2.890000e-3,1.66330,2064
2.892000e-3,1.65443,2053
2.894000e-3,1.65201,2050
2.896000e-3,1.65846,2058
2.898000e-3,1.65524,2054
2.900000e-3,1.64234,2038
2.902000e-3,1.65766,2057
2.904000e-3,1.65766,2057
2.906000e-3,1.64154,2037
2.908000e-3,1.64960,2047
2.910000e-3,1.65524,2054
2.912000e-3,1.64799,2045
2.914000e-3,1.65363,2052
2.916000e-3,1.65846,2058
2.918000e-3,1.65121,2049
2.920000e-3,1.65363,2052
2.922000e-3,1.66168,2062
2.924000e-3,1.65201,2050
2.926000e-3,1.65201,2050
2.928000e-3,1.66733,2069
2.930000e-3,1.65363,2052
2.932000e-3,1.64637,2043
2.934000e-3,1.66007,2060
2.936000e-3,1.65443,2053
2.938000e-3,1.65282,2051
2.940000e-3,1.65846,2058
2.942000e-3,1.65927,2059
2.944000e-3,1.64315,2039
2.946000e-3,1.65201,2050
2.948000e-3,1.66410,2065
2.950000e-3,1.64476,2041
2.952000e-3,1.65524,2054
2.954000e-3,1.65927,2059
2.956000e-3,1.64637,2043
2.958000e-3,1.65282,2051
2.960000e-3,1.65927,2059
2.962000e-3,1.65201,2050
2.964000e-3,1.65121,2049
2.966000e-3,1.66168,2062
2.968000e-3,1.65443,2053
2.970000e-3,1.64960,2047
2.972000e-3,1.66410,2065
2.974000e-3,1.65604,2055
2.976000e-3,1.64799,2045
2.978000e-3,1.65685,2056
2.980000e-3,1.65766,2057
2.982000e-3,1.64557,2042
2.984000e-3,1.65604,2055
2.986000e-3,1.65846,2058
2.988000e-3,1.65040,2048
2.990000e-3,1.65040,2048
2.992000e-3,1.66330,2064
2.994000e-3,1.65201,2050
2.996000e-3,1.65363,2052
2.998000e-3,1.66733,2069
3.000000e-3,1.65927,2059
3.002000e-3,1.65201,2050
3.004000e-3,1.66168,2062
3.006000e-3,1.65604,2055
3.008000e-3,1.64557,2042
3.010000e-3,1.65524,2054
3.012000e-3,1.65766,2057
3.014000e-3,1.64073,2036
3.016000e-3,1.64879,2046
3.018000e-3,1.65927,2059
3.020000e-3,1.63590,2030
3.022000e-3,1.65524,2054
3.024000e-3,1.65685,2056
3.026000e-3,1.64879,2046
3.028000e-3,1.65282,2051
3.030000e-3,1.67055,2073
3.032000e-3,1.65201,2050
3.034000e-3,1.65040,2048
3.036000e-3,1.66733,2069
3.038000e-3,1.65524,2054
3.040000e-3,1.65363,2052
3.042000e-3,1.66330,2064
3.044000e-3,1.65604,2055
3.046000e-3,1.65524,2054
3.048000e-3,1.65363,2052
3.050000e-3,1.65766,2057
3.052000e-3,1.64234,2038
3.054000e-3,1.65604,2055
3.056000e-3,1.65524,2054
3.058000e-3,1.65121,2049
3.060000e-3,1.65363,2052
3.062000e-3,1.65766,2057
3.064000e-3,1.65282,2051
3.066000e-3,1.65121,2049
3.068000e-3,1.66813,2070
3.070000e-3,1.64718,2044
3.072000e-3,1.65121,2049
3.074000e-3,1.66491,2066
3.076000e-3,1.65927,2059
3.078000e-3,1.64879,2046
3.080000e-3,1.65846,2058
3.082000e-3,1.66088,2061
3.084000e-3,1.63751,2032
3.086000e-3,1.65363,2052
3.088000e-3,1.65363,2052
3.090000e-3,1.64799,2045
3.092000e-3,1.65040,2048
3.094000e-3,1.65927,2059
3.096000e-3,1.64960,2047
3.098000e-3,1.65201,2050
3.100000e-3,1.66410,2065
3.102000e-3,1.65121,2049
3.104000e-3,1.64879,2046
3.106000e-3,1.66974,2072
3.108000e-3,1.65524,2054
3.110000e-3,1.65040,2048
3.112000e-3,1.66249,2063
3.114000e-3,1.65524,2054
3.116000e-3,1.65040,2048
3.118000e-3,1.66168,2062
3.120000e-3,1.65685,2056
3.122000e-3,1.64234,2038
3.124000e-3,1.66330,2064
3.126000e-3,1.65927,2059
3.128000e-3,1.64396,2040
3.130000e-3,1.65282,2051
3.132000e-3,1.65846,2058
3.134000e-3,1.65040,2048
3.136000e-3,1.65363,2052
3.138000e-3,1.66652,2068
3.140000e-3,1.65201,2050
3.142000e-3,1.66007,2060
3.144000e-3,1.66733,2069
3.146000e-3,1.65282,2051
3.148000e-3,1.65201,2050
3.150000e-3,1.66652,2068
3.152000e-3,1.65524,2054
3.154000e-3,1.65604,2055
3.156000e-3,1.66249,2063
3.158000e-3,1.65685,2056
3.160000e-3,1.65524,2054
3.162000e-3,1.66491,2066
3.164000e-3,1.65524,2054
3.166000e-3,1.64637,2043
3.168000e-3,1.65766,2057
3.170000e-3,1.65846,2058
3.172000e-3,1.65363,2052
3.174000e-3,1.65443,2053
3.176000e-3,1.66491,2066
3.178000e-3,1.64557,2042
3.180000e-3,1.65201,2050
3.182000e-3,1.65846,2058
3.184000e-3,1.64960,2047
3.186000e-3,1.65363,2052
3.188000e-3,1.66007,2060
3.190000e-3,1.64637,2043
3.192000e-3,1.65363,2052
3.194000e-3,1.66249,2063
3.196000e-3,1.65040,2048
3.198000e-3,1.65201,2050
3.200000e-3,1.66330,2064
3.202000e-3,1.65282,2051
3.204000e-3,1.65201,2050
3.206000e-3,1.66330,2064
3.208000e-3,1.65766,2057
3.210000e-3,1.65363,2052
3.212000e-3,1.66007,2060
3.214000e-3,1.65363,2052
3.216000e-3,1.64718,2044
3.218000e-3,1.65524,2054
3.220000e-3,1.65927,2059
3.222000e-3,1.64476,2041
3.224000e-3,1.65363,2052
3.226000e-3,1.66088,2061
3.228000e-3,1.64315,2039
3.230000e-3,1.65040,2048
3.232000e-3,1.66330,2064
3.234000e-3,1.65443,2053
3.236000e-3,1.65040,2048
3.238000e-3,1.66491,2066
3.240000e-3,1.65604,2055
3.242000e-3,1.65282,2051
3.244000e-3,1.66410,2065
3.246000e-3,1.65040,2048
3.248000e-3,1.65201,2050
3.250000e-3,1.66410,2065
3.252000e-3,1.65685,2056
3.254000e-3,1.63993,2035
3.256000e-3,1.65766,2057
3.258000e-3,1.65846,2058
3.260000e-3,1.64315,2039
3.262000e-3,1.65604,2055
3.264000e-3,1.65766,2057
3.266000e-3,1.64718,2044
3.268000e-3,1.65846,2058
3.270000e-3,1.66491,2066
3.272000e-3,1.65040,2048
3.274000e-3,1.65282,2051
3.276000e-3,1.66571,2067
3.278000e-3,1.65524,2054
3.280000e-3,1.65363,2052
3.282000e-3,1.66088,2061
3.284000e-3,1.65685,2056
3.286000e-3,1.65040,2048
3.288000e-3,1.66088,2061
3.290000e-3,1.65604,2055
3.292000e-3,1.64154,2037
3.294000e-3,1.65524,2054
3.296000e-3,1.65766,2057
3.298000e-3,1.64799,2045
3.300000e-3,1.65040,2048
3.302000e-3,1.65766,2057
3.304000e-3,1.64637,2043
3.306000e-3,1.65363,2052
3.308000e-3,1.66168,2062
3.310000e-3,1.65363,2052
3.312000e-3,1.65040,2048
3.314000e-3,1.66652,2068
3.316000e-3,1.65604,2055
3.318000e-3,1.65927,2059
3.320000e-3,1.66330,2064
3.322000e-3,1.65685,2056
3.324000e-3,1.65282,2051
3.326000e-3,1.65846,2058
3.328000e-3,1.65846,2058
3.330000e-3,1.64799,2045
3.332000e-3,1.65927,2059
3.334000e-3,1.66088,2061
3.336000e-3,1.65040,2048
3.338000e-3,1.65201,2050
3.340000e-3,1.65846,2058
3.342000e-3,1.64718,2044
3.344000e-3,1.65201,2050
3.346000e-3,1.66007,2060
3.348000e-3,1.64960,2047
3.350000e-3,1.65201,2050
3.352000e-3,1.66813,2070
3.354000e-3,1.65685,2056
3.356000e-3,1.65040,2048
3.358000e-3,1.66491,2066
3.360000e-3,1.65685,2056
3.362000e-3,1.65040,2048
3.364000e-3,1.66733,2069
3.366000e-3,1.65443,2053
3.368000e-3,1.65121,2049
3.370000e-3,1.66571,2067
3.372000e-3,1.65040,2048
3.374000e-3,1.65040,2048
3.376000e-3,1.66813,2070
3.378000e-3,1.65927,2059
3.380000e-3,1.64073,2036
3.382000e-3,1.65846,2058
3.384000e-3,1.65604,2055
3.386000e-3,1.64476,2041
3.388000e-3,1.65685,2056
3.390000e-3,1.65766,2057
3.392000e-3,1.64557,2042
3.394000e-3,1.65040,2048
3.396000e-3,1.65846,2058
3.398000e-3,1.64718,2044
3.400000e-3,1.66007,2060
3.402000e-3,1.65846,2058
3.404000e-3,1.65121,2049
3.406000e-3,1.66088,2061
3.408000e-3,1.66733,2069
3.410000e-3,1.65201,2050
3.412000e-3,1.65201,2050
3.414000e-3,1.66330,2064
3.416000e-3,1.65363,2052
3.418000e-3,1.65282,2051
3.420000e-3,1.66088,2061
3.422000e-3,1.65604,2055
3.424000e-3,1.64637,2043
3.426000e-3,1.66410,2065
3.428000e-3,1.65685,2056
3.430000e-3,1.64396,2040
3.432000e-3,1.65524,2054
3.434000e-3,1.65685,2056
3.436000e-3,1.64557,2042
3.438000e-3,1.65524,2054
3.440000e-3,1.65685,2056
3.442000e-3,1.64799,2045
3.444000e-3,1.65121,2049
3.446000e-3,1.65846,2058
3.448000e-3,1.65040,2048
3.450000e-3,1.65121,2049
3.452000e-3,1.66330,2064
3.454000e-3,1.65443,2053
3.456000e-3,1.65121,2049
3.458000e-3,1.66571,2067
3.460000e-3,1.65685,2056
3.462000e-3,1.64476,2041
3.464000e-3,1.66007,2060
3.466000e-3,1.65363,2052
3.468000e-3,1.65121,2049
3.470000e-3,1.65685,2056
3.472000e-3,1.65846,2058
3.474000e-3,1.64476,2041
3.476000e-3,1.65766,2057
3.478000e-3,1.66168,2062
3.480000e-3,1.63993,2035
3.482000e-3,1.65524,2054
3.484000e-3,1.66491,2066
3.486000e-3,1.64718,2044
3.488000e-3,1.65040,2048
3.490000e-3,1.66249,2063
3.492000e-3,1.65201,2050
3.494000e-3,1.65201,2050
3.496000e-3,1.66733,2069
3.498000e-3,1.64960,2047
3.500000e-3,1.65040,2048
3.502000e-3,1.66652,2068
3.504000e-3,1.65443,2053
3.506000e-3,1.65040,2048
3.508000e-3,1.66733,2069
3.510000e-3,1.65363,2052
3.512000e-3,1.65201,2050
3.514000e-3,1.66571,2067
3.516000e-3,1.65927,2059
3.518000e-3,1.65201,2050
3.520000e-3,1.65846,2058
3.522000e-3,1.65766,2057
3.524000e-3,1.64234,2038
3.526000e-3,1.65604,2055
3.528000e-3,1.65846,2058
3.530000e-3,1.64557,2042
3.532000e-3,1.65443,2053
3.534000e-3,1.65846,2058
3.536000e-3,1.65040,2048
3.538000e-3,1.65040,2048
3.540000e-3,1.66330,2064
3.542000e-3,1.64718,2044
3.544000e-3,1.65443,2053
3.546000e-3,1.66330,2064
3.548000e-3,1.65282,2051
3.550000e-3,1.65604,2055
3.552000e-3,1.66491,2066
3.554000e-3,1.65927,2059
3.556000e-3,1.65040,2048
3.558000e-3,1.66088,2061
3.560000e-3,1.65363,2052
3.562000e-3,1.64476,2041
3.564000e-3,1.65846,2058
3.566000e-3,1.65846,2058
3.568000e-3,1.64799,2045
3.570000e-3,1.65524,2054
3.572000e-3,1.65846,2058
3.574000e-3,1.64073,2036
3.576000e-3,1.65363,2052
3.578000e-3,1.65685,2056
3.580000e-3,1.65040,2048
3.582000e-3,1.65282,2051
3.584000e-3,1.66330,2064
3.586000e-3,1.65363,2052
3.588000e-3,1.65121,2049
3.590000e-3,1.66652,2068
3.592000e-3,1.65201,2050
3.594000e-3,1.65121,2049
3.596000e-3,1.66491,2066
3.598000e-3,1.65524,2054
3.600000e-3,1.65201,2050
3.602000e-3,1.66330,2064
3.604000e-3,1.65846,2058
3.606000e-3,1.65121,2049
3.608000e-3,1.65846,2058
3.610000e-3,1.65685,2056
3.612000e-3,1.64315,2039
3.614000e-3,1.65363,2052
3.616000e-3,1.65846,2058
3.618000e-3,1.64234,2038
3.620000e-3,1.65524,2054
3.622000e-3,1.66088,2061
3.624000e-3,1.64154,2037
3.626000e-3,1.65201,2050
3.628000e-3,1.66491,2066
3.630000e-3,1.64637,2043
3.632000e-3,1.65040,2048
3.634000e-3,1.65766,2057
3.636000e-3,1.64637,2043
3.638000e-3,1.65201,2050
3.640000e-3,1.66491,2066
3.642000e-3,1.65524,2054
3.644000e-3,1.64960,2047
3.646000e-3,1.66007,2060
3.648000e-3,1.65282,2051
3.650000e-3,1.65040,2048
3.652000e-3,1.66652,2068
3.654000e-3,1.65846,2058
3.656000e-3,1.65201,2050
3.658000e-3,1.66249,2063
3.660000e-3,1.65685,2056
3.662000e-3,1.65040,2048
3.664000e-3,1.66007,2060
3.666000e-3,1.65927,2059
3.668000e-3,1.64154,2037
3.670000e-3,1.65846,2058
3.672000e-3,1.65443,2053
3.674000e-3,1.63912,2034
3.676000e-3,1.66249,2063
3.678000e-3,1.65766,2057
3.680000e-3,1.64234,2038
3.682000e-3,1.65201,2050
3.684000e-3,1.66249,2063
3.686000e-3,1.65040,2048
3.688000e-3,1.65201,2050
3.690000e-3,1.66571,2067
3.692000e-3,1.65363,2052
3.694000e-3,1.65282,2051
3.696000e-3,1.66813,2070
3.698000e-3,1.65524,2054
3.700000e-3,1.65040,2048
3.702000e-3,1.66249,2063
3.704000e-3,1.65524,2054
3.706000e-3,1.64960,2047
3.708000e-3,1.65927,2059
3.710000e-3,1.65927,2059
3.712000e-3,1.64637,2043
3.714000e-3,1.65443,2053
3.716000e-3,1.65846,2058
3.718000e-3,1.65040,2048
3.720000e-3,1.65685,2056
3.722000e-3,1.65685,2056
3.724000e-3,1.64718,2044
3.726000e-3,1.65201,2050
3.728000e-3,1.65766,2057
3.730000e-3,1.65121,2049
3.732000e-3,1.65443,2053
3.734000e-3,1.65927,2059
3.736000e-3,1.65040,2048
3.738000e-3,1.65282,2051
3.740000e-3,1.66249,2063
3.742000e-3,1.65201,2050
3.744000e-3,1.64799,2045
3.746000e-3,1.66410,2065
3.748000e-3,1.65363,2052
3.750000e-3,1.65363,2052
3.752000e-3,1.66571,2067
3.754000e-3,1.65040,2048
3.756000e-3,1.65282,2051
3.758000e-3,1.66491,2066
3.760000e-3,1.65363,2052
3.762000e-3,1.64960,2047
3.764000e-3,1.66813,2070
3.766000e-3,1.65363,2052
3.768000e-3,1.65282,2051
3.770000e-3,1.66168,2062
3.772000e-3,1.65685,2056
3.774000e-3,1.65443,2053
3.776000e-3,1.66007,2060
3.778000e-3,1.65846,2058
3.780000e-3,1.64960,2047
3.782000e-3,1.65927,2059
3.784000e-3,1.65443,2053
3.786000e-3,1.64799,2045
3.788000e-3,1.66330,2064
3.790000e-3,1.65524,2054
3.792000e-3,1.64879,2046
3.794000e-3,1.65766,2057
3.796000e-3,1.65846,2058
3.798000e-3,1.64557,2042
3.800000e-3,1.65604,2055
3.802000e-3,1.66249,2063
3.804000e-3,1.65040,2048
3.806000e-3,1.65685,2056
3.808000e-3,1.65685,2056
3.810000e-3,1.64476,2041
3.812000e-3,1.65201,2050
3.814000e-3,1.65927,2059
3.816000e-3,1.64637,2043
3.818000e-3,1.65363,2052
3.820000e-3,1.66007,2060
3.822000e-3,1.64315,2039
3.824000e-3,1.65201,2050
3.826000e-3,1.65685,2056
3.828000e-3,1.65040,2048
3.830000e-3,1.65201,2050
3.832000e-3,1.66652,2068
3.834000e-3,1.65121,2049
3.836000e-3,1.65121,2049
3.838000e-3,1.66733,2069
3.840000e-3,1.65040,2048
3.842000e-3,1.65201,2050
3.844000e-3,1.66168,2062
3.846000e-3,1.65443,2053
3.848000e-3,1.64718,2044
3.850000e-3,1.65927,2059
3.852000e-3,1.65766,2057
3.854000e-3,1.64396,2040
3.856000e-3,1.65766,2057
3.858000e-3,1.65604,2055
3.860000e-3,1.64557,2042
3.862000e-3,1.65040,2048
3.864000e-3,1.66007,2060
3.866000e-3,1.65040,2048
3.868000e-3,1.65201,2050
3.870000e-3,1.66652,2068
3.872000e-3,1.65604,2055
3.874000e-3,1.65443,2053
3.876000e-3,1.66007,2060
3.878000e-3,1.65846,2058
3.880000e-3,1.65040,2048
3.882000e-3,1.65927,2059
3.884000e-3,1.65685,2056
3.886000e-3,1.64396,2040
3.888000e-3,1.65524,2054
3.890000e-3,1.65766,2057
3.892000e-3,1.64960,2047
3.894000e-3,1.66088,2061
3.896000e-3,1.66007,2060
3.898000e-3,1.65201,2050
3.900000e-3,1.65040,2048
3.902000e-3,1.66330,2064
3.904000e-3,1.65282,2051
3.906000e-3,1.65282,2051
3.908000e-3,1.66571,2067
3.910000e-3,1.65766,2057
3.912000e-3,1.65443,2053
3.914000e-3,1.65846,2058
3.916000e-3,1.66330,2064
3.918000e-3,1.64476,2041
3.920000e-3,1.65040,2048
3.922000e-3,1.65766,2057
3.924000e-3,1.64960,2047
3.926000e-3,1.65201,2050
3.928000e-3,1.66652,2068
3.930000e-3,1.64799,2045
3.932000e-3,1.65040,2048
3.934000e-3,1.66168,2062
3.936000e-3,1.65685,2056
3.938000e-3,1.65040,2048
3.940000e-3,1.66168,2062
3.942000e-3,1.65524,2054
3.944000e-3,1.64396,2040
3.946000e-3,1.65766,2057
3.948000e-3,1.65604,2055
3.950000e-3,1.64396,2040
3.952000e-3,1.65685,2056
3.954000e-3,1.65766,2057
3.956000e-3,1.64718,2044
3.958000e-3,1.65201,2050
3.960000e-3,1.66571,2067
3.962000e-3,1.65443,2053
3.964000e-3,1.65443,2053
3.966000e-3,1.66410,2065
3.968000e-3,1.65363,2052
3.970000e-3,1.63106,2024
3.972000e-3,1.66088,2061
3.974000e-3,1.65604,2055
3.976000e-3,1.64396,2040
3.978000e-3,1.65604,2055
3.980000e-3,1.65846,2058
3.982000e-3,1.64799,2045
3.984000e-3,1.65524,2054
3.986000e-3,1.65766,2057
3.988000e-3,1.65201,2050
3.990000e-3,1.65443,2053
3.992000e-3,1.66330,2064
3.994000e-3,1.65846,2058
3.996000e-3,1.65040,2048
3.998000e-3,1.66330,2064
4.000000e-3,1.65685,2056
4.002000e-3,1.64637,2043
4.004000e-3,1.65846,2058
4.006000e-3,1.65282,2051
4.008000e-3,1.63751,2032
4.010000e-3,1.65363,2052
4.012000e-3,1.66007,2060
4.014000e-3,1.64396,2040
4.016000e-3,1.65040,2048
4.018000e-3,1.65927,2059
4.020000e-3,1.65201,2050
4.022000e-3,1.64960,2047
4.024000e-3,1.66330,2064
4.026000e-3,1.65927,2059
4.028000e-3,1.65201,2050
4.030000e-3,1.66491,2066
4.032000e-3,1.65443,2053
4.034000e-3,1.65040,2048
4.036000e-3,1.65846,2058
4.038000e-3,1.65363,2052
4.040000e-3,1.64637,2043
4.042000e-3,1.65685,2056
4.044000e-3,1.65685,2056
4.046000e-3,1.64396,2040
4.048000e-3,1.65604,2055
4.050000e-3,1.65524,2054
4.052000e-3,1.64557,2042
4.054000e-3,1.65282,2051
4.056000e-3,1.65040,2048
4.058000e-3,1.64315,2039
4.060000e-3,1.65524,2054
4.062000e-3,1.66410,2065
4.064000e-3,1.65363,2052
4.066000e-3,1.65443,2053
4.068000e-3,1.66652,2068
4.070000e-3,1.65282,2051
4.072000e-3,1.65201,2050
4.074000e-3,1.66652,2068
4.076000e-3,1.65040,2048
4.078000e-3,1.65121,2049
4.080000e-3,1.65766,2057
4.082000e-3,1.66007,2060
4.084000e-3,1.64476,2041
4.086000e-3,1.65443,2053
4.088000e-3,1.65685,2056
4.090000e-3,1.64315,2039
4.092000e-3,1.66088,2061
4.094000e-3,1.65363,2052
4.096000e-3,1.64799,2045
4.098000e-3,1.65282,2051
4.100000e-3,1.65846,2058
4.102000e-3,1.65282,2051
4.104000e-3,1.65121,2049
4.106000e-3,1.66652,2068
4.108000e-3,1.64960,2047
4.110000e-3,1.65040,2048
4.112000e-3,1.66410,2065
4.114000e-3,1.65604,2055
4.116000e-3,1.65121,2049
4.118000e-3,1.66007,2060
4.120000e-3,1.65927,2059
4.122000e-3,1.64476,2041
4.124000e-3,1.66007,2060
4.126000e-3,1.65685,2056
4.128000e-3,1.63590,2030
4.130000e-3,1.65363,2052
4.132000e-3,1.66168,2062
4.134000e-3,1.64557,2042
4.136000e-3,1.66088,2061
4.138000e-3,1.66249,2063
4.140000e-3,1.64557,2042
4.142000e-3,1.65282,2051
4.144000e-3,1.67297,2076
4.146000e-3,1.65121,2049
4.148000e-3,1.64557,2042
4.150000e-3,1.66491,2066
4.152000e-3,1.65766,2057
4.154000e-3,1.65040,2048
4.156000e-3,1.66491,2066
4.158000e-3,1.65604,2055
4.160000e-3,1.65040,2048
4.162000e-3,1.65443,2053
4.164000e-3,1.65766,2057
4.166000e-3,1.64396,2040
4.168000e-3,1.65685,2056
4.170000e-3,1.65927,2059
4.172000e-3,1.65121,2049
4.174000e-3,1.64637,2043
4.176000e-3,1.65766,2057
4.178000e-3,1.65040,2048
4.180000e-3,1.65363,2052
4.182000e-3,1.66491,2066
4.184000e-3,1.65201,2050
4.186000e-3,1.65363,2052
4.188000e-3,1.66733,2069
4.190000e-3,1.65040,2048
4.192000e-3,1.65363,2052
4.194000e-3,1.65766,2057
4.196000e-3,1.65604,2055
4.198000e-3,1.64396,2040
4.200000e-3,1.65443,2053
4.202000e-3,1.65766,2057
4.204000e-3,1.64557,2042
4.206000e-3,1.65363,2052
4.208000e-3,1.66007,2060
4.210000e-3,1.64960,2047
4.212000e-3,1.65201,2050
4.214000e-3,1.66894,2071
4.216000e-3,1.64799,2045
4.218000e-3,1.64799,2045
4.220000e-3,1.66410,2065
4.222000e-3,1.65443,2053
4.224000e-3,1.65201,2050
4.226000e-3,1.65846,2058
4.228000e-3,1.65766,2057
4.230000e-3,1.64637,2043
4.232000e-3,1.65766,2057
4.234000e-3,1.65846,2058
4.236000e-3,1.64557,2042
4.238000e-3,1.65282,2051
4.240000e-3,1.65685,2056
4.242000e-3,1.64960,2047
4.244000e-3,1.65201,2050
4.246000e-3,1.66330,2064
4.248000e-3,1.65282,2051
4.250000e-3,1.65363,2052
4.252000e-3,1.66894,2071
4.254000e-3,1.65846,2058
4.256000e-3,1.64315,2039
4.258000e-3,1.65443,2053
4.260000e-3,1.65766,2057
4.262000e-3,1.63912,2034
4.264000e-3,1.65927,2059
4.266000e-3,1.65927,2059
4.268000e-3,1.64476,2041
4.270000e-3,1.65685,2056
4.272000e-3,1.65766,2057
4.274000e-3,1.64476,2041
4.276000e-3,1.65201,2050
4.278000e-3,1.65927,2059
4.280000e-3,1.64557,2042
4.282000e-3,1.65282,2051
4.284000e-3,1.66571,2067
4.286000e-3,1.65443,2053
4.288000e-3,1.65282,2051
4.290000e-3,1.66652,2068
4.292000e-3,1.65282,2051
4.294000e-3,1.65201,2050
4.296000e-3,1.66330,2064
4.298000e-3,1.65363,2052
4.300000e-3,1.64718,2044
4.302000e-3,1.66168,2062
4.304000e-3,1.65604,2055
4.306000e-3,1.64718,2044
4.308000e-3,1.66088,2061
4.310000e-3,1.65685,2056
4.312000e-3,1.64718,2044
4.314000e-3,1.65040,2048
4.316000e-3,1.65685,2056
4.318000e-3,1.64396,2040
4.320000e-3,1.64879,2046
4.322000e-3,1.66330,2064
4.324000e-3,1.65524,2054
4.326000e-3,1.65201,2050
4.328000e-3,1.66652,2068
4.330000e-3,1.65363,2052
4.332000e-3,1.65282,2051
4.334000e-3,1.66330,2064
4.336000e-3,1.65927,2059
4.338000e-3,1.64799,2045
4.340000e-3,1.66007,2060
4.342000e-3,1.65766,2057
4.344000e-3,1.64799,2045
4.346000e-3,1.65524,2054
4.348000e-3,1.65846,2058
4.350000e-3,1.64557,2042
4.352000e-3,1.65201,2050
4.354000e-3,1.65685,2056
4.356000e-3,1.64637,2043
4.358000e-3,1.65121,2049
4.360000e-3,1.66491,2066
4.362000e-3,1.65524,2054
4.364000e-3,1.65040,2048
4.366000e-3,1.66249,2063
4.368000e-3,1.65282,2051
4.370000e-3,1.65201,2050
4.372000e-3,1.66249,2063
4.374000e-3,1.66168,2062
4.376000e-3,1.64879,2046
4.378000e-3,1.65927,2059
4.380000e-3,1.65927,2059
4.382000e-3,1.64396,2040
4.384000e-3,1.65363,2052
4.386000e-3,1.65685,2056
4.388000e-3,1.65121,2049
4.390000e-3,1.64960,2047
4.392000e-3,1.66249,2063
4.394000e-3,1.65524,2054
4.396000e-3,1.64476,2041
4.398000e-3,1.66733,2069
4.400000e-3,1.65846,2058
4.402000e-3,1.65282,2051
4.404000e-3,1.66088,2061
4.406000e-3,1.65443,2053
4.408000e-3,1.64073,2036
4.410000e-3,1.65121,2049
4.412000e-3,1.65927,2059
4.414000e-3,1.64557,2042
4.416000e-3,1.64879,2046
4.418000e-3,1.65846,2058
4.420000e-3,1.65040,2048
4.422000e-3,1.65201,2050
4.424000e-3,1.66330,2064
4.426000e-3,1.64879,2046
4.428000e-3,1.65282,2051
4.430000e-3,1.66894,2071
4.432000e-3,1.65927,2059
4.434000e-3,1.64476,2041
4.436000e-3,1.65766,2057
4.438000e-3,1.65443,2053
4.440000e-3,1.65201,2050
4.442000e-3,1.66168,2062
4.444000e-3,1.65685,2056
4.446000e-3,1.65121,2049
4.448000e-3,1.65524,2054
4.450000e-3,1.65604,2055
4.452000e-3,1.64799,2045
4.454000e-3,1.65282,2051
4.456000e-3,1.65604,2055
4.458000e-3,1.65040,2048
4.460000e-3,1.64557,2042
4.462000e-3,1.65927,2059
4.464000e-3,1.65282,2051
4.466000e-3,1.65201,2050
4.468000e-3,1.66491,2066
4.470000e-3,1.65604,2055
4.472000e-3,1.65121,2049
4.474000e-3,1.67297,2076
4.476000e-3,1.65685,2056
4.478000e-3,1.65040,2048
4.480000e-3,1.65846,2058
4.482000e-3,1.65927,2059
4.484000e-3,1.64315,2039
4.486000e-3,1.65443,2053
4.488000e-3,1.66007,2060
4.490000e-3,1.64637,2043
4.492000e-3,1.65201,2050
4.494000e-3,1.66571,2067
4.496000e-3,1.65121,2049
4.498000e-3,1.65766,2057
4.500000e-3,1.66652,2068
4.502000e-3,1.65443,2053
4.504000e-3,1.65040,2048
4.506000e-3,1.66330,2064
4.508000e-3,1.66007,2060
4.510000e-3,1.64879,2046
4.512000e-3,1.66330,2064
4.514000e-3,1.65766,2057
4.516000e-3,1.65121,2049
4.518000e-3,1.65524,2054
4.520000e-3,1.65927,2059
4.522000e-3,1.64799,2045
4.524000e-3,1.65363,2052
4.526000e-3,1.66249,2063
4.528000e-3,1.65282,2051
4.530000e-3,1.65443,2053
4.532000e-3,1.66330,2064
4.534000e-3,1.65604,2055
4.536000e-3,1.65282,2051
4.538000e-3,1.66249,2063
4.540000e-3,1.65846,2058
4.542000e-3,1.65201,2050
4.544000e-3,1.65766,2057
4.546000e-3,1.65766,2057
4.548000e-3,1.64315,2039
4.550000e-3,1.65443,2053
4.552000e-3,1.65766,2057
4.554000e-3,1.64557,2042
4.556000e-3,1.65524,2054
4.558000e-3,1.65524,2054
4.560000e-3,1.64637,2043
4.562000e-3,1.64960,2047
4.564000e-3,1.65604,2055
4.566000e-3,1.64799,2045
4.568000e-3,1.65040,2048
4.570000e-3,1.66007,2060
4.572000e-3,1.65363,2052
4.574000e-3,1.65363,2052
4.576000e-3,1.66007,2060
4.578000e-3,1.65282,2051
4.580000e-3,1.65524,2054
4.582000e-3,1.66652,2068
4.584000e-3,1.65604,2055
4.586000e-3,1.65201,2050
4.588000e-3,1.66330,2064
4.590000e-3,1.65524,2054
4.592000e-3,1.64799,2045
4.594000e-3,1.65685,2056
4.596000e-3,1.65927,2059
4.598000e-3,1.64637,2043
4.600000e-3,1.65524,2054
4.602000e-3,1.67055,2073
4.604000e-3,1.65121,2049
4.606000e-3,1.65201,2050
4.608000e-3,1.65766,2057
4.610000e-3,1.65121,2049
4.612000e-3,1.64799,2045
4.614000e-3,1.66813,2070
4.616000e-3,1.65443,2053
4.618000e-3,1.65121,2049
4.620000e-3,1.66571,2067
4.622000e-3,1.65846,2058
4.624000e-3,1.64315,2039
4.626000e-3,1.65524,2054
4.628000e-3,1.66088,2061
4.630000e-3,1.63993,2035
4.632000e-3,1.65604,2055
4.634000e-3,1.65846,2058
4.636000e-3,1.64960,2047
4.638000e-3,1.65121,2049
4.640000e-3,1.66007,2060
4.642000e-3,1.65201,2050
4.644000e-3,1.65282,2051
4.646000e-3,1.66330,2064
4.648000e-3,1.65201,2050
4.650000e-3,1.64879,2046
4.652000e-3,1.66088,2061
4.654000e-3,1.65927,2059
4.656000e-3,1.64960,2047
4.658000e-3,1.66007,2060
4.660000e-3,1.66330,2064
4.662000e-3,1.64073,2036
4.664000e-3,1.65604,2055
4.666000e-3,1.66007,2060
4.668000e-3,1.64557,2042
4.670000e-3,1.64960,2047
4.672000e-3,1.66168,2062
4.674000e-3,1.65524,2054
4.676000e-3,1.65282,2051
4.678000e-3,1.66330,2064
4.680000e-3,1.65363,2052
4.682000e-3,1.65363,2052
4.684000e-3,1.66168,2062
4.686000e-3,1.65846,2058
4.688000e-3,1.64799,2045
4.690000e-3,1.65846,2058
4.692000e-3,1.65685,2056
4.694000e-3,1.64637,2043
4.696000e-3,1.65524,2054
4.698000e-3,1.65766,2057
4.700000e-3,1.64718,2044
4.702000e-3,1.65040,2048
4.704000e-3,1.66249,2063
4.706000e-3,1.65201,2050
4.708000e-3,1.65201,2050
4.710000e-3,1.66652,2068
4.712000e-3,1.65685,2056
4.714000e-3,1.65040,2048
4.716000e-3,1.66007,2060
4.718000e-3,1.65443,2053
4.720000e-3,1.65040,2048
4.722000e-3,1.65927,2059
4.724000e-3,1.66410,2065
4.726000e-3,1.64637,2043
4.728000e-3,1.65363,2052
4.730000e-3,1.65846,2058
4.732000e-3,1.64557,2042
4.734000e-3,1.65201,2050
4.736000e-3,1.65846,2058
4.738000e-3,1.65121,2049
4.740000e-3,1.65201,2050
4.742000e-3,1.66168,2062
4.744000e-3,1.65121,2049
4.746000e-3,1.64476,2041
4.748000e-3,1.66733,2069
4.750000e-3,1.65363,2052
4.752000e-3,1.63509,2029
4.754000e-3,1.66571,2067
4.756000e-3,1.65040,2048
4.758000e-3,1.64960,2047
4.760000e-3,1.66410,2065
4.762000e-3,1.65846,2058
4.764000e-3,1.64718,2044
4.766000e-3,1.66007,2060
4.768000e-3,1.65685,2056
4.770000e-3,1.64396,2040
4.772000e-3,1.65443,2053
4.774000e-3,1.65443,2053
4.776000e-3,1.64799,2045
4.778000e-3,1.65524,2054
4.780000e-3,1.66168,2062
4.782000e-3,1.65201,2050
4.784000e-3,1.64799,2045
4.786000e-3,1.65766,2057
4.788000e-3,1.65040,2048
4.790000e-3,1.64879,2046
4.792000e-3,1.66813,2070
4.794000e-3,1.65363,2052
4.796000e-3,1.64960,2047
4.798000e-3,1.66571,2067
4.800000e-3,1.66007,2060
4.802000e-3,1.65282,2051
4.804000e-3,1.65685,2056
4.806000e-3,1.65524,2054
4.808000e-3,1.64637,2043
4.810000e-3,1.65443,2053
4.812000e-3,1.65685,2056
4.814000e-3,1.65040,2048
4.816000e-3,1.65201,2050
4.818000e-3,1.66007,2060
4.820000e-3,1.65524,2054
4.822000e-3,1.65040,2048
4.824000e-3,1.66974,2072
4.826000e-3,1.65363,2052
4.828000e-3,1.65040,2048
4.830000e-3,1.66410,2065
4.832000e-3,1.65846,2058
4.834000e-3,1.65201,2050
4.836000e-3,1.66007,2060
4.838000e-3,1.65766,2057
4.840000e-3,1.65040,2048
4.842000e-3,1.65846,2058
4.844000e-3,1.66168,2062
4.846000e-3,1.64396,2040
4.848000e-3,1.66088,2061
4.850000e-3,1.65846,2058
4.852000e-3,1.64557,2042
4.854000e-3,1.65363,2052
4.856000e-3,1.65846,2058
4.858000e-3,1.64073,2036
4.860000e-3,1.65443,2053
4.862000e-3,1.65282,2051
4.864000e-3,1.64799,2045
4.866000e-3,1.65363,2052
4.868000e-3,1.66007,2060
4.870000e-3,1.65282,2051
4.872000e-3,1.65282,2051
4.874000e-3,1.66813,2070
4.876000e-3,1.65443,2053
4.878000e-3,1.65040,2048
4.880000e-3,1.66571,2067
4.882000e-3,1.65363,2052
4.884000e-3,1.65121,2049
4.886000e-3,1.65927,2059
4.888000e-3,1.65846,2058
4.890000e-3,1.64396,2040
4.892000e-3,1.66571,2067
4.894000e-3,1.65766,2057
4.896000e-3,1.63751,2032
4.898000e-3,1.65363,2052
4.900000e-3,1.65685,2056
4.902000e-3,1.64799,2045
4.904000e-3,1.65121,2049
4.906000e-3,1.66733,2069
4.908000e-3,1.64799,2045
4.910000e-3,1.64960,2047
4.912000e-3,1.66410,2065
4.914000e-3,1.65604,2055
4.916000e-3,1.65766,2057
4.918000e-3,1.65766,2057
4.920000e-3,1.65685,2056
4.922000e-3,1.64799,2045
4.924000e-3,1.65766,2057
4.926000e-3,1.65685,2056
4.928000e-3,1.64315,2039
4.930000e-3,1.65766,2057
4.932000e-3,1.65766,2057
4.934000e-3,1.64396,2040
4.936000e-3,1.66007,2060
4.938000e-3,1.65927,2059
4.940000e-3,1.64396,2040
4.942000e-3,1.65201,2050
4.944000e-3,1.66007,2060
4.946000e-3,1.65201,2050
4.948000e-3,1.65121,2049
4.950000e-3,1.67458,2078
4.952000e-3,1.65121,2049
4.954000e-3,1.65524,2054
4.956000e-3,1.66330,2064
4.958000e-3,1.65282,2051
4.960000e-3,1.64879,2046
4.962000e-3,1.66330,2064
4.964000e-3,1.65766,2057
4.966000e-3,1.64799,2045
4.968000e-3,1.66088,2061
4.970000e-3,1.66007,2060
4.972000e-3,1.65282,2051
4.974000e-3,1.66007,2060
4.976000e-3,1.65524,2054
4.978000e-3,1.64637,2043
4.980000e-3,1.65443,2053
4.982000e-3,1.65927,2059
4.984000e-3,1.64315,2039
4.986000e-3,1.65363,2052
4.988000e-3,1.65685,2056
4.990000e-3,1.65443,2053
4.992000e-3,1.65040,2048
4.994000e-3,1.66410,2065
4.996000e-3,1.65766,2057
4.998000e-3,1.65282,2051
5.000000e-3,1.66330,2064
5.002000e-3,1.65524,2054
5.004000e-3,1.65121,2049
5.006000e-3,1.66813,2070
5.008000e-3,1.65363,2052
5.010000e-3,1.65282,2051
5.012000e-3,1.66491,2066
5.014000e-3,1.65846,2058
5.016000e-3,1.64799,2045
5.018000e-3,1.65766,2057
5.020000e-3,1.66088,2061
5.022000e-3,1.65201,2050
5.024000e-3,1.65282,2051
5.026000e-3,1.65766,2057
5.028000e-3,1.65121,2049
5.030000e-3,1.65121,2049
5.032000e-3,1.66652,2068
5.034000e-3,1.65201,2050
5.036000e-3,1.65040,2048
5.038000e-3,1.66652,2068
5.040000e-3,1.66491,2066
5.042000e-3,1.64315,2039
5.044000e-3,1.66330,2064
5.046000e-3,1.66007,2060
5.048000e-3,1.64637,2043
5.050000e-3,1.66491,2066
5.052000e-3,1.65443,2053
5.054000e-3,1.64718,2044
5.056000e-3,1.66249,2063
5.058000e-3,1.65201,2050
5.060000e-3,1.64315,2039
5.062000e-3,1.65685,2056
5.064000e-3,1.65766,2057
5.066000e-3,1.64718,2044
5.068000e-3,1.65363,2052
5.070000e-3,1.65685,2056
5.072000e-3,1.65201,2050
5.074000e-3,1.65282,2051
5.076000e-3,1.66168,2062
5.078000e-3,1.65040,2048
5.080000e-3,1.65201,2050
5.082000e-3,1.66813,2070
5.084000e-3,1.64960,2047
5.086000e-3,1.65121,2049
5.088000e-3,1.66330,2064
5.090000e-3,1.65201,2050
5.092000e-3,1.65363,2052
5.094000e-3,1.66330,2064
5.096000e-3,1.65443,2053
5.098000e-3,1.65201,2050
5.100000e-3,1.65685,2056
5.102000e-3,1.65685,2056
5.104000e-3,1.64315,2039
5.106000e-3,1.65201,2050
5.108000e-3,1.66168,2062
5.110000e-3,1.64234,2038
5.112000e-3,1.64799,2045
5.114000e-3,1.66330,2064
5.116000e-3,1.65282,2051
5.118000e-3,1.64637,2043
5.120000e-3,1.66813,2070
5.122000e-3,1.65927,2059
5.124000e-3,1.65201,2050
5.126000e-3,1.65363,2052
5.128000e-3,1.66168,2062
5.130000e-3,1.65685,2056
5.132000e-3,1.67458,2078
5.134000e-3,1.65766,2057
5.136000e-3,1.65201,2050
5.138000e-3,1.70842,2120
5.140000e-3,1.65766,2057
5.142000e-3,1.64557,2042
5.144000e-3,1.65524,2054
5.146000e-3,1.65766,2057
5.148000e-3,1.64799,2045
5.150000e-3,1.65363,2052
5.152000e-3,1.66007,2060
5.154000e-3,1.65201,2050
5.156000e-3,1.65201,2050
5.158000e-3,1.66410,2065
5.160000e-3,1.65201,2050
5.162000e-3,1.65121,2049
5.164000e-3,1.66491,2066
5.166000e-3,1.65363,2052
5.168000e-3,1.65201,2050
5.170000e-3,1.66491,2066
5.172000e-3,1.65685,2056
5.174000e-3,1.65846,2058
5.176000e-3,1.66410,2065
5.178000e-3,1.65524,2054
5.180000e-3,1.64476,2041
5.182000e-3,1.66007,2060
5.184000e-3,1.65363,2052
5.186000e-3,1.64315,2039
5.188000e-3,1.65685,2056
5.190000e-3,1.65282,2051
5.192000e-3,1.64637,2043
5.194000e-3,1.65201,2050
5.196000e-3,1.65121,2049
5.198000e-3,1.65040,2048
5.200000e-3,1.65040,2048
5.202000e-3,1.65927,2059
5.204000e-3,1.65282,2051
5.206000e-3,1.65201,2050
5.208000e-3,1.65524,2054
5.210000e-3,1.65443,2053
5.212000e-3,1.65685,2056
5.214000e-3,1.68022,2085
5.216000e-3,1.65282,2051
5.218000e-3,1.65040,2048
5.220000e-3,1.65766,2057
5.222000e-3,1.65685,2056
5.224000e-3,1.64315,2039
5.226000e-3,1.65443,2053
5.228000e-3,1.65685,2056
5.230000e-3,1.64799,2045
5.232000e-3,1.65363,2052
5.234000e-3,1.66088,2061
5.236000e-3,1.65201,2050
5.238000e-3,1.65201,2050
5.240000e-3,1.66410,2065
5.242000e-3,1.65685,2056
5.244000e-3,1.65121,2049
5.246000e-3,1.66168,2062
5.248000e-3,1.65766,2057
5.250000e-3,1.65201,2050
5.252000e-3,1.65766,2057
5.254000e-3,1.66168,2062
5.256000e-3,1.64637,2043
5.258000e-3,1.65443,2053
5.260000e-3,1.66410,2065
5.262000e-3,1.64315,2039
5.264000e-3,1.65443,2053
5.266000e-3,1.66330,2064
5.268000e-3,1.64637,2043
5.270000e-3,1.65363,2052
5.272000e-3,1.66088,2061
5.274000e-3,1.64718,2044
5.276000e-3,1.66088,2061
5.278000e-3,1.65766,2057
5.280000e-3,1.64960,2047
5.282000e-3,1.65040,2048
5.284000e-3,1.65201,2050
5.286000e-3,1.65282,2051
5.288000e-3,1.64557,2042
5.290000e-3,1.67055,2073
5.292000e-3,1.65443,2053
5.294000e-3,1.65685,2056
5.296000e-3,1.66571,2067
5.298000e-3,1.65685,2056
5.300000e-3,1.65282,2051
5.302000e-3,1.66007,2060
5.304000e-3,1.65685,2056
5.306000e-3,1.64476,2041
5.308000e-3,1.65685,2056
5.310000e-3,1.65685,2056
5.312000e-3,1.64234,2038
5.314000e-3,1.65363,2052
5.316000e-3,1.66330,2064
5.318000e-3,1.64960,2047
5.320000e-3,1.65282,2051
5.322000e-3,1.65846,2058
5.324000e-3,1.65604,2055
5.326000e-3,1.65201,2050
5.328000e-3,1.66652,2068
5.330000e-3,1.66007,2060
5.332000e-3,1.65282,2051
5.334000e-3,1.66491,2066
5.336000e-3,1.65766,2057
5.338000e-3,1.65201,2050
5.340000e-3,1.66410,2065
5.342000e-3,1.66007,2060
5.344000e-3,1.64476,2041
5.346000e-3,1.66007,2060
5.348000e-3,1.65201,2050
5.350000e-3,1.64637,2043
5.352000e-3,1.65846,2058
5.354000e-3,1.65201,2050
5.356000e-3,1.65040,2048
5.358000e-3,1.65685,2056
5.360000e-3,1.65201,2050
5.362000e-3,1.65282,2051
5.364000e-3,1.65524,2054
5.366000e-3,1.66410,2065
5.368000e-3,1.65927,2059
5.370000e-3,1.65040,2048
5.372000e-3,1.71326,2126
5.374000e-3,1.65443,2053
5.376000e-3,1.65201,2050
5.378000e-3,1.66007,2060
5.380000e-3,1.65685,2056
5.382000e-3,1.64718,2044
5.384000e-3,1.65846,2058
5.386000e-3,1.65685,2056
5.388000e-3,1.64396,2040
5.390000e-3,1.65766,2057
5.392000e-3,1.66007,2060
5.394000e-3,1.64718,2044
5.396000e-3,1.65363,2052
5.398000e-3,1.65443,2053
5.400000e-3,1.65201,2050
5.402000e-3,1.65363,2052
5.404000e-3,1.66330,2064
5.406000e-3,1.65524,2054
5.408000e-3,1.65201,2050
5.410000e-3,1.65766,2057
5.412000e-3,1.65846,2058
5.414000e-3,1.65040,2048
5.416000e-3,1.65766,2057
5.418000e-3,1.66088,2061
5.420000e-3,1.65040,2048
5.422000e-3,1.65685,2056
5.424000e-3,1.66330,2064
5.426000e-3,1.64315,2039
5.428000e-3,1.65363,2052
5.430000e-3,1.66330,2064
5.432000e-3,1.64557,2042
5.434000e-3,1.65927,2059
5.436000e-3,1.65524,2054
5.438000e-3,1.64799,2045
5.440000e-3,1.65282,2051
5.442000e-3,1.64799,2045
5.444000e-3,1.65121,2049
5.446000e-3,1.63590,2030
5.448000e-3,1.67136,2074
5.450000e-3,1.65443,2053
5.452000e-3,1.65201,2050
5.454000e-3,1.66571,2067
5.456000e-3,1.65604,2055
5.458000e-3,1.65121,2049
5.460000e-3,1.66007,2060
5.462000e-3,1.65766,2057
5.464000e-3,1.64396,2040
5.466000e-3,1.65524,2054
5.468000e-3,1.65524,2054
5.470000e-3,1.64557,2042
5.472000e-3,1.65363,2052
5.474000e-3,1.66330,2064
5.476000e-3,1.65282,2051
5.478000e-3,1.65201,2050
5.480000e-3,1.66330,2064
5.482000e-3,1.65766,2057
5.484000e-3,1.65282,2051
5.486000e-3,1.66491,2066
5.488000e-3,1.66088,2061
5.490000e-3,1.65201,2050
5.492000e-3,1.66168,2062
5.494000e-3,1.65846,2058
5.496000e-3,1.63993,2035
5.498000e-3,1.66168,2062
5.500000e-3,1.66007,2060
5.502000e-3,1.64557,2042
5.504000e-3,1.65927,2059
5.506000e-3,1.65201,2050
5.508000e-3,1.64960,2047
5.510000e-3,1.66007,2060
5.512000e-3,1.65524,2054
5.514000e-3,1.65282,2051
5.516000e-3,1.65524,2054
5.518000e-3,1.65363,2052
5.520000e-3,1.65604,2055
5.522000e-3,1.65685,2056
5.524000e-3,1.66007,2060
5.526000e-3,1.66088,2061
5.528000e-3,1.64557,2042
5.530000e-3,1.70681,2118
5.532000e-3,1.65766,2057
5.534000e-3,1.62945,2022
5.536000e-3,1.65363,2052
5.538000e-3,1.65685,2056
5.540000e-3,1.65040,2048
5.542000e-3,1.65121,2049
5.544000e-3,1.66571,2067
5.546000e-3,1.65363,2052
5.548000e-3,1.65201,2050
5.550000e-3,1.66491,2066
5.552000e-3,1.65766,2057
5.554000e-3,1.65121,2049
5.556000e-3,1.65685,2056
5.558000e-3,1.66088,2061
5.560000e-3,1.64960,2047
5.562000e-3,1.65363,2052
5.564000e-3,1.66088,2061
5.566000e-3,1.64476,2041
5.568000e-3,1.65040,2048
5.570000e-3,1.66491,2066
5.572000e-3,1.64879,2046
5.574000e-3,1.64637,2043
5.576000e-3,1.66491,2066
5.578000e-3,1.65121,2049
5.580000e-3,1.65121,2049
5.582000e-3,1.67055,2073
5.584000e-3,1.65524,2054
5.586000e-3,1.65040,2048
5.588000e-3,1.66652,2068
5.590000e-3,1.65604,2055
5.592000e-3,1.65040,2048
5.594000e-3,1.64557,2042
5.596000e-3,1.65604,2055
5.598000e-3,1.64799,2045
5.600000e-3,1.65363,2052
5.602000e-3,1.65766,2057
5.604000e-3,1.64799,2045
5.606000e-3,1.70198,2112
5.608000e-3,1.66330,2064
5.610000e-3,1.65121,2049
5.612000e-3,1.65121,2049
5.614000e-3,1.66330,2064
5.616000e-3,1.65524,2054
5.618000e-3,1.65201,2050
5.620000e-3,1.65846,2058
5.622000e-3,1.65685,2056
5.624000e-3,1.64637,2043
5.626000e-3,1.65524,2054
5.628000e-3,1.65604,2055
5.630000e-3,1.64396,2040
5.632000e-3,1.65524,2054
5.634000e-3,1.65443,2053
5.636000e-3,1.64960,2047
5.638000e-3,1.65443,2053
5.640000e-3,1.66571,2067
5.642000e-3,1.65443,2053
5.644000e-3,1.65443,2053
5.646000e-3,1.66088,2061
5.648000e-3,1.65766,2057
5.650000e-3,1.65282,2051
5.652000e-3,1.65846,2058
5.654000e-3,1.66088,2061
5.656000e-3,1.65040,2048
5.658000e-3,1.65524,2054
5.660000e-3,1.65927,2059
5.662000e-3,1.65685,2056
5.664000e-3,1.64557,2042
5.666000e-3,1.66410,2065
5.668000e-3,1.65846,2058
5.670000e-3,1.64396,2040
5.672000e-3,1.66894,2071
5.674000e-3,1.66652,2068
5.676000e-3,1.64154,2037
5.678000e-3,1.65766,2057
5.680000e-3,1.65766,2057
5.682000e-3,1.65846,2058
5.684000e-3,1.65443,2053
5.686000e-3,1.65846,2058
5.688000e-3,1.64396,2040
5.690000e-3,1.65443,2053
5.692000e-3,1.65846,2058
5.694000e-3,1.64718,2044
5.696000e-3,1.65040,2048
5.698000e-3,1.66168,2062
5.700000e-3,1.65282,2051
5.702000e-3,1.65121,2049
5.704000e-3,1.66733,2069
5.706000e-3,1.66330,2064
5.708000e-3,1.65040,2048
5.710000e-3,1.66330,2064
5.712000e-3,1.65766,2057
5.714000e-3,1.63912,2034
5.716000e-3,1.65846,2058
5.718000e-3,1.65846,2058
5.720000e-3,1.63912,2034
5.722000e-3,1.65927,2059
5.724000e-3,1.65846,2058
5.726000e-3,1.64315,2039
5.728000e-3,1.65685,2056
5.730000e-3,1.66652,2068
5.732000e-3,1.64718,2044
5.734000e-3,1.65524,2054
5.736000e-3,1.66894,2071
5.738000e-3,1.65363,2052
5.740000e-3,1.65685,2056
5.742000e-3,1.65927,2059
5.744000e-3,1.65685,2056
5.746000e-3,1.64073,2036
5.748000e-3,1.65524,2054
5.750000e-3,1.65927,2059
5.752000e-3,1.63187,2025
5.754000e-3,1.64637,2043
5.756000e-3,1.66249,2063
5.758000e-3,1.66168,2062
5.760000e-3,1.65201,2050
5.762000e-3,1.66652,2068
5.764000e-3,1.70520,2116
5.766000e-3,1.65040,2048
5.768000e-3,1.66007,2060
5.770000e-3,1.66007,2060
5.772000e-3,1.64396,2040
5.774000e-3,1.65443,2053
5.776000e-3,1.65766,2057
5.778000e-3,1.64557,2042
5.780000e-3,1.65121,2049
5.782000e-3,1.66733,2069
5.784000e-3,1.65121,2049
5.786000e-3,1.64960,2047
5.788000e-3,1.66249,2063
5.790000e-3,1.65766,2057
5.792000e-3,1.64799,2045
5.794000e-3,1.65927,2059
5.796000e-3,1.66168,2062
5.798000e-3,1.64073,2036
5.800000e-3,1.65604,2055
5.802000e-3,1.66330,2064
5.804000e-3,1.64396,2040
5.806000e-3,1.65443,2053
5.808000e-3,1.65766,2057
5.810000e-3,1.64396,2040
5.812000e-3,1.65282,2051
5.814000e-3,1.66974,2072
5.816000e-3,1.64879,2046
5.818000e-3,1.65282,2051
5.820000e-3,1.66410,2065
5.822000e-3,1.64637,2043
5.824000e-3,1.65282,2051
5.826000e-3,1.66974,2072
5.828000e-3,1.65040,2048
5.830000e-3,1.65282,2051
5.832000e-3,1.67297,2076
5.834000e-3,1.65121,2049
5.836000e-3,1.64799,2045
5.838000e-3,1.65685,2056
5.840000e-3,1.67538,2079
5.842000e-3,1.64154,2037
5.844000e-3,1.65363,2052
5.846000e-3,1.65766,2057
5.848000e-3,1.64476,2041
5.850000e-3,1.65443,2053
5.852000e-3,1.65766,2057
5.854000e-3,1.64637,2043
5.856000e-3,1.65201,2050
5.858000e-3,1.66491,2066
5.860000e-3,1.65443,2053
5.862000e-3,1.65363,2052
5.864000e-3,1.66571,2067
5.866000e-3,1.65363,2052
5.868000e-3,1.65604,2055
5.870000e-3,1.66007,2060
5.872000e-3,1.65282,2051
5.874000e-3,1.64476,2041
5.876000e-3,1.65685,2056
5.878000e-3,1.65443,2053
5.880000e-3,1.64960,2047
5.882000e-3,1.65363,2052
5.884000e-3,1.65685,2056
5.886000e-3,1.65685,2056
5.888000e-3,1.65121,2049
5.890000e-3,1.66410,2065
5.892000e-3,1.65846,2058
5.894000e-3,1.65201,2050
5.896000e-3,1.66007,2060
5.898000e-3,1.66168,2062
5.900000e-3,1.65201,2050
5.902000e-3,1.66652,2068
5.904000e-3,1.65524,2054
5.906000e-3,1.64557,2042
5.908000e-3,1.65927,2059
5.910000e-3,1.64718,2044
5.912000e-3,1.63993,2035
5.914000e-3,1.63912,2034
5.916000e-3,1.65524,2054
5.918000e-3,1.65121,2049
5.920000e-3,1.65846,2058
5.922000e-3,1.66733,2069
5.924000e-3,1.65282,2051
5.926000e-3,1.65121,2049
5.928000e-3,1.66733,2069
5.930000e-3,1.65363,2052
5.932000e-3,1.65282,2051
5.934000e-3,1.66330,2064
5.936000e-3,1.65524,2054
5.938000e-3,1.64879,2046
5.940000e-3,1.65846,2058
5.942000e-3,1.66007,2060
5.944000e-3,1.64073,2036
5.946000e-3,1.65443,2053
5.948000e-3,1.66330,2064
5.950000e-3,1.64718,2044
5.952000e-3,1.65363,2052
5.954000e-3,1.66813,2070
5.956000e-3,1.65040,2048
5.958000e-3,1.65040,2048
5.960000e-3,1.66733,2069
5.962000e-3,1.64879,2046
5.964000e-3,1.65201,2050
5.966000e-3,1.66330,2064
5.968000e-3,1.65282,2051
5.970000e-3,1.65040,2048
5.972000e-3,1.66168,2062
5.974000e-3,1.65201,2050
5.976000e-3,1.63993,2035
5.978000e-3,1.65604,2055
5.980000e-3,1.65121,2049
5.982000e-3,1.64315,2039
5.984000e-3,1.65927,2059
5.986000e-3,1.66330,2064
5.988000e-3,1.63993,2035
5.990000e-3,1.65121,2049
5.992000e-3,1.66813,2070
5.994000e-3,1.64557,2042
5.996000e-3,1.65040,2048
5.998000e-3,1.66733,2069
6.000000e-3,1.66813,2070
6.002000e-3,1.65040,2048
6.004000e-3,1.65201,2050
6.006000e-3,1.66168,2062
6.008000e-3,1.65121,2049
6.010000e-3,1.61172,2000
6.012000e-3,1.65766,2057
6.014000e-3,1.64799,2045
6.016000e-3,1.65846,2058
6.018000e-3,1.65927,2059
6.020000e-3,1.64396,2040
6.022000e-3,1.65846,2058
6.024000e-3,1.65846,2058
6.026000e-3,1.64234,2038
6.028000e-3,1.65363,2052
6.030000e-3,1.65766,2057
6.032000e-3,1.64718,2044
6.034000e-3,1.64960,2047
6.036000e-3,1.65927,2059
6.038000e-3,1.65040,2048
6.040000e-3,1.64879,2046
6.042000e-3,1.66733,2069
6.044000e-3,1.65121,2049
6.046000e-3,1.64960,2047
6.048000e-3,1.66410,2065
6.050000e-3,1.65040,2048
6.052000e-3,1.65201,2050
6.054000e-3,1.66007,2060
6.056000e-3,1.65363,2052
6.058000e-3,1.64557,2042
6.060000e-3,1.65846,2058
6.062000e-3,1.65282,2051
6.064000e-3,1.64396,2040
6.066000e-3,1.65524,2054
6.068000e-3,1.65524,2054
6.070000e-3,1.64879,2046
6.072000e-3,1.65282,2051
6.074000e-3,1.65927,2059
6.076000e-3,1.63751,2032
6.078000e-3,1.65121,2049
6.080000e-3,1.66330,2064
6.082000e-3,1.64879,2046
6.084000e-3,1.65121,2049
6.086000e-3,1.66813,2070
6.088000e-3,1.69875,2108
6.090000e-3,1.64476,2041
6.092000e-3,1.66491,2066
6.094000e-3,1.65685,2056
6.096000e-3,1.65201,2050
6.098000e-3,1.66088,2061
6.100000e-3,1.65766,2057
6.102000e-3,1.65040,2048
6.104000e-3,1.65927,2059
6.106000e-3,1.65846,2058
6.108000e-3,1.64234,2038
6.110000e-3,1.65685,2056
6.112000e-3,1.65846,2058
6.114000e-3,1.64234,2038
6.116000e-3,1.65443,2053
6.118000e-3,1.65846,2058
6.120000e-3,1.64718,2044
6.122000e-3,1.65201,2050
6.124000e-3,1.65846,2058
6.126000e-3,1.65201,2050
6.128000e-3,1.65040,2048
6.130000e-3,1.66491,2066
6.132000e-3,1.65685,2056
6.134000e-3,1.64557,2042
6.136000e-3,1.66571,2067
6.138000e-3,1.65685,2056
6.140000e-3,1.64718,2044
6.142000e-3,1.66491,2066
6.144000e-3,1.65443,2053
6.146000e-3,1.64718,2044
6.148000e-3,1.66249,2063
6.150000e-3,1.65604,2055
6.152000e-3,1.64476,2041
6.154000e-3,1.66168,2062
6.156000e-3,1.65846,2058
6.158000e-3,1.63267,2026
6.160000e-3,1.65524,2054
6.162000e-3,1.66330,2064
6.164000e-3,1.64396,2040
6.166000e-3,1.65524,2054
6.168000e-3,1.66168,2062
6.170000e-3,1.65201,2050
6.172000e-3,1.65040,2048
6.174000e-3,1.66652,2068
6.176000e-3,1.65201,2050
6.178000e-3,1.65040,2048
6.180000e-3,1.66330,2064
6.182000e-3,1.65524,2054
6.184000e-3,1.64879,2046
6.186000e-3,1.66168,2062
6.188000e-3,1.65846,2058
6.190000e-3,1.65040,2048
6.192000e-3,1.66088,2061
6.194000e-3,1.65927,2059
6.196000e-3,1.64396,2040
6.198000e-3,1.66168,2062
6.200000e-3,1.65927,2059
6.202000e-3,1.63832,2033
6.204000e-3,1.65846,2058
6.206000e-3,1.65846,2058
6.208000e-3,1.64315,2039
6.210000e-3,1.65685,2056
6.212000e-3,1.66813,2070
6.214000e-3,1.64799,2045
6.216000e-3,1.65685,2056
6.218000e-3,1.66249,2063
6.220000e-3,1.65443,2053
6.222000e-3,1.65121,2049
6.224000e-3,1.65363,2052
6.226000e-3,1.65685,2056
6.228000e-3,1.64154,2037
6.230000e-3,1.65443,2053
6.232000e-3,1.65927,2059
6.234000e-3,1.63751,2032
6.236000e-3,1.65282,2051
6.238000e-3,1.66330,2064
6.240000e-3,1.66007,2060
6.242000e-3,1.65121,2049
6.244000e-3,1.66652,2068
6.246000e-3,1.70520,2116
6.248000e-3,1.65040,2048
6.250000e-3,1.66168,2062
6.252000e-3,1.65846,2058
6.254000e-3,1.64476,2041
6.256000e-3,1.65685,2056
6.258000e-3,1.65846,2058
6.260000e-3,1.64396,2040
6.262000e-3,1.65363,2052
6.264000e-3,1.65927,2059
6.266000e-3,1.64476,2041
6.268000e-3,1.64879,2046
6.270000e-3,1.66733,2069
6.272000e-3,1.65685,2056
6.274000e-3,1.65443,2053
6.276000e-3,1.66168,2062
6.278000e-3,1.65846,2058
6.280000e-3,1.64960,2047
6.282000e-3,1.65685,2056
6.284000e-3,1.66007,2060
6.286000e-3,1.65040,2048
6.288000e-3,1.65363,2052
6.290000e-3,1.66491,2066
6.292000e-3,1.65282,2051
6.294000e-3,1.65121,2049
6.296000e-3,1.67136,2074
6.298000e-3,1.65685,2056
6.300000e-3,1.65040,2048
6.302000e-3,1.66813,2070
6.304000e-3,1.65121,2049
6.306000e-3,1.65121,2049
6.308000e-3,1.66491,2066
6.310000e-3,1.65282,2051
6.312000e-3,1.64154,2037
6.314000e-3,1.66491,2066
6.316000e-3,1.65040,2048
6.318000e-3,1.64476,2041
6.320000e-3,1.65282,2051
6.322000e-3,1.67136,2074
6.324000e-3,1.64637,2043
6.326000e-3,1.65846,2058
6.328000e-3,1.66652,2068
6.330000e-3,1.65282,2051
6.332000e-3,1.65282,2051
6.334000e-3,1.66249,2063
6.336000e-3,1.65443,2053
6.338000e-3,1.64960,2047
6.340000e-3,1.65766,2057
6.342000e-3,1.65685,2056
6.344000e-3,1.64557,2042
6.346000e-3,1.65524,2054
6.348000e-3,1.65524,2054
6.350000e-3,1.65201,2050
6.352000e-3,1.65201,2050
6.354000e-3,1.66007,2060
6.356000e-3,1.65363,2052
6.358000e-3,1.65121,2049
6.360000e-3,1.66007,2060
6.362000e-3,1.66088,2061
6.364000e-3,1.65040,2048
6.366000e-3,1.65443,2053
6.368000e-3,1.66168,2062
6.370000e-3,1.64637,2043
6.372000e-3,1.65443,2053
6.374000e-3,1.66330,2064
6.376000e-3,1.64476,2041
6.378000e-3,1.65282,2051
6.380000e-3,1.66571,2067
6.382000e-3,1.65282,2051
6.384000e-3,1.65685,2056
6.386000e-3,1.66330,2064
6.388000e-3,1.65604,2055
6.390000e-3,1.65363,2052
6.392000e-3,1.64799,2045
6.394000e-3,1.65604,2055
6.396000e-3,1.62945,2022
6.398000e-3,1.66088,2061
6.400000e-3,1.66007,2060
6.402000e-3,1.64960,2047
6.404000e-3,1.65846,2058
6.406000e-3,1.65766,2057
6.408000e-3,1.64557,2042
6.410000e-3,1.65363,2052
6.412000e-3,1.65604,2055
6.414000e-3,1.64799,2045
6.416000e-3,1.65201,2050
6.418000e-3,1.65846,2058
6.420000e-3,1.64557,2042
6.422000e-3,1.65121,2049
6.424000e-3,1.66491,2066
6.426000e-3,1.65201,2050
6.428000e-3,1.65121,2049
6.430000e-3,1.66007,2060
6.432000e-3,1.66168,2062
6.434000e-3,1.65282,2051
6.436000e-3,1.66168,2062
6.438000e-3,1.66088,2061
6.440000e-3,1.64637,2043
6.442000e-3,1.65766,2057
6.444000e-3,1.66088,2061
6.446000e-3,1.64637,2043
6.448000e-3,1.66007,2060
6.450000e-3,1.66007,2060
6.452000e-3,1.64960,2047
6.454000e-3,1.65846,2058
6.456000e-3,1.65282,2051
6.458000e-3,1.65282,2051
6.460000e-3,1.65685,2056
6.462000e-3,1.66007,2060
6.464000e-3,1.65524,2054
6.466000e-3,1.65927,2059
6.468000e-3,1.64960,2047
6.470000e-3,1.65766,2057
6.472000e-3,1.65040,2048
6.474000e-3,1.65685,2056
6.476000e-3,1.66249,2063
6.478000e-3,1.64476,2041
6.480000e-3,1.70520,2116
6.482000e-3,1.65604,2055
6.484000e-3,1.65524,2054
6.486000e-3,1.65363,2052
6.488000e-3,1.65846,2058
6.490000e-3,1.65040,2048
6.492000e-3,1.65121,2049
6.494000e-3,1.66330,2064
6.496000e-3,1.65363,2052
6.498000e-3,1.65201,2050
6.500000e-3,1.66652,2068
6.502000e-3,1.65846,2058
6.504000e-3,1.65524,2054
6.506000e-3,1.65927,2059
6.508000e-3,1.66007,2060
6.510000e-3,1.64879,2046
6.512000e-3,1.65363,2052
6.514000e-3,1.66088,2061
6.516000e-3,1.64637,2043
6.518000e-3,1.65040,2048
6.520000e-3,1.66410,2065
6.522000e-3,1.65201,2050
6.524000e-3,1.64637,2043
6.526000e-3,1.67136,2074
6.528000e-3,1.65604,2055
6.530000e-3,1.65040,2048
6.532000e-3,1.66813,2070
6.534000e-3,1.65927,2059
6.536000e-3,1.65040,2048
6.538000e-3,1.66330,2064
6.540000e-3,1.65846,2058
6.542000e-3,1.65040,2048
6.544000e-3,1.65443,2053
6.546000e-3,1.65927,2059
6.548000e-3,1.64718,2044
6.550000e-3,1.64073,2036
6.552000e-3,1.66410,2065
6.554000e-3,1.63590,2030
6.556000e-3,1.65524,2054
6.558000e-3,1.66813,2070
6.560000e-3,1.65685,2056
6.562000e-3,1.65685,2056
6.564000e-3,1.66491,2066
6.566000e-3,1.65201,2050
6.568000e-3,1.65282,2051
6.570000e-3,1.66330,2064
6.572000e-3,1.65524,2054
6.574000e-3,1.65363,2052
6.576000e-3,1.66007,2060
6.578000e-3,1.65766,2057
6.580000e-3,1.64315,2039
6.582000e-3,1.65443,2053
6.584000e-3,1.65524,2054
6.586000e-3,1.64799,2045
6.588000e-3,1.65524,2054
6.590000e-3,1.66088,2061
6.592000e-3,1.65282,2051
6.594000e-3,1.65363,2052
6.596000e-3,1.66330,2064
6.598000e-3,1.65766,2057
6.600000e-3,1.65685,2056
6.602000e-3,1.65443,2053
6.604000e-3,1.65604,2055
6.606000e-3,1.65524,2054
6.608000e-3,1.65927,2059
6.610000e-3,1.65927,2059
6.612000e-3,1.64799,2045
6.614000e-3,1.64718,2044
6.616000e-3,1.65766,2057
6.618000e-3,1.65443,2053
6.620000e-3,1.64476,2041
6.622000e-3,1.66733,2069
6.624000e-3,1.66088,2061
6.626000e-3,1.63993,2035
6.628000e-3,1.66249,2063
6.630000e-3,1.66168,2062
6.632000e-3,1.64879,2046
6.634000e-3,1.66088,2061
6.636000e-3,1.65766,2057
6.638000e-3,1.69553,2104
6.640000e-3,1.65201,2050
6.642000e-3,1.66007,2060
6.644000e-3,1.64879,2046
6.646000e-3,1.65040,2048
6.648000e-3,1.66813,2070
6.650000e-3,1.65443,2053
6.652000e-3,1.65040,2048
6.654000e-3,1.66491,2066
6.656000e-3,1.65685,2056
6.658000e-3,1.65363,2052
6.660000e-3,1.66249,2063
6.662000e-3,1.65604,2055
6.664000e-3,1.64154,2037
6.666000e-3,1.66330,2064
6.668000e-3,1.65927,2059
6.670000e-3,1.63912,2034
6.672000e-3,1.65685,2056
6.674000e-3,1.65927,2059
6.676000e-3,1.64396,2040
6.678000e-3,1.65443,2053
6.680000e-3,1.66571,2067
6.682000e-3,1.64799,2045
6.684000e-3,1.65524,2054
6.686000e-3,1.66571,2067
6.688000e-3,1.65443,2053
6.690000e-3,1.65685,2056
6.692000e-3,1.65846,2058
6.694000e-3,1.65846,2058
6.696000e-3,1.64799,2045
6.698000e-3,1.65443,2053
6.700000e-3,1.65846,2058
6.702000e-3,1.63832,2033
6.704000e-3,1.65040,2048
6.706000e-3,1.67136,2074
6.708000e-3,1.65443,2053
6.710000e-3,1.64799,2045
6.712000e-3,1.66249,2063
6.714000e-3,1.70842,2120
6.716000e-3,1.64234,2038
6.718000e-3,1.65685,2056
6.720000e-3,1.65766,2057
6.722000e-3,1.64557,2042
6.724000e-3,1.65282,2051
6.726000e-3,1.66249,2063
6.728000e-3,1.65766,2057
6.730000e-3,1.65201,2050
6.732000e-3,1.66571,2067
6.734000e-3,1.65201,2050
6.736000e-3,1.65040,2048
6.738000e-3,1.66088,2061
6.740000e-3,1.65685,2056
6.742000e-3,1.64799,2045
6.744000e-3,1.65766,2057
6.746000e-3,1.66168,2062
6.748000e-3,1.64396,2040
6.750000e-3,1.65524,2054
6.752000e-3,1.66330,2064
6.754000e-3,1.64879,2046
6.756000e-3,1.65282,2051
6.758000e-3,1.66974,2072
6.760000e-3,1.65201,2050
6.762000e-3,1.65282,2051
6.764000e-3,1.66330,2064
6.766000e-3,1.65121,2049
6.768000e-3,1.64718,2044
6.770000e-3,1.65685,2056
6.772000e-3,1.65363,2052
6.774000e-3,1.64315,2039
6.776000e-3,1.65524,2054
6.778000e-3,1.65201,2050
6.780000e-3,1.64799,2045
6.782000e-3,1.66330,2064
6.784000e-3,1.65201,2050
6.786000e-3,1.64476,2041
6.788000e-3,1.65040,2048
6.790000e-3,1.67941,2084
6.792000e-3,1.65282,2051
6.794000e-3,1.65201,2050
6.796000e-3,1.66330,2064
6.798000e-3,1.65524,2054
6.800000e-3,1.65121,2049
6.802000e-3,1.65846,2058
6.804000e-3,1.65685,2056
6.806000e-3,1.64476,2041
6.808000e-3,1.65604,2055
6.810000e-3,1.65846,2058
6.812000e-3,1.64960,2047
6.814000e-3,1.65363,2052
6.816000e-3,1.66007,2060
6.818000e-3,1.65604,2055
6.820000e-3,1.64557,2042
6.822000e-3,1.66168,2062
6.824000e-3,1.65524,2054
6.826000e-3,1.65121,2049
6.828000e-3,1.65846,2058
6.830000e-3,1.66168,2062
6.832000e-3,1.65201,2050
6.834000e-3,1.65040,2048
6.836000e-3,1.66330,2064
6.838000e-3,1.64315,2039
6.840000e-3,1.65040,2048
6.842000e-3,1.66330,2064
6.844000e-3,1.64879,2046
6.846000e-3,1.65201,2050
6.848000e-3,1.66491,2066
6.850000e-3,1.65443,2053
6.852000e-3,1.65040,2048
6.854000e-3,1.66330,2064
6.856000e-3,1.65604,2055
6.858000e-3,1.65201,2050
6.860000e-3,1.64718,2044
6.862000e-3,1.65766,2057
6.864000e-3,1.64799,2045
6.866000e-3,1.66330,2064
6.868000e-3,1.65766,2057
6.870000e-3,1.65040,2048
6.872000e-3,1.70198,2112
6.874000e-3,1.66410,2065
6.876000e-3,1.65363,2052
6.878000e-3,1.65201,2050
6.880000e-3,1.66410,2065
6.882000e-3,1.65604,2055
6.884000e-3,1.64799,2045
6.886000e-3,1.65524,2054
6.888000e-3,1.66007,2060
6.890000e-3,1.64557,2042
6.892000e-3,1.65201,2050
6.894000e-3,1.65685,2056
6.896000e-3,1.64960,2047
6.898000e-3,1.65121,2049
6.900000e-3,1.66410,2065
6.902000e-3,1.65443,2053
6.904000e-3,1.65524,2054
6.906000e-3,1.66330,2064
6.908000e-3,1.65766,2057
6.910000e-3,1.65363,2052
6.912000e-3,1.65685,2056
6.914000e-3,1.65927,2059
6.916000e-3,1.64476,2041
6.918000e-3,1.65040,2048
6.920000e-3,1.65846,2058
6.922000e-3,1.64799,2045
6.924000e-3,1.64799,2045
6.926000e-3,1.65766,2057
6.928000e-3,1.64637,2043
6.930000e-3,1.64557,2042
6.932000e-3,1.66571,2067
6.934000e-3,1.65201,2050
6.936000e-3,1.64396,2040
6.938000e-3,1.66571,2067
6.940000e-3,1.65685,2056
6.942000e-3,1.63993,2035
6.944000e-3,1.65927,2059
6.946000e-3,1.66330,2064
6.948000e-3,1.64396,2040
6.950000e-3,1.65766,2057
6.952000e-3,1.66491,2066
6.954000e-3,1.64718,2044
6.956000e-3,1.65282,2051
6.958000e-3,1.65846,2058
6.960000e-3,1.64960,2047
6.962000e-3,1.65201,2050
6.964000e-3,1.66652,2068
6.966000e-3,1.65443,2053
6.968000e-3,1.65040,2048
6.970000e-3,1.66168,2062
6.972000e-3,1.65766,2057
6.974000e-3,1.65363,2052
6.976000e-3,1.66249,2063
6.978000e-3,1.65685,2056
6.980000e-3,1.63993,2035
6.982000e-3,1.66088,2061
6.984000e-3,1.65604,2055
6.986000e-3,1.69473,2103
6.988000e-3,1.65121,2049
6.990000e-3,1.66088,2061
6.992000e-3,1.64879,2046
6.994000e-3,1.65040,2048
6.996000e-3,1.66652,2068
6.998000e-3,1.65363,2052
7.000000e-3,1.65040,2048
7.002000e-3,1.65846,2058
7.004000e-3,1.65685,2056
7.006000e-3,1.65121,2049
7.008000e-3,1.66330,2064
7.010000e-3,1.65685,2056
7.012000e-3,1.64557,2042
7.014000e-3,1.66168,2062
7.016000e-3,1.65927,2059
7.018000e-3,1.63832,2033
7.020000e-3,1.66007,2060
7.022000e-3,1.65846,2058
7.024000e-3,1.63993,2035
7.026000e-3,1.65685,2056
7.028000e-3,1.65927,2059
7.030000e-3,1.64476,2041
7.032000e-3,1.65685,2056
7.034000e-3,1.66249,2063
7.036000e-3,1.65040,2048
7.038000e-3,1.65363,2052
7.040000e-3,1.66571,2067
7.042000e-3,1.65040,2048
7.044000e-3,1.65363,2052
7.046000e-3,1.66894,2071
7.048000e-3,1.65846,2058
7.050000e-3,1.63993,2035
7.052000e-3,1.65927,2059
7.054000e-3,1.66330,2064
7.056000e-3,1.65685,2056
7.058000e-3,1.66088,2061
7.060000e-3,1.66168,2062
7.062000e-3,1.70037,2110
7.064000e-3,1.65685,2056
7.066000e-3,1.65846,2058
7.068000e-3,1.64396,2040
7.070000e-3,1.65685,2056
7.072000e-3,1.65927,2059
7.074000e-3,1.64718,2044
7.076000e-3,1.65040,2048
7.078000e-3,1.66168,2062
7.080000e-3,1.65363,2052
7.082000e-3,1.65201,2050
7.084000e-3,1.66330,2064
7.086000e-3,1.65363,2052
7.088000e-3,1.65363,2052
7.090000e-3,1.66571,2067
7.092000e-3,1.65685,2056
7.094000e-3,1.65040,2048
7.096000e-3,1.66652,2068
7.098000e-3,1.65685,2056
7.100000e-3,1.65363,2052
7.102000e-3,1.66733,2069
7.104000e-3,1.65766,2057
7.106000e-3,1.65282,2051
7.108000e-3,1.66168,2062
7.110000e-3,1.65604,2055
7.112000e-3,1.65121,2049
7.114000e-3,1.66088,2061
7.116000e-3,1.65927,2059
7.118000e-3,1.64637,2043
7.120000e-3,1.64799,2045
7.122000e-3,1.65927,2059
7.124000e-3,1.65040,2048
7.126000e-3,1.64960,2047
7.128000e-3,1.65604,2055
7.130000e-3,1.65121,2049
7.132000e-3,1.66894,2071
7.134000e-3,1.65604,2055
7.136000e-3,1.64234,2038
7.138000e-3,1.66007,2060
7.140000e-3,1.66330,2064
7.142000e-3,1.60366,1990
7.144000e-3,1.65363,2052
7.146000e-3,1.66491,2066
7.148000e-3,1.65685,2056
7.150000e-3,1.65121,2049
7.152000e-3,1.66168,2062
7.154000e-3,1.65927,2059
7.156000e-3,1.64799,2045
7.158000e-3,1.65685,2056
7.160000e-3,1.65685,2056
7.162000e-3,1.64396,2040
7.164000e-3,1.65443,2053
7.166000e-3,1.65443,2053
7.168000e-3,1.64960,2047
7.170000e-3,1.65121,2049
7.172000e-3,1.66330,2064
7.174000e-3,1.65282,2051
7.176000e-3,1.65121,2049
7.178000e-3,1.66007,2060
7.180000e-3,1.65524,2054
7.182000e-3,1.64799,2045
7.184000e-3,1.65846,2058
7.186000e-3,1.65604,2055
7.188000e-3,1.64073,2036
7.190000e-3,1.65524,2054
7.192000e-3,1.65927,2059
7.194000e-3,1.64154,2037
7.196000e-3,1.65685,2056
7.198000e-3,1.65766,2057
7.200000e-3,1.64315,2039
7.202000e-3,1.65363,2052
7.204000e-3,1.66410,2065
7.206000e-3,1.65685,2056
7.208000e-3,1.64073,2036
7.210000e-3,1.66652,2068
7.212000e-3,1.65443,2053
7.214000e-3,1.66733,2069
7.216000e-3,1.66249,2063
7.218000e-3,1.65766,2057
7.220000e-3,1.65121,2049
7.222000e-3,1.65766,2057
7.224000e-3,1.65685,2056
7.226000e-3,1.64315,2039
7.228000e-3,1.65363,2052
7.230000e-3,1.65927,2059
7.232000e-3,1.64718,2044
7.234000e-3,1.65443,2053
7.236000e-3,1.66088,2061
7.238000e-3,1.65201,2050
7.240000e-3,1.65040,2048
7.242000e-3,1.67055,2073
7.244000e-3,1.65443,2053
7.246000e-3,1.64718,2044
7.248000e-3,1.66491,2066
7.250000e-3,1.65766,2057
7.252000e-3,1.64234,2038
7.254000e-3,1.66330,2064
7.256000e-3,1.65927,2059
7.258000e-3,1.63832,2033
7.260000e-3,1.65846,2058
7.262000e-3,1.65604,2055
7.264000e-3,1.64799,2045
7.266000e-3,1.65846,2058
7.268000e-3,1.66249,2063
7.270000e-3,1.65040,2048
7.272000e-3,1.65524,2054
7.274000e-3,1.66652,2068
7.276000e-3,1.66168,2062
7.278000e-3,1.64960,2047
7.280000e-3,1.66168,2062
7.282000e-3,1.65846,2058
7.284000e-3,1.63509,2029
7.286000e-3,1.66571,2067
7.288000e-3,1.64396,2040
7.290000e-3,1.65040,2048
7.292000e-3,1.65604,2055
7.294000e-3,1.66652,2068
7.296000e-3,1.65282,2051
7.298000e-3,1.65040,2048
7.300000e-3,1.66652,2068
7.302000e-3,1.65685,2056
7.304000e-3,1.65121,2049
7.306000e-3,1.66571,2067
7.308000e-3,1.65846,2058
7.310000e-3,1.64476,2041
7.312000e-3,1.65685,2056
7.314000e-3,1.65927,2059
7.316000e-3,1.64557,2042
7.318000e-3,1.65363,2052
7.320000e-3,1.65766,2057
7.322000e-3,1.65121,2049
7.324000e-3,1.64960,2047
7.326000e-3,1.66733,2069
7.328000e-3,1.65766,2057
7.330000e-3,1.65121,2049
7.332000e-3,1.66491,2066
7.334000e-3,1.66088,2061
7.336000e-3,1.64718,2044
7.338000e-3,1.65927,2059
7.340000e-3,1.66088,2061
7.342000e-3,1.63751,2032
7.344000e-3,1.65524,2054
7.346000e-3,1.66007,2060
7.348000e-3,1.64073,2036
7.350000e-3,1.65282,2051
7.352000e-3,1.65927,2059
7.354000e-3,1.64557,2042
7.356000e-3,1.65121,2049
7.358000e-3,1.66330,2064
7.360000e-3,1.65524,2054
7.362000e-3,1.64799,2045
7.364000e-3,1.67136,2074
7.366000e-3,1.64799,2045
7.368000e-3,1.64315,2039
7.370000e-3,1.65604,2055
7.372000e-3,1.70923,2121
7.374000e-3,1.64315,2039
7.376000e-3,1.65443,2053
7.378000e-3,1.66007,2060
7.380000e-3,1.65201,2050
7.382000e-3,1.65040,2048
7.384000e-3,1.66652,2068
7.386000e-3,1.65363,2052
7.388000e-3,1.65201,2050
7.390000e-3,1.66168,2062
7.392000e-3,1.66088,2061
7.394000e-3,1.64799,2045
7.396000e-3,1.65604,2055
7.398000e-3,1.65524,2054
7.400000e-3,1.64718,2044
7.402000e-3,1.65685,2056
7.404000e-3,1.65524,2054
7.406000e-3,1.64879,2046
7.408000e-3,1.65443,2053
7.410000e-3,1.65282,2051
7.412000e-3,1.65363,2052
7.414000e-3,1.65282,2051
7.416000e-3,1.66088,2061
7.418000e-3,1.65766,2057
7.420000e-3,1.65201,2050
7.422000e-3,1.66410,2065
7.424000e-3,1.66007,2060
7.426000e-3,1.65282,2051
7.428000e-3,1.65685,2056
7.430000e-3,1.66330,2064
7.432000e-3,1.64234,2038
7.434000e-3,1.66330,2064
7.436000e-3,1.65685,2056
7.438000e-3,1.64154,2037
7.440000e-3,1.65927,2059
7.442000e-3,1.64799,2045
7.444000e-3,1.65121,2049
7.446000e-3,1.63751,2032
7.448000e-3,1.66330,2064
7.450000e-3,1.65282,2051
7.452000e-3,1.65685,2056
7.454000e-3,1.66652,2068
7.456000e-3,1.65524,2054
7.458000e-3,1.65201,2050
7.460000e-3,1.66088,2061
7.462000e-3,1.65685,2056
7.464000e-3,1.64718,2044
7.466000e-3,1.65685,2056
7.468000e-3,1.65685,2056
7.470000e-3,1.64234,2038
7.472000e-3,1.65604,2055
7.474000e-3,1.66330,2064
7.476000e-3,1.64879,2046
7.478000e-3,1.65363,2052
7.480000e-3,1.66007,2060
7.482000e-3,1.65685,2056
7.484000e-3,1.65201,2050
7.486000e-3,1.66652,2068
7.488000e-3,1.66168,2062
7.490000e-3,1.65121,2049
7.492000e-3,1.66652,2068
7.494000e-3,1.66007,2060
7.496000e-3,1.64476,2041
7.498000e-3,1.66088,2061
7.500000e-3,1.66330,2064
7.502000e-3,1.64960,2047
7.504000e-3,1.66088,2061
7.506000e-3,1.65685,2056
7.508000e-3,1.65282,2051
7.510000e-3,1.65766,2057
7.512000e-3,1.66088,2061
7.514000e-3,1.65443,2053
7.516000e-3,1.65201,2050
7.518000e-3,1.65121,2049
7.520000e-3,1.65604,2055
7.522000e-3,1.65443,2053
7.524000e-3,1.65685,2056
7.526000e-3,1.66249,2063
7.528000e-3,1.64315,2039
7.530000e-3,1.70520,2116
7.532000e-3,1.65766,2057
7.534000e-3,1.64476,2041
7.536000e-3,1.65201,2050
7.538000e-3,1.65766,2057
7.540000e-3,1.64799,2045
7.542000e-3,1.65201,2050
7.544000e-3,1.66330,2064
7.546000e-3,1.65282,2051
7.548000e-3,1.65363,2052
7.550000e-3,1.66652,2068
7.552000e-3,1.65685,2056
7.554000e-3,1.65443,2053
7.556000e-3,1.65846,2058
7.558000e-3,1.66168,2062
7.560000e-3,1.65524,2054
7.562000e-3,1.65363,2052
7.564000e-3,1.66330,2064
7.566000e-3,1.64315,2039
7.568000e-3,1.64718,2044
7.570000e-3,1.66330,2064
7.572000e-3,1.64799,2045
7.574000e-3,1.65040,2048
7.576000e-3,1.66974,2072
7.578000e-3,1.65282,2051
7.580000e-3,1.65040,2048
7.582000e-3,1.66974,2072
7.584000e-3,1.65604,2055
7.586000e-3,1.65121,2049
7.588000e-3,1.65846,2058
7.590000e-3,1.65766,2057
7.592000e-3,1.64396,2040
7.594000e-3,1.64396,2040
7.596000e-3,1.65846,2058
7.598000e-3,1.65040,2048
7.600000e-3,1.66410,2065
7.602000e-3,1.65766,2057
7.604000e-3,1.65201,2050
7.606000e-3,1.70278,2113
7.608000e-3,1.65927,2059
7.610000e-3,1.65363,2052
7.612000e-3,1.65121,2049
7.614000e-3,1.66330,2064
7.616000e-3,1.65040,2048
7.618000e-3,1.65201,2050
7.620000e-3,1.66007,2060
7.622000e-3,1.65927,2059
7.624000e-3,1.64557,2042
7.626000e-3,1.65282,2051
7.628000e-3,1.65766,2057
7.630000e-3,1.64637,2043
7.632000e-3,1.65363,2052
7.634000e-3,1.65927,2059
7.636000e-3,1.65201,2050
7.638000e-3,1.65524,2054
7.640000e-3,1.66491,2066
7.642000e-3,1.65443,2053
7.644000e-3,1.65363,2052
7.646000e-3,1.66894,2071
7.648000e-3,1.65604,2055
7.650000e-3,1.65685,2056
7.652000e-3,1.66088,2061
7.654000e-3,1.66007,2060
7.656000e-3,1.65040,2048
7.658000e-3,1.65443,2053
7.660000e-3,1.65766,2057
7.662000e-3,1.65363,2052
7.664000e-3,1.64476,2041
7.666000e-3,1.66733,2069
7.668000e-3,1.66168,2062
7.670000e-3,1.64396,2040
7.672000e-3,1.67055,2073
7.674000e-3,1.66491,2066
7.676000e-3,1.64476,2041
7.678000e-3,1.65443,2053
7.680000e-3,1.65685,2056
7.682000e-3,1.66007,2060
7.684000e-3,1.65604,2055
7.686000e-3,1.65846,2058
7.688000e-3,1.64557,2042
7.690000e-3,1.65282,2051
7.692000e-3,1.66007,2060
7.694000e-3,1.65201,2050
7.696000e-3,1.65040,2048
7.698000e-3,1.66652,2068
7.700000e-3,1.65363,2052
7.702000e-3,1.65201,2050
7.704000e-3,1.66813,2070
7.706000e-3,1.65685,2056
7.708000e-3,1.65040,2048
7.710000e-3,1.66491,2066
7.712000e-3,1.65766,2057
7.714000e-3,1.64234,2038
7.716000e-3,1.65846,2058
7.718000e-3,1.65927,2059
7.720000e-3,1.64154,2037
7.722000e-3,1.65766,2057
7.724000e-3,1.65927,2059
7.726000e-3,1.64396,2040
7.728000e-3,1.65685,2056
7.730000e-3,1.66249,2063
7.732000e-3,1.64718,2044
7.734000e-3,1.65282,2051
7.736000e-3,1.66733,2069
7.738000e-3,1.65040,2048
7.740000e-3,1.65363,2052
7.742000e-3,1.66249,2063
7.744000e-3,1.65040,2048
7.746000e-3,1.64960,2047
7.748000e-3,1.65846,2058
7.750000e-3,1.65846,2058
7.752000e-3,1.63429,2028
7.754000e-3,1.65524,2054
7.756000e-3,1.65927,2059
7.758000e-3,1.64879,2046
7.760000e-3,1.65524,2054
7.762000e-3,1.66410,2065
7.764000e-3,1.65524,2054
7.766000e-3,1.65040,2048
7.768000e-3,1.66491,2066
7.770000e-3,1.65524,2054
7.772000e-3,1.65121,2049
7.774000e-3,1.66652,2068
7.776000e-3,1.65524,2054
7.778000e-3,1.65040,2048
7.780000e-3,1.66088,2061
7.782000e-3,1.65766,2057
7.784000e-3,1.65201,2050
7.786000e-3,1.65604,2055
7.788000e-3,1.65766,2057
7.790000e-3,1.64557,2042
7.792000e-3,1.65685,2056
7.794000e-3,1.65927,2059
7.796000e-3,1.65201,2050
7.798000e-3,1.65201,2050
7.800000e-3,1.66249,2063
7.802000e-3,1.65524,2054
7.804000e-3,1.64879,2046
7.806000e-3,1.66491,2066
7.808000e-3,1.65766,2057
7.810000e-3,1.64637,2043
7.812000e-3,1.66007,2060
7.814000e-3,1.65766,2057
7.816000e-3,1.64557,2042
7.818000e-3,1.65766,2057
7.820000e-3,1.65604,2055
7.822000e-3,1.64073,2036
7.824000e-3,1.65685,2056
7.826000e-3,1.65685,2056
7.828000e-3,1.63832,2033
7.830000e-3,1.65282,2051
7.832000e-3,1.66571,2067
7.834000e-3,1.64154,2037
7.836000e-3,1.65040,2048
7.838000e-3,1.66491,2066
7.840000e-3,1.66974,2072
7.842000e-3,1.64879,2046
7.844000e-3,1.66571,2067
7.846000e-3,1.65604,2055
7.848000e-3,1.65121,2049
7.850000e-3,1.66330,2064
7.852000e-3,1.65685,2056
7.854000e-3,1.64718,2044
7.856000e-3,1.65846,2058
7.858000e-3,1.66007,2060
7.860000e-3,1.64799,2045
7.862000e-3,1.65685,2056
7.864000e-3,1.65846,2058
7.866000e-3,1.64557,2042
7.868000e-3,1.65685,2056
7.870000e-3,1.66249,2063
7.872000e-3,1.64637,2043
7.874000e-3,1.65363,2052
7.876000e-3,1.66571,2067
7.878000e-3,1.65040,2048
7.880000e-3,1.65766,2057
7.882000e-3,1.66249,2063
7.884000e-3,1.65121,2049
7.886000e-3,1.65604,2055
7.888000e-3,1.66088,2061
7.890000e-3,1.65685,2056
7.892000e-3,1.65121,2049
7.894000e-3,1.65846,2058
7.896000e-3,1.65766,2057
7.898000e-3,1.64960,2047
7.900000e-3,1.65443,2053
7.902000e-3,1.66330,2064
7.904000e-3,1.64396,2040
7.906000e-3,1.65121,2049
7.908000e-3,1.66974,2072
7.910000e-3,1.64476,2041
7.912000e-3,1.65040,2048
7.914000e-3,1.65524,2054
7.916000e-3,1.66088,2061
7.918000e-3,1.65121,2049
7.920000e-3,1.61495,2004
7.922000e-3,1.65524,2054
7.924000e-3,1.65040,2048
7.926000e-3,1.66410,2065
7.928000e-3,1.65766,2057
7.930000e-3,1.64396,2040
7.932000e-3,1.65927,2059
7.934000e-3,1.65927,2059
7.936000e-3,1.64396,2040
7.938000e-3,1.65363,2052
7.940000e-3,1.65846,2058
7.942000e-3,1.65040,2048
7.944000e-3,1.64960,2047
7.946000e-3,1.66410,2065
7.948000e-3,1.65443,2053
7.950000e-3,1.64960,2047
7.952000e-3,1.66491,2066
7.954000e-3,1.66088,2061
7.956000e-3,1.65121,2049
7.958000e-3,1.66168,2062
7.960000e-3,1.66007,2060
7.962000e-3,1.63912,2034
7.964000e-3,1.65766,2057
7.966000e-3,1.65846,2058
7.968000e-3,1.64154,2037
7.970000e-3,1.65363,2052
7.972000e-3,1.65927,2059
7.974000e-3,1.64476,2041
7.976000e-3,1.65282,2051
7.978000e-3,1.66410,2065
7.980000e-3,1.64718,2044
7.982000e-3,1.65201,2050
7.984000e-3,1.66652,2068
7.986000e-3,1.65524,2054
7.988000e-3,1.65201,2050
7.990000e-3,1.66088,2061
7.992000e-3,1.65846,2058
7.994000e-3,1.64718,2044
7.996000e-3,1.65685,2056
7.998000e-3,1.65363,2052
8.000000e-3,1.64879,2046
8.002000e-3,1.65282,2051
8.004000e-3,1.65766,2057
8.006000e-3,1.65363,2052
8.008000e-3,1.65040,2048
8.010000e-3,1.65846,2058
8.012000e-3,1.66007,2060
8.014000e-3,1.65282,2051
8.016000e-3,1.65846,2058
8.018000e-3,1.66088,2061
8.020000e-3,1.64799,2045
8.022000e-3,1.65524,2054
8.024000e-3,1.66330,2064
8.026000e-3,1.64315,2039
8.028000e-3,1.65040,2048
8.030000e-3,1.66491,2066
8.032000e-3,1.65121,2049
8.034000e-3,1.65766,2057
8.036000e-3,1.66652,2068
8.038000e-3,1.65282,2051
8.040000e-3,1.65201,2050
8.042000e-3,1.65282,2051
8.044000e-3,1.65282,2051
8.046000e-3,1.63590,2030
8.048000e-3,1.66007,2060
8.050000e-3,1.66088,2061
8.052000e-3,1.65040,2048
8.054000e-3,1.65685,2056
8.056000e-3,1.65604,2055
8.058000e-3,1.64718,2044
8.060000e-3,1.65363,2052
8.062000e-3,1.66007,2060
8.064000e-3,1.65040,2048
8.066000e-3,1.65201,2050
8.068000e-3,1.66330,2064
8.070000e-3,1.65685,2056
8.072000e-3,1.65201,2050
8.074000e-3,1.66088,2061
8.076000e-3,1.65524,2054
8.078000e-3,1.64960,2047
8.080000e-3,1.66330,2064
8.082000e-3,1.65685,2056
8.084000e-3,1.64476,2041
8.086000e-3,1.65846,2058
8.088000e-3,1.65685,2056
8.090000e-3,1.64637,2043
8.092000e-3,1.65363,2052
8.094000e-3,1.65685,2056
8.096000e-3,1.65363,2052
8.098000e-3,1.65685,2056
8.100000e-3,1.66168,2062
8.102000e-3,1.65443,2053
8.104000e-3,1.65685,2056
8.106000e-3,1.65524,2054
8.108000e-3,1.65282,2051
8.110000e-3,1.64879,2046
8.112000e-3,1.65201,2050
8.114000e-3,1.65927,2059
8.116000e-3,1.64154,2037
8.118000e-3,1.65524,2054
8.120000e-3,1.65766,2057
8.122000e-3,1.65927,2059
8.124000e-3,1.64718,2044
8.126000e-3,1.65443,2053
8.128000e-3,1.65040,2048
8.130000e-3,1.70359,2114
8.132000e-3,1.66410,2065
8.134000e-3,1.65443,2053
8.136000e-3,1.65201,2050
8.138000e-3,1.66410,2065
8.140000e-3,1.65685,2056
8.142000e-3,1.65524,2054
8.144000e-3,1.66168,2062
8.146000e-3,1.65846,2058
8.148000e-3,1.65282,2051
8.150000e-3,1.66088,2061
8.152000e-3,1.65927,2059
8.154000e-3,1.64315,2039
8.156000e-3,1.65201,2050
8.158000e-3,1.66330,2064
8.160000e-3,1.64637,2043
8.162000e-3,1.65040,2048
8.164000e-3,1.66007,2060
8.166000e-3,1.64960,2047
8.168000e-3,1.64879,2046
8.170000e-3,1.65846,2058
8.172000e-3,1.65282,2051
8.174000e-3,1.64799,2045
8.176000e-3,1.66652,2068
8.178000e-3,1.65604,2055
8.180000e-3,1.64637,2043
8.182000e-3,1.66330,2064
8.184000e-3,1.65927,2059
8.186000e-3,1.63670,2031
8.188000e-3,1.65685,2056
8.190000e-3,1.65604,2055
8.192000e-3,1.65040,2048
8.194000e-3,1.63993,2035
8.196000e-3,1.66249,2063
8.198000e-3,1.65685,2056
8.200000e-3,1.64960,2047
8.202000e-3,1.66571,2067
8.204000e-3,1.65443,2053
8.206000e-3,1.70198,2112
8.208000e-3,1.66410,2065
8.210000e-3,1.65846,2058
8.212000e-3,1.64879,2046
8.214000e-3,1.65766,2057
8.216000e-3,1.65846,2058
8.218000e-3,1.64396,2040
8.220000e-3,1.65363,2052
8.222000e-3,1.65766,2057
8.224000e-3,1.64960,2047
8.226000e-3,1.65121,2049
8.228000e-3,1.66168,2062
8.230000e-3,1.65363,2052
8.232000e-3,1.65282,2051
8.234000e-3,1.66652,2068
8.236000e-3,1.65685,2056
8.238000e-3,1.65040,2048
8.240000e-3,1.66491,2066
8.242000e-3,1.65846,2058
8.244000e-3,1.64557,2042
8.246000e-3,1.66088,2061
8.248000e-3,1.65927,2059
8.250000e-3,1.64637,2043
8.252000e-3,1.65524,2054
8.254000e-3,1.65927,2059
8.256000e-3,1.65443,2053
8.258000e-3,1.65363,2052
8.260000e-3,1.66733,2069
8.262000e-3,1.65685,2056
8.264000e-3,1.64557,2042
8.266000e-3,1.66249,2063
8.268000e-3,1.66168,2062
8.270000e-3,1.64396,2040
8.272000e-3,1.66088,2061
8.274000e-3,1.66410,2065
8.276000e-3,1.63187,2025
8.278000e-3,1.65443,2053
8.280000e-3,1.66330,2064
8.282000e-3,1.64396,2040
8.284000e-3,1.65282,2051
8.286000e-3,1.65766,2057
8.288000e-3,1.69956,2109
8.290000e-3,1.65040,2048
8.292000e-3,1.66330,2064
8.294000e-3,1.65282,2051
8.296000e-3,1.65040,2048
8.298000e-3,1.67136,2074
8.300000e-3,1.65524,2054
8.302000e-3,1.65040,2048
8.304000e-3,1.66330,2064
8.306000e-3,1.65766,2057
8.308000e-3,1.65282,2051
8.310000e-3,1.66168,2062
8.312000e-3,1.65927,2059
8.314000e-3,1.64396,2040
8.316000e-3,1.66007,2060
8.318000e-3,1.65846,2058
8.320000e-3,1.63912,2034
8.322000e-3,1.65524,2054
8.324000e-3,1.65846,2058
8.326000e-3,1.64396,2040
8.328000e-3,1.65685,2056
8.330000e-3,1.66249,2063
8.332000e-3,1.64799,2045
8.334000e-3,1.65524,2054
8.336000e-3,1.66813,2070
8.338000e-3,1.65363,2052
8.340000e-3,1.65685,2056
8.342000e-3,1.66410,2065
8.344000e-3,1.65201,2050
8.346000e-3,1.64960,2047
8.348000e-3,1.65201,2050
8.350000e-3,1.66007,2060
8.352000e-3,1.63751,2032
8.354000e-3,1.65282,2051
8.356000e-3,1.66330,2064
8.358000e-3,1.64557,2042
8.360000e-3,1.65201,2050
8.362000e-3,1.66088,2061
8.364000e-3,1.70198,2112
8.366000e-3,1.65040,2048
8.368000e-3,1.66652,2068
8.370000e-3,1.65604,2055
8.372000e-3,1.65040,2048
8.374000e-3,1.66168,2062
8.376000e-3,1.65766,2057
8.378000e-3,1.64637,2043
8.380000e-3,1.65927,2059
8.382000e-3,1.65846,2058
8.384000e-3,1.63590,2030
8.386000e-3,1.65443,2053
8.388000e-3,1.65766,2057
8.390000e-3,1.64476,2041
8.392000e-3,1.65201,2050
8.394000e-3,1.65927,2059
8.396000e-3,1.65363,2052
8.398000e-3,1.65121,2049
8.400000e-3,1.66652,2068
8.402000e-3,1.66088,2061
8.404000e-3,1.65121,2049
8.406000e-3,1.66249,2063
8.408000e-3,1.66007,2060
8.410000e-3,1.64718,2044
8.412000e-3,1.65766,2057
8.414000e-3,1.65927,2059
8.416000e-3,1.63993,2035
8.418000e-3,1.65363,2052
8.420000e-3,1.65846,2058
8.422000e-3,1.64396,2040
8.424000e-3,1.65282,2051
8.426000e-3,1.66571,2067
8.428000e-3,1.64799,2045
8.430000e-3,1.65201,2050
8.432000e-3,1.66491,2066
8.434000e-3,1.64718,2044
8.436000e-3,1.65201,2050
8.438000e-3,1.66330,2064
8.440000e-3,1.65685,2056
8.442000e-3,1.65040,2048
8.444000e-3,1.66330,2064
8.446000e-3,1.70842,2120
8.448000e-3,1.64315,2039
8.450000e-3,1.65363,2052
8.452000e-3,1.66652,2068
8.454000e-3,1.65282,2051
8.456000e-3,1.65121,2049
8.458000e-3,1.66410,2065
8.460000e-3,1.65363,2052
8.462000e-3,1.65201,2050
8.464000e-3,1.66088,2061
8.466000e-3,1.65846,2058
8.468000e-3,1.64154,2037
8.470000e-3,1.65604,2055
8.472000e-3,1.65846,2058
8.474000e-3,1.64799,2045
8.476000e-3,1.65201,2050
8.478000e-3,1.65766,2057
8.480000e-3,1.65766,2057
8.482000e-3,1.65201,2050
8.484000e-3,1.66652,2068
8.486000e-3,1.66088,2061
8.488000e-3,1.65282,2051
8.490000e-3,1.66168,2062
8.492000e-3,1.66007,2060
8.494000e-3,1.64637,2043
8.496000e-3,1.66330,2064
8.498000e-3,1.66007,2060
8.500000e-3,1.64637,2043
8.502000e-3,1.65766,2057
8.504000e-3,1.65363,2052
8.506000e-3,1.65201,2050
8.508000e-3,1.65524,2054
8.510000e-3,1.65846,2058
8.512000e-3,1.65604,2055
8.514000e-3,1.65766,2057
8.516000e-3,1.65524,2054
8.518000e-3,1.65604,2055
8.520000e-3,1.65040,2048
8.522000e-3,1.67297,2076
8.524000e-3,1.65766,2057
8.526000e-3,1.63912,2034
8.528000e-3,1.65282,2051
8.530000e-3,1.65766,2057
8.532000e-3,1.65121,2049
8.534000e-3,1.65121,2049
8.536000e-3,1.66491,2066
8.538000e-3,1.65363,2052
8.540000e-3,1.65282,2051
8.542000e-3,1.66410,2065
8.544000e-3,1.65846,2058
8.546000e-3,1.65363,2052
8.548000e-3,1.65846,2058
8.550000e-3,1.65685,2056
8.552000e-3,1.64557,2042
8.554000e-3,1.65524,2054
8.556000e-3,1.65604,2055
8.558000e-3,1.64476,2041
8.560000e-3,1.65201,2050
8.562000e-3,1.65443,2053
8.564000e-3,1.65040,2048
8.566000e-3,1.64718,2044
8.568000e-3,1.66491,2066
8.570000e-3,1.65282,2051
8.572000e-3,1.64637,2043
8.574000e-3,1.66410,2065
8.576000e-3,1.65846,2058
8.578000e-3,1.64718,2044
8.580000e-3,1.66652,2068
8.582000e-3,1.65685,2056
8.584000e-3,1.64799,2045
8.586000e-3,1.66491,2066
8.588000e-3,1.65604,2055
8.590000e-3,1.65201,2050
8.592000e-3,1.64557,2042
8.594000e-3,1.65927,2059
8.596000e-3,1.64718,2044
8.598000e-3,1.65524,2054
8.600000e-3,1.66088,2061
8.602000e-3,1.65040,2048
8.604000e-3,1.70359,2114
8.606000e-3,1.66168,2062
8.608000e-3,1.65363,2052
8.610000e-3,1.65121,2049
8.612000e-3,1.66330,2064
8.614000e-3,1.65685,2056
8.616000e-3,1.65363,2052
8.618000e-3,1.65766,2057
8.620000e-3,1.65846,2058
8.622000e-3,1.64799,2045
8.624000e-3,1.65685,2056
8.626000e-3,1.65685,2056
8.628000e-3,1.64637,2043
8.630000e-3,1.65040,2048
8.632000e-3,1.66330,2064
8.634000e-3,1.65282,2051
8.636000e-3,1.65604,2055
8.638000e-3,1.67136,2074
8.640000e-3,1.65604,2055
8.642000e-3,1.65121,2049
8.644000e-3,1.66813,2070
8.646000e-3,1.65766,2057
8.648000e-3,1.65604,2055
8.650000e-3,1.66168,2062
8.652000e-3,1.65604,2055
8.654000e-3,1.65040,2048
8.656000e-3,1.65524,2054
8.658000e-3,1.65282,2051
8.660000e-3,1.65363,2052
8.662000e-3,1.64637,2043
8.664000e-3,1.65766,2057
8.666000e-3,1.65363,2052
8.668000e-3,1.64637,2043
8.670000e-3,1.66571,2067
8.672000e-3,1.65040,2048
8.674000e-3,1.64154,2037
8.676000e-3,1.66249,2063
8.678000e-3,1.65846,2058
8.680000e-3,1.65201,2050
8.682000e-3,1.66733,2069
8.684000e-3,1.66007,2060
8.686000e-3,1.70278,2113
8.688000e-3,1.65927,2059
8.690000e-3,1.65685,2056
8.692000e-3,1.64396,2040
8.694000e-3,1.65443,2053
8.696000e-3,1.66007,2060
8.698000e-3,1.64718,2044
8.700000e-3,1.65201,2050
8.702000e-3,1.66088,2061
8.704000e-3,1.65363,2052
8.706000e-3,1.65201,2050
8.708000e-3,1.66894,2071
8.710000e-3,1.65766,2057
8.712000e-3,1.64718,2044
8.714000e-3,1.66330,2064
8.716000e-3,1.65846,2058
8.718000e-3,1.64396,2040
8.720000e-3,1.66088,2061
8.722000e-3,1.65846,2058
8.724000e-3,1.64073,2036
8.726000e-3,1.65766,2057
8.728000e-3,1.65927,2059
8.730000e-3,1.64476,2041
8.732000e-3,1.65524,2054
8.734000e-3,1.66249,2063
8.736000e-3,1.65604,2055
8.738000e-3,1.65766,2057
8.740000e-3,1.66007,2060
8.742000e-3,1.65685,2056
8.744000e-3,1.64073,2036
8.746000e-3,1.65604,2055
8.748000e-3,1.66088,2061
8.750000e-3,1.63429,2028
8.752000e-3,1.65282,2051
8.754000e-3,1.66491,2066
8.756000e-3,1.66410,2065
8.758000e-3,1.65121,2049
8.760000e-3,1.66410,2065
8.762000e-3,1.70359,2114
8.764000e-3,1.65121,2049
8.766000e-3,1.66007,2060
8.768000e-3,1.65846,2058
8.770000e-3,1.64396,2040
8.772000e-3,1.65363,2052
8.774000e-3,1.65685,2056
8.776000e-3,1.64718,2044
8.778000e-3,1.65282,2051
8.780000e-3,1.66491,2066
8.782000e-3,1.65040,2048
8.784000e-3,1.65040,2048
8.786000e-3,1.66571,2067
8.788000e-3,1.65685,2056
8.790000e-3,1.64960,2047
8.792000e-3,1.66249,2063
8.794000e-3,1.66007,2060
8.796000e-3,1.64557,2042
8.798000e-3,1.65846,2058
8.800000e-3,1.66249,2063
8.802000e-3,1.64315,2039
8.804000e-3,1.65524,2054
8.806000e-3,1.66007,2060
8.808000e-3,1.64637,2043
8.810000e-3,1.65201,2050
8.812000e-3,1.66974,2072
8.814000e-3,1.64960,2047
8.816000e-3,1.65443,2053
8.818000e-3,1.66330,2064
8.820000e-3,1.64960,2047
8.822000e-3,1.65201,2050
8.824000e-3,1.65766,2057
8.826000e-3,1.65363,2052
8.828000e-3,1.64315,2039
8.830000e-3,1.65282,2051
8.832000e-3,1.64154,2037
8.834000e-3,1.64315,2039
8.836000e-3,1.65040,2048
8.838000e-3,1.65685,2056
8.840000e-3,1.65121,2049
8.842000e-3,1.65363,2052
8.844000e-3,1.71245,2125
8.846000e-3,1.65121,2049
8.848000e-3,1.65201,2050
8.850000e-3,1.66007,2060
8.852000e-3,1.65766,2057
8.854000e-3,1.64234,2038
8.856000e-3,1.65685,2056
8.858000e-3,1.65685,2056
8.860000e-3,1.64476,2041
8.862000e-3,1.65524,2054
8.864000e-3,1.65766,2057
8.866000e-3,1.65040,2048
8.868000e-3,1.65282,2051
8.870000e-3,1.66410,2065
8.872000e-3,1.65927,2059
8.874000e-3,1.65282,2051
8.876000e-3,1.65846,2058
8.878000e-3,1.66168,2062
8.880000e-3,1.64718,2044
8.882000e-3,1.65121,2049
8.884000e-3,1.66330,2064
8.886000e-3,1.64718,2044
8.888000e-3,1.64718,2044
8.890000e-3,1.66733,2069
8.892000e-3,1.65282,2051
8.894000e-3,1.65040,2048
8.896000e-3,1.66974,2072
8.898000e-3,1.65604,2055
8.900000e-3,1.65040,2048
8.902000e-3,1.66007,2060
8.904000e-3,1.65604,2055
8.906000e-3,1.64557,2042
8.908000e-3,1.64396,2040
8.910000e-3,1.65927,2059
8.912000e-3,1.65121,2049
8.914000e-3,1.65524,2054
8.916000e-3,1.65927,2059
8.918000e-3,1.65363,2052
8.920000e-3,1.65363,2052
8.922000e-3,1.66571,2067
8.924000e-3,1.65363,2052
8.926000e-3,1.65282,2051
8.928000e-3,1.66571,2067
8.930000e-3,1.65524,2054
8.932000e-3,1.65121,2049
8.934000e-3,1.66007,2060
8.936000e-3,1.65685,2056
8.938000e-3,1.64476,2041
8.940000e-3,1.65443,2053
8.942000e-3,1.65604,2055
8.944000e-3,1.64637,2043
8.946000e-3,1.65363,2052
8.948000e-3,1.66330,2064
8.950000e-3,1.65201,2050
8.952000e-3,1.65282,2051
8.954000e-3,1.67136,2074
8.956000e-3,1.65604,2055
8.958000e-3,1.65363,2052
8.960000e-3,1.66491,2066
8.962000e-3,1.65846,2058
8.964000e-3,1.64799,2045
8.966000e-3,1.65685,2056
8.968000e-3,1.65282,2051
8.970000e-3,1.65040,2048
8.972000e-3,1.65685,2056
8.974000e-3,1.65927,2059
8.976000e-3,1.65685,2056
8.978000e-3,1.64557,2042
8.980000e-3,1.65927,2059
8.982000e-3,1.66007,2060
8.984000e-3,1.65040,2048
8.986000e-3,1.66491,2066
8.988000e-3,1.65524,2054
8.990000e-3,1.65040,2048
8.992000e-3,1.66007,2060
8.994000e-3,1.65846,2058
8.996000e-3,1.64396,2040
8.998000e-3,1.65766,2057
9.000000e-3,1.65927,2059
9.002000e-3,1.64396,2040
9.004000e-3,1.65685,2056
9.006000e-3,1.65846,2058
9.008000e-3,1.64396,2040
9.010000e-3,1.65685,2056
9.012000e-3,1.66571,2067
9.014000e-3,1.64718,2044
9.016000e-3,1.65685,2056
9.018000e-3,1.66733,2069
9.020000e-3,1.65040,2048
9.022000e-3,1.65846,2058
9.024000e-3,1.65604,2055
9.026000e-3,1.65524,2054
9.028000e-3,1.64396,2040
9.030000e-3,1.65604,2055
9.032000e-3,1.65846,2058
9.034000e-3,1.64637,2043
9.036000e-3,1.65766,2057
9.038000e-3,1.66007,2060
9.040000e-3,1.63993,2035
9.042000e-3,1.64879,2046
9.044000e-3,1.66813,2070
9.046000e-3,1.66813,2070
9.048000e-3,1.65282,2051
9.050000e-3,1.66007,2060
9.052000e-3,1.70842,2120
9.054000e-3,1.64154,2037
9.056000e-3,1.65282,2051
9.058000e-3,1.65927,2059
9.060000e-3,1.64396,2040
9.062000e-3,1.65443,2053
9.064000e-3,1.65766,2057
9.066000e-3,1.64557,2042
9.068000e-3,1.65524,2054
9.070000e-3,1.66491,2066
9.072000e-3,1.65040,2048
9.074000e-3,1.64879,2046
9.076000e-3,1.66410,2065
9.078000e-3,1.65685,2056
9.080000e-3,1.64960,2047
9.082000e-3,1.65927,2059
9.084000e-3,1.66088,2061
9.086000e-3,1.64154,2037
9.088000e-3,1.65524,2054
9.090000e-3,1.66168,2062
9.092000e-3,1.64476,2041
9.094000e-3,1.65282,2051
9.096000e-3,1.66007,2060
9.098000e-3,1.64476,2041
9.100000e-3,1.65201,2050
9.102000e-3,1.66974,2072
9.104000e-3,1.64799,2045
9.106000e-3,1.65121,2049
9.108000e-3,1.66088,2061
9.110000e-3,1.64879,2046
9.112000e-3,1.63993,2035
9.114000e-3,1.65201,2050
9.116000e-3,1.65282,2051
9.118000e-3,1.63993,2035
9.120000e-3,1.65443,2053
9.122000e-3,1.64799,2045
9.124000e-3,1.65282,2051
9.126000e-3,1.65363,2052
9.128000e-3,1.66330,2064
9.130000e-3,1.65524,2054
9.132000e-3,1.65282,2051
9.134000e-3,1.71004,2122
9.136000e-3,1.65443,2053
9.138000e-3,1.64396,2040
9.140000e-3,1.65524,2054
9.142000e-3,1.65766,2057
9.144000e-3,1.64476,2041
9.146000e-3,1.65363,2052
9.148000e-3,1.65604,2055
9.150000e-3,1.65040,2048
9.152000e-3,1.65040,2048
9.154000e-3,1.66652,2068
9.156000e-3,1.65201,2050
9.158000e-3,1.65040,2048
9.160000e-3,1.66330,2064
9.162000e-3,1.66007,2060
9.164000e-3,1.64396,2040
9.166000e-3,1.65685,2056
9.168000e-3,1.66088,2061
9.170000e-3,1.65040,2048
9.172000e-3,1.65363,2052
9.174000e-3,1.67216,2075
9.176000e-3,1.65604,2055
9.178000e-3,1.65685,2056
9.180000e-3,1.66330,2064
9.182000e-3,1.65846,2058
9.184000e-3,1.65363,2052
9.186000e-3,1.66007,2060
9.188000e-3,1.65927,2059
9.190000e-3,1.65121,2049
9.192000e-3,1.64718,2044
9.194000e-3,1.66410,2065
9.196000e-3,1.65846,2058
9.198000e-3,1.64557,2042
9.200000e-3,1.66571,2067
9.202000e-3,1.65685,2056
9.204000e-3,1.63993,2035
9.206000e-3,1.65927,2059
9.208000e-3,1.65685,2056
9.210000e-3,1.64154,2037
9.212000e-3,1.65927,2059
9.214000e-3,1.66007,2060
9.216000e-3,1.70278,2113
9.218000e-3,1.64799,2045
9.220000e-3,1.66813,2070
9.222000e-3,1.65443,2053
9.224000e-3,1.65121,2049
9.226000e-3,1.65927,2059
9.228000e-3,1.65766,2057
9.230000e-3,1.64154,2037
9.232000e-3,1.65685,2056
9.234000e-3,1.65846,2058
9.236000e-3,1.64718,2044
9.238000e-3,1.65524,2054
9.240000e-3,1.66249,2063
9.242000e-3,1.65040,2048
9.244000e-3,1.65524,2054
9.246000e-3,1.66652,2068
9.248000e-3,1.65121,2049
9.250000e-3,1.65685,2056
9.252000e-3,1.66088,2061
9.254000e-3,1.65282,2051
9.256000e-3,1.64879,2046
9.258000e-3,1.65604,2055
9.260000e-3,1.65201,2050
9.262000e-3,1.65201,2050
9.264000e-3,1.65443,2053
9.266000e-3,1.65766,2057
9.268000e-3,1.65282,2051
9.270000e-3,1.64637,2043
9.272000e-3,1.66410,2065
9.274000e-3,1.65363,2052
9.276000e-3,1.65121,2049
9.278000e-3,1.65927,2059
9.280000e-3,1.64637,2043
9.282000e-3,1.64476,2041
9.284000e-3,1.65201,2050
9.286000e-3,1.67136,2074
9.288000e-3,1.65282,2051
9.290000e-3,1.65121,2049
9.292000e-3,1.71648,2130
9.294000e-3,1.65443,2053
9.296000e-3,1.65363,2052
9.298000e-3,1.66007,2060
9.300000e-3,1.65846,2058
9.302000e-3,1.64396,2040
9.304000e-3,1.65685,2056
9.306000e-3,1.65766,2057
9.308000e-3,1.64799,2045
9.310000e-3,1.65201,2050
9.312000e-3,1.66733,2069
9.314000e-3,1.64879,2046
9.316000e-3,1.65201,2050
9.318000e-3,1.66491,2066
9.320000e-3,1.65927,2059
9.322000e-3,1.64960,2047
9.324000e-3,1.65846,2058
9.326000e-3,1.66249,2063
9.328000e-3,1.64637,2043
9.330000e-3,1.65443,2053
9.332000e-3,1.66733,2069
9.334000e-3,1.65443,2053
9.336000e-3,1.65604,2055
9.338000e-3,1.66652,2068
9.340000e-3,1.65766,2057
9.342000e-3,1.65524,2054
9.344000e-3,1.65927,2059
9.346000e-3,1.65927,2059
9.348000e-3,1.65121,2049
9.350000e-3,1.64718,2044
9.352000e-3,1.65927,2059
9.354000e-3,1.65363,2052
9.356000e-3,1.64557,2042
9.358000e-3,1.65927,2059
9.360000e-3,1.66330,2064
9.362000e-3,1.64396,2040
9.364000e-3,1.66571,2067
9.366000e-3,1.65604,2055
9.368000e-3,1.66974,2072
9.370000e-3,1.66330,2064
9.372000e-3,1.66007,2060
9.374000e-3,1.64557,2042
9.376000e-3,1.65282,2051
9.378000e-3,1.65846,2058
9.380000e-3,1.64960,2047
9.382000e-3,1.65040,2048
9.384000e-3,1.66652,2068
9.386000e-3,1.65363,2052
9.388000e-3,1.65201,2050
9.390000e-3,1.66491,2066
9.392000e-3,1.65846,2058
9.394000e-3,1.64396,2040
9.396000e-3,1.66007,2060
9.398000e-3,1.65927,2059
9.400000e-3,1.63912,2034
9.402000e-3,1.65685,2056
9.404000e-3,1.65685,2056
9.406000e-3,1.64476,2041
9.408000e-3,1.65685,2056
9.410000e-3,1.66571,2067
9.412000e-3,1.64637,2043
9.414000e-3,1.65524,2054
9.416000e-3,1.66652,2068
9.418000e-3,1.65363,2052
9.420000e-3,1.65443,2053
9.422000e-3,1.65927,2059
9.424000e-3,1.65766,2057
9.426000e-3,1.64637,2043
9.428000e-3,1.65282,2051
9.430000e-3,1.65685,2056
9.432000e-3,1.64396,2040
9.434000e-3,1.65282,2051
9.436000e-3,1.66330,2064
9.438000e-3,1.63912,2034
9.440000e-3,1.65282,2051
9.442000e-3,1.66813,2070
9.444000e-3,1.65766,2057
9.446000e-3,1.65282,2051
9.448000e-3,1.66974,2072
9.450000e-3,1.66007,2060
9.452000e-3,1.65121,2049
9.454000e-3,1.65685,2056
9.456000e-3,1.65927,2059
9.458000e-3,1.64557,2042
9.460000e-3,1.65524,2054
9.462000e-3,1.65766,2057
9.464000e-3,1.65040,2048
9.466000e-3,1.65201,2050
9.468000e-3,1.66652,2068
9.470000e-3,1.65443,2053
9.472000e-3,1.64960,2047
9.474000e-3,1.66168,2062
9.476000e-3,1.66330,2064
9.478000e-3,1.64476,2041
9.480000e-3,1.65604,2055
9.482000e-3,1.66168,2062
9.484000e-3,1.64718,2044
9.486000e-3,1.65201,2050
9.488000e-3,1.66974,2072
9.490000e-3,1.65363,2052
9.492000e-3,1.65201,2050
9.494000e-3,1.66330,2064
9.496000e-3,1.65201,2050
9.498000e-3,1.64557,2042
9.500000e-3,1.65766,2057
9.502000e-3,1.65363,2052
9.504000e-3,1.64557,2042
9.506000e-3,1.65201,2050
9.508000e-3,1.65363,2052
9.510000e-3,1.65201,2050
9.512000e-3,1.65040,2048
9.514000e-3,1.65927,2059
9.516000e-3,1.65604,2055
9.518000e-3,1.66007,2060
9.520000e-3,1.65363,2052
9.522000e-3,1.65604,2055
9.524000e-3,1.64396,2040
9.526000e-3,1.67136,2074
9.528000e-3,1.66330,2064
9.530000e-3,1.64799,2045
9.532000e-3,1.65121,2049
9.534000e-3,1.66571,2067
9.536000e-3,1.65363,2052
9.538000e-3,1.65201,2050
9.540000e-3,1.66168,2062
9.542000e-3,1.65846,2058
9.544000e-3,1.64879,2046
9.546000e-3,1.65846,2058
9.548000e-3,1.66088,2061
9.550000e-3,1.64476,2041
9.552000e-3,1.65040,2048
9.554000e-3,1.66168,2062
9.556000e-3,1.65201,2050
9.558000e-3,1.65040,2048
9.560000e-3,1.66330,2064
9.562000e-3,1.65604,2055
9.564000e-3,1.64718,2044
9.566000e-3,1.65846,2058
9.568000e-3,1.65846,2058
9.570000e-3,1.63832,2033
9.572000e-3,1.65524,2054
9.574000e-3,1.65927,2059
9.576000e-3,1.64234,2038
9.578000e-3,1.65685,2056
9.580000e-3,1.66571,2067
9.582000e-3,1.64799,2045
9.584000e-3,1.65363,2052
9.586000e-3,1.66410,2065
9.588000e-3,1.65927,2059
9.590000e-3,1.63187,2025
9.592000e-3,1.65604,2055
9.594000e-3,1.66330,2064
9.596000e-3,1.64637,2043
9.598000e-3,1.65604,2055
9.600000e-3,1.67619,2080
9.602000e-3,1.70359,2114
9.604000e-3,1.64315,2039
9.606000e-3,1.66330,2064
9.608000e-3,1.65685,2056
9.610000e-3,1.64799,2045
9.612000e-3,1.65766,2057
9.614000e-3,1.66007,2060
9.616000e-3,1.64234,2038
9.618000e-3,1.65443,2053
9.620000e-3,1.65927,2059
9.622000e-3,1.65121,2049
9.624000e-3,1.64960,2047
9.626000e-3,1.66652,2068
9.628000e-3,1.65685,2056
9.630000e-3,1.65524,2054
9.632000e-3,1.66249,2063
9.634000e-3,1.65524,2054
9.636000e-3,1.64799,2045
9.638000e-3,1.65846,2058
9.640000e-3,1.66007,2060
9.642000e-3,1.64960,2047
9.644000e-3,1.65363,2052
9.646000e-3,1.66007,2060
9.648000e-3,1.65363,2052
9.650000e-3,1.65121,2049
9.652000e-3,1.67055,2073
9.654000e-3,1.65927,2059
9.656000e-3,1.64960,2047
9.658000e-3,1.66330,2064
9.660000e-3,1.65121,2049
9.662000e-3,1.64315,2039
9.664000e-3,1.66007,2060
9.666000e-3,1.65201,2050
9.668000e-3,1.64960,2047
9.670000e-3,1.65685,2056
9.672000e-3,1.65524,2054
9.674000e-3,1.65040,2048
9.676000e-3,1.65524,2054
9.678000e-3,1.66168,2062
9.680000e-3,1.66088,2061
9.682000e-3,1.65040,2048
9.684000e-3,1.70842,2120
9.686000e-3,1.65524,2054
9.688000e-3,1.64718,2044
9.690000e-3,1.65121,2049
9.692000e-3,1.66652,2068
9.694000e-3,1.65604,2055
9.696000e-3,1.65201,2050
9.698000e-3,1.65766,2057
9.700000e-3,1.65927,2059
9.702000e-3,1.64396,2040
9.704000e-3,1.65443,2053
9.706000e-3,1.66007,2060
9.708000e-3,1.64960,2047
9.710000e-3,1.65040,2048
9.712000e-3,1.67055,2073
9.714000e-3,1.65443,2053
9.716000e-3,1.65040,2048
9.718000e-3,1.66330,2064
9.720000e-3,1.65846,2058
9.722000e-3,1.63912,2034
9.724000e-3,1.65927,2059
9.726000e-3,1.65604,2055
9.728000e-3,1.64396,2040
9.730000e-3,1.65282,2051
9.732000e-3,1.66491,2066
9.734000e-3,1.65040,2048
9.736000e-3,1.65524,2054
9.738000e-3,1.66249,2063
9.740000e-3,1.65201,2050
9.742000e-3,1.64637,2043
9.744000e-3,1.65604,2055
9.746000e-3,1.65927,2059
9.748000e-3,1.63509,2029
9.750000e-3,1.65927,2059
9.752000e-3,1.66491,2066
9.754000e-3,1.64960,2047
9.756000e-3,1.65282,2051
9.758000e-3,1.66652,2068
9.760000e-3,1.70520,2116
9.762000e-3,1.65040,2048
9.764000e-3,1.65846,2058
9.766000e-3,1.66007,2060
9.768000e-3,1.64396,2040
9.770000e-3,1.65363,2052
9.772000e-3,1.65846,2058
9.774000e-3,1.65040,2048
9.776000e-3,1.65201,2050
9.778000e-3,1.66894,2071
9.780000e-3,1.65604,2055
9.782000e-3,1.64960,2047
9.784000e-3,1.66007,2060
9.786000e-3,1.66330,2064
9.788000e-3,1.64476,2041
9.790000e-3,1.65604,2055
9.792000e-3,1.66007,2060
9.794000e-3,1.65282,2051
9.796000e-3,1.65201,2050
9.798000e-3,1.66330,2064
9.800000e-3,1.65766,2057
9.802000e-3,1.65201,2050
9.804000e-3,1.66652,2068
9.806000e-3,1.66007,2060
9.808000e-3,1.64960,2047
9.810000e-3,1.66168,2062
9.812000e-3,1.66007,2060
9.814000e-3,1.64315,2039
9.816000e-3,1.65846,2058
9.818000e-3,1.65121,2049
9.820000e-3,1.64879,2046
9.822000e-3,1.65685,2056
9.824000e-3,1.65927,2059
9.826000e-3,1.65443,2053
9.828000e-3,1.65282,2051
9.830000e-3,1.64799,2045
9.832000e-3,1.65927,2059
9.834000e-3,1.64799,2045
9.836000e-3,1.65282,2051
9.838000e-3,1.66088,2061
9.840000e-3,1.64476,2041
9.842000e-3,1.70037,2110
9.844000e-3,1.66249,2063
9.846000e-3,1.65363,2052
9.848000e-3,1.65201,2050
9.850000e-3,1.66330,2064
9.852000e-3,1.65685,2056
9.854000e-3,1.64637,2043
9.856000e-3,1.65363,2052
9.858000e-3,1.65846,2058
9.860000e-3,1.64637,2043
9.862000e-3,1.65363,2052
9.864000e-3,1.66652,2068
9.866000e-3,1.65363,2052
9.868000e-3,1.65040,2048
9.870000e-3,1.66894,2071
9.872000e-3,1.65604,2055
9.874000e-3,1.64637,2043
9.876000e-3,1.66652,2068
9.878000e-3,1.65846,2058
9.880000e-3,1.64476,2041
9.882000e-3,1.66330,2064
9.884000e-3,1.66007,2060
9.886000e-3,1.63912,2034
9.888000e-3,1.66007,2060
9.890000e-3,1.65927,2059
9.892000e-3,1.64799,2045
9.894000e-3,1.65766,2057
9.896000e-3,1.66813,2070
9.898000e-3,1.65363,2052
9.900000e-3,1.64960,2047
9.902000e-3,1.66088,2061
9.904000e-3,1.65766,2057
9.906000e-3,1.64557,2042
9.908000e-3,1.65766,2057
9.910000e-3,1.65766,2057
9.912000e-3,1.69392,2102
9.914000e-3,1.65282,2051
9.916000e-3,1.65766,2057
9.918000e-3,1.64637,2043
9.920000e-3,1.65121,2049
9.922000e-3,1.65846,2058
9.924000e-3,1.65121,2049
9.926000e-3,1.65040,2048
9.928000e-3,1.66733,2069
9.930000e-3,1.65685,2056
9.932000e-3,1.65282,2051
9.934000e-3,1.66491,2066
9.936000e-3,1.65604,2055
9.938000e-3,1.65040,2048
9.940000e-3,1.66330,2064
9.942000e-3,1.65846,2058
9.944000e-3,1.63993,2035
9.946000e-3,1.65846,2058
9.948000e-3,1.66491,2066
9.950000e-3,1.63832,2033
9.952000e-3,1.66007,2060
9.954000e-3,1.65927,2059
9.956000e-3,1.64234,2038
9.958000e-3,1.65685,2056
9.960000e-3,1.66571,2067
9.962000e-3,1.65040,2048
9.964000e-3,1.65685,2056
9.966000e-3,1.67216,2075
9.968000e-3,1.65443,2053
9.970000e-3,1.65282,2051
9.972000e-3,1.66249,2063
9.974000e-3,1.66410,2065
9.976000e-3,1.64960,2047
9.978000e-3,1.65282,2051
9.980000e-3,1.66088,2061
9.982000e-3,1.63267,2026
9.984000e-3,1.65201,2050
9.986000e-3,1.65766,2057
9.988000e-3,1.64718,2044
9.990000e-3,1.65121,2049
9.992000e-3,1.66652,2068
9.994000e-3,1.65685,2056
9.996000e-3,1.65443,2053
9.998000e-3,1.66410,2065
1.000000e-2,1.66088,2061
1.000200e-2,1.65121,2049
1.000400e-2,1.66007,2060
1.000600e-2,1.66088,2061
1.000800e-2,1.64557,2042
1.001000e-2,1.65766,2057
1.001200e-2,1.66007,2060
1.001400e-2,1.63832,2033
1.001600e-2,1.65685,2056
1.001800e-2,1.65846,2058
1.002000e-2,1.63993,2035
1.002200e-2,1.65443,2053
1.002400e-2,1.65685,2056
1.002600e-2,1.64234,2038
1.002800e-2,1.65443,2053
1.003000e-2,1.66491,2066
1.003200e-2,1.64960,2047
1.003400e-2,1.65282,2051
1.003600e-2,1.67377,2077
1.003800e-2,1.64960,2047
1.004000e-2,1.65121,2049
1.004200e-2,1.66168,2062
1.004400e-2,1.67136,2074
1.004600e-2,1.63912,2034
1.004800e-2,1.65685,2056
1.005000e-2,1.65846,2058
1.005200e-2,1.64476,2041
1.005400e-2,1.65524,2054
1.005600e-2,1.65766,2057
1.005800e-2,1.64557,2042
1.006000e-2,1.65443,2053
1.006200e-2,1.66088,2061
1.006400e-2,1.65201,2050
1.006600e-2,1.65363,2052
1.006800e-2,1.66571,2067
1.007000e-2,1.65201,2050
1.007200e-2,1.65443,2053
1.007400e-2,1.66168,2062
1.007600e-2,1.65040,2048
1.007800e-2,1.64960,2047
1.008000e-2,1.65846,2058
1.008200e-2,1.65363,2052
1.008400e-2,1.64879,2046
1.008600e-2,1.65524,2054
1.008800e-2,1.65282,2051
1.009000e-2,1.65443,2053
1.009200e-2,1.65282,2051
1.009400e-2,1.65846,2058
1.009600e-2,1.65685,2056
1.009800e-2,1.65282,2051
1.010000e-2,1.66571,2067
1.010200e-2,1.65846,2058
1.010400e-2,1.65282,2051
1.010600e-2,1.66813,2070
1.010800e-2,1.65524,2054
1.011000e-2,1.64557,2042
1.011200e-2,1.65685,2056
1.011400e-2,1.64557,2042
1.011600e-2,1.64557,2042
1.011800e-2,1.63912,2034
1.012000e-2,1.66088,2061
1.012200e-2,1.65363,2052
1.012400e-2,1.65846,2058
1.012600e-2,1.66894,2071
1.012800e-2,1.65524,2054
1.013000e-2,1.65363,2052
1.013200e-2,1.66007,2060
1.013400e-2,1.65604,2055
1.013600e-2,1.64557,2042
1.013800e-2,1.65685,2056
1.014000e-2,1.66088,2061
1.014200e-2,1.64234,2038
1.014400e-2,1.65363,2052
1.014600e-2,1.65685,2056
1.014800e-2,1.64718,2044
1.015000e-2,1.65201,2050
1.015200e-2,1.66410,2065
1.015400e-2,1.65040,2048
1.015600e-2,1.65040,2048
1.015800e-2,1.66974,2072
1.016000e-2,1.65363,2052
1.016200e-2,1.65282,2051
1.016400e-2,1.66491,2066
1.016600e-2,1.65846,2058
1.016800e-2,1.64637,2043
1.017000e-2,1.66168,2062
1.017200e-2,1.65927,2059
1.017400e-2,1.64637,2043
1.017600e-2,1.66007,2060
1.017800e-2,1.65121,2049
1.018000e-2,1.64637,2043
1.018200e-2,1.65685,2056
1.018400e-2,1.65927,2059
1.018600e-2,1.65524,2054
1.018800e-2,1.65766,2057
1.019000e-2,1.65121,2049
1.019200e-2,1.65604,2055
1.019400e-2,1.65363,2052
1.019600e-2,1.65685,2056
1.019800e-2,1.66249,2063
1.020000e-2,1.64476,2041
1.020200e-2,1.70520,2116
1.020400e-2,1.66168,2062
1.020600e-2,1.64799,2045
1.020800e-2,1.65121,2049
1.021000e-2,1.66652,2068
1.021200e-2,1.65524,2054
1.021400e-2,1.65201,2050
1.021600e-2,1.66007,2060
1.021800e-2,1.65443,2053
1.022000e-2,1.65201,2050
1.022200e-2,1.66007,2060
1.022400e-2,1.66088,2061
1.022600e-2,1.64476,2041
1.022800e-2,1.65121,2049
1.023000e-2,1.66168,2062
1.023200e-2,1.64960,2047
1.023400e-2,1.64799,2045
1.023600e-2,1.66007,2060
1.023800e-2,1.65121,2049
1.024000e-2,1.64718,2044
1.024200e-2,1.67216,2075
1.024400e-2,1.65604,2055
1.024600e-2,1.64637,2043
1.024800e-2,1.66813,2070
1.025000e-2,1.65604,2055
1.025200e-2,1.65040,2048
1.025400e-2,1.66168,2062
1.025600e-2,1.65766,2057
1.025800e-2,1.63912,2034
1.026000e-2,1.65846,2058
1.026200e-2,1.65604,2055
1.026400e-2,1.65040,2048
1.026600e-2,1.63912,2034
1.026800e-2,1.66571,2067
1.027000e-2,1.65604,2055
1.027200e-2,1.64960,2047
1.027400e-2,1.66249,2063
1.027600e-2,1.65766,2057
1.027800e-2,1.69553,2104
1.028000e-2,1.65604,2055
1.028200e-2,1.65927,2059
1.028400e-2,1.64396,2040
1.028600e-2,1.65443,2053
1.028800e-2,1.65766,2057
1.029000e-2,1.64718,2044
1.029200e-2,1.65040,2048
1.029400e-2,1.66410,2065
1.029600e-2,1.65282,2051
1.029800e-2,1.65201,2050
1.030000e-2,1.66410,2065
1.030200e-2,1.65443,2053
1.030400e-2,1.65201,2050
1.030600e-2,1.66571,2067
1.030800e-2,1.65766,2057
1.031000e-2,1.65363,2052
1.031200e-2,1.66652,2068
1.031400e-2,1.66088,2061
1.031600e-2,1.64396,2040
1.031800e-2,1.65927,2059
1.032000e-2,1.65846,2058
1.032200e-2,1.64799,2045
1.032400e-2,1.65685,2056
1.032600e-2,1.65927,2059
1.032800e-2,1.65604,2055
1.033000e-2,1.65282,2051
1.033200e-2,1.66733,2069
1.033400e-2,1.66007,2060
1.033600e-2,1.64557,2042
1.033800e-2,1.66894,2071
1.034000e-2,1.66330,2064
1.034200e-2,1.64960,2047
1.034400e-2,1.66088,2061
1.034600e-2,1.65685,2056
1.034800e-2,1.65363,2052
1.035000e-2,1.65443,2053
1.035200e-2,1.64557,2042
1.035400e-2,1.65363,2052
1.035600e-2,1.65121,2049
1.035800e-2,1.66733,2069
1.036000e-2,1.65443,2053
1.036200e-2,1.65040,2048
1.036400e-2,1.66733,2069
1.036600e-2,1.65766,2057
1.036800e-2,1.65121,2049
1.037000e-2,1.66330,2064
1.037200e-2,1.65927,2059
1.037400e-2,1.64073,2036
1.037600e-2,1.65524,2054
1.037800e-2,1.65927,2059
1.038000e-2,1.64879,2046
1.038200e-2,1.64960,2047
1.038400e-2,1.66571,2067
1.038600e-2,1.65121,2049
1.038800e-2,1.64879,2046
1.039000e-2,1.66491,2066
1.039200e-2,1.65685,2056
1.039400e-2,1.65121,2049
1.039600e-2,1.65927,2059
1.039800e-2,1.65282,2051
1.040000e-2,1.64073,2036
1.040200e-2,1.65604,2055
1.040400e-2,1.65363,2052
1.040600e-2,1.64960,2047
1.040800e-2,1.65282,2051
1.041000e-2,1.65685,2056
1.041200e-2,1.65443,2053
1.041400e-2,1.65201,2050
1.041600e-2,1.66007,2060
1.041800e-2,1.65604,2055
1.042000e-2,1.65201,2050
1.042200e-2,1.66088,2061
1.042400e-2,1.64476,2041
1.042600e-2,1.63670,2031
1.042800e-2,1.65524,2054
1.043000e-2,1.71004,2122
1.043200e-2,1.64476,2041
1.043400e-2,1.65282,2051
1.043600e-2,1.66652,2068
1.043800e-2,1.65282,2051
1.044000e-2,1.65040,2048
1.044200e-2,1.66410,2065
1.044400e-2,1.65443,2053
1.044600e-2,1.64718,2044
1.044800e-2,1.65846,2058
1.045000e-2,1.65766,2057
1.045200e-2,1.64960,2047
1.045400e-2,1.65282,2051
1.045600e-2,1.66007,2060
1.045800e-2,1.66007,2060
1.046000e-2,1.65121,2049
1.046200e-2,1.65766,2057
1.046400e-2,1.65927,2059
1.046600e-2,1.64960,2047
1.046800e-2,1.65443,2053
1.047000e-2,1.66410,2065
1.047200e-2,1.64315,2039
1.047400e-2,1.65040,2048
1.047600e-2,1.66330,2064
1.047800e-2,1.64799,2045
1.048000e-2,1.65201,2050
1.048200e-2,1.66813,2070
1.048400e-2,1.65443,2053
1.048600e-2,1.65040,2048
1.048800e-2,1.66733,2069
1.049000e-2,1.65604,2055
1.049200e-2,1.65363,2052
1.049400e-2,1.65443,2053
1.049600e-2,1.65282,2051
1.049800e-2,1.64718,2044
1.050000e-2,1.64154,2037
1.050200e-2,1.66330,2064
1.050400e-2,1.63993,2035
1.050600e-2,1.65443,2053
1.050800e-2,1.66410,2065
1.051000e-2,1.66168,2062
1.051200e-2,1.65201,2050
1.051400e-2,1.65846,2058
1.051600e-2,1.66007,2060
1.051800e-2,1.65040,2048
1.052000e-2,1.65201,2050
1.052200e-2,1.66007,2060
1.052400e-2,1.65121,2049
1.052600e-2,1.65040,2048
1.052800e-2,1.66330,2064
1.053000e-2,1.65604,2055
1.053200e-2,1.65201,2050
1.053400e-2,1.65685,2056
1.053600e-2,1.65846,2058
1.053800e-2,1.64476,2041
1.054000e-2,1.65282,2051
1.054200e-2,1.65846,2058
1.054400e-2,1.65363,2052
1.054600e-2,1.64960,2047
1.054800e-2,1.67055,2073
1.055000e-2,1.65846,2058
1.055200e-2,1.64879,2046
1.055400e-2,1.66088,2061
1.055600e-2,1.65927,2059
1.055800e-2,1.63832,2033
1.056000e-2,1.65604,2055
1.056200e-2,1.66007,2060
1.056400e-2,1.64073,2036
1.056600e-2,1.65201,2050
1.056800e-2,1.66007,2060
1.057000e-2,1.64718,2044
1.057200e-2,1.65201,2050
1.057400e-2,1.66652,2068
1.057600e-2,1.65443,2053
1.057800e-2,1.66088,2061
1.058000e-2,1.66974,2072
1.058200e-2,1.65121,2049
1.058400e-2,1.64234,2038
1.058600e-2,1.65846,2058
1.058800e-2,1.66168,2062
1.059000e-2,1.64315,2039
1.059200e-2,1.60366,1990
1.059400e-2,1.66330,2064
1.059600e-2,1.65201,2050
1.059800e-2,1.65443,2053
1.060000e-2,1.66491,2066
1.060200e-2,1.65604,2055
1.060400e-2,1.64799,2045
1.060600e-2,1.65685,2056
1.060800e-2,1.65927,2059
1.061000e-2,1.64799,2045
1.061200e-2,1.65282,2051
1.061400e-2,1.65927,2059
1.061600e-2,1.65685,2056
1.061800e-2,1.65201,2050
1.062000e-2,1.66007,2060
1.062200e-2,1.66007,2060
1.062400e-2,1.65282,2051
1.062600e-2,1.65363,2052
1.062800e-2,1.66330,2064
1.063000e-2,1.64315,2039
1.063200e-2,1.65040,2048
1.063400e-2,1.66330,2064
1.063600e-2,1.64799,2045
1.063800e-2,1.65201,2050
1.064000e-2,1.67055,2073
1.064200e-2,1.65604,2055
1.064400e-2,1.65040,2048
1.064600e-2,1.66652,2068
1.064800e-2,1.65282,2051
1.065000e-2,1.64557,2042
1.065200e-2,1.64396,2040
1.065400e-2,1.65846,2058
1.065600e-2,1.65201,2050
1.065800e-2,1.65040,2048
1.066000e-2,1.66491,2066
1.066200e-2,1.65201,2050
1.066400e-2,1.70198,2112
1.066600e-2,1.66410,2065
1.066800e-2,1.65766,2057
1.067000e-2,1.65201,2050
1.067200e-2,1.65685,2056
1.067400e-2,1.65927,2059
1.067600e-2,1.64315,2039
1.067800e-2,1.65282,2051
1.068000e-2,1.65846,2058
1.068200e-2,1.64718,2044
1.068400e-2,1.65121,2049
1.068600e-2,1.65604,2055
1.068800e-2,1.64960,2047
1.069000e-2,1.65201,2050
1.069200e-2,1.66491,2066
1.069400e-2,1.65443,2053
1.069600e-2,1.65524,2054
1.069800e-2,1.66007,2060
1.070000e-2,1.65927,2059
1.070200e-2,1.64637,2043
1.070400e-2,1.65443,2053
1.070600e-2,1.66007,2060
1.070800e-2,1.65685,2056
1.071000e-2,1.64637,2043
1.071200e-2,1.66571,2067
1.071400e-2,1.65685,2056
1.071600e-2,1.64637,2043
1.071800e-2,1.66249,2063
1.072000e-2,1.65846,2058
1.072200e-2,1.63590,2030
1.072400e-2,1.65282,2051
1.072600e-2,1.65685,2056
1.072800e-2,1.64557,2042
1.073000e-2,1.64960,2047
1.073200e-2,1.66330,2064
1.073400e-2,1.64073,2036
1.073600e-2,1.65282,2051
1.073800e-2,1.66974,2072
1.074000e-2,1.65524,2054
1.074200e-2,1.65443,2053
1.074400e-2,1.66410,2065
1.074600e-2,1.70842,2120
1.074800e-2,1.64154,2037
1.075000e-2,1.65443,2053
1.075200e-2,1.66088,2061
1.075400e-2,1.65201,2050
1.075600e-2,1.65121,2049
1.075800e-2,1.66410,2065
1.076000e-2,1.65443,2053
1.076200e-2,1.64799,2045
1.076400e-2,1.65766,2057
1.076600e-2,1.66007,2060
1.076800e-2,1.64396,2040
1.077000e-2,1.65282,2051
1.077200e-2,1.66330,2064
1.077400e-2,1.65766,2057
1.077600e-2,1.65201,2050
1.077800e-2,1.65846,2058
1.078000e-2,1.66330,2064
1.078200e-2,1.64557,2042
1.078400e-2,1.65040,2048
1.078600e-2,1.66330,2064
1.078800e-2,1.64879,2046
1.079000e-2,1.64799,2045
1.079200e-2,1.67136,2074
1.079400e-2,1.65524,2054
1.079600e-2,1.65121,2049
1.079800e-2,1.66652,2068
1.080000e-2,1.65604,2055
1.080200e-2,1.64234,2038
1.080400e-2,1.65363,2052
1.080600e-2,1.65766,2057
1.080800e-2,1.64879,2046
1.081000e-2,1.64073,2036
1.081200e-2,1.66249,2063
1.081400e-2,1.65766,2057
1.081600e-2,1.66007,2060
1.081800e-2,1.66410,2065
1.082000e-2,1.65766,2057
1.082200e-2,1.70037,2110
1.082400e-2,1.65524,2054
1.082600e-2,1.66007,2060
1.082800e-2,1.64396,2040
1.083000e-2,1.65363,2052
1.083200e-2,1.65766,2057
1.083400e-2,1.64960,2047
1.083600e-2,1.65040,2048
1.083800e-2,1.66733,2069
1.084000e-2,1.65443,2053
1.084200e-2,1.65040,2048
1.084400e-2,1.66168,2062
1.084600e-2,1.65685,2056
1.084800e-2,1.65040,2048
1.085000e-2,1.65524,2054
1.085200e-2,1.65846,2058
1.085400e-2,1.65040,2048
1.085600e-2,1.65121,2049
1.085800e-2,1.66007,2060
1.086000e-2,1.65443,2053
1.086200e-2,1.65443,2053
1.086400e-2,1.66571,2067
1.086600e-2,1.66088,2061
1.086800e-2,1.65363,2052
1.087000e-2,1.66088,2061
1.087200e-2,1.66088,2061
1.087400e-2,1.64396,2040
1.087600e-2,1.65604,2055
1.087800e-2,1.66571,2067
1.088000e-2,1.63993,2035
1.088200e-2,1.65524,2054
1.088400e-2,1.67055,2073
1.088600e-2,1.64718,2044
1.088800e-2,1.65282,2051
1.089000e-2,1.67297,2076
1.089200e-2,1.64879,2046
1.089400e-2,1.65121,2049
1.089600e-2,1.65766,2057
1.089800e-2,1.67458,2078
1.090000e-2,1.64154,2037
1.090200e-2,1.65524,2054
1.090400e-2,1.65685,2056
1.090600e-2,1.64799,2045
1.090800e-2,1.65363,2052
1.091000e-2,1.66571,2067
1.091200e-2,1.65121,2049
1.091400e-2,1.65121,2049
1.091600e-2,1.66652,2068
1.091800e-2,1.65766,2057
1.092000e-2,1.65443,2053
1.092200e-2,1.66088,2061
1.092400e-2,1.65443,2053
1.092600e-2,1.64799,2045
1.092800e-2,1.65604,2055
1.093000e-2,1.65363,2052
1.093200e-2,1.64718,2044
1.093400e-2,1.65363,2052
1.093600e-2,1.65282,2051
1.093800e-2,1.65685,2056
1.094000e-2,1.65201,2050
1.094200e-2,1.66330,2064
1.094400e-2,1.65846,2058
1.094600e-2,1.64718,2044
1.094800e-2,1.65846,2058
1.095000e-2,1.65846,2058
1.095200e-2,1.65040,2048
1.095400e-2,1.65201,2050
1.095600e-2,1.66168,2062
1.095800e-2,1.64718,2044
1.096000e-2,1.65201,2050
1.096200e-2,1.66168,2062
1.096400e-2,1.64637,2043
1.096600e-2,1.65201,2050
1.096800e-2,1.65443,2053
1.097000e-2,1.65524,2054
1.097200e-2,1.63429,2028
1.097400e-2,1.66410,2065
1.097600e-2,1.65766,2057
1.097800e-2,1.65524,2054
1.098000e-2,1.66007,2060
1.098200e-2,1.65685,2056
1.098400e-2,1.64637,2043
1.098600e-2,1.64799,2045
1.098800e-2,1.66330,2064
1.099000e-2,1.65363,2052
1.099200e-2,1.64718,2044
1.099400e-2,1.66330,2064
1.099600e-2,1.65604,2055
1.099800e-2,1.64718,2044
1.100000e-2,1.66168,2062
1.100200e-2,1.65927,2059
1.100400e-2,1.63832,2033
1.100600e-2,1.65524,2054
1.100800e-2,1.67700,2081
1.101000e-2,1.65282,2051
1.101200e-2,1.63993,2035
1.101400e-2,1.66733,2069
1.101600e-2,1.66007,2060
1.101800e-2,1.64960,2047
1.102000e-2,1.66330,2064
1.102200e-2,1.66007,2060
1.102400e-2,1.69875,2108
1.102600e-2,1.65443,2053
1.102800e-2,1.65846,2058
1.103000e-2,1.64396,2040
1.103200e-2,1.65282,2051
1.103400e-2,1.65766,2057
1.103600e-2,1.64960,2047
1.103800e-2,1.65040,2048
1.104000e-2,1.66491,2066
1.104200e-2,1.65524,2054
1.104400e-2,1.65201,2050
1.104600e-2,1.66168,2062
1.104800e-2,1.65846,2058
1.105000e-2,1.63993,2035
1.105200e-2,1.65766,2057
1.105400e-2,1.65846,2058
1.105600e-2,1.64718,2044
1.105800e-2,1.65685,2056
1.106000e-2,1.66813,2070
1.106200e-2,1.65040,2048
1.106400e-2,1.65685,2056
1.106600e-2,1.65846,2058
1.106800e-2,1.65282,2051
1.107000e-2,1.64879,2046
1.107200e-2,1.65524,2054
1.107400e-2,1.65927,2059
1.107600e-2,1.64879,2046
1.107800e-2,1.65604,2055
1.108000e-2,1.66007,2060
1.108200e-2,1.65201,2050
1.108400e-2,1.65040,2048
1.108600e-2,1.66571,2067
1.108800e-2,1.64315,2039
1.109000e-2,1.64234,2038
1.109200e-2,1.66007,2060
1.109400e-2,1.66088,2061
1.109600e-2,1.64960,2047
1.109800e-2,1.66652,2068
1.110000e-2,1.66813,2070
1.110200e-2,1.65443,2053
1.110400e-2,1.65201,2050
1.110600e-2,1.66330,2064
1.110800e-2,1.65846,2058
1.111000e-2,1.64557,2042
1.111200e-2,1.65685,2056
1.111400e-2,1.65524,2054
1.111600e-2,1.64799,2045
1.111800e-2,1.65201,2050
1.112000e-2,1.66652,2068
1.112200e-2,1.65443,2053
1.112400e-2,1.65201,2050
1.112600e-2,1.66007,2060
1.112800e-2,1.66249,2063
1.113000e-2,1.64637,2043
1.113200e-2,1.65685,2056
1.113400e-2,1.66330,2064
1.113600e-2,1.64799,2045
1.113800e-2,1.65524,2054
1.114000e-2,1.66813,2070
1.114200e-2,1.65282,2051
1.114400e-2,1.65685,2056
1.114600e-2,1.66974,2072
1.114800e-2,1.65604,2055
1.115000e-2,1.65766,2057
1.115200e-2,1.65927,2059
1.115400e-2,1.65846,2058
1.115600e-2,1.65201,2050
1.115800e-2,1.64637,2043
1.116000e-2,1.65604,2055
1.116200e-2,1.65846,2058
1.116400e-2,1.64476,2041
1.116600e-2,1.66410,2065
1.116800e-2,1.66168,2062
1.117000e-2,1.64799,2045
1.117200e-2,1.66088,2061
1.117400e-2,1.66330,2064
1.117600e-2,1.66249,2063
1.117800e-2,1.65363,2052
1.118000e-2,1.66410,2065
1.118200e-2,1.65201,2050
1.118400e-2,1.65040,2048
1.118600e-2,1.66491,2066
1.118800e-2,1.65685,2056
1.119000e-2,1.65040,2048
1.119200e-2,1.65766,2057
1.119400e-2,1.65927,2059
1.119600e-2,1.64637,2043
1.119800e-2,1.65524,2054
1.120000e-2,1.66249,2063
1.120200e-2,1.65040,2048
1.120400e-2,1.65766,2057
1.120600e-2,1.66249,2063
1.120800e-2,1.65201,2050
1.121000e-2,1.64960,2047
1.121200e-2,1.65685,2056
1.121400e-2,1.65363,2052
1.121600e-2,1.65040,2048
1.121800e-2,1.65443,2053
1.122000e-2,1.65524,2054
1.122200e-2,1.65685,2056
1.122400e-2,1.65201,2050
1.122600e-2,1.66410,2065
1.122800e-2,1.66410,2065
1.123000e-2,1.65040,2048
1.123200e-2,1.65685,2056
1.123400e-2,1.66168,2062
1.123600e-2,1.65282,2051
1.123800e-2,1.65846,2058
1.124000e-2,1.65927,2059
1.124200e-2,1.65282,2051
1.124400e-2,1.65201,2050
1.124600e-2,1.65201,2050
1.124800e-2,1.65282,2051
1.125000e-2,1.63590,2030
1.125200e-2,1.66168,2062
1.125400e-2,1.65927,2059
1.125600e-2,1.65121,2049
1.125800e-2,1.65524,2054
1.126000e-2,1.66410,2065
1.126200e-2,1.64960,2047
1.126400e-2,1.65201,2050
1.126600e-2,1.66571,2067
1.126800e-2,1.65685,2056
1.127000e-2,1.65201,2050
1.127200e-2,1.65766,2057
1.127400e-2,1.65846,2058
1.127600e-2,1.64315,2039
1.127800e-2,1.65443,2053
1.128000e-2,1.65524,2054
1.128200e-2,1.65121,2049
1.128400e-2,1.65363,2052
1.128600e-2,1.66410,2065
1.128800e-2,1.65846,2058
1.129000e-2,1.65363,2052
1.129200e-2,1.65685,2056
1.129400e-2,1.66007,2060
1.129600e-2,1.64718,2044
1.129800e-2,1.65363,2052
1.130000e-2,1.66249,2063
1.130200e-2,1.65846,2058
1.130400e-2,1.65282,2051
1.130600e-2,1.66491,2066
1.130800e-2,1.66330,2064
1.131000e-2,1.63993,2035
1.131200e-2,1.65604,2055
1.131400e-2,1.66571,2067
1.131600e-2,1.63832,2033
1.131800e-2,1.65363,2052
1.132000e-2,1.66491,2066
1.132200e-2,1.63993,2035
1.132400e-2,1.64960,2047
1.132600e-2,1.66974,2072
1.132800e-2,1.65363,2052
1.133000e-2,1.65766,2057
1.133200e-2,1.66007,2060
1.133400e-2,1.70359,2114
1.133600e-2,1.64154,2037
1.133800e-2,1.65363,2052
1.134000e-2,1.66007,2060
1.134200e-2,1.65201,2050
1.134400e-2,1.65201,2050
1.134600e-2,1.66652,2068
1.134800e-2,1.65443,2053
1.135000e-2,1.65201,2050
1.135200e-2,1.66007,2060
1.135400e-2,1.65846,2058
1.135600e-2,1.64557,2042
1.135800e-2,1.65524,2054
1.136000e-2,1.65685,2056
1.136200e-2,1.64960,2047
1.136400e-2,1.65363,2052
1.136600e-2,1.65282,2051
1.136800e-2,1.65282,2051
1.137000e-2,1.65201,2050
1.137200e-2,1.65927,2059
1.137400e-2,1.66088,2061
1.137600e-2,1.64960,2047
1.137800e-2,1.65201,2050
1.138000e-2,1.66330,2064
1.138200e-2,1.64315,2039
1.138400e-2,1.65201,2050
1.138600e-2,1.66410,2065
1.138800e-2,1.65040,2048
1.139000e-2,1.65121,2049
1.139200e-2,1.67055,2073
1.139400e-2,1.65524,2054
1.139600e-2,1.65846,2058
1.139800e-2,1.65846,2058
1.140000e-2,1.65766,2057
1.140200e-2,1.64396,2040
1.140400e-2,1.64396,2040
1.140600e-2,1.65604,2055
1.140800e-2,1.62784,2020
1.141000e-2,1.65524,2054
1.141200e-2,1.66410,2065
1.141400e-2,1.65927,2059
1.141600e-2,1.65363,2052
1.141800e-2,1.66330,2064
1.142000e-2,1.65846,2058
1.142200e-2,1.65040,2048
1.142400e-2,1.65766,2057
1.142600e-2,1.65846,2058
1.142800e-2,1.64557,2042
1.143000e-2,1.65040,2048
1.143200e-2,1.66491,2066
1.143400e-2,1.65443,2053
1.143600e-2,1.65443,2053
1.143800e-2,1.65766,2057
1.144000e-2,1.66088,2061
1.144200e-2,1.65604,2055
1.144400e-2,1.65201,2050
1.144600e-2,1.66249,2063
1.144800e-2,1.65040,2048
1.145000e-2,1.64879,2046
1.145200e-2,1.66652,2068
1.145400e-2,1.65685,2056
1.145600e-2,1.64718,2044
1.145800e-2,1.66168,2062
1.146000e-2,1.66088,2061
1.146200e-2,1.63751,2032
1.146400e-2,1.65604,2055
1.146600e-2,1.65604,2055
1.146800e-2,1.64073,2036
1.147000e-2,1.64799,2045
1.147200e-2,1.67297,2076
1.147400e-2,1.64879,2046
1.147600e-2,1.65201,2050
1.147800e-2,1.66330,2064
1.148000e-2,1.64557,2042
1.148200e-2,1.64476,2041
1.148400e-2,1.66007,2060
1.148600e-2,1.65685,2056
1.148800e-2,1.65363,2052
1.149000e-2,1.65443,2053
1.149200e-2,1.71648,2130
1.149400e-2,1.65121,2049
1.149600e-2,1.65201,2050
1.149800e-2,1.66088,2061
1.150000e-2,1.65604,2055
1.150200e-2,1.64718,2044
1.150400e-2,1.65685,2056
1.150600e-2,1.65685,2056
1.150800e-2,1.64799,2045
1.151000e-2,1.65282,2051
1.151200e-2,1.67297,2076
1.151400e-2,1.65685,2056
1.151600e-2,1.65282,2051
1.151800e-2,1.65846,2058
1.152000e-2,1.66168,2062
1.152200e-2,1.64315,2039
1.152400e-2,1.65040,2048
1.152600e-2,1.66168,2062
1.152800e-2,1.65201,2050
1.153000e-2,1.64557,2042
1.153200e-2,1.67136,2074
1.153400e-2,1.65604,2055
1.153600e-2,1.64637,2043
1.153800e-2,1.66652,2068
1.154000e-2,1.65846,2058
1.154200e-2,1.64396,2040
1.154400e-2,1.65846,2058
1.154600e-2,1.65846,2058
1.154800e-2,1.65040,2048
1.155000e-2,1.64879,2046
1.155200e-2,1.66249,2063
1.155400e-2,1.65766,2057
1.155600e-2,1.63348,2027
1.155800e-2,1.64960,2047
1.156000e-2,1.66168,2062
1.156200e-2,1.65846,2058
1.156400e-2,1.65121,2049
1.156600e-2,1.66733,2069
1.156800e-2,1.69795,2107
1.157000e-2,1.64799,2045
1.157200e-2,1.66088,2061
1.157400e-2,1.65927,2059
1.157600e-2,1.64234,2038
1.157800e-2,1.65443,2053
1.158000e-2,1.65927,2059
1.158200e-2,1.65040,2048
1.158400e-2,1.65282,2051
1.158600e-2,1.66733,2069
1.158800e-2,1.65040,2048
1.159000e-2,1.64879,2046
1.159200e-2,1.65927,2059
1.159400e-2,1.65927,2059
1.159600e-2,1.64073,2036
1.159800e-2,1.65443,2053
1.160000e-2,1.66410,2065
1.160200e-2,1.65282,2051
1.160400e-2,1.65040,2048
1.160600e-2,1.66652,2068
1.160800e-2,1.65524,2054
1.161000e-2,1.64718,2044
1.161200e-2,1.65685,2056
1.161400e-2,1.65363,2052
1.161600e-2,1.64637,2043
1.161800e-2,1.65685,2056
1.162000e-2,1.65766,2057
1.162200e-2,1.65604,2055
1.162400e-2,1.64799,2045
1.162600e-2,1.65927,2059
1.162800e-2,1.65604,2055
1.163000e-2,1.65040,2048
1.163200e-2,1.65363,2052
1.163400e-2,1.65201,2050
1.163600e-2,1.65040,2048
1.163800e-2,1.64154,2037
1.164000e-2,1.65282,2051
1.164200e-2,1.65363,2052
1.164400e-2,1.66007,2060
1.164600e-2,1.66249,2063
1.164800e-2,1.65685,2056
1.165000e-2,1.65201,2050
1.165200e-2,1.65685,2056
1.165400e-2,1.65927,2059
1.165600e-2,1.64396,2040
1.165800e-2,1.65282,2051
1.166000e-2,1.66007,2060
1.166200e-2,1.65121,2049
1.166400e-2,1.65363,2052
1.166600e-2,1.66974,2072
1.166800e-2,1.65443,2053
1.167000e-2,1.65040,2048
1.167200e-2,1.66652,2068
1.167400e-2,1.65846,2058
1.167600e-2,1.64154,2037
1.167800e-2,1.65846,2058
1.168000e-2,1.65846,2058
1.168200e-2,1.64396,2040
1.168400e-2,1.65685,2056
1.168600e-2,1.66894,2071
1.168800e-2,1.64799,2045
1.169000e-2,1.65685,2056
1.169200e-2,1.66249,2063
1.169400e-2,1.65363,2052
1.169600e-2,1.65040,2048
1.169800e-2,1.65604,2055
1.170000e-2,1.65443,2053
1.170200e-2,1.65201,2050
1.170400e-2,1.65363,2052
1.170600e-2,1.66168,2062
1.170800e-2,1.64960,2047
1.171000e-2,1.65201,2050
1.171200e-2,1.66491,2066
1.171400e-2,1.64476,2041
1.171600e-2,1.64637,2043
1.171800e-2,1.66330,2064
1.172000e-2,1.66168,2062
1.172200e-2,1.64315,2039
1.172400e-2,1.65685,2056
1.172600e-2,1.66652,2068
1.172800e-2,1.65201,2050
1.173000e-2,1.65201,2050
1.173200e-2,1.66410,2065
1.173400e-2,1.65685,2056
1.173600e-2,1.64960,2047
1.173800e-2,1.65685,2056
1.174000e-2,1.65524,2054
1.174200e-2,1.64557,2042
1.174400e-2,1.65282,2051
1.174600e-2,1.66330,2064
1.174800e-2,1.64960,2047
1.175000e-2,1.65040,2048
1.175200e-2,1.66491,2066
1.175400e-2,1.66007,2060
1.175600e-2,1.65121,2049
1.175800e-2,1.66249,2063
1.176000e-2,1.65604,2055
1.176200e-2,1.64637,2043
1.176400e-2,1.65846,2058
1.176600e-2,1.65685,2056
1.176800e-2,1.64879,2046
1.177000e-2,1.65201,2050
1.177200e-2,1.66330,2064
1.177400e-2,1.65121,2049
1.177600e-2,1.65201,2050
1.177800e-2,1.65443,2053
1.178000e-2,1.65766,2057
1.178200e-2,1.64073,2036
1.178400e-2,1.65121,2049
1.178600e-2,1.65927,2059
1.178800e-2,1.64315,2039
1.179000e-2,1.64718,2044
1.179200e-2,1.65846,2058
1.179400e-2,1.65846,2058
1.179600e-2,1.64396,2040
1.179800e-2,1.66571,2067
1.180000e-2,1.65443,2053
1.180200e-2,1.66813,2070
1.180400e-2,1.65766,2057
1.180600e-2,1.65927,2059
1.180800e-2,1.64234,2038
1.181000e-2,1.65443,2053
1.181200e-2,1.65766,2057
1.181400e-2,1.64718,2044
1.181600e-2,1.65685,2056
1.181800e-2,1.66168,2062
1.182000e-2,1.65363,2052
1.182200e-2,1.65282,2051
1.182400e-2,1.66571,2067
1.182600e-2,1.65766,2057
1.182800e-2,1.64718,2044
1.183000e-2,1.66249,2063
1.183200e-2,1.65846,2058
1.183400e-2,1.63912,2034
1.183600e-2,1.65766,2057
1.183800e-2,1.65846,2058
1.184000e-2,1.64476,2041
1.184200e-2,1.65766,2057
1.184400e-2,1.66571,2067
1.184600e-2,1.64799,2045
1.184800e-2,1.65524,2054
1.185000e-2,1.66249,2063
1.185200e-2,1.65685,2056
1.185400e-2,1.65040,2048
1.185600e-2,1.65121,2049
1.185800e-2,1.65685,2056
1.186000e-2,1.65040,2048
1.186200e-2,1.65282,2051
1.186400e-2,1.66733,2069
1.186600e-2,1.64960,2047
1.186800e-2,1.65604,2055
1.187000e-2,1.66813,2070
1.187200e-2,1.64396,2040
1.187400e-2,1.64637,2043
1.187600e-2,1.64396,2040
1.187800e-2,1.65524,2054
1.188000e-2,1.64476,2041
1.188200e-2,1.66088,2061
1.188400e-2,1.66168,2062
1.188600e-2,1.64476,2041
1.188800e-2,1.65201,2050
1.189000e-2,1.66088,2061
1.189200e-2,1.65201,2050
1.189400e-2,1.65201,2050
1.189600e-2,1.66249,2063
1.189800e-2,1.65524,2054
1.190000e-2,1.64799,2045
1.190200e-2,1.65604,2055
1.190400e-2,1.66330,2064
1.190600e-2,1.64799,2045
1.190800e-2,1.65363,2052
1.191000e-2,1.65766,2057
1.191200e-2,1.65685,2056
1.191400e-2,1.65201,2050
1.191600e-2,1.66491,2066
1.191800e-2,1.66330,2064
1.192000e-2,1.64637,2043
1.192200e-2,1.65766,2057
1.192400e-2,1.65766,2057
1.192600e-2,1.64960,2047
1.192800e-2,1.65766,2057
1.193000e-2,1.66410,2065
1.193200e-2,1.65443,2053
1.193400e-2,1.65524,2054
1.193600e-2,1.65846,2058
1.193800e-2,1.65766,2057
1.194000e-2,1.65927,2059
1.194200e-2,1.65363,2052
1.194400e-2,1.65927,2059
1.194600e-2,1.65040,2048
1.194800e-2,1.64396,2040
1.195000e-2,1.65927,2059
1.195200e-2,1.65201,2050
1.195400e-2,1.65201,2050
1.195600e-2,1.66491,2066
1.195800e-2,1.65040,2048
1.196000e-2,1.70037,2110
1.196200e-2,1.66491,2066
1.196400e-2,1.65685,2056
1.196600e-2,1.65201,2050
1.196800e-2,1.66007,2060
1.197000e-2,1.65927,2059
1.197200e-2,1.64396,2040
1.197400e-2,1.65443,2053
1.197600e-2,1.65927,2059
1.197800e-2,1.64718,2044
1.198000e-2,1.65121,2049
1.198200e-2,1.66330,2064
1.198400e-2,1.65040,2048
1.198600e-2,1.66088,2061
1.198800e-2,1.66410,2065
1.199000e-2,1.65685,2056
1.199200e-2,1.70198,2112
1.199400e-2,1.65766,2057
1.199600e-2,1.65766,2057
1.199800e-2,1.64476,2041
